<?xml version='1.0' encoding='utf-8'?>
<song xmlns="http://openlyrics.info/namespace/2009/song" version="0.8" createdIn="OpenLP 1.9.9" modifiedIn="OpenLP 1.9.9" modifiedDate="2012-09-30T13:20:38">
  <properties>
    <titles>
      <title>ABUNDANTE CHUVA</title>
    </titles>
    <authors>
      <author>FERNANDINHO</author>
    </authors>
  </properties>
  <lyrics>
    <verse name="v1">
      <lines>ABUNDANTE CHUVA</lines>
    </verse>
    <verse name="v2">
      <lines>EM LUGARES MUITO SECOS<br/>EM TERRAS ISOLADAS<br/>NÃO EXISTE ESPERANÇA<br/>NÃO ESCUTAM TUA PALAVRA</lines>
    </verse>
    <verse name="v3">
      <lines>MUITOS LARES DESTRUÍDOS<br/>CASAMENTOS ACABADOS<br/>EXISTE TANTA VIOLÊNCIA<br/>E TANTA GENTE ABANDONADA</lines>
    </verse>
    <verse name="v4">
      <lines>JÁ POSSO OUVIR O SOM, O SOM<br/>DE ABUNDANTE CHUVA<br/>JÁ POSSO OUVIR O SOM, O SOM<br/>DE ABUNDANTE CHUVA<br/>JÁ POSSO OUVIR O SOM, O SOM<br/>DE ABUNDANTE CHUVA<br/>JÁ POSSO OUVIR O SOM, O SOM<br/>DE ABUNDANTE CHUVA</lines>
    </verse>
    <verse name="v5">
      <lines>CHUVA, CHUVA, CHUVA<br/>CHUVA, CHUVA, CHUVA<br/>CHUVA, CHUVA, CHUVA<br/>CHUVA, CHUVA, CHUVA<br/>CHUVA, CHUVA, CHUVA<br/>CHUVA, CHUVA, CHUVA<br/>CHUVA, CHUVA, CHUVA<br/>CHUVA, CHUVA, CHUVA</lines>
    </verse>
    <verse name="v6">
      <lines>JÁ POSSO OUVIR O SOM, O SOM<br/>DE ABUNDANTE CHUVA<br/>JÁ POSSO OUVIR O SOM, O SOM<br/>DE ABUNDANTE CHUVA<br/>JÁ POSSO OUVIR O SOM, O SOM<br/>DE ABUNDANTE CHUVA<br/>JÁ POSSO OUVIR O SOM, O SOM<br/>DE ABUNDANTE CHUVA</lines>
    </verse>
  </lyrics>
</song>
