<?xml version='1.0' encoding='utf-8'?>
<song xmlns="http://openlyrics.info/namespace/2009/song" version="0.8" createdIn="OpenLP 1.9.9" modifiedIn="OpenLP 1.9.9" modifiedDate="2012-09-30T13:20:38">
  <properties>
    <titles>
      <title>AO-DEUS-DE-ABRAAO</title>
    </titles>
    <authors>
      <author>FERNANDINHO</author>
    </authors>
  </properties>
  <lyrics>
    <verse name="v1">
      <lines>AO DEUS DE ABRAÃO</lines>
    </verse>
    <verse name="v2">
      <lines>AO DEUS DE ABRÃO LOUVAI<br/>DO VASTO CÉU SENHOR<br/>ETERNO E PODEROSO PAI<br/>E DEUS DE AMOR<br/>AUGUSTO DEUS JEOVÁ<br/>QUE TERRA E CÉU CRIOU<br/>MINHA ALMA O NOME ABENÇOARA<br/>DO GRANDE EU SOU</lines>
    </verse>
    <verse name="v3">
      <lines>AO DEUS DE ABRÃO LOUVAI<br/>EIS POR MANDADO SEU<br/>MINHA ALMA DEIXA A TERRA<br/>E VAI GOZAR NO CÉU<br/>O MUNDO DESPREZEI<br/>SEU LUCRO E SEU LOUVOR<br/>E DEUS POR MEU QUINHÃO<br/>TOMEI E PROTETOR</lines>
    </verse>
    <verse name="v4">
      <lines>CANTE ALELUIA, DAÍ GLÓRIA A DEUS<br/>SALMODIAI, DANÇAI AO ETERNO DE ISRAEL.</lines>
    </verse>
  </lyrics>
</song>
