<?xml version='1.0' encoding='utf-8'?>
<song xmlns="http://openlyrics.info/namespace/2009/song" version="0.8" createdIn="OpenLP 1.9.9" modifiedIn="OpenLP 1.9.9" modifiedDate="2012-09-30T13:20:12">
  <properties>
    <titles>
      <title>ASSIM COMO A CORÇA</title>
    </titles>
    <authors>
      <author>FERNANDINHO</author>
    </authors>
  </properties>
  <lyrics>
    <verse name="v1">
      <lines>ASSIM COMO A CORÇA<br/>ANSEIA POR ÁGUAS<br/>COMO TERRA SECA<br/>PRECISA DA CHUVA<br/>MEU CORAÇÃO <br/>TEM SEDE DE TI<br/>REI MEU E DEUS MEU</lines>
    </verse>
    <verse name="v2">
      <lines>FAZ CHOVER,<br/>SENHOR JESUS<br/>DERRAMA CHUVA<br/>NESSE LUGAR<br/>VEM COM TEU RIO<br/>SENHOR JESUS<br/>INUNDAR<br/>O MEU CORAÇÃO</lines>
    </verse>
  </lyrics>
</song>
