<?xml version='1.0' encoding='utf-8'?>
<song xmlns="http://openlyrics.info/namespace/2009/song" version="0.8" createdIn="OpenLP 1.9.9" modifiedIn="OpenLP 1.9.9" modifiedDate="2012-09-30T13:20:39">
  <properties>
    <titles>
      <title>BARUK-RABA</title>
    </titles>
    <authors>
      <author>FERNANDINHO</author>
    </authors>
  </properties>
  <lyrics>
    <verse name="v1">
      <lines>BARUK RABA</lines>
    </verse>
    <verse name="v2">
      <lines>BARUK RABA BESHEN ADONAI ( 4X )</lines>
    </verse>
    <verse name="v3">
      <lines>BENDITO É O QUE VEM EM NOME DO SENHOR ( 4X )</lines>
    </verse>
    <verse name="v4">
      <lines>CANTE ALELUIA, DAÍ GLÓRIA A DEUS<br/>SALMODIAI, DANÇAI A YESHUA HÁ MASHIACH</lines>
    </verse>
    <verse name="v5">
      <lines>AO DEUS DE ABRAÃO LOUVAI<br/>DO VASTO CÉU SENHOR<br/>ETERNO E PODEROSO PAI<br/>E DEUS DE AMOR<br/>AUGUSTO DEUS JEOVÁ<br/>QUE TERRA E CÉU CRIOU<br/>MINHA ALMA O NOME ABENÇOARA<br/>DO GRANDE EU SOU</lines>
    </verse>
  </lyrics>
</song>
