<?xml version='1.0' encoding='utf-8'?>
<song xmlns="http://openlyrics.info/namespace/2009/song" version="0.8" createdIn="OpenLP 1.9.9" modifiedIn="OpenLP 1.9.9" modifiedDate="2012-09-30T13:20:39">
  <properties>
    <titles>
      <title>CANTA-ALEGREMENTE</title>
    </titles>
    <authors>
      <author>FERNANDINHO</author>
    </authors>
  </properties>
  <lyrics>
    <verse name="v1">
      <lines>CANTA ALEGREMENTE</lines>
    </verse>
    <verse name="v2">
      <lines>CANTA ALEGREMENTE Ó FILHA DE SIÃO<br/>CANTA ALEGREMENTE Ó FILHA DE SIÃO<br/>CELEBRAI A DEUS COM JÚBILO<br/>CELEBRAI A DEUS COM JÚBILO</lines>
    </verse>
    <verse name="v3">
      <lines>(REFRÃO)<br/>CANTAI, DANÇAI<br/>NA PRESENÇA DO DEUS DE ISRAEL<br/>CANTAI, DANÇAI<br/>NA PRESENÇA DO DEUS DE ISRAEL</lines>
    </verse>
    <verse name="v4">
      <lines>SUBIREI AO MONTE SANTO DO SENHOR<br/>BUSCAREI A FACE DO MEU SALVADOR<br/>CANTAREI EM TUA PRESENÇA<br/>DANÇAREI EM TUA PRESENÇA</lines>
    </verse>
    <verse name="v5">
      <lines>(REFRÃO)<br/>CANTAI, DANÇAI<br/>NA PRESENÇA DO DEUS DE ISRAEL<br/>CANTAI, DANÇAI<br/>NA PRESENÇA DO DEUS DE ISRAEL</lines>
    </verse>
    <verse name="v6">
      <lines>(REFRÃO)<br/>CANTAI, DANÇAI<br/>NA PRESENÇA DO DEUS DE ISRAEL<br/>CANTAI, DANÇAI<br/>NA PRESENÇA DO DEUS DE ISRAEL</lines>
    </verse>
  </lyrics>
</song>
