<?xml version='1.0' encoding='utf-8'?>
<song xmlns="http://openlyrics.info/namespace/2009/song" version="0.8" createdIn="OpenLP 1.9.9" modifiedIn="OpenLP 1.9.9" modifiedDate="2012-09-30T13:20:39">
  <properties>
    <titles>
      <title>CHEGOU</title>
    </titles>
    <authors>
      <author>FERNANDINHO</author>
    </authors>
  </properties>
  <lyrics>
    <verse name="v1">
      <lines>CHEGOU</lines>
    </verse>
    <verse name="v2">
      <lines>PRECISO DE TI , SENHOR! }<br/>PRECISO DE TI , SENHOR! } 2X<br/>QUERO CAMINHAR CONTIGO, }<br/>E NÃO MAIS ANDAR SOZINHO! }</lines>
    </verse>
    <verse name="v3">
      <lines>REFRÃO:CHEGOU SEM LEVANTAR POEIRA,<br/>CHEGOU SEM NEM DIZER QUEM ERA,<br/>CHEGOU E TOCOU MEU CORAÇÃO JESUS É PRA TI ESSA CANÇÃO!!! 2X</lines>
    </verse>
  </lyrics>
</song>
