<?xml version='1.0' encoding='utf-8'?>
<song xmlns="http://openlyrics.info/namespace/2009/song" version="0.8" createdIn="OpenLP 1.9.9" modifiedIn="OpenLP 1.9.9" modifiedDate="2012-09-30T13:20:39">
  <properties>
    <titles>
      <title>CHEGOU-TEMPO</title>
    </titles>
    <authors>
      <author>FERNANDINHO</author>
    </authors>
  </properties>
  <lyrics>
    <verse name="v1">
      <lines>CHEGOU O TEMPO</lines>
    </verse>
    <verse name="v2">
      <lines>MESMO QUE UMA MÃE SE ESQUEÇA DO SEU FILHO<br/>EU JAMAIS ESQUECEREI DE TI<br/>MESMO QUE UMA MÃE SE ESQUEÇA DO SEU FILHO<br/>EU JAMAIS ME ESQUECEREI DE TI<br/>EU JAMAIS ME ESQUECEREI (2X)<br/>EU JAMAIS ME ESQUECEREI DE TI</lines>
    </verse>
    <verse name="v3">
      <lines>BRASIL CHEGOU O TEMPO DE DEUS PARA TI (2X)<br/>BRASIL CHEGOU O TEMPO, AGORA TEMPO DE DEUS PARA TI</lines>
    </verse>
    <verse name="v4">
      <lines>BRASIL CHEGOU O TEMPO DE DEUS PARA TI (2X)<br/>BRASIL CHEGOU O TEMPO, AGORA TEMPO DE DEUS PARA TI</lines>
    </verse>
    <verse name="v5">
      <lines>MESMO QUE UMA MÃE SE ESQUEÇA DO SEU FILHO<br/>EU JAMAIS ESQUECEREI DE TI<br/>MESMO QUE UMA MÃE SE ESQUEÇA DO SEU FILHO<br/>EU JAMAIS ME ESQUECEREI DE TI<br/>EU JAMAIS ME ESQUECEREI (2X)<br/>EU JAMAIS ME ESQUECEREI DE TI</lines>
    </verse>
    <verse name="v6">
      <lines>CAMPOS CHEGOU O TEMPO DE DEUS PARA TI (2X)<br/>CAMPOS CHEGOU O TEMPO, AGORA TEMPO DE DEUS PARA TI</lines>
    </verse>
    <verse name="v7">
      <lines>CAMPOS CHEGOU O TEMPO DE DEUS PARA TI (2X)<br/>CAMPOS CHEGOU O TEMPO, AGORA TEMPO DE DEUS PARA TI</lines>
    </verse>
    <verse name="v8">
      <lines>NAÇÕES CHEGOU O TEMPO DE DEUS PARA TI (2X)<br/>NAÇÕES CHEGOU O TEMPO, AGORA TEMPO DE DEUS PARA TI</lines>
    </verse>
  </lyrics>
</song>
