<?xml version='1.0' encoding='utf-8'?>
<song xmlns="http://openlyrics.info/namespace/2009/song" version="0.8" createdIn="OpenLP 1.9.9" modifiedIn="OpenLP 1.9.9" modifiedDate="2012-09-30T13:20:39">
  <properties>
    <titles>
      <title>CHOREM</title>
    </titles>
    <authors>
      <author>FERNANDINHO</author>
    </authors>
  </properties>
  <lyrics>
    <verse name="v1">
      <lines>CHOREM</lines>
    </verse>
    <verse name="v2">
      <lines>LIVRA TEU POVO, SENHOR<br/>LIVRA TEU POVO, PAI DE AMOR<br/>NÃO DEIXES CAIR A VERGONHA SOBRE A TUA IGREJA</lines>
    </verse>
    <verse name="v3">
      <lines>SECOU A ALEGRIA DOS OLHOS<br/>SE FOI O ALIMENTO DA TERRA<br/>VOLTA E RESTITUI, Ó PAI DE AMOR!</lines>
    </verse>
    <verse name="v4">
      <lines>CHOREM OS MINISTROS DE DEUS<br/>OS SACERDOTES DO SENHOR<br/>TOCA A TROMBETA EM SIÃO<br/>TRAZ VOZ DE JEJUM E DE ORAÇÕES</lines>
    </verse>
  </lyrics>
</song>
