<?xml version='1.0' encoding='utf-8'?>
<song xmlns="http://openlyrics.info/namespace/2009/song" version="0.8" createdIn="OpenLP 1.9.9" modifiedIn="OpenLP 1.9.9" modifiedDate="2012-09-30T13:20:39">
  <properties>
    <titles>
      <title>CHUVAS-DE-BENCAOS</title>
    </titles>
    <authors>
      <author>FERNANDINHO</author>
    </authors>
  </properties>
  <lyrics>
    <verse name="v1">
      <lines>CHUVAS DE BÊNÇÃOS</lines>
    </verse>
    <verse name="v2">
      <lines>CHUVAS DE BÊNÇÃOS,<br/>CHUVAS DE BÊNÇÃOS DOS CÉUS!<br/>GOTAS SOMENTE NOS TEMOS,<br/>CHUVAS ROGAMOS A DEUS! CORO</lines>
    </verse>
    <verse name="v3">
      <lines>CHUVAS DE BÊNÇÃOS TEREMOS,<br/>É A PROMESSA DE DEUS;<br/>TEMPOS BENDITOS VEREMOS<br/>CHUVAS DE BÊNÇÃOS DOS CÉUS.</lines>
    </verse>
    <verse name="v4">
      <lines>CHUVAS DE BÊNÇÃOS TEREMOS,<br/>CHUVAS MANDADAS DOS CÉUS,<br/>BÊNÇÃOS A TODOS OS CRENTES,<br/>BÊNÇÃOS DO NOSSO BOM DEUS.</lines>
    </verse>
  </lyrics>
</song>
