<?xml version='1.0' encoding='utf-8'?>
<song xmlns="http://openlyrics.info/namespace/2009/song" version="0.8" createdIn="OpenLP 1.9.9" modifiedIn="OpenLP 1.9.9" modifiedDate="2012-09-30T13:20:39">
  <properties>
    <titles>
      <title>COMO-EU-TE-AMO</title>
    </titles>
    <authors>
      <author>FERNANDINHO</author>
    </authors>
  </properties>
  <lyrics>
    <verse name="v1">
      <lines>COMO EU TE AMO</lines>
    </verse>
    <verse name="v2">
      <lines>ÉS MEU TUDO<br/>ÉS MEU SENHOR<br/>ÉS MEU AMIGO, MEU INTERCESSOR</lines>
    </verse>
    <verse name="v3">
      <lines>MEU BRAÇO FORTE<br/>MEU CONSELHEIRO<br/>MARAVILHOSO<br/>MEU 'GRANDE EU SOU'</lines>
    </verse>
    <verse name="v4">
      <lines>EU NÃO SOU NADA SEM TI<br/>EU NÃO VIVO SEM TI<br/>SEM TUA PRESENÇA EU MORRO</lines>
    </verse>
    <verse name="v5">
      <lines>COMO EU TE AMO<br/>COMO EU TE QUERO<br/>SIM EU ME PROSTRO AOS TEUS PÉS<br/>A MINHA VIDA EU TE CONSAGRO<br/>TUDO O QUE TENHO É TOTALMENTE TEU</lines>
    </verse>
    <verse name="v6">
      <lines>TUDO O QUE SOU É TOTALMENTE TEU</lines>
    </verse>
    <verse name="v7">
      <lines>EU TE AMO!</lines>
    </verse>
  </lyrics>
</song>
