<?xml version='1.0' encoding='utf-8'?>
<song xmlns="http://openlyrics.info/namespace/2009/song" version="0.8" createdIn="OpenLP 1.9.9" modifiedIn="OpenLP 1.9.9" modifiedDate="2012-09-30T13:20:39">
  <properties>
    <titles>
      <title>DANCAR-NA-CHUVA</title>
    </titles>
    <authors>
      <author>FERNANDINHO</author>
    </authors>
  </properties>
  <lyrics>
    <verse name="v1">
      <lines>DANÇAR NA CHUVA</lines>
    </verse>
    <verse name="v2">
      <lines>NOVO CAMINHO PARA ANDAR,<br/>NOVO SONHO PRA SONHAR,<br/>O DESERTO NÃO É O MEU LUGAR.<br/>NOVA VIDA ELE PROMETEU,<br/>A TODO AQUELE QUE NELE CRÊ,<br/>O MAR A NOSSA FRENTE SE ABRIRÁ.</lines>
    </verse>
    <verse name="v3">
      <lines>NOVA CRIATURA SOU,<br/>O VELHO HOMEM JÁ MORREU,<br/>EU VOU DANÇAR NAQUELA TERRA<br/>QUE ELE PROMETEU<br/>EU VOU, EU VOU.(2X)<br/>EU VOU DANÇAR NA CHUVA...(2X)<br/>DANCE, DANCE, DANCE<br/>DANCE, DANCE, DANCE<br/>DANCE, DANCE, DANCE...<br/>NOVA CRIATURA EU SOU VELHO HOMEM<br/>JÁ MORREU VOU DANÇAR NAQUELA TERRA Q ELE PROMETEU<br/>EU VOU, EU VOU, VOU DANÇAR NA CHUVA...</lines>
    </verse>
  </lyrics>
</song>
