<?xml version='1.0' encoding='utf-8'?>
<song xmlns="http://openlyrics.info/namespace/2009/song" version="0.8" createdIn="OpenLP 1.9.9" modifiedIn="OpenLP 1.9.9" modifiedDate="2012-09-30T13:20:40">
  <properties>
    <titles>
      <title>DEPOIS-DO-SOL</title>
    </titles>
    <authors>
      <author>FERNANDINHO</author>
    </authors>
  </properties>
  <lyrics>
    <verse name="v1">
      <lines>DEPOIS DO SOL</lines>
    </verse>
    <verse name="v2">
      <lines>DEPOIS DO AR EM TODAS AS NAÇÕES<br/>EXISTIRÁ UM PARAISO<br/>DEPOIS DE TUDO AQUI PASSAR<br/>ONDE OS OLHOS NÃO VIRAM<br/>CORAÇÕES NUNCA SENTIRAM<br/>O QUE DEUS TEM PREPARADO PARA NÓS</lines>
    </verse>
    <verse name="v3">
      <lines>AH, AH, AH, JESUS VAI VOLTAR<br/>AH, AH, AH, JESUS VAI VOLTAR<br/>AH, AH, AH, JESUS VAI VOLTAR<br/>AH, AH, AH, JESUS VAI VOLTAR</lines>
    </verse>
    <verse name="v4">
      <lines>ELE É A VIDA<br/>ELE É A VERDADE<br/>ELE É O CAMINHO<br/>QUE EM SEUS PASSOS<br/>E OS SEU PASSOS PARA ANDAR</lines>
    </verse>
  </lyrics>
</song>
