<?xml version='1.0' encoding='utf-8'?>
<song xmlns="http://openlyrics.info/namespace/2009/song" version="0.8" createdIn="OpenLP 1.9.9" modifiedIn="OpenLP 1.9.9" modifiedDate="2012-09-30T13:20:40">
  <properties>
    <titles>
      <title>DERRAMA</title>
    </titles>
    <authors>
      <author>FERNANDINHO</author>
    </authors>
  </properties>
  <lyrics>
    <verse name="v1">
      <lines>DERRAMA</lines>
    </verse>
    <verse name="v2">
      <lines>DERRAMA TUA SHEKNAH SOBRE NÓS<br/>DERRAMA TUA SHEKNAH SOBRE NÓS<br/>NÃO CONSEGUIREMOS FICAR DE PÉ<br/>TAMANHA É SUA GLÓRIA SOBRE NÓS</lines>
    </verse>
    <verse name="v3">
      <lines>DERRAMA TEU ESPÍRITO SOBRE NÓS<br/>DERRAMA TEU ESPÍRITO SOBRE NÓS<br/>NÃO CONSEGUIREMOS FICAR DE PÉ<br/>TAMANHO É SEU PODER SOBRE NÓS</lines>
    </verse>
  </lyrics>
</song>
