<?xml version='1.0' encoding='utf-8'?>
<song xmlns="http://openlyrics.info/namespace/2009/song" version="0.8" createdIn="OpenLP 1.9.9" modifiedIn="OpenLP 1.9.9" modifiedDate="2012-09-30T13:20:15">
  <properties>
    <titles>
      <title>DERRAMA TUA GLÓRIA</title>
    </titles>
    <authors>
      <author>FERNANDINHO</author>
    </authors>
  </properties>
  <lyrics>
    <verse name="v1">
      <lines>MEU MAIOR PRAZER<br/>ESTAR EM TUA PRESENÇA<br/>PROSTRADO AOS TEUS PÉS<br/>TE ADORAR JESUS<br/>SENHOR DA MINHA VIDA</lines>
    </verse>
    <verse name="v2">
      <lines>EU OUÇO A TUA VOZ<br/>EU SINTO O TEU MOVER AQUI<br/>QUERO MAIS DE TI SENHOR<br/>DO TEU PODER E A TUA UNÇÃO<br/>EU ERGO MINHAS MÃOS E CLAMO</lines>
    </verse>
    <verse name="v3">
      <lines>DERRAMA TUA GLÓRIA<br/>DERRAMA TUA SHEKINAH SENHOR<br/>INUNDA O MEU SER <br/>NOS RIOS DESTE AMOR</lines>
    </verse>
  </lyrics>
</song>
