<?xml version='1.0' encoding='utf-8'?>
<song xmlns="http://openlyrics.info/namespace/2009/song" version="0.8" createdIn="OpenLP 1.9.9" modifiedIn="OpenLP 1.9.9" modifiedDate="2012-09-30T13:20:40">
  <properties>
    <titles>
      <title>DESDE-ANTIGUIDADE</title>
    </titles>
    <authors>
      <author>FERNANDINHO</author>
    </authors>
  </properties>
  <lyrics>
    <verse name="v1">
      <lines>DESDE A ANTIGUIDADE</lines>
    </verse>
    <verse name="v2">
      <lines>DESDE A ANTIGUIDADE<br/>AINDA NÃO SE VIU, AINDA NÃO SE OUVIU<br/>DESDE A ANTIGUIDADE<br/>AINDA NÃO SE VIU, AINDA NÃO SE OUVIU</lines>
    </verse>
    <verse name="v3">
      <lines>UM DEUS QUE TRABALHA<br/>POR AQUELES QUE NELE ESPERAM<br/>UM DEUS QUE TRABALHA<br/>POR AQUELES QUE NELE ESPERAM</lines>
    </verse>
  </lyrics>
</song>
