<?xml version='1.0' encoding='utf-8'?>
<song xmlns="http://openlyrics.info/namespace/2009/song" version="0.8" createdIn="OpenLP 1.9.9" modifiedIn="OpenLP 1.9.9" modifiedDate="2012-09-30T13:20:16">
  <properties>
    <titles>
      <title>DESDE A ANTIGUIDADE</title>
    </titles>
    <authors>
      <author>FERNANDINHO</author>
    </authors>
  </properties>
  <lyrics>
    <verse name="v1">
      <lines>DESDE A ANTIGUIDADE <br/>AINDA NÃO SE VIU,<br/>AINDA NÃO SE OUVIU <br/>DESDE A ANTIGUIDADE <br/>AINDA NÃO SE VIU,<br/>AINDA NÃO SE OUVIU</lines>
    </verse>
    <verse name="v2">
      <lines>UM DEUS QUE TRABALHA <br/>POR AQUELES<br/>QUE NELE ESPERAM <br/>UM DEUS QUE TRABALHA <br/>POR AQUELES<br/>QUE NELE ESPERAM</lines>
    </verse>
  </lyrics>
</song>
