<?xml version='1.0' encoding='utf-8'?>
<song xmlns="http://openlyrics.info/namespace/2009/song" version="0.8" createdIn="OpenLP 1.9.9" modifiedIn="OpenLP 1.9.9" modifiedDate="2012-09-30T13:20:40">
  <properties>
    <titles>
      <title>DEUS-DE-PROMESSAS</title>
    </titles>
    <authors>
      <author>FERNANDINHO</author>
    </authors>
  </properties>
  <lyrics>
    <verse name="v1">
      <lines>DEUS DE PROMESSAS</lines>
    </verse>
    <verse name="v2">
      <lines>SEI QUE OS TEUS OLHOS<br/>SEMPRE ATENTOS PERMANECEM EM MIM<br/>E OS TEUS OUVIDOS<br/>ESTÃO SENSÍVEIS PARA OUVIR MEU CLAMOR<br/>POSSO ATÉ CHORAR, MAS ALEGRIA VEM DE MANHÃ<br/>ÉS DEUS DE PERTO E NÃO DE LONGE<br/>NUNCA MUDASTES, TU ÉS FIEL</lines>
    </verse>
    <verse name="v3">
      <lines>DEUS DE ALIANÇA<br/>DEUS DE PROMESSAS<br/>DEUS QUE NÃO É HOMEM PRA MENTIR<br/>TUDO PODE PASSAR, TUDO PODE MUDAR<br/>MAS TUA PALAVRA VAI SE CUMPRIR</lines>
    </verse>
    <verse name="v4">
      <lines>POSSO ENFRENTAR O QUE FOR<br/>EU SEI QUEM LUTA POR MIM<br/>SEUS PLANOS NÃO PODEM SER FRUSTADOS<br/>MINHA ESPERANÇA ESTÁ NAS MÃOS DO GRANDE, EU SEI<br/>MEUS OLHOS VÃO VER O IMPOSSÍVEL ACONTECER</lines>
    </verse>
  </lyrics>
</song>
