<?xml version='1.0' encoding='utf-8'?>
<song xmlns="http://openlyrics.info/namespace/2009/song" version="0.8" createdIn="OpenLP 1.9.9" modifiedIn="OpenLP 1.9.9" modifiedDate="2012-09-30T13:20:40">
  <properties>
    <titles>
      <title>DEUS-ESTA-NO-CONTROLE</title>
    </titles>
    <authors>
      <author>FERNANDINHO</author>
    </authors>
  </properties>
  <lyrics>
    <verse name="v1">
      <lines>DEUS ESTÁ NO CONTROLE</lines>
    </verse>
    <verse name="v2">
      <lines>O DEUS DE ABRAÃO DE ISAQUE E JACÓ<br/>É O MESMO HOJE<br/>DEUS DE MOISÉS E JOSUÉ<br/>É O MESMO HOJE</lines>
    </verse>
    <verse name="v3">
      <lines>ELE LEVANTA OS MORTOS<br/>SARA E CURA OS FERIDOS<br/>O DEUS DESDE A ETERNIDADE<br/>ESTÁ NO CONTROLE</lines>
    </verse>
    <verse name="v4">
      <lines>O MEU DEUS É SOBERANO<br/>O MEU DEUS É SOBERANO<br/>SE O MEU CORAÇÃO PARAR DE BATER<br/>ELE SOPRA EM MINHAS NARINAS<br/>E ME TRAZ DE VOLTA À VIDA</lines>
    </verse>
  </lyrics>
</song>
