<?xml version='1.0' encoding='utf-8'?>
<song xmlns="http://openlyrics.info/namespace/2009/song" version="0.8" createdIn="OpenLP 1.9.9" modifiedIn="OpenLP 1.9.9" modifiedDate="2012-09-30T13:20:19">
  <properties>
    <titles>
      <title>DSEUS TEM O MELHOR PRA MIM</title>
    </titles>
    <authors>
      <author>FERNANDINHO FAZ CHOVER</author>
    </authors>
  </properties>
  <lyrics>
    <verse name="v1">
      <lines>DEUS TEM O MELHOR PRA MIM</lines>
    </verse>
    <verse name="v2">
      <lines>E O QUE PERDIDO FOI</lines>
    </verse>
    <verse name="v3">
      <lines>NÃO SE COMPARA COM O QUE HA DE VIR</lines>
    </verse>
  </lyrics>
</song>
