<?xml version='1.0' encoding='utf-8'?>
<song xmlns="http://openlyrics.info/namespace/2009/song" version="0.8" createdIn="OpenLP 1.9.9" modifiedIn="OpenLP 1.9.9" modifiedDate="2012-09-30T13:20:40">
  <properties>
    <titles>
      <title>EIS-ME AQUI</title>
    </titles>
    <authors>
      <author>FERNANDINHO</author>
    </authors>
  </properties>
  <lyrics>
    <verse name="v1">
      <lines>EIS-ME AQUI</lines>
    </verse>
    <verse name="v2">
      <lines>QUERO MORRER PRA MIM MESMO<br/>QUERO LEVAR A MINHA CRUZ<br/>AS COISAS VELHAS JÁ PASSARAM<br/>EU VOU SEGUIR AO MEU JESUS<br/>EIS-ME AQUI<br/>EU QUERO SER A FIM DE DEUS<br/>(A FIM DE DEUS)<br/>ARDER EM TUA PRESENÇA<br/>DE DIA E DE NOITE<br/>ESTAR A SERVIÇO DO MEU REI</lines>
    </verse>
  </lyrics>
</song>
