<?xml version='1.0' encoding='utf-8'?>
<song xmlns="http://openlyrics.info/namespace/2009/song" version="0.8" createdIn="OpenLP 1.9.9" modifiedIn="OpenLP 1.9.9" modifiedDate="2012-09-30T13:20:40">
  <properties>
    <titles>
      <title>ELE-VEM</title>
    </titles>
    <authors>
      <author>FERNANDINHO</author>
    </authors>
  </properties>
  <lyrics>
    <verse name="v1">
      <lines>ELE VEM</lines>
    </verse>
    <verse name="v2">
      <lines>ELE VEM<br/>YESHUA REINARÁ<br/>BRILHANDO COMO O SOL<br/>NAS NUVENS VOLTARÁ<br/>DECLARE ENTÃO O ANO DO SENHOR<br/>POIS DE SIÃO VIRÁ<br/>A SALVAÇÃO</lines>
    </verse>
    <verse name="v3">
      <lines>ESSES SÃO DIAS DE ELIAS<br/>DECLARE A PALAVRA DE DEUS<br/>DIAS TAMBÉM DE MOISÉS TEU SERVO<br/>JUSTIÇA REINANDO OUTRA VEZ<br/>MESMO VENCENDO BATALHAS<br/>ANGÚSTIA, CARÊNCIA E DOR<br/>AINDA SE OUVE UMA VOZ QUE CLAMA<br/>PREPARE O CAMINHO AO SENHOR</lines>
    </verse>
    <verse name="v4">
      <lines>ELE VEM<br/>YESHUA REINARÁ<br/>BRILHANDO COMO O SOL<br/>NAS NUVENS VOLTARÁ<br/>DECLARE ENTÃO O ANO DO SENHOR<br/>POIS DE SIÃO VIRÁ<br/>A SALVAÇÃO</lines>
    </verse>
    <verse name="v5">
      <lines>ELE VEM<br/>YESHUA REINARÁ<br/>BRILHANDO COMO O SOL<br/>NAS NUVENS VOLTARÁ<br/>DECLARE ENTÃO O ANO DO SENHOR<br/>POIS DE SIÃO VIRÁ<br/>A SALVAÇÃO</lines>
    </verse>
    <verse name="v6">
      <lines>ESSES SÃO DIAS DE EZEQUIEL<br/>OS ASTROS SE LEVANTARÃO<br/>DIAS TAMBÉM DE DAVI TEU SERVO<br/>EU CLAMO EM ADORAÇÃO<br/>DIAS DE GRANDE COLHEITA<br/>OS CAMPOS JÁ BRANCOS ESTÃO<br/>NÓS SOMOS OBREIROS DESSA VINHA<br/>PREGANDO A SALVAÇÃO</lines>
    </verse>
    <verse name="v7">
      <lines>ELE VEM<br/>YESHUA REINARÁ<br/>BRILHANDO COMO O SOL<br/>NAS NUVENS VOLTARÁ<br/>DECLARE ENTÃO O ANO DO SENHOR<br/>POIS DE SIÃO VIRÁ<br/>A SALVAÇÃO</lines>
    </verse>
    <verse name="v8">
      <lines>ELE VEM<br/>YESHUA REINARÁ<br/>BRILHANDO COMO O SOL<br/>NAS NUVENS VOLTARÁ<br/>DECLARE ENTÃO O ANO DO SENHOR<br/>POIS DE SIÃO VIRÁ<br/>A SALVAÇÃO</lines>
    </verse>
    <verse name="v9">
      <lines>BENDITO É O QUE VEM<br/>BENDITO É O QUE VEM<br/>BENDITO É O QUE VEM<br/>BENDITO É O QUE VEM<br/>BENDITO É O QUE VEM<br/>BENDITO É...<br/>AQUELE QUE ERA, QUE É<br/>E QUE HÁ DE VIR<br/>AQUELE QUE ERA, QUE É<br/>E QUE HÁ DE VIR<br/>AQUELE QUE ERA, QUE É<br/>E QUE HÁ DE VIR<br/>AQUELE QUE ERA, QUE É<br/>E QUE HÁ DE VIR<br/>AQUELE QUE ERA, QUE É<br/>E QUE HÁ DE VIR<br/>AQUELE QUE ERA, QUE É<br/>E QUE HÁ DE VIR<br/>AQUELE QUE ERA, QUE É<br/>E QUE HÁ DE VIR.</lines>
    </verse>
    <verse name="v10">
      <lines>MARANATA CRISTO VEM<br/>CRISTO VEM MARANATA</lines>
    </verse>
  </lyrics>
</song>
