<?xml version='1.0' encoding='utf-8'?>
<song xmlns="http://openlyrics.info/namespace/2009/song" version="0.8" createdIn="OpenLP 1.9.9" modifiedIn="OpenLP 1.9.9" modifiedDate="2012-09-30T13:20:40">
  <properties>
    <titles>
      <title>EMANUEL</title>
    </titles>
    <authors>
      <author>FERNANDINHO</author>
    </authors>
  </properties>
  <lyrics>
    <verse name="v1">
      <lines>EMANUEL</lines>
    </verse>
    <verse name="v2">
      <lines>DEUS CONOSCO</lines>
    </verse>
    <verse name="v3">
      <lines>DEIXOU A SUA GLÓRIA PARA ESTAR COMIGO<br/>MORREU NUMA CRUZ PARA ESTAR COMIGO<br/>VENCEU O DIABO PARA ESTAR COMIGO<br/>O VÉU SE RASGOU PARA ESTAR COMIGO</lines>
    </verse>
    <verse name="v4">
      <lines>MARAVILHOSO<br/>CONSELHEIRO<br/>DEUS FORTE<br/>PRÍNCIPE DA PAZ</lines>
    </verse>
    <verse name="v5">
      <lines>EMANUEL</lines>
    </verse>
  </lyrics>
</song>
