<?xml version='1.0' encoding='utf-8'?>
<song xmlns="http://openlyrics.info/namespace/2009/song" version="0.8" createdIn="OpenLP 1.9.9" modifiedIn="OpenLP 1.9.9" modifiedDate="2012-09-30T13:20:41">
  <properties>
    <titles>
      <title>EU-QUERO-AMAR</title>
    </titles>
    <authors>
      <author>FERNANDINHO</author>
    </authors>
  </properties>
  <lyrics>
    <verse name="v1">
      <lines>EU QUERO AMAR</lines>
    </verse>
    <verse name="v2">
      <lines>VIVO PREUCUPADO, SÓ EM COMO DEVO AGIR<br/>SE A MINHA PRÓPRIA OBSCEÇÃO<br/>CHEGA DE OLHAR PRA MIM, ABRE MINHA VISÃO<br/>QUERO ME ENTREGAR POR INTEIRO AO SEU AGIR<br/>PÕE O TEU AMOR EM MEU CORAÇÃO</lines>
    </verse>
    <verse name="v3">
      <lines>CHEGA DE VIVER ESSA VIDA EGOISTA<br/>SÓ OLHAR PRA MIM ME AFASTA DO AMOR<br/>CHEGA DE VIVER ESSA VIDA EGOISTA<br/>SÓ OLHAR PRA MIM ME AFASTA DO AMOR</lines>
    </verse>
    <verse name="v4">
      <lines>EU QUERO AMAR, COMO TU AMAS<br/>E IMPORTAR COM OS PERDIDOS<br/>FAZER OBRAS MAIORES<br/>EU QUERO ESTAR EM MEIO A MULTIDÃO</lines>
    </verse>
    <verse name="v5">
      <lines>DE CURADOS E REMIDOS, ONDE TUA GLÓRIA<br/>EU QUERO AMAR COMO TU AMAS<br/>ME IMPORTAR COM OS PERDIDOS<br/>FAZER OBRAS MAIORES<br/>EU QUERO ESTAR EM MEIO A MULTIDÃO<br/>DE CURADOS E REMIDOS ONDE TUA GLÓRIA PODE NOS SOLTAR</lines>
    </verse>
    <verse name="v6">
      <lines>VIVO PREOCUPADO SÓ EM COMO DEVO AGIR<br/>SE MINHA PRÓPRIA OBSCEÇÃO<br/>CHEGA DE OLHAR PRA MIM, ABRE MINHA VISÃO<br/>QUERO ME ENTREGAR POR INTEIRO AO SEU AGIR<br/>PÕE O TEU AMOR EM MEU CORAÇÃO</lines>
    </verse>
    <verse name="v7">
      <lines>CHEGA DE VIVER ESSA VIDA EGOISTA<br/>SÓ OLHAR PRA MIM ME AFASTA DO AMOR<br/>CHEGA DE VIVER ESSA VIDA EGOISTA<br/>SÓ OLHAR PRA MIM ME AFASTA DO AMOR</lines>
    </verse>
    <verse name="v8">
      <lines>EU QUERO AMAR COMO TU AMAS<br/>ME IMPORTAR COM OS PERDIDOS<br/>FAZER OBRAS MAIORES<br/>EU QUERO ESTAR EM MEIO A MULTIDÃO<br/>DE CURADOS E REMIDOS, ONDE TUA GLÓRIA...</lines>
    </verse>
    <verse name="v9">
      <lines>EU QUERO AMAR COMO TU AMAS !!</lines>
    </verse>
  </lyrics>
</song>
