<?xml version='1.0' encoding='utf-8'?>
<song xmlns="http://openlyrics.info/namespace/2009/song" version="0.8" createdIn="OpenLP 1.9.9" modifiedIn="OpenLP 1.9.9" modifiedDate="2012-09-30T13:20:41">
  <properties>
    <titles>
      <title>EU-TE-LOUVAREI</title>
    </titles>
    <authors>
      <author>FERNANDINHO</author>
    </authors>
  </properties>
  <lyrics>
    <verse name="v1">
      <lines>EU TE LOUVAREI</lines>
    </verse>
    <verse name="v2">
      <lines>ÉS TU ÚNICA RAZÃO DA MINHA ADORAÇÃO ÓH JESUS<br/>ÉS TU ÚNICA ESPERANÇA QUE ANELO TER ÓH JESUS<br/>CONFIEI EM TI FUI AJUDADO. TUA SALVAÇÃO TEM ME ALEGRADO.</lines>
    </verse>
    <verse name="v3">
      <lines>HOJE HÁ GOZO EM MEU CORAÇÃO. COM MEU CANTO TE LOUVAREI.</lines>
    </verse>
    <verse name="v4">
      <lines>EU TE LOUVAREI, TE GLORIFICAREI<br/>EU TE LOUVAREI MEU BOM JESUS.</lines>
    </verse>
    <verse name="v5">
      <lines>EM TODO TEMPO TE LOUVAREI,<br/>EM TODO TEMPO TE ADORAREI.</lines>
    </verse>
    <verse name="v6">
      <lines>EU TE LOUVAREI, TE GLORIFICAREI,<br/>EU TE LOUVAREI MEU BOM JESUS.</lines>
    </verse>
  </lyrics>
</song>
