<?xml version='1.0' encoding='utf-8'?>
<song xmlns="http://openlyrics.info/namespace/2009/song" version="0.8" createdIn="OpenLP 1.9.9" modifiedIn="OpenLP 1.9.9" modifiedDate="2012-09-30T13:20:41">
  <properties>
    <titles>
      <title>EU-VOU-ABRIR-MEU-CORACAO</title>
    </titles>
    <authors>
      <author>FERNANDINHO</author>
    </authors>
  </properties>
  <lyrics>
    <verse name="v1">
      <lines>EU VOU ABRIR O MEU CORAÇÃO</lines>
    </verse>
    <verse name="v2">
      <lines>EU VOU ABRIR O MEU CORAÇÃO</lines>
    </verse>
    <verse name="v3">
      <lines>EU VOU ABRIR O MEU CORAÇÃO<br/>EU VOU DEIXAR MEU NOIVO ENTRAR</lines>
    </verse>
    <verse name="v4">
      <lines>VOU CEAR COM ELE<br/>AO SEU AMOR<br/>VOU ME ENTREGAR</lines>
    </verse>
    <verse name="v5">
      <lines>ENTREI NO MEU JARDIM<br/>COLHI OS MEUS PERFUMES<br/>PARA TE DAR Ó NOIVA MINHA</lines>
    </verse>
    <verse name="v6">
      <lines>OS TEUS PERFUMES SÃO SUAVES<br/>O TEU AMOR MELHOR DO QUE O VINHO</lines>
    </verse>
    <verse name="v7">
      <lines>O TEU AMOR MELHOR DO QUE O VINHO</lines>
    </verse>
    <verse name="v8">
      <lines>REPETE: EU VOU ABRIR O MEU CORAÇÃO ...</lines>
    </verse>
  </lyrics>
</song>
