<?xml version='1.0' encoding='utf-8'?>
<song xmlns="http://openlyrics.info/namespace/2009/song" version="0.8" createdIn="OpenLP 1.9.9" modifiedIn="OpenLP 1.9.9" modifiedDate="2013-01-20T12:59:45">
  <properties>
    <titles>
      <title>FAZ-CHOVER</title>
    </titles>
    <authors>
      <author>FERNANDINHO</author>
    </authors>
  </properties>
  <lyrics>
    <verse name="v1">
      <lines>ASSIM COMO A CORÇA ANSEIA POR ÁGUAS<br/>COMO TERRA SECA PRECISA DA CHUVA<br/>MEU CORAÇÃO TEM SEDE DE TI<br/>REI MEU E DEUS MEU<br/><br/>FAZ CHOVER SENHOR JESUS<br/>DERRAMA A CHUVA NESTE LUGAR<br/>VEM COM TEU RIO SENHOR JESUS<br/>INUNDAR O MEU CORAÇÃO</lines>
    </verse>
  </lyrics>
</song>
