<?xml version='1.0' encoding='utf-8'?>
<song xmlns="http://openlyrics.info/namespace/2009/song" version="0.8" createdIn="OpenLP 1.9.9" modifiedIn="OpenLP 1.9.9" modifiedDate="2012-09-30T13:20:33">
  <properties>
    <titles>
      <title>SEU SANGUE</title>
    </titles>
    <authors>
      <author>-</author>
      <author>FERNANDINHO</author>
    </authors>
  </properties>
  <lyrics>
    <verse name="v1">
      <lines>SEU SANGUE, SUA CRUZ<br/>ME LEVAM DE VOLTA PARA DEUS<br/>SUA MORTE, SUA VIDA<br/>AS TREVAS ELE JÁ VENCEU<br/>SEU AMOR ME CONQUISTOU<br/>SOU ETERNO DEVEDOR</lines>
    </verse>
    <verse name="v2">
      <lines>O VEU SE RASGOU<br/>SUA LUZ EM MIM BRILHOU<br/>SUA GLORIA ME COBRIU<br/>MAIS QUE VENCEDOR EU SOU<br/>MAIS QUE VENCEDOR EU SOU</lines>
    </verse>
    <verse name="v3">
      <lines>SEI QUE NA SALA<br/>DO TRONO ESTÁ<br/>EU QUERO IR PARA LÁ<br/>PELO NOVO E VIVO CAMINHO</lines>
    </verse>
  </lyrics>
</song>
