<?xml version='1.0' encoding='utf-8'?>
<song xmlns="http://openlyrics.info/namespace/2009/song" version="0.8" createdIn="OpenLP 1.9.9" modifiedIn="OpenLP 1.9.9" modifiedDate="2012-09-30T13:20:48">
  <properties>
    <titles>
      <title>SHEKINAH</title>
    </titles>
    <authors>
      <author>FERNANDINHO</author>
    </authors>
  </properties>
  <lyrics>
    <verse name="v1">
      <lines>SHEKINAH</lines>
    </verse>
    <verse name="v2">
      <lines>DERRAMA TUA SHEKINA SOBRE NOS<br/>DERRAMA SUA SHEKINA SOBRE NÓS<br/>NAO CONSEGUIREMOS FICAR DE PÉ<br/>TAMANHA SUA GLÓRIA SOBRE NÓS</lines>
    </verse>
    <verse name="v3">
      <lines>DERRAMA SUA SHEKINA SOBRE NÓS<br/>DERRAMA TUA SHEKINA SOBRE NÓS<br/>NAO CONSEGUIREMOS FICAR DE PÉ<br/>TAMANHA SUA GLÓRIA SOBRE NÓS</lines>
    </verse>
    <verse name="v4">
      <lines>DERRAMA TUA SHEKINA<br/>DERRAMA TUA SHEKINA SOBRE NÓS<br/>NAO CONSEGUIREMOS FICAR DE PÉ<br/>TAMANHA SUA GLORIA SOBRE NÓS.</lines>
    </verse>
  </lyrics>
</song>
