<?xml version='1.0' encoding='utf-8'?>
<song xmlns="http://openlyrics.info/namespace/2009/song" version="0.8" createdIn="OpenLP 1.9.9" modifiedIn="OpenLP 1.9.9" modifiedDate="2012-09-30T13:20:48">
  <properties>
    <titles>
      <title>SUPERABUNDANTE-GRACA</title>
    </titles>
    <authors>
      <author>FERNANDINHO</author>
    </authors>
  </properties>
  <lyrics>
    <verse name="v1">
      <lines>SUPERABUNDANTE GRAÇA</lines>
    </verse>
    <verse name="v2">
      <lines>GRAÇA, GRAÇA<br/>SUPERABUNDANTE GRAÇA<br/>SUPERABUNDANTE GRAÇA</lines>
    </verse>
    <verse name="v3">
      <lines>SOMOS FILHOS DA GRAÇA<br/>DIVINA E SEM PAR<br/>FRUTOS DO AMOR QUE NOS VEIO ALCANÇAR<br/>GRAÇA QUE LIVRA DA MORTE E PECADO<br/>POR ELA NÓS SOMOS RECONCILIADOS<br/>POR ELA NÓS SOMOS RECONCILIADOS</lines>
    </verse>
    <verse name="v4">
      <lines>GRAÇA, GRAÇA<br/>SUPERABUNDANTE GRAÇA<br/>SUPERABUNDANTE GRAÇA</lines>
    </verse>
    <verse name="v5">
      <lines>SOMOS FILHOS DA GRAÇA<br/>DE CRISTO JESUS<br/>TIRADOS DAS TREVAS<br/>PRO REINO DA LUZ<br/>ASSIM SOMOS SANTOS JUSTIFICADOS<br/>E UM DIA SEREMOS GLORIFICADOS<br/>E UM DIA SEREMOS GLORIFICADOS</lines>
    </verse>
  </lyrics>
</song>
