<?xml version='1.0' encoding='utf-8'?>
<song xmlns="http://openlyrics.info/namespace/2009/song" version="0.8" createdIn="OpenLP 1.9.9" modifiedIn="OpenLP 1.9.9" modifiedDate="2012-09-30T13:20:34">
  <properties>
    <titles>
      <title>TE ADORAR</title>
    </titles>
    <authors>
      <author>FERNANDINHO</author>
    </authors>
  </properties>
  <lyrics>
    <verse name="v1">
      <lines>O SOL, A LUA, <br/>ESTRELAS E O MAR<br/>NADA SE COMPRAR  <br/>ANTE A TUA FORMOSURA<br/>OS HOMENS, OS REINOS,<br/>PRINCIPADOS E POTESTADES<br/>SE PROSTAM<br/>ANTE A TUA MAGESTADE</lines>
    </verse>
    <verse name="v2">
      <lines>PORQUE DELE E POR ELE<br/>PARA ELE SÃO TODAS AS COISAS<br/>PORQUE DELE E POR ELE<br/>PARA ELE SÃO TODAS AS COISAS</lines>
    </verse>
    <verse name="v3">
      <lines>SO ME RESTA <br/>TE ADORAR TE ADORAR<br/>EU SÓ QUERO<br/>TE ADORAR, TE ADORAR<br/>EU NASCI PRA<br/>TE ADORAR, TE ADORAR</lines>
    </verse>
    <verse name="v4">
      <lines>E DIZER QUE TE AMO,<br/>TE AMO, TE AMO<br/>E DIZER QUE TE AMO,<br/>TE AMO, TE AMO</lines>
    </verse>
  </lyrics>
</song>
