<?xml version='1.0' encoding='utf-8'?>
<song xmlns="http://openlyrics.info/namespace/2009/song" version="0.8" createdIn="OpenLP 1.9.9" modifiedIn="OpenLP 1.9.9" modifiedDate="2012-09-30T13:20:48">
  <properties>
    <titles>
      <title>TE-ADORAR</title>
    </titles>
    <authors>
      <author>FERNANDINHO</author>
    </authors>
  </properties>
  <lyrics>
    <verse name="v1">
      <lines>TE ADORAR</lines>
    </verse>
    <verse name="v2">
      <lines>O SOL, A LUA, ESTRELAS E O MAR<br/>NADA SE COMPARA<br/>ANTE A TUA FORMOSURA</lines>
    </verse>
    <verse name="v3">
      <lines>OS HOMENS, OS REINOS, PRINCIPADOS E POTESTADES<br/>SE PROSTRAM<br/>ANTE A TUA MAJESTADE</lines>
    </verse>
    <verse name="v4">
      <lines>PORQUE DELE, POR ELE E PARA ELE SÃO TODAS AS COISAS<br/>PORQUE DELE, POR ELE E PARA ELE SÃO TODAS AS COISAS</lines>
    </verse>
    <verse name="v5">
      <lines>SÓ ME RESTA TE ADORAR, TE ADORAR<br/>EU SÓ QUERO TE ADORAR, TE ADORAR<br/>EU NASCI PRA TE ADORAR, TE ADORAR<br/>E DIZER QUE TE AMO, TE AMO, TE AMO!</lines>
    </verse>
  </lyrics>
</song>
