<?xml version='1.0' encoding='utf-8'?>
<song xmlns="http://openlyrics.info/namespace/2009/song" version="0.8" createdIn="OpenLP 1.9.9" modifiedIn="OpenLP 1.9.9" modifiedDate="2012-09-30T13:20:35">
  <properties>
    <titles>
      <title>TEMOS QUE SER UM</title>
    </titles>
    <authors>
      <author>FERNANDINHO</author>
    </authors>
  </properties>
  <lyrics>
    <verse name="v1">
      <lines>AMAI-VOS UNS AOS OUTROS<br/>SUJEITA-VOS UNS AOS OUTROS<br/>AQUELE QUE QUISER<br/>SER O PRIMEIRO<br/>SIRVA A TODOS</lines>
    </verse>
    <verse name="v2">
      <lines>TEMOS UM LUGAR<br/>NO CORAÇÃO DE DEUS<br/>QUE IMPORTA QUE ELE <br/>CRESÇA E EU DIMINUA<br/>QUERO SERVIR<br/>OS MEUS IRMÃOS<br/>ASSIM COMO JESUS</lines>
    </verse>
    <verse name="v3">
      <lines>TEMOS QUE SER UM<br/>COMO O PAI EM CRISTO É<br/>TEMOS QUE SER UM<br/>PRA QUE O MUNDO CREIA<br/>QUE O PAI NOS ENVIOU</lines>
    </verse>
    <verse name="v4">
      <lines>TEMOS QUE SER UM<br/>TEMOS QUE SER UM<br/>TEMOS QUE SER UM</lines>
    </verse>
  </lyrics>
</song>
