<?xml version='1.0' encoding='utf-8'?>
<song xmlns="http://openlyrics.info/namespace/2009/song" version="0.8" createdIn="OpenLP 1.9.9" modifiedIn="OpenLP 1.9.9" modifiedDate="2012-09-30T13:20:48">
  <properties>
    <titles>
      <title>TEU-NOME-SANTO</title>
    </titles>
    <authors>
      <author>FERNANDINHO</author>
    </authors>
  </properties>
  <lyrics>
    <verse name="v1">
      <lines>TEU NOME É SANTO</lines>
    </verse>
    <verse name="v2">
      <lines>NÃO HÁ OUTRO COMO TU SÓ TU ÉS DEUS, TU ÉS O MAIOR<br/>TU REINAS SOBRE TERRA E CÉUS SÓ TU ÉS DEUS, TU ÉS O MAIOR<br/>SENHOR DA MINHA VIDA SENHOR DO MEU CORAÇÃO<br/>A TI LEVANTO AS MINHAS MÃOS PARA TE ADORAR<br/>E SEMPRE PROCLAMAR<br/>TEU NOME É SANTO O TEU NOME É SANTO<br/>TEU NOME É SANTO SANTO SANTO<br/>SANTO ÉS JESUS</lines>
    </verse>
  </lyrics>
</song>
