<?xml version='1.0' encoding='utf-8'?>
<song xmlns="http://openlyrics.info/namespace/2009/song" version="0.8" createdIn="OpenLP 1.9.9" modifiedIn="OpenLP 1.9.9" modifiedDate="2012-09-30T13:20:48">
  <properties>
    <titles>
      <title>TOTALMENTE-TEU</title>
    </titles>
    <authors>
      <author>FERNANDINHO</author>
    </authors>
  </properties>
  <lyrics>
    <verse name="v1">
      <lines>TOTALMENTE TEU</lines>
    </verse>
    <verse name="v2">
      <lines>EU QUERO SER COMO VASO EM TUAS MÃOS,<br/>EU QUERO SER COMO JARDIM REGADO POR TI,<br/>EU QUERO SER DEPENDENTE<br/>DEPENDENTE<br/>DO TEU FAVOR.<br/>EU QUERO SER COMO CRIANÇA EM TUAS MÃOS,<br/>EU QUERO SER COMO UMA CORÇA ANSEIO POR TI,<br/>EU QUERO SER DEPENDENTE<br/>DEPENDENTE<br/>DO TEU FAVOR<br/>TOTALMENTE TEU JESUS<br/>TOTALMENTE TEU JESUS<br/>TOTALMENTE TEU JESUS.</lines>
    </verse>
  </lyrics>
</song>
