<?xml version='1.0' encoding='utf-8'?>
<song xmlns="http://openlyrics.info/namespace/2009/song" version="0.8" createdIn="OpenLP 1.9.9" modifiedIn="OpenLP 1.9.9" modifiedDate="2012-09-30T13:20:48">
  <properties>
    <titles>
      <title>TUA-FIDELIDADE</title>
    </titles>
    <authors>
      <author>FERNANDINHO</author>
    </authors>
  </properties>
  <lyrics>
    <verse name="v1">
      <lines>TUA FIDELIDADE</lines>
    </verse>
    <verse name="v2">
      <lines>TUA FIDELIDADE SENHOR,<br/>VAI MAIS FUNDO QUE OS MARES.<br/>TUA FIDELIDADE SENHOR,<br/>VAI MAIS ALTO QUE O CÉU.</lines>
    </verse>
    <verse name="v3">
      <lines>SE TENHO O QUE PERDER,<br/>OS FILHOS, BENS, MULHER.<br/>NÃO POSSO E NÃO VOU PERDER,<br/>TUA FIDELIDADE.</lines>
    </verse>
    <verse name="v4">
      <lines>O MEU JESUS É FIEL,<br/>O MEU JESUS É FIEL,<br/>NÃO IMPORTA O QUE VÃO PENSAR DE MIM,<br/>TE DOU MINHA VIDA,<br/>TE ENTREGO OS MEUS BENS.<br/>TUDO O QUE TENHO É TEU,<br/>POIS SEI QUE ÉS FIEL.</lines>
    </verse>
  </lyrics>
</song>
