<?xml version='1.0' encoding='utf-8'?>
<song xmlns="http://openlyrics.info/namespace/2009/song" version="0.8" createdIn="OpenLP 1.9.9" modifiedIn="OpenLP 1.9.9" modifiedDate="2012-09-30T13:20:49">
  <properties>
    <titles>
      <title>TUDO-QUE-EU-QUERO</title>
    </titles>
    <authors>
      <author>FERNANDINHO</author>
    </authors>
  </properties>
  <lyrics>
    <verse name="v1">
      <lines>TUDO O QUE EU QUERO</lines>
    </verse>
    <verse name="v2">
      <lines>TUDO O QUE EU QUERO É SER SANTO<br/>SANTO COMO TU<br/>TUDO O QUE EU QUERO É SER LIVRE<br/>LIVRE PRA TE SERVIR</lines>
    </verse>
    <verse name="v3">
      <lines>DE TODAS AS COISAS QUE EU QUERO E QUE EU PRECISO<br/>EU QUERO ESTAR NO CENTRO DA TUA VONTADE</lines>
    </verse>
    <verse name="v4">
      <lines>AQUELE QUE COMEÇOU A BOA OBRA EM MINHA VIDA<br/>NÃO TERMINOU</lines>
    </verse>
  </lyrics>
</song>
