<?xml version='1.0' encoding='utf-8'?>
<song xmlns="http://openlyrics.info/namespace/2009/song" version="0.8" createdIn="OpenLP 1.9.9" modifiedIn="OpenLP 1.9.9" modifiedDate="2012-09-30T13:20:49">
  <properties>
    <titles>
      <title>YESHUA</title>
    </titles>
    <authors>
      <author>FERNANDINHO</author>
    </authors>
  </properties>
  <lyrics>
    <verse name="v1">
      <lines>YESHUA</lines>
    </verse>
    <verse name="v2">
      <lines>YESHUA...</lines>
    </verse>
    <verse name="v3">
      <lines>VEM SALTANDO SOBRE OS MONTES<br/>DE JERUSALEM.</lines>
    </verse>
    <verse name="v4">
      <lines>SOU TUA NOIVA APAIXONADA<br/>TE ESPERANDO PARA DANÇAR.</lines>
    </verse>
  </lyrics>
</song>
