<?xml version='1.0' encoding='utf-8'?>
<song xmlns="http://openlyrics.info/namespace/2009/song" version="0.8" createdIn="OpenLP 1.9.9" modifiedIn="OpenLP 1.9.9" modifiedDate="2012-09-30T13:20:11">
  <properties>
    <titles>
      <title>ÁGUAS PROFUNDAS</title>
    </titles>
    <authors>
      <author>FERNANDINHO</author>
    </authors>
  </properties>
  <lyrics>
    <verse name="v1">
      <lines>VEM SOBRE NÓS<br/>COMO A CHUVA<br/>FAÇA AS ÁGUAS SUBIREM<br/>NESTE LUGAR<br/>LIBERA O TEU RIO <br/>SEM MEDIDA<br/>VEM TUAS ÁGUAS AGITAR</lines>
    </verse>
    <verse name="v2">
      <lines>POIS EU QUERO NADAR<br/>QUERO NADAR NO TEU RIO<br/>QUERO BEBER DE TUAS ÁGUAS<br/>POIS EU QUERO NADAR<br/>QUERO NADAR NO TEU RIO<br/>QUERO BEBER DE TUAS ÁGUAS</lines>
    </verse>
    <verse name="v3">
      <lines>EXISTEM ÁGUAS <br/>QUE DÃO NOS ARTELHOS<br/>EXISTEM ÁGUAS <br/>QUE DÃO NOS JOELHOS<br/>EXISTEM ÁGUAS <br/>QUE DÃO NOS LOMBOS<br/>MAS TÊM ÁGUAS MAIS FUNDAS <br/>EU SEI</lines>
    </verse>
  </lyrics>
</song>
