<?xml version='1.0' encoding='utf-8'?>
<song xmlns="http://openlyrics.info/namespace/2009/song" version="0.8" createdIn="OpenLP 1.9.9" modifiedIn="OpenLP 1.9.9" modifiedDate="2012-09-30T13:20:09">
  <properties>
    <titles>
      <title>A ALEGRIA ESTA NO CORAÇÃO</title>
    </titles>
    <authors>
      <author>-</author>
    </authors>
  </properties>
  <lyrics>
    <verse name="v1">
      <lines>A ALEGRIA ESTÁ <br/>NO CORAÇÃO<br/>DE QUEM JÁ<br/>CONHECE A JESUS<br/>A VERDADEIRA PAZ <br/>SÓ TEM AQUELE QUE<br/>JÁ CONHECE A JESUS</lines>
    </verse>
    <verse name="v2">
      <lines>O SENTIMENTO <br/>MAIS PRECIOSO<br/>QUE VEM DO<br/>NOSSO SENHOR<br/>É O AMOR<br/>QUE SÓ TEM QUEM<br/>JÁ CONHECE A JESUS</lines>
    </verse>
    <verse name="v3">
      <lines>ALELUIA, ALELUIA<br/>ALELUIA, ALELUIA</lines>
    </verse>
    <verse name="v4">
      <lines>O SENTIMENTO<br/>MAIS PRECIOSO<br/>QUE VEM DO<br/>NOSSO SENHOR<br/>É O AMOR<br/>QUE SÓ TEM QUEM<br/>JÁ CONHECE A JESUS</lines>
    </verse>
  </lyrics>
</song>
