<?xml version='1.0' encoding='utf-8'?>
<song xmlns="http://openlyrics.info/namespace/2009/song" version="0.8" createdIn="OpenLP 1.9.9" modifiedIn="OpenLP 1.9.9" modifiedDate="2012-09-30T13:20:10">
  <properties>
    <titles>
      <title>A COMEÇAR EM MIM</title>
    </titles>
    <authors>
      <author>-</author>
    </authors>
  </properties>
  <lyrics>
    <verse name="v1">
      <lines>A COMEÇAR EM MIM<br/>QUEBRA CORAÇÕES<br/>PRA QUE SEJAMOS<br/>TODOS UM<br/>COMO TU ÉS EM NÓS</lines>
    </verse>
    <verse name="v2">
      <lines>ONDE HÁ FRIEZA<br/>QUE HAJA AMOR<br/>ONDE HÁ ÓDIO, O PERDÃO<br/>PARA QUE TEU CORPO<br/>CRESÇA, SIM<br/>RUMO À PERFEIÇÃO</lines>
    </verse>
  </lyrics>
</song>
