<?xml version='1.0' encoding='utf-8'?>
<song xmlns="http://openlyrics.info/namespace/2009/song" version="0.8" createdIn="OpenLP 1.9.9" modifiedIn="OpenLP 1.9.9" modifiedDate="2012-09-30T13:20:10">
  <properties>
    <titles>
      <title>A GLÓRIA DO PAI</title>
    </titles>
    <authors>
      <author>Fernanda Brum</author>
    </authors>
  </properties>
  <lyrics>
    <verse name="v1">
      <lines>EU JÁ CHEGUEI ATÉ AQUI<br/>EU CONHECI O TEU PODER</lines>
    </verse>
    <verse name="v2">
      <lines>EU VI O CÉU SE ABRIR<br/>EU VI A SARÇA ACENDER<br/>EU VI O MAR SE ABRIR<br/>EU VI O CÉU SE RASGAR<br/>EU VI O COXO ANDAR<br/>EU VI O SURDO OUVIR<br/>EU VI LAZARO SAIR</lines>
    </verse>
    <verse name="v3">
      <lines>VI FARAÓ SE PROSTAR <br/>MAS O QUE EU QUERO<br/>É A GLÓRIA<br/>EU QUERO TE CONTEMPLAR</lines>
    </verse>
    <verse name="v4">
      <lines>A GLÓRIA QUE VEM<br/>A GLÓRIA QUE VAI <br/>A GLÓRIA QUE DESCE<br/>DIRETO DO PAI<br/>A GLÓRIA QUE VEM<br/>A GLÓRIA QUE VAI</lines>
    </verse>
    <verse name="v5">
      <lines>QUE SE MANIFESTOU<br/>NA CRUZ FOI <br/>A GLÓRIA DO PAI</lines>
    </verse>
  </lyrics>
</song>
