<?xml version='1.0' encoding='utf-8'?>
<song xmlns="http://openlyrics.info/namespace/2009/song" version="0.8" createdIn="OpenLP 1.9.9" modifiedIn="OpenLP 1.9.9" modifiedDate="2012-09-30T13:20:10">
  <properties>
    <titles>
      <title>A MINHA VIDA É DO MESTRE</title>
    </titles>
    <authors>
      <author>LÁZARO</author>
    </authors>
  </properties>
  <lyrics>
    <verse name="v1">
      <lines>A MINHA VIDA É DO MESTRE<br/>MEU CORAÇÃO É DO MEU MESTRE<br/>O MEU CAMINHO É DO MESTRE<br/>MINHA ESPERANÇA É MEU MESTRE</lines>
    </verse>
    <verse name="v2">
      <lines>À DEUS EU ENTREGUEI<br/>O BARCO DO MEU SER<br/>E ENTREI NO MAR À FORA<br/>PRA LONGE EU NAVEGUEI<br/>NÃO VEJO MAIS O CAIS<br/>SÓ DEUS E EU AGORA</lines>
    </verse>
    <verse name="v3">
      <lines>NA SOLIDÃO DA VIDA<br/>EU PUDE PERCEBER<br/>O QUANTO DEUS ME AMA<br/>AS ONDAS GRANDES VÊM<br/>TENTANDO ME ARRASTAR<br/>PRA LONGE DA PRESENÇA</lines>
    </verse>
  </lyrics>
</song>
