<?xml version='1.0' encoding='utf-8'?>
<song xmlns="http://openlyrics.info/namespace/2009/song" version="0.8" createdIn="OpenLP 1.9.9" modifiedIn="OpenLP 1.9.9" modifiedDate="2012-09-30T13:20:10">
  <properties>
    <titles>
      <title>A ULTIMA CHANCE</title>
    </titles>
    <authors>
      <author>MIN. IPIRANGA</author>
    </authors>
  </properties>
  <lyrics>
    <verse name="v1">
      <lines>UMA CHANCE IGUAL A ESSA <br/>TALVEZ EU NÃO TENHA MAIS<br/>QUERO ESTAR<br/>EM TUA PRESENÇA<br/>NEM QUE SEJA A ÚLTIMA VEZ</lines>
    </verse>
    <verse name="v2">
      <lines>SE TIVER QUE GRITAR,<br/>EU GRITAREI<br/>SE TIVER QUE CHORAR,<br/>EU CHORAREI<br/>SE TIVER QUE HUMILHAR<br/>O MEU ESPÍRITO<br/>ASSIM O FAREI<br/>ME DÁ MAIS UMA CHANCE</lines>
    </verse>
    <verse name="v3">
      <lines>EU QUERO NASCER<br/>DO TEU ESPÍRITO<br/>EU QUERO MATAR<br/>A MINHA CARNE<br/>FAZER TUA VONTADE,<br/>DOCE ESPÍRITO<br/>QUE A MINHA VIDA<br/>SEJA TUA VIDA, JESUS</lines>
    </verse>
  </lyrics>
</song>
