<?xml version='1.0' encoding='utf-8'?>
<song xmlns="http://openlyrics.info/namespace/2009/song" version="0.8" createdIn="OpenLP 1.9.9" modifiedIn="OpenLP 1.9.9" modifiedDate="2012-09-30T13:20:10">
  <properties>
    <titles>
      <title>ABRA OS OLHOS DO MEU CORAÇÃO</title>
    </titles>
    <authors>
      <author>DAVID QUINLAN</author>
    </authors>
  </properties>
  <lyrics>
    <verse name="v1">
      <lines>ABRA OS OLHOS<br/>DO MEU CORAÇÃO<br/>ABRA OS OLHOS<br/>DO MEU CORAÇÃO<br/>QUERO TE VER,<br/>QUERO TE VER SENHOR</lines>
    </verse>
    <verse name="v2">
      <lines>EXALTADO E BEM ALTO,<br/>BRILHANDO A LUZ<br/>DA TUA GLÓRIA<br/>DERRAME TEU AMOR E PODER,<br/>POIS TU ÉS<br/>SANTO, SANTO, SANTO</lines>
    </verse>
    <verse name="v3">
      <lines>SANTO, SANTO, SANTO,<br/>SANTO, SANTO, SANTO,<br/>SANTO, SANTO, SANTO,<br/>QUERO TE VER</lines>
    </verse>
    <verse name="v4">
      <lines>QUERO TE VER,<br/>QUERO TE VER<br/>EU QUERO TE TOCAR,<br/>EU QUERO TE ABRAÇAR<br/>QUERO TE VER</lines>
    </verse>
  </lyrics>
</song>
