<?xml version='1.0' encoding='utf-8'?>
<song xmlns="http://openlyrics.info/namespace/2009/song" version="0.8" createdIn="OpenLP 1.9.9" modifiedIn="OpenLP 1.9.9" modifiedDate="2012-09-30T13:20:10">
  <properties>
    <titles>
      <title>ABRO MÃO</title>
    </titles>
    <authors>
      <author>APASCENTAR NOVA IGUAÇU</author>
    </authors>
  </properties>
  <lyrics>
    <verse name="v1">
      <lines>A QUEM TENHO EU<br/>NO CÉU ALÉM DE TI<br/>E NÃO HÁ NA TERRA<br/>QUEM EU QUEIRA<br/>MAIS QUE A TI<br/>ESTOU APAIXONADO,<br/>DESESPERADO DE AMOR</lines>
    </verse>
    <verse name="v2">
      <lines>EU ESTOU DISPOSTO<br/>A MORRER POR TI<br/>E CONSTRUIREI<br/>NO CUME DO MONTE UM ALTAR<br/>E O SACRIFÍCIO SOU EU<br/>E O SACRIFÍCIO SOU EU</lines>
    </verse>
    <verse name="v3">
      <lines>ABRO MÃO DOS MEUS SONHOS<br/>ABRO MÃO DOS MEUS PLANOS<br/>ABRO MÃO DA MINHA VIDA POR TI<br/>ABRO MÃO DOS PRAZERES<br/>E DAS MINHAS VONTADES<br/>ABRO MÃO DAS RIQUEZAS POR TI<br/>ESTOU APAIXONADO</lines>
    </verse>
    <verse name="v4">
      <lines>O QUE FAZER?<br/>PRA ONDE IR?<br/>SE SO TU TENS<br/>A PALAVRA<br/>DE VIDA ETERNA</lines>
    </verse>
  </lyrics>
</song>
