<?xml version='1.0' encoding='utf-8'?>
<song xmlns="http://openlyrics.info/namespace/2009/song" version="0.8" createdIn="OpenLP 1.9.9" modifiedIn="OpenLP 1.9.9" modifiedDate="2012-09-30T23:14:06">
  <properties>
    <titles>
      <title>ADORADOR FIEL</title>
    </titles>
    <authors>
      <author>ROGÉRIA CRUZ</author>
    </authors>
  </properties>
  <lyrics>
    <verse name="v1">
      <lines>DÁ-ME UM NOVO CORAÇÃO<br/>UM CORAÇÃO IGUAL AO TEU<br/>DISPOSTO A TI SERVIR<br/>DISPOSTO A MORRER POR TI<br/>BUSCANDO SOMENTE A TI<br/>OLHANDO PRA TUA CRUZ<br/>VIVENDO AS PROMESSAS<br/>ASSIM COMO ABRAÃO</lines>
    </verse>
    <verse name="v2">
      <lines>JESUS EU QUERO<br/>SER UM ADORADOR FIEL<br/>TUDO QUE TENHO E SOU <br/>ENTREGO A TI SENHOR</lines>
    </verse>
    <verse name="v3">
      <lines>MUDA A MINHA VIDA, <br/>OS MEUS PENSAMENTOS<br/>E FAÇA DE MIM <br/>UM ADORADOR FIEL A TI</lines>
    </verse>
  </lyrics>
</song>
