<?xml version='1.0' encoding='utf-8'?>
<song xmlns="http://openlyrics.info/namespace/2009/song" version="0.8" createdIn="OpenLP 1.9.9" modifiedIn="OpenLP 1.9.9" modifiedDate="2013-03-03T23:25:51">
  <properties>
    <titles>
      <title>AGNUS DEI</title>
    </titles>
    <authors>
      <author>MICHAEL W. SMITH</author>
    </authors>
  </properties>
  <lyrics>
    <verse name="v1">
      <lines>ALELUIA, ALELUIA PODEROSO É O SENHOR <br/>NOSSO DEUS,  ALELUIA<br/><br/>SANTO, SANTO É O SENHOR DEUS PODEROSO<br/>DIGNO DE LOUVOR,  DIGNO DE LOUVOR<br/>TU ÉS SANTO, SANTO É O SENHOR DEUS PODEROSO<br/>DIGNO DE LOUVOR,  DIGNO DE LOUVOR<br/>TU ÉS SANTO</lines>
    </verse>
  </lyrics>
</song>
