<?xml version='1.0' encoding='utf-8'?>
<song xmlns="http://openlyrics.info/namespace/2009/song" version="0.8" createdIn="OpenLP 1.9.9" modifiedIn="OpenLP 1.9.9" modifiedDate="2012-09-30T13:20:11">
  <properties>
    <titles>
      <title>ALGUÉM</title>
    </titles>
    <authors>
      <author>Fernanda Brum</author>
    </authors>
  </properties>
  <lyrics>
    <verse name="v1">
      <lines>É MELHOR PARAR DE ME PERGUNTAR<br/>OS MEUS SONHOS NÃO<br/>REVELAM A NINGUÉM<br/>TODOS OS MEUS SEGREDOS GUARDADOS<br/>ESTÃO NO MEU CORAÇÃO</lines>
    </verse>
    <verse name="v2">
      <lines>ME ENGANEI CONFIANDO TANTO<br/>ME ENTREGANDO A PAIXÃO<br/>MAS EM DEUS QUEBRASSE O ENCANTO<br/>DE UMA AMARGA ILUSÃO</lines>
    </verse>
    <verse name="v3">
      <lines>ALGUÉM FALOU QUE EU NÃO IA SER NINGUÉM<br/>MAS DEUS MOSTROU QUE EU IRIA MUITO ALÉM<br/>PALAVRAS NÃO ME FAZEM MAIS PERDER O CHÃO<br/>ESTRADA, ESTOU SEGUINDO EM SUA DIREÇÃO</lines>
    </verse>
  </lyrics>
</song>
