<?xml version='1.0' encoding='utf-8'?>
<song xmlns="http://openlyrics.info/namespace/2009/song" version="0.8" createdIn="OpenLP 1.9.9" modifiedIn="OpenLP 1.9.9" modifiedDate="2012-09-30T13:20:12">
  <properties>
    <titles>
      <title>AQUI EU VIM</title>
    </titles>
    <authors>
      <author>-</author>
    </authors>
  </properties>
  <lyrics>
    <verse name="v1">
      <lines>AQUI EU VIM PARA DIZER<br/>QUE EU QUERO MAIS TE CONHECER<br/>A MINH´ALMA TEM SEDE DE TI<br/>OH, ESPÍRITO SANTO ESTOU AQUI</lines>
    </verse>
    <verse name="v2">
      <lines>OH ESPÍRITO DE DEUS<br/>OH ESPÍRITO DE DEUS<br/>O MEU CORAÇÃO<br/>É O TEU ALTAR</lines>
    </verse>
    <verse name="v3">
      <lines>FLUI ESPÍRITO DE DEUS<br/>FLUI AQUI NESTE LUGAR<br/>FLUI SOBRE MIM MINISTRA<br/>O TEU PROPÓSITO<br/>O MEU CORAÇÃO<br/>É O TEU ALTAR</lines>
    </verse>
  </lyrics>
</song>
