<?xml version='1.0' encoding='utf-8'?>
<song xmlns="http://openlyrics.info/namespace/2009/song" version="0.8" createdIn="OpenLP 1.9.9" modifiedIn="OpenLP 1.9.9" modifiedDate="2012-12-30T22:23:58">
  <properties>
    <titles>
      <title>ARDE OUTRA VEZ</title>
    </titles>
    <authors>
      <author>THALLES ROBERTO</author>
    </authors>
  </properties>
  <lyrics>
    <verse name="v1">
      <lines>EU NÃO QUERO MAIS VIVER<br/>LONGE DA TUA PRESENÇA, MEU SENHOR<br/>HOJE, QUERO VOLTAR, VOLTAR AO INICIO DE TUDO<br/>DE QUANDO EU ERA FELIZ <br/>SENTIA A TUA PRESENÇA, CAMINHAVA ALI, NO SEU JARDIM<br/>TE ENCONTRAVA TODO DIA</lines>
    </verse>
    <verse name="v2">
      <lines>MAS ME PERDI SENHOR NO CAMINHAR<br/>TENTEI ANDAR SOZINHO NA AVENTURA <br/>DESSA VIDA FOI SÓ ILUSÃO<br/>CONFESSO QUE ANDEI PERDIDO SIM</lines>
    </verse>
    <verse name="v3">
      <lines>MAS HOJE EU TE DEVOLVO UM CORAÇÃO<br/>ARREPENDIDO DE TUDO OQUE FEZ<br/>QUERO VOLTAR SENHOR PARA OS TEUS RIOS <br/>VOLTAR SENHOR PARA OS TEUS RIOS</lines>
    </verse>
    <verse name="v4">
      <lines>ME MOLHA, ME LAVA, ME ENSINA <br/>ME INSPIRA E ARDE OUTRA VEZ <br/>NO MEU CORAÇÃO</lines>
    </verse>
    <verse name="v5">
      <lines>DE BRAÇOS ABERTOS QUERO TE RECEBER<br/>FILHO EU ESTAVA ESPERANDO VOCÊ<br/>VOCÊ PRA MIM É TUDO QUE EU SONHEI UM DIA <br/>EU TE AMO</lines>
    </verse>
  </lyrics>
</song>
