<?xml version='1.0' encoding='utf-8'?>
<song xmlns="http://openlyrics.info/namespace/2009/song" version="0.8" createdIn="OpenLP 1.9.9" modifiedIn="OpenLP 1.9.9" modifiedDate="2012-09-30T13:20:13">
  <properties>
    <titles>
      <title>AUTORIDADE E PODER</title>
    </titles>
    <authors>
      <author>-</author>
    </authors>
  </properties>
  <lyrics>
    <verse name="v1">
      <lines>OS QUE CONFIAM NO SENHOR<br/>SÃO COMO MONTES DE SIÃO<br/>QUE NÃO SE ABALAM<br/>MAS PERMANECEM<br/>PARA SEMPRE<br/>COMO EM VOLTA DE JERUSALÉM<br/>ESTÃO OS MONTES<br/>ASSIM É O SENHOR<br/>EM VOLTA DO SEU POVO</lines>
    </verse>
    <verse name="v2">
      <lines>AUTORIDADE E PODER<br/>O DOMÍNIO EM SUAS MÃOS<br/>POIS O SENHOR É DEUS<br/>O SENHOR É REI DOS POVOS</lines>
    </verse>
    <verse name="v3">
      <lines>CALE-SE DIANTE DELE A TERRA<br/>DOBRE OS JOELHOS, <br/>ERGUAM AS MÃOS<br/>POIS O SENHOR É DEUS<br/>O SENHOR É REI DOS POVOS</lines>
    </verse>
    <verse name="v4">
      <lines>NÃO DÁ, NÃO DÁ SEM JESUS NÃO DÁ<br/>NÃO DÁ, NÃO DÁ SEM JESUS NÃO DÁ<br/>PRA VIVER NÃO DÁ<br/>SEM JESUS NÃO DÁ,<br/>NÃO, NÃO DÁ, NÃO DÁ<br/>SEM JESUS NÃO DÁ</lines>
    </verse>
  </lyrics>
</song>
