<?xml version='1.0' encoding='utf-8'?>
<song xmlns="http://openlyrics.info/namespace/2009/song" version="0.8" createdIn="OpenLP 1.9.9" modifiedIn="OpenLP 1.9.9" modifiedDate="2012-09-30T22:46:58">
  <properties>
    <titles>
      <title>BENDITO SEJA O CORDEIRO</title>
    </titles>
    <authors>
      <author>ROGÉRIA CRUZ</author>
    </authors>
  </properties>
  <lyrics>
    <verse name="v1">
      <lines>HA UM LUGAR<br/>ONDE CRISTO NOS ESPERA<br/>NESTE LUGAR<br/>NÃO HÁ MORTE E NÃO HÁ TREVAS<br/>ONDE OS ANJOS LOUVAM AO SENHOR<br/>COM UM HINO TRIUMFAL</lines>
    </verse>
    <verse name="v2">
      <lines>SERÁ TÃO BOM VIVER NESTE LUGAR<br/>E COM OS ANJOS DIANTE DO PAI<br/>VAMOS CANTAR!<br/>BENDITO SEJA O CORDEIRO<br/>FILHO DE DEUS QUE VENCEU<br/>E REINA E PARA SEMPRE REINARÁ</lines>
    </verse>
  </lyrics>
</song>
