<?xml version='1.0' encoding='utf-8'?>
<song xmlns="http://openlyrics.info/namespace/2009/song" version="0.8" createdIn="OpenLP 1.9.9" modifiedIn="OpenLP 1.9.9" modifiedDate="2012-09-30T13:20:13">
  <properties>
    <titles>
      <title>BOA NOITE ESPÍRITO SANTO</title>
    </titles>
    <authors>
      <author>-</author>
    </authors>
  </properties>
  <lyrics>
    <verse name="v1">
      <lines>BOA NOITE<br/>ESPÍRITO SANTO DE DEUS<br/>SEJA BEM VINDO <br/>ENTRE NÓS<br/>BOA NOITE<br/>ESPÍRITO SANTO DE DEUS<br/>FIQUE A VONTADE<br/>ENTRE NÓS</lines>
    </verse>
    <verse name="v2">
      <lines>PRA RENOVAR <br/>PRA RESTAURAR<br/>A MINHA ALMA</lines>
    </verse>
    <verse name="v3">
      <lines>VEM SOBRE A MINHA VIDA<br/>VEM E FLUI A TUA GRAÇA<br/>VOU ME JOGAR EM TEUS<br/>BRAÇOS DE AMOR<br/>EM TI VOU DESCANSAR</lines>
    </verse>
  </lyrics>
</song>
