<?xml version='1.0' encoding='utf-8'?>
<song xmlns="http://openlyrics.info/namespace/2009/song" version="0.8" createdIn="OpenLP 1.9.9" modifiedIn="OpenLP 1.9.9" modifiedDate="2012-09-30T13:20:13">
  <properties>
    <titles>
      <title>BOM É ESTARMOS AQUI</title>
    </titles>
    <authors>
      <author>-</author>
    </authors>
  </properties>
  <lyrics>
    <verse name="v1">
      <lines>BOM É ESTARMOS AQUI<br/>LOUVANDO A DEUS<br/>PODENDO EXALTAR<br/>SEU SANTO NOME</lines>
    </verse>
    <verse name="v2">
      <lines>TEMPO PARA ISSO<br/>TEMPO PARA <br/>LOUVARMOS A DEUS<br/>NUM SÓ AMOR,<br/>NUM SÓ ESPÍRITO</lines>
    </verse>
    <verse name="v3">
      <lines>DEUS VENHA<br/>NOS ABENÇOAR<br/>E QUE ESTA UNIÃO<br/>NUNCA FALTE<br/>PARA NÓS</lines>
    </verse>
  </lyrics>
</song>
