<?xml version='1.0' encoding='utf-8'?>
<song xmlns="http://openlyrics.info/namespace/2009/song" version="0.8" createdIn="OpenLP 1.9.9" modifiedIn="OpenLP 1.9.9" modifiedDate="2012-09-30T13:20:13">
  <properties>
    <titles>
      <title>BOM ESTAR CONTIGO</title>
    </titles>
    <authors>
      <author>-</author>
    </authors>
  </properties>
  <lyrics>
    <verse name="v1">
      <lines>BOM ESTAR CONTIGO<br/>SER TEU OMBRO AMIGO<br/>TE AMAR E TE ACEITAR <br/>MEU IRMÃO<br/>EXISTE UMA ALIANÇA<br/>UM LAÇO DE ESPERANÇA<br/>QUE A VIDA EM CRISTO <br/>NOS ENSINOU</lines>
    </verse>
    <verse name="v2">
      <lines>QUERO TE AMAR, TE AMAR<br/>COMO CRISTO AMOU<br/>E ENSINOU.<br/>QUERO VIVER CONTIGO<br/>EM PERFEITA COMUNHÃO.</lines>
    </verse>
  </lyrics>
</song>
