<?xml version='1.0' encoding='utf-8'?>
<song xmlns="http://openlyrics.info/namespace/2009/song" version="0.8" createdIn="OpenLP 1.9.9" modifiedIn="OpenLP 1.9.9" modifiedDate="2012-09-30T13:20:13">
  <properties>
    <titles>
      <title>CAIAM POR TERRA AGORA</title>
    </titles>
    <authors>
      <author>-</author>
    </authors>
  </properties>
  <lyrics>
    <verse name="v1">
      <lines>CAIAM POR TERRA AGORA<br/>OS INIMIGOS DE DEUS<br/>SEJA ESTABELECIDA<br/>A CASA DO SENHOR</lines>
    </verse>
    <verse name="v2">
      <lines>O SENHOR É DEUS<br/>QUE SALVA, QUE CURA<br/>E SANTIFICA<br/>ELE TEM NOS DADO<br/>NOVA VIDA</lines>
    </verse>
    <verse name="v3">
      <lines>ELE TEM NOS DADO<br/>UM NOVO CÂNTICO<br/>UM NOVO ESPÍRITO<br/>COM NOSSOS LÁBIOS<br/>VAMOS PROCLAMAR</lines>
    </verse>
  </lyrics>
</song>
