<?xml version='1.0' encoding='utf-8'?>
<song xmlns="http://openlyrics.info/namespace/2009/song" version="0.8" createdIn="OpenLP 1.9.9" modifiedIn="OpenLP 1.9.9" modifiedDate="2012-12-23T21:57:36">
  <properties>
    <titles>
      <title>CANTAI</title>
    </titles>
    <authors>
      <author>-</author>
    </authors>
  </properties>
  <lyrics>
    <verse name="v1">
      <lines>CANTAI, PERTO ESTÁ O SENHOR<br/>A ELE UM TEMPLO ERGUEI<br/>COM LOUVOR UM PALÁCIO<br/>COM GRAÇAS UM TRONO<br/>A CRISTO O REI DOS REIS</lines>
    </verse>
    <verse name="v2">
      <lines>CANTAI UMA CANÇÃO<br/>ETERNO É SEU AMOR<br/>POIS QUANDO HÁ LOUVOR<br/>DE GLÓRIA SE ENCHE <br/>O TEMPLO DO SENHOR<br/>LOUVAI A DEUS AQUI</lines>
    </verse>
    <verse name="v3">
      <lines>DEUS HABITA <br/>EM MEIO AOS LOUVORES<br/>E O CANTO DOS SANTOS<br/>VIEMOS PRA TE ADORAR Ó SENHOR<br/>COM MÚSICA E CANTO<br/>ESTAMOS FELIZES <br/>COM OS FEITOS DO PAI<br/>E A ELE LOUVAMOS</lines>
    </verse>
  </lyrics>
</song>
