<?xml version='1.0' encoding='utf-8'?>
<song xmlns="http://openlyrics.info/namespace/2009/song" version="0.8" createdIn="OpenLP 1.9.9" modifiedIn="OpenLP 1.9.9" modifiedDate="2013-02-24T13:57:24">
  <properties>
    <titles>
      <title>CANTEM DE JÚBILO</title>
    </titles>
    <authors>
      <author>-</author>
    </authors>
  </properties>
  <lyrics>
    <verse name="v1">
      <lines>TU ÉS O MEU AUXÍLIO<br/>TUA DESTRA ME AMPARA<br/>À SOMBRA DE TUAS ASAS EU CANTO<br/>COM JÚBILO EU CANTO</lines>
    </verse>
    <verse name="v2">
      <lines>ROCHA EM QUEM HABITO<br/>FORTALEZA QUE ME ACOLHE<br/>EM TEU ESCONDERIJO EU CANTO<br/>COM JÚBILO EU CANTO</lines>
    </verse>
    <verse name="v3">
      <lines>QUE O TEU POVO CELEBRE COMIGO<br/>ESTIVE AMARGURADO E AFLITO<br/>MAS O DEUS EM QUEM ME APOIO<br/>O DEUS DA MINHA ESPERANÇA<br/>O DEUS DA MINHA CONFIANÇA ME SALVOU<br/>E OS MEUS LÁBIOS<br/>SE ENCHERAM DO SEU LOUVOR</lines>
    </verse>
    <verse name="v4">
      <lines>O CHORO PODE DURAR UMA NOITE<br/>MAS A ALEGRIA VEM PELA MANHÃ<br/>NÓS CELEBRAMOS A MISERICÓRDIA<br/> QUE SE RENOVA<br/>A MÃO PODEROSA <br/>SEMPRE SE LEVANTARÁ<br/>E NOS DARÁ A VITÓRIA</lines>
    </verse>
    <verse name="v5">
      <lines>CANTEM DE JÚBILO<br/>AO DEUS QUE NOS LIVRA DA MORTE<br/>CANTEM DE JÚBILO<br/>AO DEUS QUE É O PAI DOS ÓRFÃOS<br/>CANTEM DE JÚBILO<br/>AO DEUS QUE É JUIZ DAS VIÚVAS</lines>
    </verse>
    <verse name="v6">
      <lines>CANTEM DE JÚBILO<br/>AO DEUS QUE LIBERTA O POBRE<br/>CANTEM DE JÚBILO<br/>AO DEUS QUE SARA O DOENTE<br/>CANTEM DE JÚBILO<br/>AO DEUS QUE SALVA O PERDIDO</lines>
    </verse>
    <verse name="v7">
      <lines>CANTEM DE JÚBILO (4X)<br/>CANTEM (4X)</lines>
    </verse>
  </lyrics>
</song>
