<?xml version='1.0' encoding='utf-8'?>
<song xmlns="http://openlyrics.info/namespace/2009/song" version="0.8" createdIn="OpenLP 1.9.9" modifiedIn="OpenLP 1.9.9" modifiedDate="2012-09-30T13:20:14">
  <properties>
    <titles>
      <title>CELEBRAI</title>
    </titles>
    <authors>
      <author>-</author>
    </authors>
  </properties>
  <lyrics>
    <verse name="v1">
      <lines>CELEBRAI<br/>A CRISTO CELEBRAI<br/>CELEBRAI<br/>A CRISTO CELEBRAI</lines>
    </verse>
    <verse name="v2">
      <lines>RESSUSCITOU,<br/>RESSUSCITOU<br/>E HOJE VIVE<br/>PARA SEMPRE</lines>
    </verse>
    <verse name="v3">
      <lines>VAMOS CELEBRAR<br/>VAMOS CELEBRAR<br/>VAMOS CELEBRAR<br/>RESSUSCITOU<br/>MEU SENHOR!</lines>
    </verse>
  </lyrics>
</song>
