<?xml version='1.0' encoding='utf-8'?>
<song xmlns="http://openlyrics.info/namespace/2009/song" version="0.8" createdIn="OpenLP 1.9.9" modifiedIn="OpenLP 1.9.9" modifiedDate="2012-09-30T13:20:14">
  <properties>
    <titles>
      <title>CELEBRAREI</title>
    </titles>
    <authors>
      <author>-</author>
    </authors>
  </properties>
  <lyrics>
    <verse name="v1">
      <lines>QUANDO EU ENTRO<br/>EM TUA PRESENÇA<br/>ME ALEGRO COM<br/>TODO O MEU SER <br/>EU ME SINTO<br/>COMO UMA CRIANÇA<br/>A BRINCAR <br/>SEM VONTADE DE PARAR</lines>
    </verse>
    <verse name="v2">
      <lines>RECONHEÇO<br/>QUE SEM TUA PRESENÇA<br/>NADA SOU SEM O TEU AMOR <br/>EU CELEBRAREI <br/>COM TODO O MEU SER <br/>COMO DAVI<br/>EU TAMBÉM QUERO FAZER</lines>
    </verse>
    <verse name="v3">
      <lines>PULAREI DIANTE DE TI,<br/>DANÇAREI SOMENTE PARA TI <br/>GRITAREI PARA<br/>TODO MUNDO OUVIR <br/>QUE SÓ TU ÉS SANTO</lines>
    </verse>
  </lyrics>
</song>
