<?xml version='1.0' encoding='utf-8'?>
<song xmlns="http://openlyrics.info/namespace/2009/song" version="0.8" createdIn="OpenLP 1.9.9" modifiedIn="OpenLP 1.9.9" modifiedDate="2013-02-24T13:51:07">
  <properties>
    <titles>
      <title>CELEBRAI COM JUBILO</title>
    </titles>
    <authors>
      <author>-</author>
    </authors>
  </properties>
  <lyrics>
    <verse name="v1">
      <lines>CELEBRAI COM JÚBILO<br/>AO SENHOR<br/>VÓS TODOS MORADORES<br/>DA TERRA<br/>SERVI AO SENHOR COM ALEGRIA<br/>APRESENTAI-VOS A ELE<br/>COM CÂNTICO</lines>
    </verse>
    <verse name="v2">
      <lines>SABEI QUE O SENHOR É BOM<br/>E ETERNA É A SUA BONDADE<br/>E A SUA FIDELIDADE<br/>DE GERAÇÃO EM GERAÇÃO</lines>
    </verse>
    <verse name="v3">
      <lines>ALELUIA, GLÓRIA E ALELUIA<br/>ALELUIA, GLÓRIA E ALELUIA</lines>
    </verse>
  </lyrics>
</song>
