<?xml version='1.0' encoding='utf-8'?>
<song xmlns="http://openlyrics.info/namespace/2009/song" version="0.8" createdIn="OpenLP 1.9.9" modifiedIn="OpenLP 1.9.9" modifiedDate="2012-11-16T22:56:48">
  <properties>
    <titles>
      <title>COM MUITO LOUVOR</title>
    </titles>
    <authors>
      <author>CASSIANE</author>
    </authors>
  </properties>
  <lyrics>
    <verse name="v1">
      <lines>DEUS NÃO REJEITA ORAÇÃO,<br/>ORAÇÃO É ALIMENTO, NUNCA VI <br/>UM JUSTO SEM REPOSTA<br/>OU FICAR NO SOFRIMENTO.<br/>BASTA SOMENTE ESPERAR<br/>O QUE DEUS IRÁ FAZER,<br/>QUANDO ELE ESTENDE<br/>AS SUAS MÃOS,<br/>É A HORA DE VENCER!</lines>
    </verse>
    <verse name="v2">
      <lines>ENTÃO, LOUVE,<br/>SIMPLESMENTE, LOUVE!<br/>TÁ CHORANDO, LOUVE!<br/>PRECISANDO, LOUVE!<br/>TÁ SOFRENDO, LOUVE!<br/>NÃO IMPORTA, LOUVE!<br/>SEU LOUVOR INVADE O CÉU!</lines>
    </verse>
    <verse name="v3">
      <lines>DEUS VAI NA FRENTE<br/>ABRINDO O CAMINHO,<br/>QUEBRANDO AS CORRENTES,<br/>TIRANDO OS ESPINHOS,<br/>ORDENA SEUS ANJOS<br/>PRA CONTIGO LUTAR,<br/>ELE ABRE AS PORTAS<br/>PRA NINGUÉM MAIS FECHAR.</lines>
    </verse>
    <verse name="v4">
      <lines>ELE TRABALHA<br/>PRA QUEM NELE CONFIA,<br/>CAMINHA CONTIGO<br/>DE NOITE OU DE DIA,<br/>ERGUA SUAS MÃOS,<br/>SUA BÊNÇÃO CHEGOU!<br/>COMECE A CANTAR<br/>COM MUITO LOUVOR! (4X)</lines>
    </verse>
    <verse name="v5">
      <lines>A GENTE PRECISA ENTENDER<br/>O QUE DEUS ESTÁ FALANDO<br/>QUANDO ELE FICA EM SILÊNCIO<br/>É PORQUE ESTÁ TRABALHANDO<br/>BASTA SOMENTE ESPERAR<br/>O QUE DEUS IRÁ FAZER,<br/>QUANDO ELE ESTENDE<br/>AS SUAS MÃOS,<br/>É A HORA DE VENCER!</lines>
    </verse>
  </lyrics>
</song>
