<?xml version='1.0' encoding='utf-8'?>
<song xmlns="http://openlyrics.info/namespace/2009/song" version="0.8" createdIn="OpenLP 1.9.9" modifiedIn="OpenLP 1.9.9" modifiedDate="2012-09-30T13:20:14">
  <properties>
    <titles>
      <title>COMO É PRECIOSO</title>
    </titles>
    <authors>
      <author>-</author>
    </authors>
  </properties>
  <lyrics>
    <verse name="v1">
      <lines>COMO É PRECIOSO IRMÃO<br/>ESTAR BEM JUNTO A TI<br/>E JUNTOS LADO A LADO<br/>ANDARMOS COM JESUS<br/>E EXPRESSARMOS O AMOR<br/>QUE UM DIA ELE NOS DEU<br/>PELO SANGUE DO CALVARIO<br/>SUA VIDA TROUXE A NÓS</lines>
    </verse>
    <verse name="v2">
      <lines>A ALIANÇA DO SENHOR<br/>EU TENHO COM VOCE<br/>NÃO EXISTEM MAIS BARREIRAS<br/>EM MEU SER<br/>EU SOU LIVRE PRA TE AMAR<br/>PRA TE ACEITAR E PRA TE PEDIR<br/>PERDOA MEU IRMAO</lines>
    </verse>
    <verse name="v3">
      <lines>EU SOU UM COM VOCÊ <br/>NO AMOR DO NOSSO PAI<br/>SOMOS UM<br/>NO AMOR DE JESUS</lines>
    </verse>
  </lyrics>
</song>
