<?xml version='1.0' encoding='utf-8'?>
<song xmlns="http://openlyrics.info/namespace/2009/song" version="0.8" createdIn="OpenLP 1.9.9" modifiedIn="OpenLP 1.9.9" modifiedDate="2012-09-30T13:20:15">
  <properties>
    <titles>
      <title>CORPO E FAMÍLIA</title>
    </titles>
    <authors>
      <author>DANIEL SOUZA</author>
    </authors>
  </properties>
  <lyrics>
    <verse name="v1">
      <lines>RECEBI UM NOVO <br/>CORAÇÃO DO PAI<br/>CORAÇÃO REGENERADO<br/>CORAÇÃO TRANSFORMADO<br/>CORAÇÃO QUE É<br/>INSPIRADO POR JESUS</lines>
    </verse>
    <verse name="v2">
      <lines>COMO FRUTO DESSE <br/>NOVO CORAÇÃO<br/>EU DECLARO A <br/>PAZ DE CRISTO<br/>TE ABENÇÔO MEU IRMÃO<br/>PRECIOSA É A<br/>NOSSA COMUNHÃO</lines>
    </verse>
    <verse name="v3">
      <lines>SOMOS CORPO<br/>E ASSIM BEM AJUSTADOS<br/>TOTALMENTE LIGADOS,<br/>UNIDOS, VIVENDO EM AMOR</lines>
    </verse>
    <verse name="v4">
      <lines>UMA FAMÍLIA<br/>SEM QUALQUER FALSIDADE<br/>VIVENDO A VERDADE<br/>EXPRESSANDO A <br/>GLÓRIA DO SENHOR <br/>UMA FAMÍLIA<br/>VIVENDO O COMPROMISSO<br/>DO GRANDE <br/>AMOR DE CRISTO</lines>
    </verse>
    <verse name="v5">
      <lines>EU PRECISO DE TI<br/>QUERIDO IRMÃO<br/>PRECIOSO ÉS PARA MIM<br/>QUERIDO IRMÃO</lines>
    </verse>
  </lyrics>
</song>
