<?xml version='1.0' encoding='utf-8'?>
<song xmlns="http://openlyrics.info/namespace/2009/song" version="0.8" createdIn="OpenLP 1.9.9" modifiedIn="OpenLP 1.9.9" modifiedDate="2012-09-30T13:20:15">
  <properties>
    <titles>
      <title>CRIA EM MIM</title>
    </titles>
    <authors>
      <author>COM. NILÓPOLIS</author>
      <author>FILHOS DO HOMEM</author>
    </authors>
  </properties>
  <lyrics>
    <verse name="v1">
      <lines>CRIA EM MIM, OH DEUS;<br/>CRIA EM MIM, OH DEUS;<br/>UM CORAÇÃO PURO.<br/>E RENOVA, E RENOVA;<br/>UM ESPÍRITO INABALÁVEL.</lines>
    </verse>
    <verse name="v2">
      <lines>NÃO RETIRES DE NÓS,<br/>O TEU ESPÍRITO;<br/>NÃO RETIRES DE NÓS,<br/>O TEU ESPÍRITO.</lines>
    </verse>
    <verse name="v3">
      <lines>QUERO APRENDER<br/>COM MEUS ERROS;<br/>E NÃO MAIS COMETÊ-LOS.<br/>SEI QUE NÃO VAI<br/>SER TÃO FÁCIL;</lines>
    </verse>
    <verse name="v4">
      <lines>MAIS DIFÍCIL<br/>É CONTINUAR NO ERRO;<br/>E VIVER NO<br/>MESMO DESESPERO<br/>E FICAR PRA TRÁS.</lines>
    </verse>
    <verse name="v5">
      <lines>EU QUERO SER,<br/>EU QUERO SER;<br/>UM HOMEM SEGUNDO<br/>O CORAÇÃO DE DEUS.</lines>
    </verse>
  </lyrics>
</song>
