<?xml version='1.0' encoding='utf-8'?>
<song xmlns="http://openlyrics.info/namespace/2009/song" version="0.8" createdIn="OpenLP 1.9.9" modifiedIn="OpenLP 1.9.9" modifiedDate="2013-02-24T13:57:43">
  <properties>
    <titles>
      <title>DEIXA-ME TOCAR</title>
    </titles>
    <authors>
      <author>-</author>
    </authors>
  </properties>
  <lyrics>
    <verse name="v1">
      <lines>DEIXA-ME TOCAR EM TI<br/>SE TUAS VESTES EU TOCAR SARAREI<br/>DESPRESÍVEL VOU FICAR<br/>E TE CLAMAR<br/>ATÉ O SENHOR ME OUVIR E ME CURAR<br/>ATÉ O SENHOR CHAMAR E ME SARAR</lines>
    </verse>
    <verse name="v2">
      <lines>NÃO EXISTE DEUS IGUAL A TI<br/>QUE ME SARA E ME LIBERTA ASSIM<br/>QUE ME LIVRA DA PRISÃO INTERIOR<br/>QUE ME CHAMA MAIS QUE VENCEDOR<br/>A TUA CALMA JÁ ME ALCANÇOU<br/>LEVANTAREI O MEU ALTAR A TI SENHOR</lines>
    </verse>
  </lyrics>
</song>
