<?xml version='1.0' encoding='utf-8'?>
<song xmlns="http://openlyrics.info/namespace/2009/song" version="0.8" createdIn="OpenLP 1.9.9" modifiedIn="OpenLP 1.9.9" modifiedDate="2012-09-30T13:20:16">
  <properties>
    <titles>
      <title>DEUS CUIDARÁ</title>
    </titles>
    <authors>
      <author>-</author>
    </authors>
  </properties>
  <lyrics>
    <verse name="v1">
      <lines>DEUS CUIDARÁ DE MIM,<br/>EM CADA DIA PROVERÁ;<br/>SIM, CUIDARÁ DE MIM,<br/>DEUS CUIDARÁ DE MIM.</lines>
    </verse>
    <verse name="v2">
      <lines>DEUS CUIDARÁ DE TI,<br/>EM CADA DIA PROVERÁ;<br/>SIM, CUIDARÁ DE TI,<br/>DEUS CUIDARÁ DE TI.</lines>
    </verse>
    <verse name="v3">
      <lines>DEUS CUIDARÁ DE NÓS,<br/>EM CADA DIA PROVERÁ;<br/>SIM, CUIDARÁ DE NÓS,<br/>DEUS CUIDARÁ DE NÓS.</lines>
    </verse>
  </lyrics>
</song>
