<?xml version='1.0' encoding='utf-8'?>
<song xmlns="http://openlyrics.info/namespace/2009/song" version="0.8" createdIn="OpenLP 1.9.9" modifiedIn="OpenLP 1.9.9" modifiedDate="2012-09-30T13:20:17">
  <properties>
    <titles>
      <title>DEUS VAI FAZER</title>
    </titles>
    <authors>
      <author>LÁZARO</author>
    </authors>
  </properties>
  <lyrics>
    <verse name="v1">
      <lines>JÁ FAZ UM TEMPO<br/>QUE VOCÊ CLAMOU<br/>POR MUITAS VEZES<br/>SIM VOCÊ CHOROU<br/>MAS A VITÓRIA NUNCA<br/>NUNCA VEM<br/>NÃO, NÃO, NÃO, NÃO VEM</lines>
    </verse>
    <verse name="v2">
      <lines>ENTÃO VOCÊ PERGUNTA<br/>A DEUS PORQUÊ<br/>O QUE EU FIZ SENHOR<br/>PRA NÃO, NÃO MERECER<br/>MISERICÓRDIA DEUS<br/>EU SOU TEU FILHO, <br/>EU SOU TEU FILHO<br/>AH, AH, AH, AH</lines>
    </verse>
    <verse name="v3">
      <lines>PERGUNTA PARA SI MESMO<br/>ONDE ESTÁ DEUS<br/>QUE TANTAS COISAS<br/>BOA PROMETEU<br/>MAS ESSAS COISAS<br/>NUNCA, NUNCA VEM<br/>NÃO, NÃO, NÃO, NÃO VEM</lines>
    </verse>
    <verse name="v4">
      <lines>ENTÃO VOCÊ NÃO<br/>SABE O QUE FAZER<br/>A DOR E O DESESPERO<br/>NÃO TE DEIXA VER<br/>QUE DEUS TEM ALGO<br/>PROFUNDO CONTIGO<br/>ELE É CONTIGO</lines>
    </verse>
    <verse name="v5">
      <lines>O QUE DEUS PREPAROU<br/>É BEM MAIOR<br/>O QUE DEUS TEM PRA TI<br/>IRMÃO, É BEM MELHOR<br/>CREIA NAS PROMESSAS<br/>CREIA EM CRISTO,<br/>ELE É CONTIGO</lines>
    </verse>
    <verse name="v6">
      <lines>DEUS VAI FAZER ACONTECER<br/>O TEU INIMIGO NÃO VAI ENTENDER<br/>CREIA NAS PROMESSAS<br/>CREIA EM CRISTO<br/>ELE É CONTIGO</lines>
    </verse>
  </lyrics>
</song>
