<?xml version='1.0' encoding='utf-8'?>
<song xmlns="http://openlyrics.info/namespace/2009/song" version="0.8" createdIn="OpenLP 1.9.9" modifiedIn="OpenLP 1.9.9" modifiedDate="2012-11-25T12:38:23">
  <properties>
    <titles>
      <title>DEUS ENVIOU</title>
    </titles>
    <verseOrder>v1 v2 v3 v2</verseOrder>
    <authors>
      <author>-</author>
    </authors>
  </properties>
  <lyrics>
    <verse name="v1">
      <lines>DEUS ENVIOU, <br/>SEU FILHO AMADO, <br/>PRA ME SALVAR E PERDOAR. <br/>NA CRUZ MORREU,<br/>POR MEUS PECADOS. <br/>MAS RESSURGIU, <br/>E VIVO COM O PAI ESTÁ.</lines>
    </verse>
    <verse name="v2">
      <lines>PORQUE ELE VIVE, <br/>POSSO CRER NO AMANHÃ. <br/>PORQUE ELE VIVE, <br/>TEMOR NÃO HÁ. <br/>MAS EU BEM SEI, <br/>EU SEI, QUE A MINHA VIDA. <br/>ESTÁ NAS MÃOS DO <br/>MEU JESUS QUE VIVO ESTÁ.</lines>
    </verse>
    <verse name="v3">
      <lines>E QUANDO ENFIM, <br/>CHEGAR A HORA, <br/>EM QUE A MORTE <br/>ENFRENTAREI. <br/>SEM MEDO ENTÃO, <br/>TEREI VITÓRIA. <br/>VEREI NA GLÓRIA<br/>O MEU JESUS<br/>QUE VIVO ESTÁ.</lines>
    </verse>
  </lyrics>
</song>
