<?xml version='1.0' encoding='utf-8'?>
<song xmlns="http://openlyrics.info/namespace/2009/song" version="0.8" createdIn="OpenLP 1.9.9" modifiedIn="OpenLP 1.9.9" modifiedDate="2012-09-30T13:20:17">
  <properties>
    <titles>
      <title>DEUS MEU</title>
    </titles>
    <authors>
      <author>-</author>
    </authors>
  </properties>
  <lyrics>
    <verse name="v1">
      <lines>EXALTAR-TE-EI, OH SENHOR!<br/>PORQUE  TU ME LEVANTASTE <br/>EXALTAR-TE-EI,OH,SENHOR!<br/>PORQUE TU ME LEVANTASTE<br/>E NÃO PERMETISTES  QUE MEUS INIMIGOS<br/>LEVANTASSEM SOBRE MIM<br/>E NÃO PERMETISSEM QUE OS MEUS INIMIGOS<br/>LEVANTASSEM SOBRE MIM</lines>
    </verse>
    <verse name="v2">
      <lines>OH, SENHOR, DEUS MEU<br/>A TI CLAMEI <br/>OH, SENHOR DEUS MEU<br/>TU ME CURASTES<br/>O CHORO PODE DURAR UMA NOITE<br/>MAS A ALEGRIA VEM PELA MANHÃ<br/>EM UM CÃNTIICO DE JÚBILO</lines>
    </verse>
  </lyrics>
</song>
