<?xml version='1.0' encoding='utf-8'?>
<song xmlns="http://openlyrics.info/namespace/2009/song" version="0.8" createdIn="OpenLP 1.9.9" modifiedIn="OpenLP 1.9.9" modifiedDate="2013-02-24T13:57:54">
  <properties>
    <titles>
      <title>DEUS É BOM</title>
    </titles>
    <authors>
      <author>-</author>
    </authors>
  </properties>
  <lyrics>
    <verse name="v1">
      <lines>SENHOR TU ÉS BOM<br/>TUA MISERICÓRDIA É PRA SEMPRE<br/>SENHOR TU ÉS BOM <br/>TUA MISERICÓRDIA É PRA SEMPRE<br/>TODOS OS POVOS TE EXALTARÃO<br/>DE GERAÇÃO EM GERAÇÃO</lines>
    </verse>
    <verse name="v2">
      <lines>TE ADORAREI ALELUIA ALELUIA<br/>TE ADORAREI POR TUDO O QUE ÉS<br/>TE ADORAREI ALELUIA ALELUIA<br/>TE ADORAREI POR TUDO O QUE ÉS</lines>
    </verse>
    <verse name="v3">
      <lines>DEUS É BOM...<br/>DEUS É BOM O TEMPO TODO<br/>O TEMPO TODO DEUS É BOM</lines>
    </verse>
  </lyrics>
</song>
