<?xml version='1.0' encoding='utf-8'?>
<song xmlns="http://openlyrics.info/namespace/2009/song" version="0.8" createdIn="OpenLP 1.9.9" modifiedIn="OpenLP 1.9.9" modifiedDate="2012-09-30T13:20:17">
  <properties>
    <titles>
      <title>DEUS ESTÁ AQUI</title>
    </titles>
    <authors>
      <author>-</author>
    </authors>
  </properties>
  <lyrics>
    <verse name="v1">
      <lines>DEUS ESTÁ AQUI (ALELUIA)<br/>TÃO CERTO COMO<br/> O AR QUE EU RESPIRO <br/>TÃO CERTO COMO AMANHÃ<br/> QUE SE LEVANTA<br/>TÃO CERTO COMO EU TE FALO<br/> E PODES ME OUVIR</lines>
    </verse>
    <verse name="v2">
      <lines>DEUS ESTÁ EM TI (ALELUIA)<br/>TÃO CERTO COMO<br/> O AR QUE EU RESPIRO <br/>TÃO CERTO COMO AMANHÃ<br/> QUE SE LEVANTA<br/>TÃO CERTO COMO EU TE FALO<br/> E PODES ME OUVIR</lines>
    </verse>
    <verse name="v3">
      <lines>DEUS ESTÁ EM MIM (ALELUIA)<br/>TÃO CERTO COMO<br/> O AR QUE EU RESPIRO <br/>TÃO CERTO COMO AMANHÃ<br/> QUE SE LEVANTA<br/>TÃO CERTO COMO EU TE FALO<br/> E PODES ME OUVIR</lines>
    </verse>
    <verse name="v4">
      <lines>DEUS ESTÁ EM NÓS (ALELUIA)<br/>TÃO CERTO COMO<br/> O AR QUE EU RESPIRO <br/>TÃO CERTO COMO AMANHÃ<br/> QUE SE LEVANTA<br/>TÃO CERTO COMO EU TE FALO<br/> E PODES ME OUVIR</lines>
    </verse>
  </lyrics>
</song>
