<?xml version='1.0' encoding='utf-8'?>
<song xmlns="http://openlyrics.info/namespace/2009/song" version="0.8" createdIn="OpenLP 1.9.9" modifiedIn="OpenLP 1.9.9" modifiedDate="2012-09-30T13:20:16">
  <properties>
    <titles>
      <title>DEUS DE PROMESSAS</title>
    </titles>
    <authors>
      <author>APASCENTAR NOVA IGUAÇU</author>
    </authors>
  </properties>
  <lyrics>
    <verse name="v1">
      <lines>SEI QUE OS TEUS OLHOS<br/>SEMPRE ATENTOS<br/>PERMANECEM EM MIM<br/>E OS TEUS OUVIDOS<br/>ESTÃO SENSÍVEIS <br/>PARA OUVIR MEU CLAMOR</lines>
    </verse>
    <verse name="v2">
      <lines>POSSO ATÉ CHORAR, <br/>MAS A ALEGRIA<br/>VEM DE MANHÃ<br/>ÉS DEUS DE PERTO <br/>E NÃO DE LONGE<br/>NUNCA MUDASTE<br/>TU ÉS FIEL</lines>
    </verse>
    <verse name="v3">
      <lines>DEUS DE ALIANÇA<br/>DEUS DE PROMESSAS<br/>DEUS QUE NÃO É HOMEM <br/>PRA MENTIR<br/>TUDO PODE PASSAR<br/>TUDO PODE MUDAR<br/>MAS TUA PALAVRA <br/>VAI SE CUMPRIR</lines>
    </verse>
    <verse name="v4">
      <lines>POSSO ENFRENTAR O QUE FOR<br/>EU SEI QUEM LUTA POR MIM <br/>SEUS PLANOS NÃO PODEM<br/>SER FRUSTADOS<br/>MINHA ESPERANÇA ESTÁ NAS<br/>MÃOS DO GRANDE EU SOU<br/>MEUS OLHOS VÃO VER O<br/>ÍMPOSSIVEL ACONTECER</lines>
    </verse>
  </lyrics>
</song>
