<?xml version='1.0' encoding='utf-8'?>
<song xmlns="http://openlyrics.info/namespace/2009/song" version="0.8" createdIn="OpenLP 1.9.9" modifiedIn="OpenLP 1.9.9" modifiedDate="2012-11-11T12:47:44">
  <properties>
    <titles>
      <title>DEUS DO IMPOSSÍVEL</title>
    </titles>
    <authors>
      <author>APASCENTAR NOVA IGUAÇU</author>
    </authors>
  </properties>
  <lyrics>
    <verse name="v1">
      <lines>QUANDO TUDO DIZ QUE NÃO<br/>SUA VOZ ME ENCORAJA<br/>A PROSSEGUIR<br/>QUANDO TUDO DIZ QUE NÃO<br/>OU PARECE QUE O MAR<br/>NÃO VAI SE ABRIR</lines>
    </verse>
    <verse name="v2">
      <lines>SEI QUE NÃO ESTOU SÓ<br/>E O QUE DIZES SOBRE MIM<br/>NÃO PODE SE FRUSTAR<br/>VENHA EM MEU FAVOR<br/>E CUMPRA EM MIM<br/>O TEU QUERER</lines>
    </verse>
    <verse name="v3">
      <lines>O DEUS DO IMPOSSÍVEL<br/>NÃO DESISTIU DE MIM<br/>SUA DESTRA ME SUSTENTA <br/>E ME FAZ PREVALECER</lines>
    </verse>
  </lyrics>
</song>
