<?xml version='1.0' encoding='utf-8'?>
<song xmlns="http://openlyrics.info/namespace/2009/song" version="0.8" createdIn="OpenLP 1.9.9" modifiedIn="OpenLP 1.9.9" modifiedDate="2012-09-30T13:20:17">
  <properties>
    <titles>
      <title>DIANTE DE TI</title>
    </titles>
    <authors>
      <author>QUATRO POR UM</author>
    </authors>
  </properties>
  <lyrics>
    <verse name="v1">
      <lines>VEM, SENHOR,<br/>ENCHER ESTE LUGAR<br/>VEM, SENHOR,<br/>ENCHER ESTE LUGAR<br/>COM TUA GLÓRIA (4X)</lines>
    </verse>
    <verse name="v2">
      <lines>FALA-ME,<br/>EU QUERO TE OUVIR<br/>TOCA-ME,<br/>EU QUERO TE SENTIR<br/>VEM E ABRAÇA-ME (4X)</lines>
    </verse>
    <verse name="v3">
      <lines>TODO DIA É DIA<br/>DE ADORAR AO SENHOR<br/>EU CONTO OS SEGUNDOS<br/>SÓ PRA TE ENCONTRAR<br/>QUANDO ESTOU<br/>EM TUA PRESENÇA</lines>
    </verse>
    <verse name="v4">
      <lines>DÁ VONTADE DE PULAR,<br/>DÁ VONTADE DE DANÇAR<br/>DÁ VONTADE DE GRITAR,<br/>DÁ VONTADE DE CORRER<br/>DIANTE DE TI</lines>
    </verse>
    <verse name="v5">
      <lines>NA TUA PRESENÇA SENHOR<br/>DÁ VONTADE DE CORRER,<br/>DE SALTAR DE ALEGRIA<br/>DE TE CONHECER SENHOR<br/>DE ERGUER MINHAS MÃOS<br/>E TE ADORAR,<br/>E TE ADORAR... SENHOR</lines>
    </verse>
  </lyrics>
</song>
