<?xml version='1.0' encoding='utf-8'?>
<song xmlns="http://openlyrics.info/namespace/2009/song" version="0.8" createdIn="OpenLP 1.9.9" modifiedIn="OpenLP 1.9.9" modifiedDate="2012-09-30T13:20:17">
  <properties>
    <titles>
      <title>DIANTE DA CRUZ</title>
    </titles>
    <authors>
      <author>-</author>
    </authors>
  </properties>
  <lyrics>
    <verse name="v1">
      <lines>OH DEUS ME SONDAS, <br/>CONHECES-ME, <br/>MESMO QUANDO FALHO<br/>EU SEI ME AMAS.</lines>
    </verse>
    <verse name="v2">
      <lines>ESTÁS PRESENTE,<br/>A ME CERCAR,<br/>EM TODO TEMPO<br/>EU SEI ME AMAS</lines>
    </verse>
    <verse name="v3">
      <lines>PROSTRO-ME DIANTE DA CRUZ<br/>VEJO O SANGUE DE JESUS <br/>NUNCA HOUVE AMOR ASSIM<br/>SOBRE A MORTE JÁ VENCEU<br/>SUA GLÓRIA O CÉU ENCHEU<br/>NADA IRÁ ME SEPARAR .</lines>
    </verse>
    <verse name="v4">
      <lines>TU ÉS MEU GUIA<br/>MEU PROTETOR<br/>TUA MÃO ME FIRMA <br/>EU SEI ME AMAS (2X).</lines>
    </verse>
    <verse name="v5">
      <lines>O VÉU RASGOU <br/>O CAMINHO ABRIU <br/>TUDO CONSUMADO ESTÁ (2X)</lines>
    </verse>
    <verse name="v6">
      <lines>E QUANDO TUDO SE ACABAR<br/>ESTAREI SEGURO, <br/>POIS SEI ME AMAS (2X).</lines>
    </verse>
  </lyrics>
</song>
