<?xml version='1.0' encoding='utf-8'?>
<song xmlns="http://openlyrics.info/namespace/2009/song" version="0.8" createdIn="OpenLP 1.9.9" modifiedIn="OpenLP 1.9.9" modifiedDate="2012-09-30T13:20:18">
  <properties>
    <titles>
      <title>DIGNO É O CORDEIRO</title>
    </titles>
    <authors>
      <author>-</author>
    </authors>
  </properties>
  <lyrics>
    <verse name="v1">
      <lines>DIGNO É O CORDEIRO<br/>DE RECEBER<br/>A GLÓRIA A FORÇA<br/>A HONRA <br/>TODO PODER</lines>
    </verse>
    <verse name="v2">
      <lines>ANJOS E QUERUBINS<br/>ESTÃO NO TEU TRONO<br/>E UMA NUVEM DE GLÓRIA<br/>E UMA NUVEM DE GLÓRIA</lines>
    </verse>
    <verse name="v3">
      <lines>TU ÉS SANTO<br/>SANTO, SANTO, SANTO<br/>TU ÉS SANTO<br/>TU ÉS SANTO</lines>
    </verse>
    <verse name="v4">
      <lines>AQUELE QUE VENCEU A MORTE<br/>(SANTO, SANTO, SANTO)<br/>AQUELE QUE RESSUSCITOU<br/>AQUELE QUE É O SENHOR<br/>LEÃO DA TRIBO DE JUDÁ<br/>RAIZ DE DAVI</lines>
    </verse>
    <verse name="v5">
      <lines>ESTRELA DA MANHÃ<br/>O CAVALEIRO <br/>DO CAVALO BRANCO<br/>SEUS OLHOS<br/>COMO CHAMAS DE FOGO<br/>NA SUA BOCA<br/>UMA ESPADA AFIADA</lines>
    </verse>
    <verse name="v6">
      <lines>ESTÁ VESTIDO<br/>COM MANTO DE SANGUE<br/>E EM SUA COXA ESTÁ ESCRITO<br/>REI DOS REIS<br/>SENHOR DOS SENHORES</lines>
    </verse>
  </lyrics>
</song>
