<?xml version='1.0' encoding='utf-8'?>
<song xmlns="http://openlyrics.info/namespace/2009/song" version="0.8" createdIn="OpenLP 1.9.9" modifiedIn="OpenLP 1.9.9" modifiedDate="2012-09-30T13:20:19">
  <properties>
    <titles>
      <title>DOCE NOME</title>
    </titles>
    <authors>
      <author>VENCEDORES POR CRISTO</author>
    </authors>
  </properties>
  <lyrics>
    <verse name="v1">
      <lines>SÓ DE OUVIR TUA VOZ,<br/>DE SENTIR TEU AMOR<br/>SÓ DE PRONUNCIAR O TEU NOME<br/>OS MEUS MEDOS SE VÃO,<br/>MINHA DOR, MEU SOFRER,<br/>POIS DE PAZ TU INUNDAS MEU SER</lines>
    </verse>
    <verse name="v2">
      <lines>JESUS! QUE DOCE NOME!<br/>QUE TRANSFORMA EM ALEGRIA <br/>O MEU TRISTE CORAÇÃO..<br/>JESUS! SÓ O TEU NOME <br/>É CAPAZ DE DAR <br/>AO HOMEM SALVAÇÃO!</lines>
    </verse>
  </lyrics>
</song>
