<?xml version='1.0' encoding='utf-8'?>
<song xmlns="http://openlyrics.info/namespace/2009/song" version="0.8" createdIn="OpenLP 1.9.9" modifiedIn="OpenLP 1.9.9" modifiedDate="2012-09-30T13:20:19">
  <properties>
    <titles>
      <title>DOM DE AMAR</title>
    </titles>
    <authors>
      <author>I B NOVA JERUSALEM</author>
    </authors>
  </properties>
  <lyrics>
    <verse name="v1">
      <lines>QUERO TE AMAR, <br/>QUERO AMAR<br/>SEM DISTINÇÃO<br/>E PRECONCEITOS, <br/>SEM INTRIGAS,<br/>EM PERFEITA COMUNHÃO</lines>
    </verse>
    <verse name="v2">
      <lines>E VIVER O AMOR,<br/>POIS SÓ ELE É CAPAZ<br/>DE ESPERAR<br/>E COMPREENDER<br/>E COBRIR IMPERFEIÇÕES</lines>
    </verse>
    <verse name="v3">
      <lines>QUERO ANDAR<br/>LADO A LADO COM VOCÊ <br/>E NA ANGUSTIA<br/>VERDADEIRAMENTE<br/>SER SEU IRMÃO</lines>
    </verse>
    <verse name="v4">
      <lines>E VIVER O PERDÃO<br/>QUE VEM DE DEUS <br/>PRA NOS UNIR<br/>EM UM SÓ CORPO,<br/>NO SENHOR</lines>
    </verse>
    <verse name="v5">
      <lines>QUE ME UNE A VOCÊ<br/>E NOS FAZ PERCEBER<br/>QUE ESSE AMOR<br/>VEM DE DEUS<br/>QUE NOS DEU<br/>O DOM DE AMAR</lines>
    </verse>
    <verse name="v6">
      <lines>PARA COMPARTILHAR<br/>E ESTAR PRONTO<br/>A AJUDAR<br/>OBEDECENDO A DEUS<br/>QUE NOS ENSINOU<br/>O AMOR</lines>
    </verse>
  </lyrics>
</song>
