<?xml version='1.0' encoding='utf-8'?>
<song xmlns="http://openlyrics.info/namespace/2009/song" version="0.8" createdIn="OpenLP 1.9.9" modifiedIn="OpenLP 1.9.9" modifiedDate="2012-09-30T13:20:19">
  <properties>
    <titles>
      <title>EIS-ME AQUI SENHOR TEU ADORADOR</title>
    </titles>
    <authors>
      <author>-</author>
    </authors>
  </properties>
  <lyrics>
    <verse name="v1">
      <lines>EIS-ME AQUI SENHOR<br/>TEU ADORADOR<br/>POR QUE SÓ POR TUA GRAÇA<br/>PODER E AMOR<br/>ME FIZESTE BEM MAIS<br/>DO QUE VENCEDOR<br/>ME ESCOLHESTE<br/>E UNGISTE A SER<br/>REI E SACERDOTE,<br/>REI E SACERDOTE</lines>
    </verse>
    <verse name="v2">
      <lines>TEU CHAMADO<br/>RESSOA EM MIM<br/>TEU CLAMOR<br/>VAI QUEIMANDO<br/>EM MEU CORAÇÃO<br/>POR TOCAR E MARCAR<br/>NOSSA GERAÇÃO</lines>
    </verse>
    <verse name="v3">
      <lines>FORTALECE MEU SER,<br/>CAPACITA-ME<br/>A CUMPRIR TEU QUERER<br/>E TRAZER<br/>MACAÉ AO TEUS PÉS,<br/>SENHOR, E TRAZER<br/>JARDIM CARIOCA<br/>AO TEUS PÉS</lines>
    </verse>
    <verse name="v4">
      <lines>OH REI DA GLÓRIA<br/>SOBERANO SENHOR JESUS<br/>OH REI DA GLÓRIA<br/>SOBERANO SENHOR JESUS</lines>
    </verse>
  </lyrics>
</song>
