<?xml version='1.0' encoding='utf-8'?>
<song xmlns="http://openlyrics.info/namespace/2009/song" version="0.8" createdIn="OpenLP 1.9.9" modifiedIn="OpenLP 1.9.9" modifiedDate="2012-11-16T22:06:26">
  <properties>
    <titles>
      <title>ELE NÃO DESISTE DE VOCÊ</title>
    </titles>
    <authors>
      <author>MARQUINHOS GOMES</author>
    </authors>
  </properties>
  <lyrics>
    <verse name="v1">
      <lines>NÃO IMPORTA O QUE VOCÊ É<br/>NÃO IMPORTA O QUE VOCÊ FEZ<br/>JESUS CONHECE <br/>O SEU INTERIOR TAMBEM</lines>
    </verse>
    <verse name="v2">
      <lines>MUITAS VEZES VOCÊ CAIU <br/>TENTANDO ACERTAR<br/>MAS A TRISTEZA E O DESESPERO<br/>TE FIZERAM CHORAR<br/>NÃO IMPORTA PRA ONDE VOCÊ FOI <br/>NA ESCURIDAO DA NOITE<br/>ELE APAGA O SEU PASSADO <br/>E NÃO DESISTE DE VOCÊ</lines>
    </verse>
    <verse name="v3">
      <lines>ELE NÃO DESISTE DE VOCÊ<br/>ELE SE IMPORTA COM VOCÊ<br/>ELE COMPREENDE O SEU CAMINHAR<br/>NUNCA VI AMOR TÃO GRANDE ASSIM</lines>
    </verse>
  </lyrics>
</song>
