<?xml version='1.0' encoding='utf-8'?>
<song xmlns="http://openlyrics.info/namespace/2009/song" version="0.8" createdIn="OpenLP 1.9.9" modifiedIn="OpenLP 1.9.9" modifiedDate="2012-09-30T13:20:20">
  <properties>
    <titles>
      <title>ELE VEM</title>
    </titles>
    <authors>
      <author>DAVID QUINLAN</author>
      <author>JUDSON OLIVEIRA</author>
    </authors>
  </properties>
  <lyrics>
    <verse name="v1">
      <lines>O TEMPO DE CANTAR<br/>CHEGOU<br/>O TEMPO DE DANÇAR<br/>CHEGOU</lines>
    </verse>
    <verse name="v2">
      <lines>E ELE VEM,<br/>E ELE VEM<br/>SALTANDO<br/>PELOS MONTES</lines>
    </verse>
    <verse name="v3">
      <lines>E SEUS CABELOS<br/>E SEUS CABELOS<br/>SÃO BRANCOS<br/>COMO A NEVE</lines>
    </verse>
    <verse name="v4">
      <lines>E NOS SEUS OLHOS<br/>E NOS SEUS OLHOS<br/>HÁ FOGO!!!!</lines>
    </verse>
    <verse name="v5">
      <lines>INCENDEIA SENHOR<br/>A SUA NOIVA<br/>INCENDEIA SENHOR<br/>A SUA IGREJA<br/>INCENDEIA SENHOR<br/>A SUA CASA<br/>VEM ME INCENDIAR!!</lines>
    </verse>
  </lyrics>
</song>
