<?xml version='1.0' encoding='utf-8'?>
<song xmlns="http://openlyrics.info/namespace/2009/song" version="0.8" createdIn="OpenLP 1.9.9" modifiedIn="OpenLP 1.9.9" modifiedDate="2012-09-30T13:20:20">
  <properties>
    <titles>
      <title>ELE E O LEÃO DA TRIBO DE JUDÁ</title>
    </titles>
    <authors>
      <author>-</author>
    </authors>
  </properties>
  <lyrics>
    <verse name="v1">
      <lines>ELE E O LEÃO DA TRIBO DE JUDÁ<br/>JESUS TOMOU NOSSAS CADEIAS<br/>E NOS LIBERTOU<br/>ELE E A ROCHA<br/>DA NOSSA VITÓRIA</lines>
    </verse>
    <verse name="v2">
      <lines>É NOSSA FORÇA<br/>EM TEMPOS DE FRAQUEZA<br/>E UMA TORRE<br/>EM TEMPOS DE GUERRA<br/>OH ESPERANÇA DE ISRAEL</lines>
    </verse>
  </lyrics>
</song>
