<?xml version='1.0' encoding='utf-8'?>
<song xmlns="http://openlyrics.info/namespace/2009/song" version="0.8" createdIn="OpenLP 1.9.9" modifiedIn="OpenLP 1.9.9" modifiedDate="2012-09-30T13:20:20">
  <properties>
    <titles>
      <title>ELE ME AMA</title>
    </titles>
    <authors>
      <author>Clamor pelas nações</author>
    </authors>
  </properties>
  <lyrics>
    <verse name="v1">
      <lines>ELE TEM CIUMES DE MIM<br/>ELE É COMO UM FURACÃO<br/>E A ÁRVORE EU SOU<br/>EU ME INCLINO SOB O PESO<br/>DE SEU VENTO DE MISERICÓRDIA</lines>
    </verse>
    <verse name="v2">
      <lines>DERREPENTE EU PERCEBO QUE <br/>AS AFLIÇÕES E SONHOS EM MEIO<br/>A TUA GLÓRIA PERCEBO <br/>O QUANTO ÉS LINDO<br/>E QUÃO GRANDE É O TEU AMOR<br/>QUE SENTES POR MIM</lines>
    </verse>
    <verse name="v3">
      <lines>OH QUÃO<br/>QUÃO AMADO EU SOU<br/>QUÃO AMADO EU SOU<br/>QUÃO AMADO EU SOU</lines>
    </verse>
    <verse name="v4">
      <lines>EU SOU TEU SACRIFÍCIO<br/>ELE É A MINHA HERANÇA<br/>ATRAÍDOS PELA GRAÇA<br/>QUE HÁ NO TEU OLHAR<br/>SE TUA GRAÇA É O MAR<br/>ENTÃO ESTAMOS TODOS AFOGADOS</lines>
    </verse>
    <verse name="v5">
      <lines>POIS QUANDO EU TE ENCONTRO<br/>É COMO UM BEIJO MOLHADO<br/>MEU CORAÇÃO SE BATE<br/>DENTRO DO MEU PEITO<br/>E NÃO TENHO TEMPO PRA ME<br/>LAMENTAR QUANDO PERCEBO</lines>
    </verse>
    <verse name="v6">
      <lines>ELE ME AMA, ELE ME AMA<br/>ELE ME AMA, ELE ME AMA</lines>
    </verse>
  </lyrics>
</song>
