<?xml version='1.0' encoding='utf-8'?>
<song xmlns="http://openlyrics.info/namespace/2009/song" version="0.8" createdIn="OpenLP 1.9.9" modifiedIn="OpenLP 1.9.9" modifiedDate="2012-09-30T13:20:20">
  <properties>
    <titles>
      <title>EM ADORAÇÃO</title>
    </titles>
    <authors>
      <author>-</author>
    </authors>
  </properties>
  <lyrics>
    <verse name="v1">
      <lines>EM ADORAÇÃO<br/>EU ME RENDO A TI <br/>TU ÉS COMO RIO<br/>RIO DE ÁGUA VIVAS.<br/>FLUI DENTRO DE MIM<br/>ÉS MANANCIAL<br/>FONTE INESGOTÁVEL<br/>TRAZ VIDA AO CORAÇÃO.</lines>
    </verse>
    <verse name="v2">
      <lines>COMO O REI DAVI,<br/>QUERO TE LOUVAR<br/>MINHA ALMA CANTA <br/>A TI SENHOR, EM ADORAÇÃO.<br/>DIGNO ÉS DE LOUVOR,<br/>MAGESTADE SANTA,<br/>MEU PRAZER É TE DIZER<br/>TE AMO Ó SENHOR!</lines>
    </verse>
  </lyrics>
</song>
