<?xml version='1.0' encoding='utf-8'?>
<song xmlns="http://openlyrics.info/namespace/2009/song" version="0.8" createdIn="OpenLP 1.9.9" modifiedIn="OpenLP 1.9.9" modifiedDate="2012-10-21T12:52:25">
  <properties>
    <titles>
      <title>EM ESPIRITO, EM VERDADE</title>
    </titles>
    <authors>
      <author>-</author>
    </authors>
  </properties>
  <lyrics>
    <verse name="v1">
      <lines>EM ESPÍRITO, EM VERDADE<br/>TE ADORAMOS, TE ADORAMOS<br/>REI DOS REIS E SENHOR<br/>TE ENTREGAMOS NOSSO VIVER</lines>
    </verse>
    <verse name="v2">
      <lines>PRA TE ADORAR Ó REI DOS REIS<br/>FOI QUE EU NASCI Ó REI JESUS<br/>MEU PRAZER É TE LOUVAR<br/>MEU PRAZER É ESTAR<br/>NOS ÁTRIOS DO SENHOR<br/>MEU PRAZER É VIVER <br/>NA CASA DE DEUS<br/>ONDE FLUI O AMOR</lines>
    </verse>
    <verse name="v3">
      <lines>A HONRA, A GLÓRIA<br/>A FORÇA E O PODER<br/>AO REI JESUS<br/>E O LOUVOR<br/>AO REI JESUS</lines>
    </verse>
  </lyrics>
</song>
