<?xml version='1.0' encoding='utf-8'?>
<song xmlns="http://openlyrics.info/namespace/2009/song" version="0.8" createdIn="OpenLP 1.9.9" modifiedIn="OpenLP 1.9.9" modifiedDate="2013-07-07T22:43:16">
  <properties>
    <titles>
      <title>EM TUA PRESENÇA</title>
    </titles>
    <authors>
      <author>Fernanda Brum</author>
    </authors>
  </properties>
  <lyrics>
    <verse name="v1">
      <lines>EXSTE UM LUGAR NA FENDA DA ROCHA<br/>BEM JUNTO A TI<br/>EM TUA PRESENÇA, EM TUA PRESENÇA<br/>EXISTE UM LUGAR<br/>ACONCHEGADO AO TEU CORAÇÃO<br/>EM TUA PRESENÇA, EM TUA PRESENÇA<br/>EXISTE UM LUGAR ONDE O ORGULHO<br/>NÃO VAI ME SEDUZIR, ONDE O DINHEIRO,<br/>A FAMA E OS APLAUSOS NÃO PODEM ME COMPRAR</lines>
    </verse>
    <verse name="v2">
      <lines>EM TUA PRESENÇA, SENHOR<br/>EM TUA PRESENÇA, SENHOR<br/>EU QUERO ESTAR E MERGULHAR<br/>DESCANSAR EM TEUS BRAÇOS DE AMOR<br/>EM TUA PRESENÇA, SENHOR<br/>EM TUA PRESENÇA, SENHOR<br/>VOU ME ESCONDER, TU ÉS MEU PRAZER<br/>EM TUA PRESENÇA É O LUGAR<br/>ONDE EU QUERO HABITAR</lines>
    </verse>
  </lyrics>
</song>
