<?xml version='1.0' encoding='utf-8'?>
<song xmlns="http://openlyrics.info/namespace/2009/song" version="0.8" createdIn="OpenLP 1.9.9" modifiedIn="OpenLP 1.9.9" modifiedDate="2012-09-30T13:20:21">
  <properties>
    <titles>
      <title>ESPIRITO ENCHE A MINHA VIDA</title>
    </titles>
    <authors>
      <author>QUATRO POR UM</author>
    </authors>
  </properties>
  <lyrics>
    <verse name="v1">
      <lines>ESPIRITO,ENCHE A MINHA VIDA<br/>ESPIRITO,ENCHE A MINHA VIDA<br/>ENCHE MECOM TEU PODER<br/>POIS DE TI EU QUERO SER <br/>ESPIRITO ENCHE O MEU SER</lines>
    </verse>
    <verse name="v2">
      <lines>AS MINHAS MÃOS<br/>EU QUERO LEVANTAR<br/>E EM LOUVOR TE ADORAR<br/>MEU CORAÇÃO<br/>EU DERRAMAR<br/>DIANTE DO TEU ALTAR</lines>
    </verse>
  </lyrics>
</song>
