<?xml version='1.0' encoding='utf-8'?>
<song xmlns="http://openlyrics.info/namespace/2009/song" version="0.8" createdIn="OpenLP 1.9.9" modifiedIn="OpenLP 1.9.9" modifiedDate="2012-09-30T13:20:21">
  <properties>
    <titles>
      <title>ESPÍRITO SANTO</title>
    </titles>
    <authors>
      <author>Fernanda Brum</author>
    </authors>
  </properties>
  <lyrics>
    <verse name="v1">
      <lines>ESPÍRITO SANTO,<br/>ORE POR MIM<br/>LEVE PRA DEUS TUDO<br/>AQUILO QUE EU PRECISO<br/>ESPÍRITO SANTO<br/>USE AS PALAVRAS<br/>QUE EU NECESSITO USAR <br/>MAS NÃO CONSIGO</lines>
    </verse>
    <verse name="v2">
      <lines>ME AJUDE NAS MINHAS<br/>FRAQUEZAS,<br/>NÃO SEI COMO DEVO PEDIR<br/>ESPIRITO SANTO <br/>VEM INTERCEDER POR MIM</lines>
    </verse>
    <verse name="v3">
      <lines>TODAS AS COISAS<br/>COOPERAM PARA O BEM<br/>DAQUELES QUE AMAM A TI<br/>ESPIRITO SANTO <br/>VEM ORAR POR MIM</lines>
    </verse>
    <verse name="v4">
      <lines>ESTOU CLAMANDO<br/>ESTOU PEDINDO<br/>SÓ DEUS SABE A DOR<br/>QUE ESTOU SENTINDO<br/>MEU CORAÇÃO ESTÁ FERIDO<br/>MAS O MEU CLAMOR<br/>ESTÁ SUBINDO</lines>
    </verse>
  </lyrics>
</song>
