<?xml version='1.0' encoding='utf-8'?>
<song xmlns="http://openlyrics.info/namespace/2009/song" version="0.8" createdIn="OpenLP 1.9.9" modifiedIn="OpenLP 1.9.9" modifiedDate="2012-09-30T13:20:20">
  <properties>
    <titles>
      <title>ESPÍRITO DE DEUS</title>
    </titles>
    <authors>
      <author>-</author>
    </authors>
  </properties>
  <lyrics>
    <verse name="v1">
      <lines>ESPÍRITO DE DEUS<br/>VENHO TE ADORAR <br/>GRANDE É A TUA<br/>MAJESTADE</lines>
    </verse>
    <verse name="v2">
      <lines>SEMPRE AOS TEUS PÉS<br/>VOU QUERER ESTAR,<br/>POIS EM MINHA VIDA <br/>ÉS O PRIMEIRO</lines>
    </verse>
    <verse name="v3">
      <lines>TUA PRESENÇA<br/>NOS ALEGRA<br/>ÉS BEM VINDO<br/>NESTE LUGAR<br/>TENS A LIBERDADE<br/>A TUA VERDADE <br/>REINARÁ</lines>
    </verse>
  </lyrics>
</song>
