<?xml version='1.0' encoding='utf-8'?>
<song xmlns="http://openlyrics.info/namespace/2009/song" version="0.8" createdIn="OpenLP 1.9.9" modifiedIn="OpenLP 1.9.9" modifiedDate="2012-09-30T23:34:01">
  <properties>
    <titles>
      <title>ESPÍRITO, ENCHE-ME DE TI</title>
    </titles>
    <authors>
      <author>ROGÉRIA CRUZ</author>
    </authors>
  </properties>
  <lyrics>
    <verse name="v1">
      <lines>AQUI ÉS O MAIS IMPORTANTE<br/>FIQUE A VONTADE <br/>NO MEIO DO TEU POVO SENHOR<br/>MEUS OLHOS QUEREM TE VER<br/>QUEREM CONTEMPLAR<br/>O AGIR DO TEU PODER AQUI NESTE LUGAR</lines>
    </verse>
    <verse name="v2">
      <lines>ESPÍRITO TOMA O TEU LUGAR<br/>ESPÍRITO ENCHE-ME DE TI<br/>ESPÍRITO TUA VOZ EU QUERO OUVIR<br/>ESPÍRITO SOPRA SOBRE MIM</lines>
    </verse>
    <verse name="v3">
      <lines>ME LEVA EM TEU FLUIR<br/>VEM COMO UM VENTO IMPETUOSO<br/>E SOPRA, SOPRA<br/>VEM COMO FOGO SOBRE A IGREJA<br/>E QUEIMA, QUEIMA</lines>
    </verse>
  </lyrics>
</song>
