<?xml version='1.0' encoding='utf-8'?>
<song xmlns="http://openlyrics.info/namespace/2009/song" version="0.8" createdIn="OpenLP 1.9.9" modifiedIn="OpenLP 1.9.9" modifiedDate="2012-09-30T13:20:21">
  <properties>
    <titles>
      <title>ESTRELA DA MANHÃ</title>
    </titles>
    <authors>
      <author>-</author>
    </authors>
  </properties>
  <lyrics>
    <verse name="v1">
      <lines>ÉS A NOSSA ESTRELA DA MANHÃ<br/>CORDEIRO SANTO<br/>QUE NOS TROUXE A PAZ<br/>EM TUAS MÃOS ESTÁ<br/>TODO O VENCER<br/>RESPOSTA A TODO AQUELE<br/>QUE CLAMAR</lines>
    </verse>
    <verse name="v2">
      <lines>A VERDADE É A TUA PALAVRA<br/>QUE NÃO PODES MENTIR<br/>POR ISSO ESTAMOS AQUI</lines>
    </verse>
    <verse name="v3">
      <lines>TE LOUVAMOS, Ó SENHOR<br/>PELO TEU IMENSO AMOR<br/>MANIFESTA O TEU PERDÃO <br/>E PODER</lines>
    </verse>
    <verse name="v4">
      <lines>E ASSIM, VAMOS TE ADORAR <br/>PARA SEMPRE<br/>PRA SEMPRE, Ó MEU DEUS</lines>
    </verse>
  </lyrics>
</song>
