<?xml version='1.0' encoding='utf-8'?>
<song xmlns="http://openlyrics.info/namespace/2009/song" version="0.8" createdIn="OpenLP 1.9.9" modifiedIn="OpenLP 1.9.9" modifiedDate="2013-06-01T20:06:41">
  <properties>
    <titles>
      <title>EU ESCOLHO DEUS</title>
    </titles>
    <authors>
      <author>THALLES ROBERTO</author>
    </authors>
  </properties>
  <lyrics>
    <verse name="v1">
      <lines>SENHOR, EU NASCI PRA TE CHAMAR DE DEUS<br/>EU NASCI PRA TE CHAMAR DE PAI<br/>E ANDAR DO SEU LADO<br/>SENHOR DESDE O VENTRE DA MINHA MÃE<br/>EU SOU POVO ESCLUSIVO SEU<br/>EU SOU ABENÇOADO SE VIVO OBEDIENTE</lines>
    </verse>
    <verse name="v2">
      <lines>MAS TODO DIA O PECADO VEM, ME CHAMA<br/>TODO DIA AS PROPOSTAS VÊM, ME CHAMAM<br/>TODO DIA VÊM AS TENTAÇÕES, ME CHAMAM<br/>TODO DIA O PECADO VEM</lines>
    </verse>
    <verse name="v3">
      <lines>MAS EU ESCOLHO DEUS, <br/>EU ESCOLHO SER AMIGO DE DEUS<br/>EU ESCOLHO CRISTO TODO DIA<br/>JA MORRI PRA MINHA VIDA<br/>AGORA VIVO A VIDA DE DEUS</lines>
    </verse>
    <verse name="v4">
      <lines>SENHOR, EU NASCI PRA TE CHAMAR DE AMOR<br/>EU NASCI PRA TE CHAMAR DE PAI<br/>E ANDAR DO SEU LADO<br/>SENHOR DESDE O VENTRE DA MINHA MÃE<br/>EU SOU POVO ESCLUSIVO SEU<br/>EU SOU ABENÇOADO SE VIVO OBEDIENTE</lines>
    </verse>
  </lyrics>
</song>
