<?xml version='1.0' encoding='utf-8'?>
<song xmlns="http://openlyrics.info/namespace/2009/song" version="0.8" createdIn="OpenLP 1.9.9" modifiedIn="OpenLP 1.9.9" modifiedDate="2012-09-30T13:20:21">
  <properties>
    <titles>
      <title>EU E MINHA CASA</title>
    </titles>
    <authors>
      <author>ANDRÉ VALADÃO</author>
    </authors>
  </properties>
  <lyrics>
    <verse name="v1">
      <lines>QUERO CONSAGRAR<br/>MEU LAR A TI<br/>O NOSSO FUTURO<br/>PARA TE SERVIR</lines>
    </verse>
    <verse name="v2">
      <lines>COM TODA MINHA<br/>FORÇA E ENTENDIMENTO<br/>QUERO DEDICAR<br/>O MEU LAR A TI</lines>
    </verse>
    <verse name="v3">
      <lines>EU E MINHA CASA<br/>SERVIREMOS A DEUS<br/>COM ALEGRIA</lines>
    </verse>
    <verse name="v4">
      <lines>SERÁ ABENÇOADA<br/>MINHA DESCENDÊNCIA<br/>FRUTIFICARÁ<br/>À SUA PRESENÇA<br/>COM UM BOM PERFUME<br/>MEUS FILHOS IRÃO<br/>PERFUMAR TODAS AS NAÇÕES.</lines>
    </verse>
  </lyrics>
</song>
