<?xml version='1.0' encoding='utf-8'?>
<song xmlns="http://openlyrics.info/namespace/2009/song" version="0.8" createdIn="OpenLP 1.9.9" modifiedIn="OpenLP 1.9.9" modifiedDate="2013-02-24T13:58:05">
  <properties>
    <titles>
      <title>EU ME ALEGRO EM TI</title>
    </titles>
    <authors>
      <author>-</author>
    </authors>
  </properties>
  <lyrics>
    <verse name="v1">
      <lines>A TI BENDIREI PRA SEMPRE <br/>EM TI CONFIAREI SENHOR <br/>EU NÃO TEREI O QUE TER MEDO <br/>MEUS PÉS SÓ NA ROCHA FIRMAREI</lines>
    </verse>
    <verse name="v2">
      <lines>NÃO ME ABALAREI <br/>E DO SENHOR DIREI<br/> <br/>TU ÉS MEU DEUS <br/>PROTETOR <br/>MEU REFÚGIO <br/>LIBERTADOR <br/>MEU ABRIGO <br/>TORRE FORTE <br/>TODO TEMPO MEU SOCORRO VEM DE TI</lines>
    </verse>
    <verse name="v3">
      <lines>NÃO HÁ OUTRO A QUEM EU AME <br/>TU ÉS TUDO O QUE EU DESEJO</lines>
    </verse>
    <verse name="v4">
      <lines>EU ME ALEGRO EM TI <br/>E DO SENHOR DIREI</lines>
    </verse>
  </lyrics>
</song>
