<?xml version='1.0' encoding='utf-8'?>
<song xmlns="http://openlyrics.info/namespace/2009/song" version="0.8" createdIn="OpenLP 1.9.9" modifiedIn="OpenLP 1.9.9" modifiedDate="2012-09-30T13:20:21">
  <properties>
    <titles>
      <title>EU ME RENDO A TI</title>
    </titles>
    <authors>
      <author>-</author>
    </authors>
  </properties>
  <lyrics>
    <verse name="v1">
      <lines>EU ME RENDO A TI<br/>EU ME RENDO A TI<br/>SIM, POR TI JESUS BENDITO<br/>TUDO ENTREGO A TI</lines>
    </verse>
  </lyrics>
</song>
