<?xml version='1.0' encoding='utf-8'?>
<song xmlns="http://openlyrics.info/namespace/2009/song" version="0.8" createdIn="OpenLP 1.9.9" modifiedIn="OpenLP 1.9.9" modifiedDate="2012-09-30T13:20:22">
  <properties>
    <titles>
      <title>EU PRECISO DE VOCÊ</title>
    </titles>
    <authors>
      <author>-</author>
    </authors>
  </properties>
  <lyrics>
    <verse name="v1">
      <lines>EU PRECISO DE VOCÊ,<br/>VOCÊ PRECISA DE MIM.<br/>NÓS PRECISAMOS <br/>DE CRISTO ATÉ O FIM.</lines>
    </verse>
    <verse name="v2">
      <lines>SEM CESSAR<br/>SEM PARAR<br/>SEM VACILAR<br/>SEM TREMER<br/>SEM CHORAR</lines>
    </verse>
  </lyrics>
</song>
