<?xml version='1.0' encoding='utf-8'?>
<song xmlns="http://openlyrics.info/namespace/2009/song" version="0.8" createdIn="OpenLP 1.9.9" modifiedIn="OpenLP 1.9.9" modifiedDate="2012-09-30T23:06:50">
  <properties>
    <titles>
      <title>EU SEI QUE TUDO POSSO</title>
    </titles>
    <authors>
      <author>ROGÉRIA CRUZ</author>
    </authors>
  </properties>
  <lyrics>
    <verse name="v1">
      <lines>DERRUBANDO BARREIRAS EU VOU<br/>DESTRUINDO PRINCIPADOS EU VOU<br/>SE DEUS ESTÁ COMIGO NÃO TEMO O PERIGO<br/>ELE É O MEU REFÚGIO ESTOU SEGURO<br/>É DEUS QUEM ME FORTALECE<br/>EU QUERO IR ALÉM<br/>EU QUERO IR MAIS ALTO<br/>EU SEI QUE TUDO POSSO<br/>EU SEI QUE TUDO POSSO</lines>
    </verse>
  </lyrics>
</song>
