<?xml version='1.0' encoding='utf-8'?>
<song xmlns="http://openlyrics.info/namespace/2009/song" version="0.8" createdIn="OpenLP 1.9.9" modifiedIn="OpenLP 1.9.9" modifiedDate="2012-09-30T13:20:22">
  <properties>
    <titles>
      <title>Eu tenho um tesouro</title>
    </titles>
    <authors>
      <author>-</author>
    </authors>
  </properties>
  <lyrics>
    <verse name="v1">
      <lines>Eu tenho um tesouro <br/>Eu tenho sim<br/>Eu tenho um tesouro<br/>Dentro de mim<br/>Este meu tesouro<br/>tem muito valor<br/>Este meu tesouro<br/>é JESUS CRISTO<br/>Meu Salvador!</lines>
    </verse>
    <verse name="v2">
      <lines>Vale mais que o céu<br/>vale mais que o mar<br/>Vale mais que tudo<br/>vale mais que eu<br/>Este meu tesouro <br/>tem muito valor<br/>Este meu tesouro <br/>é JESUS CRISTO<br/>Meu Salvador!</lines>
    </verse>
  </lyrics>
</song>
