<?xml version='1.0' encoding='utf-8'?>
<song xmlns="http://openlyrics.info/namespace/2009/song" version="0.8" createdIn="OpenLP 1.9.9" modifiedIn="OpenLP 1.9.9" modifiedDate="2012-09-30T13:20:22">
  <properties>
    <titles>
      <title>EU TE AMO TANTO</title>
    </titles>
    <authors>
      <author>LÁZARO</author>
    </authors>
  </properties>
  <lyrics>
    <verse name="v1">
      <lines>POR QUE ME RESGATOU<br/>POR QUE ME TROUXE AQUI<br/>POR QUE ME QUERES DEUS<br/>TANTO ASSIM</lines>
    </verse>
    <verse name="v2">
      <lines>SE CONTRA O CÉU PEQUEI<br/>E CONTRA TI TAMBÉM<br/>MINHA VIDA DESTRUÍ<br/>COMO ERREI</lines>
    </verse>
    <verse name="v3">
      <lines>POR QUE <br/>ME QUERES TANTO ASSIM</lines>
    </verse>
    <verse name="v4">
      <lines>FILHO EU QUERO TANTO<br/>ENXUGAR TEU PRANTO<br/>TE FAZER SÓ MEU<br/>FILHO EU QUERO <br/>SER TEU DEUS</lines>
    </verse>
    <verse name="v5">
      <lines>EU TE AMO TANTO<br/>TANTO, TANTO, TANTO<br/>FILHO VEM SER MEU<br/>FILHO EU QUERO <br/>SER TEU DEUS</lines>
    </verse>
    <verse name="v6">
      <lines>POR QUE <br/>ME QUERES TANTO ASSIM?</lines>
    </verse>
    <verse name="v7">
      <lines>EU QUERO TE ENVOLVER <br/>EM MEUS MISTÉRIOS<br/>NO MANTO DA MINHA GLÓRIA<br/>EU VOU DESENROLAR O ROLO SANTO <br/>MUDAR A TUA HISTÓRIA</lines>
    </verse>
    <verse name="v8">
      <lines>EU VOU FAZER DE TI VASO DE HONRA<br/>EU VOU ENVERGONHAR <br/>OS QUE TE ZOMBAM<br/>VOU TE DAR VITÓRIA</lines>
    </verse>
    <verse name="v9">
      <lines>POR QUE ME QUERES TANTO ASSIM?</lines>
    </verse>
  </lyrics>
</song>
