<?xml version='1.0' encoding='utf-8'?>
<song xmlns="http://openlyrics.info/namespace/2009/song" version="0.8" createdIn="OpenLP 1.9.9" modifiedIn="OpenLP 1.9.9" modifiedDate="2013-12-08T22:48:38">
  <properties>
    <titles>
      <title>EU TENHO UM CHAMADO</title>
    </titles>
    <authors>
      <author>QUATRO POR UM</author>
    </authors>
  </properties>
  <lyrics>
    <verse name="v1">
      <lines>EU NÃO VOU PARAR<br/>A ESTRADA É MUITO LONGA<br/>VOU CONTINUAR<br/>E MESMO EM MEIO AS LUTAS<br/>EU NÃO ESTOU SÓ<br/>TE SINTO AQUI</lines>
    </verse>
    <verse name="v2">
      <lines>A VIDA É MESMO ASSIM<br/>TANTAS AFLIÇÕES EU <br/>TENHO QUE ENFRENTAR<br/>MAS O SENHOR ESTÁ SEMPRE<br/>A ME PROTEGER, TE SINTO AQUI</lines>
    </verse>
    <verse name="v3">
      <lines>QUANDO O VENTO SOPRA CONTRA MIM<br/>OS PROBLEMAS TENTAM ME ABATER<br/>EU ME LEMBRO<br/>O GRANDE EU SOU ME ENVIOU</lines>
    </verse>
    <verse name="v4">
      <lines>EU TENHO UM CHAMADO<br/>JAMAIS VOU ME CALAR<br/>EU TANHO UM CHAMADO<br/>O EVANGÉLIO ANUNCIAR<br/>EU FUI ESCOLHIDO NO<br/>VENTRE DA MINHA MÃE<br/>EU SEI QUE DEUS NÃO<br/>ABRE MÃO DE MIM</lines>
    </verse>
    <verse name="v5">
      <lines>HÁ MUITO PRA FAZER<br/>NÃO HÁ MAIS TEMPO<br/>PRA OLHAR PRA TRÁS</lines>
    </verse>
  </lyrics>
</song>
