<?xml version='1.0' encoding='utf-8'?>
<song xmlns="http://openlyrics.info/namespace/2009/song" version="0.8" createdIn="OpenLP 1.9.9" modifiedIn="OpenLP 1.9.9" modifiedDate="2012-09-30T13:20:22">
  <properties>
    <titles>
      <title>EU TE LOUVAREI</title>
    </titles>
    <authors>
      <author>RONALDO BEZERRA</author>
      <author>COM. GRAÇA</author>
    </authors>
  </properties>
  <lyrics>
    <verse name="v1">
      <lines>ÉS TU ÚNICA RAZÃO<br/>DA MINHA ADORAÇÃO<br/>ÓH JESUS<br/>ÉS TU ÚNICA ESPERANÇA<br/>QUE ANELO TER<br/>ÓH JESUS</lines>
    </verse>
    <verse name="v2">
      <lines>CONFIEI EM TI<br/>FUI AJUDADO.<br/>TUA SALVAÇÃO<br/>TEM ME ALEGRADO.</lines>
    </verse>
    <verse name="v3">
      <lines>HOJE HÁ GOZO<br/>EM MEU CORAÇÃO.<br/>COM MEU CANTO<br/>TE LOUVAREI.</lines>
    </verse>
    <verse name="v4">
      <lines>EU TE LOUVAREI,<br/>TE GLORIFICAREI<br/>EU TE LOUVAREI<br/>MEU BOM JESUS.</lines>
    </verse>
    <verse name="v5">
      <lines>EM TODO TEMPO<br/>TE LOUVAREI,<br/>EM TODO TEMPO<br/>TE ADORAREI.</lines>
    </verse>
  </lyrics>
</song>
