<?xml version='1.0' encoding='utf-8'?>
<song xmlns="http://openlyrics.info/namespace/2009/song" version="0.8" createdIn="OpenLP 1.9.9" modifiedIn="OpenLP 1.9.9" modifiedDate="2012-12-02T22:06:32">
  <properties>
    <titles>
      <title>EU VOU VIVER UMA VIRADA</title>
    </titles>
    <authors>
      <author>-</author>
    </authors>
  </properties>
  <lyrics>
    <verse name="v1">
      <lines>ONDE ERA TRISTEZA SE VERÁ<br/>A DUPLA HONRA ME ORNAR<br/>COM BOAS NOVAS PROCLAMAR<br/>UMA NOVA HISTÓRIA CELEBRAR<br/>É CHEGADA A MINHA HORA<br/>MEU SILÊNCIO JÁ ACABOU<br/>OUÇA O SOM DA MINHA GRANDE FESTA</lines>
    </verse>
    <verse name="v2">
      <lines>EU VOU VIVER UMA VIRADA<br/>EM MINHA VIDA EU CREIO<br/>EU VOU VIVER UMA VIRADA</lines>
    </verse>
    <verse name="v3">
      <lines>O QUE EU ACHAVA ESTAR PERDIDO<br/>E TINHA DESISTIDO DE SONHAR<br/>MEU DEUS JÁ DECRETOU<br/>ESTE É O MEU DIA<br/>MINHA VIRADA FESTEJAR</lines>
    </verse>
  </lyrics>
</song>
