<?xml version='1.0' encoding='utf-8'?>
<song xmlns="http://openlyrics.info/namespace/2009/song" version="0.8" createdIn="OpenLP 1.9.9" modifiedIn="OpenLP 1.9.9" modifiedDate="2012-09-30T13:20:22">
  <properties>
    <titles>
      <title>EU VEJO A GLÓRIA</title>
    </titles>
    <authors>
      <author>MARQUINHOS GOMES</author>
    </authors>
  </properties>
  <lyrics>
    <verse name="v1">
      <lines>EU VEJO A GLÓRIA<br/>DO SENHOR<br/>HOJE AQUI<br/>A SUA MÃO <br/>O SEU PODER<br/>SOBRE MIM</lines>
    </verse>
    <verse name="v2">
      <lines>OS CÉUS ABERTOS<br/>HOJE VOU<br/>CONTEMPLAR <br/>O AMOR DESCER<br/>NESTE LUGAR</lines>
    </verse>
    <verse name="v3">
      <lines>EU QUERO VER<br/>AGORA O SEU PODER<br/>A SUA GLÓRIA<br/>INUNDANDO O MEU SER</lines>
    </verse>
    <verse name="v4">
      <lines>VOU LEVANTAR AS MÃOS<br/>E VOU RECEBER<br/>VOU LOUVANDO<br/>O SEU NOME<br/>PORQUE EU SINTO<br/>O SENHOR ME TOCAR</lines>
    </verse>
  </lyrics>
</song>
