<?xml version='1.0' encoding='utf-8'?>
<song xmlns="http://openlyrics.info/namespace/2009/song" version="0.8" createdIn="OpenLP 1.9.9" modifiedIn="OpenLP 1.9.9" modifiedDate="2012-09-30T13:20:22">
  <properties>
    <titles>
      <title>EXALTADO</title>
    </titles>
    <authors>
      <author>-</author>
    </authors>
  </properties>
  <lyrics>
    <verse name="v1">
      <lines>ELE EXALTADO<br/>O REI EXALTADO<br/>NO CÉU, EU O LOUVAREI</lines>
    </verse>
    <verse name="v2">
      <lines>ELE É EXALTADO<br/>PRA SEMPRE EXALTADO<br/>SEU NOME LOUVAREI</lines>
    </verse>
    <verse name="v3">
      <lines>ELE É O SENHOR<br/>SUA VERDADE<br/>VAI SEMPRE REINAR</lines>
    </verse>
    <verse name="v4">
      <lines>TERRA E CÉU GLORIFIQUEM<br/>SEU SANTO NOME<br/>ELE É EXALTADO<br/>O REI EXALTADO NO CÉU</lines>
    </verse>
  </lyrics>
</song>
