<?xml version='1.0' encoding='utf-8'?>
<song xmlns="http://openlyrics.info/namespace/2009/song" version="0.8" createdIn="OpenLP 1.9.9" modifiedIn="OpenLP 1.9.9" modifiedDate="2012-09-30T13:20:23">
  <properties>
    <titles>
      <title>FALA COMIGO</title>
    </titles>
    <authors>
      <author>EYSHILA</author>
    </authors>
  </properties>
  <lyrics>
    <verse name="v1">
      <lines>FALA COMIGO, FALA SENHOR<br/>DECIDI TE OBEDECER POR AMOR<br/>EU PRECISO APRENDER O CAMINHO<br/>DO TEU CORAÇÃO<br/>FALA COMIGO, COMO UM PASTOR<br/>QUE CONDUZ O SEU REBANHO<br/>EU DESCONHEÇO OUTRA VOZ <br/>QUE NÃO VENHA DE TI<br/>FALA COMIGO SENHOR,<br/>EU PRECISO TE OUVIR,<br/>EU PRECISO TE OUVIR</lines>
    </verse>
    <verse name="v2">
      <lines>SEI QUE ME FALAS ATRAVÉS DE UM IRMÃO<br/>EU SEI QUE ME FALAS QUANDO<br/>DOBRO OS JOELHOS EM ORAÇÃO<br/>EU SEI QUE ME FALAS PELA TUA PALAVRA<br/>E FALAS COMIGO ATÉ QUANDO TE CALAS<br/>EU SEMPRE TE OUÇO NA TRIBULAÇÃO<br/>TUA VOZ ME ACALMA E TRAZ <br/>CONSOLO AO MEU CORAÇÃO<br/>E QUANDO NÃO SEI QUE DIREÇÃO TOMAR<br/>EU PARO TUDO PRA TE ESCUTAR<br/>NADA É MAIS IMPORTANTE<br/>EU SÓ QUERO TE OUVIR FALAR</lines>
    </verse>
    <verse name="v3">
      <lines>SEMPRE TE OUÇO NA TRIBULAÇÃO<br/>TUA VOZ ME ACALMA E TRÁS CONSOLO <br/>AO MEU CORAÇÃO<br/>E QUANDO NÃO SEI QUE DIREÇÃO TOMAR<br/>EU PARO TUDO PRA TE ESCUTAR<br/>NADA É MAIS IMPORTANTE<br/>EU SÓ QUERO TE OUVIR FALAR</lines>
    </verse>
  </lyrics>
</song>
