<?xml version='1.0' encoding='utf-8'?>
<song xmlns="http://openlyrics.info/namespace/2009/song" version="0.8" createdIn="OpenLP 1.9.9" modifiedIn="OpenLP 1.9.9" modifiedDate="2012-09-30T13:20:23">
  <properties>
    <titles>
      <title>FAMILIA</title>
    </titles>
    <authors>
      <author>REGIS DANESE</author>
      <author>-</author>
    </authors>
  </properties>
  <lyrics>
    <verse name="v1">
      <lines>TE AGRADEÇO PELA<br/>MINHA FAMÍLIA<br/>E POR TUA PRESENÇA<br/>NO MEU LAR<br/>TE AGRADEÇO PELO<br/>PÃO DE CADA DIA<br/>QUE O SENHOR NUNCA<br/>DEIXOU FALTAR</lines>
    </verse>
    <verse name="v2">
      <lines>TE AGRADEÇO PELA<br/>NOSSA HARMONIA<br/>SÓ EM TI SENHOR<br/>PODEMOS CONFIAR<br/>TE AGRADEÇO PELAS<br/>SUAS MARAVILHAS<br/>E OS MILAGRES QUE<br/>AINDA HÁ DE OPERAR</lines>
    </verse>
    <verse name="v3">
      <lines>A MINHA FAMÍLIA  É<br/>BENÇÃO DO SENHOR<br/>ME ENSINA A TRATAR <br/>MINHA FAMÍLIA COM AMOR<br/>EDIFICA A MINHA CASA<br/>PARA O TEU LOUVOR<br/>A MINHA FAMÍLIA É UM<br/>PRESENTE DO SENHOR</lines>
    </verse>
  </lyrics>
</song>
