<?xml version='1.0' encoding='utf-8'?>
<song xmlns="http://openlyrics.info/namespace/2009/song" version="0.8" createdIn="OpenLP 1.9.9" modifiedIn="OpenLP 1.9.9" modifiedDate="2012-09-30T13:20:23">
  <properties>
    <titles>
      <title>FAZ UM MILAGRE EM MIM</title>
    </titles>
    <authors>
      <author>APASCENTAR NOVA IGUAÇU</author>
      <author>REGIS DANESE</author>
    </authors>
  </properties>
  <lyrics>
    <verse name="v1">
      <lines>COMO ZAQUEU<br/>EU QUERO SUBIR<br/>O MAIS ALTO<br/>QUE EU PUDER<br/>SO PRATE VER<br/>OLHAR PARA TI<br/>E CHAMAR TUA<br/>ATENÇAO PARA MIM</lines>
    </verse>
    <verse name="v2">
      <lines>EU PRECISO DE TI SENHOR<br/>EU PRECISO DE TI OH PAI<br/>SOU PEQUENO DEMAIS<br/>ME DA TUA PAZ<br/>LARGO TUDO PRA TI SEGUIR</lines>
    </verse>
    <verse name="v3">
      <lines>ENTRA NA MINHA CASA<br/>ENTRA NA MINHA VIDA<br/>MEXE COM<br/>MINHA ESTRUTURA<br/>SARA TODAS AS FERIDAS</lines>
    </verse>
    <verse name="v4">
      <lines>ME ENSINA A TER SANTIDADE<br/>QUERO AMAR SOMENTE A TI<br/>PORQUE O SENHOR<br/>É MEU BEM MAIOR<br/>FAZ UM MILAGRE EM MIM</lines>
    </verse>
  </lyrics>
</song>
