<?xml version='1.0' encoding='utf-8'?>
<song xmlns="http://openlyrics.info/namespace/2009/song" version="0.8" createdIn="OpenLP 1.9.9" modifiedIn="OpenLP 1.9.9" modifiedDate="2012-09-30T13:20:23">
  <properties>
    <titles>
      <title>FAZ CHOVER</title>
    </titles>
    <authors>
      <author>APASCENTAR NOVA IGUAÇU</author>
    </authors>
  </properties>
  <lyrics>
    <verse name="v1">
      <lines>EU VEJO UMA<br/>PEQUENA NUVEM<br/>DO TAMANHO DA MÃO<br/>DE UM HOMEM<br/>MAS ESTE É O SINAL<br/>QUE A TUA CHUVA<br/>VAI DESCER</lines>
    </verse>
    <verse name="v2">
      <lines>FAZ CHOVER,<br/>FAZ CHOVER<br/>ABRE AS<br/>COMPORTAS DO CÉU</lines>
    </verse>
    <verse name="v3">
      <lines>SE PEDIRMOS<br/>JESUS VIRÁ<br/>COMO CHUVA DESCERÁ</lines>
    </verse>
    <verse name="v4">
      <lines>ENTÃO CLAME<br/>ENTÃO GRITE<br/>ENTÃO CHAME<br/>POR ELE</lines>
    </verse>
  </lyrics>
</song>
