<?xml version='1.0' encoding='utf-8'?>
<song xmlns="http://openlyrics.info/namespace/2009/song" version="0.8" createdIn="OpenLP 1.9.9" modifiedIn="OpenLP 1.9.9" modifiedDate="2012-09-30T13:20:23">
  <properties>
    <titles>
      <title>FILHO DE DAVI</title>
    </titles>
    <authors>
      <author>DAVID QUINLAN</author>
    </authors>
  </properties>
  <lyrics>
    <verse name="v1">
      <lines>SEI QUE ESTÁS AQUI<br/>POSSO SENTIR<br/>O TEU CALOR<br/>VEM ME ENVOLVER<br/>ME CONSTRANGER<br/>COM SEU AMOR</lines>
    </verse>
    <verse name="v2">
      <lines>FILHO DE DAVI<br/>TEM COMPAIXÃO DE MIM!<br/>TOCA NOS MEUS OLHOS<br/>FAZ AS ESCÂMAS CAÍREM!</lines>
    </verse>
    <verse name="v3">
      <lines>QUERO TE VER<br/>QUERO TE VER<br/>TOCA NOS MEUS OLHOS<br/>POIS EU QUERO TE VER</lines>
    </verse>
  </lyrics>
</song>
