<?xml version='1.0' encoding='utf-8'?>
<song xmlns="http://openlyrics.info/namespace/2009/song" version="0.8" createdIn="OpenLP 1.9.9" modifiedIn="OpenLP 1.9.9" modifiedDate="2012-09-30T13:20:41">
  <properties>
    <titles>
      <title>FORMOSO-ES</title>
    </titles>
    <authors>
      <author>FERNANDINHO</author>
    </authors>
  </properties>
  <lyrics>
    <verse name="v1">
      <lines>FORMOSO ÉS</lines>
    </verse>
    <verse name="v2">
      <lines>FORMOSO ÉS, FORMOSO ÉS<br/>TUA BELEZA ENCHE ESTE LUGAR}2X</lines>
    </verse>
    <verse name="v3">
      <lines>QUERO TE VER FACE-A-FACE<br/>ASSIM COMO MOISÉS<br/>ENCHER-ME DE ALEGRIA<br/>ASSIM COMO DAVI</lines>
    </verse>
    <verse name="v4">
      <lines>DANÇAREI DIANTE DE TI SENHOR<br/>POIS TUA PRESENÇA TOMA O EU SER<br/>CANTAREI DIANTE DE TI SENHOR<br/>POIS TUA PRESENÇA TOMA O MEU SER</lines>
    </verse>
  </lyrics>
</song>
