<?xml version='1.0' encoding='utf-8'?>
<song xmlns="http://openlyrics.info/namespace/2009/song" version="0.8" createdIn="OpenLP 1.9.9" modifiedIn="OpenLP 1.9.9" modifiedDate="2012-09-30T13:20:42">
  <properties>
    <titles>
      <title>GERACAO-DE-SAMUEL</title>
    </titles>
    <authors>
      <author>FERNANDINHO</author>
    </authors>
  </properties>
  <lyrics>
    <verse name="v1">
      <lines>GERAÇÃO DE SAMUEL</lines>
    </verse>
    <verse name="v2">
      <lines>EU FAÇO PARTE DE UM NOVO TEMPO<br/>QUE ESTÁ NASCENDO EM MINHA NAÇÃO<br/>EU SOU O FRUTO DE UMA SEMENTE<br/>QUE FOI PLANTADA HÁ MUITO TEMPO ATRÁS<br/>POR MEUS IRMÃOS</lines>
    </verse>
    <verse name="v3">
      <lines>A GERAÇÃO DE SAMUEL ESTÁ SE LEVANTANDO<br/>EM TODO LUGAR</lines>
    </verse>
    <verse name="v4">
      <lines>GERAÇÃO QUE DEPÕE SAUL<br/>GERAÇÃO QUE UNGE DAVI<br/>PARA UM TEMPO DE LOUVOR</lines>
    </verse>
  </lyrics>
</song>
