<?xml version='1.0' encoding='utf-8'?>
<song xmlns="http://openlyrics.info/namespace/2009/song" version="0.8" createdIn="OpenLP 1.9.9" modifiedIn="OpenLP 1.9.9" modifiedDate="2012-09-30T13:20:24">
  <properties>
    <titles>
      <title>GERAÇÃO DE ADORADORES</title>
    </titles>
    <authors>
      <author>-</author>
    </authors>
  </properties>
  <lyrics>
    <verse name="v1">
      <lines>QUE NÃO PASSE DE NÓS<br/>O TEU ESPÍRITO<br/>E TUDO QUE FOR DITO<br/>A NÓS VENHA SE CUMPRIR<br/>QUE NÃO SEJA PRECISO<br/>QUE SE LEVANTE<br/>OUTRA GERAÇÃO<br/>QUE VÁ AVANTE VENHA<br/>SOBRE NÓS E REALIZE<br/>O TEU QUERER</lines>
    </verse>
    <verse name="v2">
      <lines>GERAÇÃO DE ADORADORES<br/>QUEREMOS SER SACERDÓCIO<br/>SANTO PRA TE OFERECER<br/>UM PERFEITO LOUVOR E EM<br/>NOSSAS VIDAS FLUIR O TEU QUERER</lines>
    </verse>
  </lyrics>
</song>
