<?xml version='1.0' encoding='utf-8'?>
<song xmlns="http://openlyrics.info/namespace/2009/song" version="0.8" createdIn="OpenLP 1.9.9" modifiedIn="OpenLP 1.9.9" modifiedDate="2012-09-30T13:20:24">
  <properties>
    <titles>
      <title>GERAÇÃO QUE DANÇA</title>
    </titles>
    <authors>
      <author>DAVID QUINLAN</author>
    </authors>
  </properties>
  <lyrics>
    <verse name="v1">
      <lines>A TUA GRAÇA <br/>NOS FAZ DANÇAR<br/>COM TODA A<br/>FORÇA CELEBRAR<br/>DANÇAREMOS GRATOS <br/>POR TEU AMOR</lines>
    </verse>
    <verse name="v2">
      <lines>A TUA GLORIA <br/>NOS FAZ CANTAR<br/>POR TODA TERRA<br/>TE EXALTAR<br/>CANTAREMOS<br/>GLORIAS A TI SENHOR</lines>
    </verse>
    <verse name="v3">
      <lines>E O TRANSBORDAR<br/>POR NOS PERDOAR<br/>POR TE CONHECER<br/>NÃO PODEMOS<br/>NOS CALAR</lines>
    </verse>
    <verse name="v4">
      <lines>E SEREMOS<br/>A GERAÇÃO QUE DANÇA<br/>POR CAUSA DA<br/>TUA MISERICÓRDIA OH DEUS<br/>TUA MISERICÓRDIA OH DEUS</lines>
    </verse>
    <verse name="v5">
      <lines>E SEREMOS A GERAÇÃO<br/>QUE CANTA<br/>E QUE CELEBRA <br/>A TUA GLÓRIA OH DEUS<br/>A TUA GLÓRIA OH DEUS</lines>
    </verse>
  </lyrics>
</song>
