<?xml version='1.0' encoding='utf-8'?>
<song xmlns="http://openlyrics.info/namespace/2009/song" version="0.8" createdIn="OpenLP 1.9.9" modifiedIn="OpenLP 1.9.9" modifiedDate="2012-09-30T13:20:24">
  <properties>
    <titles>
      <title>GRANDE É O SENHOR</title>
    </titles>
    <authors>
      <author>FERNANDINHO</author>
    </authors>
  </properties>
  <lyrics>
    <verse name="v1">
      <lines>GRANDE É O SENHOR<br/>DIGNO DE LOUVOR<br/>VENHA O TEU REINO<br/>SOBRE NÓS</lines>
    </verse>
    <verse name="v2">
      <lines>GRANDE É A TUA<br/>MISERICÓRDIA<br/>GRANDE É O TEU<br/>AMOR POR MIM<br/>LEVA-ME NOVAMENTE<br/>À SALA DO TRONO</lines>
    </verse>
    <verse name="v3">
      <lines>CONTIGO  EU DANÇAREI<br/>A TI EU CANTAREI<br/>BEIJAREI TEUS PÉS<br/>MEU AMADO</lines>
    </verse>
  </lyrics>
</song>
