<?xml version='1.0' encoding='utf-8'?>
<song xmlns="http://openlyrics.info/namespace/2009/song" version="0.8" createdIn="OpenLP 1.9.9" modifiedIn="OpenLP 1.9.9" modifiedDate="2012-09-30T13:20:43">
  <properties>
    <titles>
      <title>GRANDE-O-SENHOR</title>
    </titles>
    <authors>
      <author>FERNANDINHO</author>
    </authors>
  </properties>
  <lyrics>
    <verse name="v1">
      <lines>GRANDE É O SENHOR</lines>
    </verse>
    <verse name="v2">
      <lines>GRANDE É O SENHOR,<br/>DIGNO DE LOUVOR<br/>VENHA O TEU REINO SOBRE NÓS</lines>
    </verse>
    <verse name="v3">
      <lines>GRANDE É A TUA MISERICÓRDIA<br/>GRANDE É O TEU AMOR POR MIM<br/>LEVA-ME NOVAMENTE À SALA DO TRONO</lines>
    </verse>
    <verse name="v4">
      <lines>CONTIGO EU DANÇAREI<br/>A TI EU CANTAREI<br/>BEIJAREI TEUS PÉS, MEU AMADO</lines>
    </verse>
  </lyrics>
</song>
