<?xml version='1.0' encoding='utf-8'?>
<song xmlns="http://openlyrics.info/namespace/2009/song" version="0.8" createdIn="OpenLP 1.9.9" modifiedIn="OpenLP 1.9.9" modifiedDate="2013-03-03T13:52:55">
  <properties>
    <titles>
      <title>GRANDE É O SENHOR</title>
    </titles>
    <authors>
      <author>COM. GRAÇA</author>
      <author>ADHEMAR DE CAMPOS</author>
    </authors>
  </properties>
  <lyrics>
    <verse name="v1">
      <lines>GRANDE É O SENHOR<br/>E MUI DIGNO DE LOUVOR<br/>NA CIDADE DO NOSSO DEUS<br/>SEU SANTO MONTE<br/>ALEGRIA DE TODA TERRA.</lines>
    </verse>
    <verse name="v2">
      <lines>GRANDE É O SENHOR<br/>EM QUEM NÓS TEMOS<br/>A VITÓRIA<br/>E QUE NOS AJUDA<br/>CONTRA O INIMIGO<br/>POR ISSO DIANTE DELE<br/>NOS PROSTRAMOS.</lines>
    </verse>
    <verse name="v3">
      <lines>QUEREMOS O TEU <br/>NOME ENGRANDECER<br/>E AGRADECER-TE POR TUA OBRA<br/>EM NOSSAS VIDAS<br/>CONFIAMOS EM TEU INFINITO AMOR<br/>POIS SÓ TU ÉS O DEUS ETERNO<br/>SOBRE TODA TERRA E CÉUS.</lines>
    </verse>
  </lyrics>
</song>
