<?xml version='1.0' encoding='utf-8'?>
<song xmlns="http://openlyrics.info/namespace/2009/song" version="0.8" createdIn="OpenLP 1.9.9" modifiedIn="OpenLP 1.9.9" modifiedDate="2013-04-28T13:53:34">
  <properties>
    <titles>
      <title>GRAÇAS</title>
    </titles>
    <authors>
      <author>-</author>
    </authors>
  </properties>
  <lyrics>
    <verse name="v1">
      <lines>ME TOMASTE EM TEUS BRAÇOS<br/>E ME DESTE SALVAÇÃO<br/>TEU AMOR DERRAMADO <br/>EM MEU CORAÇÃO<br/>NÃO SEI COMO AGRADECER-TE<br/>O QUE TENS FEITO POR MIM<br/>SÓ POSSO DAR-TE AGORA<br/>MINHA CANÇÃO</lines>
    </verse>
    <verse name="v2">
      <lines>PARA DAR-TE<br/>GRAÇAS, GRAÇAS SENHOR.<br/>GRAÇAS MEU SENHOR JESUS<br/>GRAÇAS, GRAÇAS SENHOR.<br/>GRAÇAS MEU SENHOR JESUS</lines>
    </verse>
    <verse name="v3">
      <lines>LÁ NA CRUZ ME DESTE VIDA,<br/>ENTREGASTE TUDO ALI, <br/>VIDA ETERNA NOS DESTES AO MORRER <br/>POR TEU SANGUE TENHO ENTRADA <br/>ANTE O TRONO CELESTIAL <br/>POSSO ENTRAR CONFIADAMENTE <br/>ANTE A TI</lines>
    </verse>
  </lyrics>
</song>
