<?xml version='1.0' encoding='utf-8'?>
<song xmlns="http://openlyrics.info/namespace/2009/song" version="0.8" createdIn="OpenLP 1.9.9" modifiedIn="OpenLP 1.9.9" modifiedDate="2012-09-30T13:20:43">
  <properties>
    <titles>
      <title>HA-UM-RIO</title>
    </titles>
    <authors>
      <author>FERNANDINHO</author>
    </authors>
  </properties>
  <lyrics>
    <verse name="v1">
      <lines>HÁ UM RIO</lines>
    </verse>
    <verse name="v2">
      <lines>HÁ UM RIO CUJAS ÁGUAS SÃO LIMPAS<br/>HÁ UM RIO CUJAS FONTES NÃO CESSAM<br/>HÁ UM RIO QUE CORRE DO TRONO DE DEUS</lines>
    </verse>
    <verse name="v3">
      <lines>HÁ UM RIO QUE DESCEU DA SUA GLÓRIA<br/>HÁ UM RIO QUE MORREU NUMA CRUZ<br/>MAS ESSE RIO AO TERCEIRO DIA RESSUSCITOU</lines>
    </verse>
    <verse name="v4">
      <lines>EU VOU MERGULHAR NOS TEUS RIOS<br/>EU VOU MERGULHAR NAS TUAS FONTES</lines>
    </verse>
    <verse name="v5">
      <lines>ME LIMPA, ME SARA, ME CURA, RESTAURA, TRANSFORMA O MEU CORAÇÃO</lines>
    </verse>
  </lyrics>
</song>
