<?xml version='1.0' encoding='utf-8'?>
<song xmlns="http://openlyrics.info/namespace/2009/song" version="0.8" createdIn="OpenLP 1.9.9" modifiedIn="OpenLP 1.9.9" modifiedDate="2013-02-17T22:47:55">
  <properties>
    <titles>
      <title>HOJE EU VOU CHAMAR JESUS</title>
    </titles>
    <authors>
      <author>-</author>
    </authors>
  </properties>
  <lyrics>
    <verse name="v1">
      <lines>HOJE EU VOU CHAMAR JESUS<br/>MARAVILHOSO<br/><br/>EU PRECISO DE UM MILAGRE SENHOR<br/>MAS NÃO POSSO DESISTIR DE LUTAR</lines>
    </verse>
  </lyrics>
</song>
