<?xml version='1.0' encoding='utf-8'?>
<song xmlns="http://openlyrics.info/namespace/2009/song" version="0.8" createdIn="OpenLP 1.9.9" modifiedIn="OpenLP 1.9.9" modifiedDate="2012-12-28T21:55:33">
  <properties>
    <titles>
      <title>Hosana</title>
    </titles>
    <authors>
      <author>-</author>
    </authors>
  </properties>
  <lyrics>
    <verse name="v3">
      <lines>HOSANA ! HOSANA !<br/>HOSANA! AO NOSSO REI<br/>NOS TROUXE GRANDE SALVAÇÃO<br/>CRISTO É A NOSSA VIDA <br/>O MOTIVO DO LOUVOR<br/>EM NOSSO NOVO CORAÇÃO<br/>POIS MORREU A NOSSA MORTE<br/>PRA VIVERMOS SUA VIDA<br/>NOS TROUXE GRANDE SALVAÇÃO<br/></lines>
    </verse>
  </lyrics>
</song>
