<?xml version='1.0' encoding='utf-8'?>
<song xmlns="http://openlyrics.info/namespace/2009/song" version="0.8" createdIn="OpenLP 1.9.9" modifiedIn="OpenLP 1.9.9" modifiedDate="2012-10-21T12:49:54">
  <properties>
    <titles>
      <title>HÁ UM RIO QUE CORRE</title>
    </titles>
    <authors>
      <author>-</author>
    </authors>
  </properties>
  <lyrics>
    <verse name="v1">
      <lines>HÁ UM RIO QUE CORRE<br/>DO TRONO DE DEUS<br/>A MORADA DO <br/>TODO-PODEROSO<br/><br/>QUE NOS GUARDA,<br/>QUE NOS CURA<br/>E ALEGRA O NOSSO<br/>CORAÇÃO</lines>
    </verse>
    <verse name="v3">
      <lines>SÊ EXALTADO E BENDITO<br/>PARA SEMPRE, Ó SENHOR</lines>
    </verse>
  </lyrics>
</song>
