<?xml version='1.0' encoding='utf-8'?>
<song xmlns="http://openlyrics.info/namespace/2009/song" version="0.8" createdIn="OpenLP 1.9.9" modifiedIn="OpenLP 1.9.9" modifiedDate="2012-09-30T13:20:24">
  <properties>
    <titles>
      <title>HÁ MOMENTOS QUE NA VIDA</title>
    </titles>
    <authors>
      <author>-</author>
    </authors>
  </properties>
  <lyrics>
    <verse name="v1">
      <lines>HÁ MOMENTOS QUE NA VIDA, <br/>PENSAMOS EM OLHAR ATRÁS<br/>É PRECISO PEDIR AJUDA <br/>PARA PODER CONTINUAR</lines>
    </verse>
    <verse name="v2">
      <lines>E CLAMAMOS O NOME DE JESUS<br/>E CLAMAMOS O NOME,<br/>O NOME DE JESUS<br/>ELE NOS AJUDA <br/>A CARREGAR A CRUZ</lines>
    </verse>
  </lyrics>
</song>
