<?xml version='1.0' encoding='utf-8'?>
<song xmlns="http://openlyrics.info/namespace/2009/song" version="0.8" createdIn="OpenLP 1.9.9" modifiedIn="OpenLP 1.9.9" modifiedDate="2012-09-30T13:20:25">
  <properties>
    <titles>
      <title>HÁ UM RIO</title>
    </titles>
    <authors>
      <author>FERNANDINHO</author>
    </authors>
  </properties>
  <lyrics>
    <verse name="v1">
      <lines>HÁ UM RIO CUJAS<br/>ÁGUAS SÃO LIMPAS<br/>HÁ UM RIO CUJAS <br/>FONTES NÃO CESSAM<br/>HÁ UM RIO QUE CORRE <br/>DO TRONO DE DEUS</lines>
    </verse>
    <verse name="v2">
      <lines>HÁ UM RIO QUE <br/>DESCEU DA SUA GLÓRIA<br/>HÁ UM RIO QUE <br/>MORREU NUMA CRUZ<br/>MAS ESSE RIO AO <br/>TERCEIRO DIA RESSUSCITOU</lines>
    </verse>
    <verse name="v3">
      <lines>EU VOU MERGULHAR <br/>NOS TEUS RIOS<br/>EU VOU MERGULHAR <br/>NAS TUAS FONTES</lines>
    </verse>
    <verse name="v4">
      <lines>ME LIMPA, ME SARA, <br/>ME CURA, TRANSFORMA, <br/>RESTAURA O MEU CORAÇÃO</lines>
    </verse>
  </lyrics>
</song>
