<?xml version='1.0' encoding='utf-8'?>
<song xmlns="http://openlyrics.info/namespace/2009/song" version="0.8" createdIn="OpenLP 1.9.9" modifiedIn="OpenLP 1.9.9" modifiedDate="2013-07-28T22:43:18">
  <properties>
    <titles>
      <title>IGREJA GLORIOSA</title>
    </titles>
    <authors>
      <author>-</author>
    </authors>
  </properties>
  <lyrics>
    <verse name="v1">
      <lines>AS PORTAS DO INFERNO NÃO PREVALECERÃO<br/>CONTRA A IGREJA DE JESUS<br/>CRISTO BENDITO, O FILHO DO DEUS VIVO<br/>VENCEDOR, PODEROSO, O GRANDE SENHOR</lines>
    </verse>
    <verse name="v2">
      <lines>AS PORTAS DO INFERNO NÃO PREVALECERÃO<br/>CONTRA A IGREJA DE JESUS<br/>A QUAL RECEBEU DELE AS CHAVES DO REINO DOS CEUS<br/>PARA AVANÇAR NA FORÇA DO ESPIRITO</lines>
    </verse>
    <verse name="v3">
      <lines>PARA ISTO O FILHO DE DEUS SE MANIFESTOU<br/>PARA DESFAZER AS OBRAS DO DIABO<br/>SEPARANDO PARA SI UM POVO SANTO<br/>SEM MÁCULAS NEM RUGAS<br/>SUA IGREJA GLORIOSA</lines>
    </verse>
  </lyrics>
</song>
