<?xml version='1.0' encoding='utf-8'?>
<song xmlns="http://openlyrics.info/namespace/2009/song" version="0.8" createdIn="OpenLP 1.9.9" modifiedIn="OpenLP 1.9.9" modifiedDate="2012-12-05T21:48:35">
  <properties>
    <titles>
      <title>JA-ESTOU-CRUCIFICADO</title>
    </titles>
    <authors>
      <author>FERNANDINHO</author>
    </authors>
  </properties>
  <lyrics>
    <verse name="v1">
      <lines>JÁ ESTOU CRUCIFICADO<br/>COM CRISTO<br/>AGORA VIVO NÃO MAIS EU<br/>JÁ ESTOU CRUCIFICADO<br/>COM CRISTO<br/>AGORA VIVO NÃO MAIS EU</lines>
    </verse>
    <verse name="v2">
      <lines>CRISTO VIVE EM MIM, ALELUIA!<br/>CRISTO VIVE EM MIM, ALELUIA!</lines>
    </verse>
    <verse name="v3">
      <lines>SIM, EU AMO A MENSAGEM DA CRUZ<br/>ATÉ MORRER EU A VOU PROCLAMAR<br/>LEVAREI EU TAMBÉM MINHA CRUZ<br/>ATÉ POR UMA COROA TROCAR</lines>
    </verse>
    <verse name="v4">
      <lines>CRISTO VIVE EM MIM, ALELUIA!<br/>CRISTO VIVE EM MIM, ALELUIA!</lines>
    </verse>
    <verse name="v5">
      <lines>SIM NA CRUZ, SIM NA CRUZ<br/>SEMPRE ME GLORIO<br/>E AO FIM VOU DESCANSAR<br/>SALVO ALÉM DO RIO</lines>
    </verse>
  </lyrics>
</song>
