<?xml version='1.0' encoding='utf-8'?>
<song xmlns="http://openlyrics.info/namespace/2009/song" version="0.8" createdIn="OpenLP 1.9.9" modifiedIn="OpenLP 1.9.9" modifiedDate="2012-09-30T13:20:25">
  <properties>
    <titles>
      <title>JEOVÁ É O TEU CAVALEIRO</title>
    </titles>
    <authors>
      <author>-</author>
    </authors>
  </properties>
  <lyrics>
    <verse name="v1">
      <lines>JEOVÁ É O TEU CAVALEIRO<br/>QUE CAVALGA PARA VENCER<br/>TODOS OS TEUS INIMIGOS<br/>CAIRÃO DIANTE DE TI<br/>CAIRÃO DIANTE DE TI</lines>
    </verse>
    <verse name="v2">
      <lines>SOBRE TUA VIDA Ó MEU IRMÃO<br/>NÃO VALE ENCANTAMENTO<br/>SOBRE TUA VIDA Ó MEU IRMÃO<br/>ESTÁ A BENÇÃO DO SENHOR</lines>
    </verse>
    <verse name="v3">
      <lines>A FORÇA DOS TEUS OPRESSORES<br/>NUNCA TE ALCANÇARÁ<br/>EXISTE UMA NUVEM DE GLÓRIA<br/>EXISTE UMA CHAMA QUE ARDE</lines>
    </verse>
    <verse name="v4">
      <lines>NO TEU ARRAIAL <br/>OUVEM-SE VIVAS DE JÚBILO<br/>NO TEU ARRAIAL <br/>OUVEM-SE VIVAS DE JÚBILO</lines>
    </verse>
  </lyrics>
</song>
