<?xml version='1.0' encoding='utf-8'?>
<song xmlns="http://openlyrics.info/namespace/2009/song" version="0.8" createdIn="OpenLP 1.9.9" modifiedIn="OpenLP 1.9.9" modifiedDate="2012-09-30T13:20:25">
  <properties>
    <titles>
      <title>JESUS CRISTO MUDOU MEU VIVER</title>
    </titles>
    <authors>
      <author>-</author>
    </authors>
  </properties>
  <lyrics>
    <verse name="v1">
      <lines>JESUS CRISTO MUDOU MEU VIVER<br/>JESUS CRISTO MUDOU MEU VIVER<br/>ELE É A LUZ QUE ILUMINA MEU SER<br/>SIM JESUS CRISTO MUDOU MEU VIVER</lines>
    </verse>
    <verse name="v2">
      <lines>DIFERENTE HOJE É O MEU CORAÇÃO<br/>DIFERENTE HOJE É O MEU CORAÇÃO<br/>CRISTO DEU-ME PAZ E PERDÃO<br/>SIM DIFERENTE HOJE É O MEU CORAÇÃO</lines>
    </verse>
    <verse name="v3">
      <lines>O AMOR SÓ CONHECIA EM CANÇÕES<br/>QUE FALAVAM DE ILUSÕES<br/>MAS AGORA É DIFERENTE<br/>HOJE FALO A TODA GENTE<br/>QUE CRISTO ME DEU SEU AMOR</lines>
    </verse>
  </lyrics>
</song>
