<?xml version='1.0' encoding='utf-8'?>
<song xmlns="http://openlyrics.info/namespace/2009/song" version="0.8" createdIn="OpenLP 1.9.9" modifiedIn="OpenLP 1.9.9" modifiedDate="2012-12-23T21:53:04">
  <properties>
    <titles>
      <title>LEVANTA-TE</title>
    </titles>
    <authors>
      <author>-</author>
    </authors>
  </properties>
  <lyrics>
    <verse name="v1">
      <lines>LEVANTA-TE,<br/>LEVANTA-TE SENHOR (4x)<br/>E FUJAM DIANTE DE TI<br/>TEUS INIMIGOS<br/>SE DISPERSEM DIANTE DE TI<br/>TODOS AQUELES QUE ABORRECEM<br/>TUA PRESENÇA</lines>
    </verse>
    <verse name="v2">
      <lines>TUA PRESENÇA REINARÁ<br/>SOBRE TODO IMPÉRIO<br/>TUA PRESENÇA REINARÁ<br/>GOVERNARÁ SOBRE TODO PRINCIPADO</lines>
    </verse>
    <verse name="v3">
      <lines>ESPÍRITO DE TEMOR: FUJA<br/>ESPÍRITO DE MALDADE: FUJA<br/>ESPÍRITO DE RANCOR: FUJA<br/>ESPÍRITO DE DIVISAO: FUJA<br/>ESPÍRITO DE ENFERMIDADE: FUJA<br/>ESPÍRITO DE REBELIÃO: FUJA<br/>ESPÍRITO IMORAL: FUJA<br/>ESPÍRITO DE ESCURIDÃO: FUJA</lines>
    </verse>
    <verse name="v4">
      <lines>TUA PRESENÇA REINARÁ<br/>SOBRE TODO IMPÉRIO<br/>TUA PRESENÇA REINARÁ<br/>GOVERNARÁ SOBRE TODO PRINCIPADO</lines>
    </verse>
    <verse name="v5">
      <lines>ESPÍRITO DE PERVERSÃO: FUJA<br/>ESPÍRITO DE AMBIÇÃO: FUJA<br/>ESPÍRITO PROFANADOR: FUJA<br/>ESPÍRITO DE VAIDADE: FUJA<br/>ESPÍRITO DE MURMURAÇÃO: FUJA<br/>ESPÍRITO DE CONTENDA: FUJA<br/>ESPÍRITO DE FEITIÇARIA: FUJA<br/>ESPÍRITO DE MORTANDADE: FUJA</lines>
    </verse>
  </lyrics>
</song>
