<?xml version='1.0' encoding='utf-8'?>
<song xmlns="http://openlyrics.info/namespace/2009/song" version="0.8" createdIn="OpenLP 1.9.9" modifiedIn="OpenLP 1.9.9" modifiedDate="2012-09-30T13:20:43">
  <properties>
    <titles>
      <title>LEVA-ME-ALEM</title>
    </titles>
    <authors>
      <author>FERNANDINHO</author>
    </authors>
  </properties>
  <lyrics>
    <verse name="v1">
      <lines>LEVA-ME ALÉM</lines>
    </verse>
    <verse name="v2">
      <lines>TU QUE ESTÁS ALÉM DO QUE EU POSSA IMAGINAR<br/>TU QUE ESTÁS ALÉM DO QUE EU POSSA IMAGINAR<br/>TU QUE ESTÁS ALÉM DAS MINHAS VONTADES,<br/>DO MEU QUERER...</lines>
    </verse>
    <verse name="v3">
      <lines>LEVA-ME ALÉM.... OH OH<br/>AONDE TU ESTÁS...AONDE TU ESTÁS<br/>LEVA-ME ALÉM...NAS ASAS DA ALVA<br/>AONDE TU ESTÁS...AONDE TU ESTÁS</lines>
    </verse>
    <verse name="v4">
      <lines>QUERO IR ALÉM... OH OH<br/>AONDE TU ESTÁS...AONDE TU ESTÁS</lines>
    </verse>
  </lyrics>
</song>
