<?xml version='1.0' encoding='utf-8'?>
<song xmlns="http://openlyrics.info/namespace/2009/song" version="0.8" createdIn="OpenLP 1.9.9" modifiedIn="OpenLP 1.9.9" modifiedDate="2012-09-30T13:20:25">
  <properties>
    <titles>
      <title>LEÃO DE JUDÁ</title>
    </titles>
    <authors>
      <author>-</author>
    </authors>
  </properties>
  <lyrics>
    <verse name="v1">
      <lines>OUVE-SE UM JÚBILO <br/>DE TODOS OS POVOS<br/>OS REIS SE DOBRARAM <br/>AO SENHOR.<br/>OUVE-SE UM BRADO <br/>DE VITÓRIA<br/>O DIA DO SENHOR CHEGOU</lines>
    </verse>
    <verse name="v2">
      <lines>OUVE-SE DE TODOS OS POVOS <br/>QUE UM NOVO REI SURGIU<br/>IMPÉRIOS RECONHECEM <br/>QUE SUA DESTRA REINARÁ...</lines>
    </verse>
    <verse name="v3">
      <lines>LEÃO DE JUDÁ<br/>LEÃO DE JUDÁ<br/>LEÃO DE JUDÁ<br/>PREVALECEU</lines>
    </verse>
    <verse name="v4">
      <lines>E OS POVOS<br/>VERÃO E VIRÃO<br/>A SIÃO APRENDER SUA LEI<br/>POIS A SUA JUSTIÇA<br/>GOVERNARÁ...</lines>
    </verse>
  </lyrics>
</song>
