<?xml version='1.0' encoding='utf-8'?>
<song xmlns="http://openlyrics.info/namespace/2009/song" version="0.8" createdIn="OpenLP 1.9.9" modifiedIn="OpenLP 1.9.9" modifiedDate="2012-09-30T23:28:36">
  <properties>
    <titles>
      <title>LIVRE PRA TE ADORAR</title>
    </titles>
    <authors>
      <author>ROGÉRIA CRUZ</author>
    </authors>
  </properties>
  <lyrics>
    <verse name="v1">
      <lines>EU SOU TOTALMENTE APAIXONADO<br/>PELO SALVADOR<br/>EU SOU TOTALMENTE <br/>DEPENDENTE DO SEU IMENSO AMOR</lines>
    </verse>
    <verse name="v2">
      <lines>NÃO POSSO CAMINHAR SEM A TUA MÃO<br/>PRA ME GUIAR E ME LEVAR<br/>SOBRE TUAS ÁGUAS, SOBRE OS TEUS RIOS<br/>SOBRE TUA FONTE, HEEEE<br/>SOBRE TUAS ÁGUAS, SOBRE OS TEUS RIOS<br/>SOBRE TUA FONTE, HEEEE</lines>
    </verse>
    <verse name="v3">
      <lines>RIOS DO ESPÍRITO, FONTES DE ÁGUA VIVA<br/>FLUEM EM MINHA VIDA<br/>LEVA-ME E FAZ-ME VIVER<br/>TOTALMENTE LIVRE<br/>LIVRE PARA TE ADORAR</lines>
    </verse>
  </lyrics>
</song>
