<?xml version='1.0' encoding='utf-8'?>
<song xmlns="http://openlyrics.info/namespace/2009/song" version="0.8" createdIn="OpenLP 1.9.9" modifiedIn="OpenLP 1.9.9" modifiedDate="2012-09-30T13:20:25">
  <properties>
    <titles>
      <title>LUZ DO MUNDO</title>
    </titles>
    <authors>
      <author>-</author>
    </authors>
  </properties>
  <lyrics>
    <verse name="v1">
      <lines>LUZ DO MUNDO <br/>VIESTE A TERRA<br/>PRA QUE EU PUDESSE TE VER<br/>TUA BELEZA ME LEVA A<br/>ADORAR-TE QUERO<br/>CONTIGO VIVER</lines>
    </verse>
    <verse name="v2">
      <lines>VIM PARA ADORAR-TE<br/>VIM PARA PROSTRAR-ME<br/>VIM PARA DIZER<br/>QUE ÉS MEU DEUS<br/>ÉS TOTALMENTE AMÁVEL<br/>TOTALMENTE DIGNO<br/>TÃO MARAVILHOSO<br/>PARA MIM</lines>
    </verse>
    <verse name="v3">
      <lines>ETERNO DEUS<br/>EXALTADO NAS ALTURAS<br/>GLORIOSO NOS CÉUS<br/>HUMILDE VIESTE<br/>A TERRA QUE CRIASTE<br/>E POR AMOR<br/>POBRE SE FEZ</lines>
    </verse>
    <verse name="v4">
      <lines>EU NUNCA SABEREI<br/>O PREÇO DOS MEUS<br/>PECADOS LÁ NA CRUZ</lines>
    </verse>
  </lyrics>
</song>
