<?xml version='1.0' encoding='utf-8'?>
<song xmlns="http://openlyrics.info/namespace/2009/song" version="0.8" createdIn="OpenLP 1.9.9" modifiedIn="OpenLP 1.9.9" modifiedDate="2012-09-30T13:20:26">
  <properties>
    <titles>
      <title>MAIOR É O QUE ESTÁ EM NÓS</title>
    </titles>
    <authors>
      <author>-</author>
    </authors>
  </properties>
  <lyrics>
    <verse name="v1">
      <lines>TUDO O QUE JESUS<br/>CONQUISTOU NA CRUZ<br/>É DIREITO NOSSO<br/>É NOSSA HERANÇA<br/>TODAS AS BENÇÃO DE DEUS PRA NÓS<br/>TOMAMOS POSSE É NOSSA HERANÇA</lines>
    </verse>
    <verse name="v2">
      <lines>Tudo o que Jesus conquistou na cruz<br/>É direito nosso<br/>É nossa herança<br/>Todas as bênçãos de Deus pra nós<br/>Tomamos posse é nossa herança<br/>Toda vida, todo poder<br/>Tudo o que Deus tem para dar<br/>Abrimos nossas vidas pra receber<br/>Nada mais nos resistirá.</lines>
    </verse>
    <verse name="v3">
      <lines>Maior é o que está em nós<br/>Do que o que está no mundo (2x)</lines>
    </verse>
  </lyrics>
</song>
