<?xml version='1.0' encoding='utf-8'?>
<song xmlns="http://openlyrics.info/namespace/2009/song" version="0.8" createdIn="OpenLP 1.9.9" modifiedIn="OpenLP 1.9.9" modifiedDate="2012-09-30T13:20:43">
  <properties>
    <titles>
      <title>MAIS-ALTO</title>
    </titles>
    <authors>
      <author>FERNANDINHO</author>
    </authors>
  </properties>
  <lyrics>
    <verse name="v1">
      <lines>MAIS ALTO</lines>
    </verse>
    <verse name="v2">
      <lines>LEVA-ME À TUA GLÓRIA<br/>LEVA-ME AOS TEUS RIOS<br/>EU QUERO MUITO MAIS DE TI</lines>
    </verse>
    <verse name="v3">
      <lines>LEVA-ME AOS CATIVOS<br/>ME LEVA AOS OPRIMIDOS<br/>EU VOU ANUNCIAR O TEU AMOR<br/>EU VOU ANUNCIAR O TEU PERDÃO</lines>
    </verse>
    <verse name="v4">
      <lines>EU QUERO IR MAIS ALTO<br/>PRECISO IR BEM MAIS ALTO<br/>LEVA-ME AO TEU GRANDE AMOR</lines>
    </verse>
    <verse name="v5">
      <lines>E RECEBER O TEU ABRAÇO<br/>E SENTIR TEU PERFUME<br/>BEIJA-ME COM TEUS BEIJOS,<br/>SENHOR<br/>EU QUERO MUITO MAIS DE TI...<br/>E MENOS DE MIM<br/>PRECISO MUITO MAIS DE TI...<br/>E MENOS DE MIM<br/>ANSEIO MUITO MAIS DE TI...<br/>E MENOS DE MIM</lines>
    </verse>
  </lyrics>
</song>
