<?xml version='1.0' encoding='utf-8'?>
<song xmlns="http://openlyrics.info/namespace/2009/song" version="0.8" createdIn="OpenLP 1.9.9" modifiedIn="OpenLP 1.9.9" modifiedDate="2012-09-30T13:20:26">
  <properties>
    <titles>
      <title>ME DERRAMAR</title>
    </titles>
    <authors>
      <author>VINEYARD</author>
    </authors>
  </properties>
  <lyrics>
    <verse name="v1">
      <lines>EIS-ME AQUI, OUTRA VEZ<br/>DIANTE DE TI<br/>ABRO O MEU CORAÇÃO<br/>MEU CLAMOR TU ESCUTAS<br/>E FAZES CAIR<br/>AS BARREIRAS EM MIM</lines>
    </verse>
    <verse name="v2">
      <lines>ÉS FIEL SENHOR, E DIZES<br/>PALAVRAS DE AMOR<br/>E ESPERANÇA SEM FIM<br/>AO SENTIR, O TEU TOQUE <br/>POR TUA BONDADE<br/>LIBERTAS MEU SER <br/>NO CALOR DESTE LUGAR</lines>
    </verse>
    <verse name="v3">
      <lines>EU VENHO ME DERRAMAR<br/>DIZER QUE TE AMO<br/>ME DERRAMAR<br/>DIZER TE PRECISO<br/>ME DERRAMAR<br/>DIZER QUE SOU GRATO <br/>ME DERRAMAR<br/>DIZER QUE ÉS FORMOSO</lines>
    </verse>
  </lyrics>
</song>
