<?xml version='1.0' encoding='utf-8'?>
<song xmlns="http://openlyrics.info/namespace/2009/song" version="0.8" createdIn="OpenLP 1.9.9" modifiedIn="OpenLP 1.9.9" modifiedDate="2013-09-20T22:55:36">
  <properties>
    <titles>
      <title>ME FALTE AGUA</title>
    </titles>
    <authors>
      <author>-</author>
    </authors>
  </properties>
  <lyrics>
    <verse name="v1">
      <lines>ME FALTE ÁGUA E ALIMENTO<br/>OU O SUSTENTO<br/>PARA O AMANHÃ QUE VEM<br/>SE NA SEARA O MEU TRIGO NÃO PRODUZ<br/>SÓ NÃO ME FALTE A PRESENÇA DE JESUS.</lines>
    </verse>
    <verse name="v2">
      <lines>SUA PRESENÇA<br/>É A RAZÃO DA MINHA FÉ<br/>SUA PRESENÇA<br/>ME CONDUZ ONDE ESTIVER</lines>
    </verse>
    <verse name="v3">
      <lines>ME FALTE O VENTO<br/>O AR E O SOL<br/>ONDE EU ETIVER<br/>SEI QUE NÃO VOU ME ABALAR<br/>SE NA SEARA O MEU TRIGO NÃO PRODUZ <br/>SÓ NÃO ME FALTE A PRESENÇA DE JESUS. </lines>
    </verse>
  </lyrics>
</song>
