<?xml version='1.0' encoding='utf-8'?>
<song xmlns="http://openlyrics.info/namespace/2009/song" version="0.8" createdIn="OpenLP 1.9.9" modifiedIn="OpenLP 1.9.9" modifiedDate="2012-09-30T13:20:44">
  <properties>
    <titles>
      <title>ME-LEVA</title>
    </titles>
    <authors>
      <author>FERNANDINHO</author>
    </authors>
  </properties>
  <lyrics>
    <verse name="v1">
      <lines>ME LEVA</lines>
    </verse>
    <verse name="v2">
      <lines>MINH'ALMA ENGRANDECE AO SENHOR<br/>MINH'ALMA ENGRANDECE AO SENHOR<br/>TENHO SEDE DE TI<br/>TENHO SEDE DE TI</lines>
    </verse>
    <verse name="v3">
      <lines>PARA ONDE EU IREI MEU SENHOR<br/>PARA ONDE EU IREI MEU SENHOR<br/>TEU AMOR ME ATRAI<br/>TEU AMOR ME ATRAI</lines>
    </verse>
    <verse name="v4">
      <lines>ME LEVA, ME LEVA PRA PERTO DE TI, MEU SENHOR<br/>ME LEVA, ME LEVA PRA PERTO DE TI, MEU SENHOR<br/>ME LEVA, ME LEVA PRA PERTO DE TI, MEU SENHOR</lines>
    </verse>
    <verse name="v5">
      <lines>QUERO ESTAR JUNTO TI<br/>JUNTO A TI, SENHOR<br/>EU QUERO ESTAR.</lines>
    </verse>
  </lyrics>
</song>
