<?xml version='1.0' encoding='utf-8'?>
<song xmlns="http://openlyrics.info/namespace/2009/song" version="0.8" createdIn="OpenLP 1.9.9" modifiedIn="OpenLP 1.9.9" modifiedDate="2013-02-24T13:58:13">
  <properties>
    <titles>
      <title>MELHOR DE DEUS</title>
    </titles>
    <authors>
      <author>-</author>
    </authors>
  </properties>
  <lyrics>
    <verse name="v1">
      <lines>ALEGRAI-VOS, FILHOS DE SIÃO<br/>REGOZIJAI-VOS NO SENHOR<br/>PORQUE ELE VOS DARÁ, <br/>EM JUSTA MEDIDA, A CHUVA</lines>
    </verse>
    <verse name="v2">
      <lines>AS EIRAS SE ENCHERÃO DE TRIGO<br/>E OS LAGARES TRANSBORDARÃO<br/>DE ÓLEO E VINHO</lines>
    </verse>
    <verse name="v3">
      <lines>RESTITUIREI OS ANOS<br/>QUE FORAM CONSUMIDOS<br/>E LHES MOSTRAREI<br/>A MINHA SALVAÇÃO<br/>E SABEREIS QUE</lines>
    </verse>
    <verse name="v4">
      <lines>O MELHOR DE DEUS AINDA ESTÁ POR VIR<br/>O MELHOR DE DEUS</lines>
    </verse>
  </lyrics>
</song>
