<?xml version='1.0' encoding='utf-8'?>
<song xmlns="http://openlyrics.info/namespace/2009/song" version="0.8" createdIn="OpenLP 1.9.9" modifiedIn="OpenLP 1.9.9" modifiedDate="2012-09-30T13:20:27">
  <properties>
    <titles>
      <title>MEU UNIVERSO</title>
    </titles>
    <authors>
      <author>PG</author>
    </authors>
  </properties>
  <lyrics>
    <verse name="v1">
      <lines>QUE SEJAS MEU UNIVERSO<br/>NÃO QUERO DAR-TE <br/>SÓ UM POUCO DO MEU TEMPO<br/>NÃO QUERO DAR-TE <br/>UM DIA APENAS DA SEMANA</lines>
    </verse>
    <verse name="v2">
      <lines>QUE SEJAS MEU UNIVERSO<br/>NÃO QUERO DAR-TE <br/>AS PALAVRAS COMO GOTAS<br/>QUERO QUE SAIA<br/>UM DILÚVIO DE BENÇÃOS <br/>DA MINHA BOCA</lines>
    </verse>
    <verse name="v3">
      <lines>QUE SEJAS MEU UNIVERSO<br/>QUE SEJAS TUDO <br/>O QUE SINTO E O QUE PENSO<br/>QUE DE MANHÃ SEJA <br/>O PRIMEIRO PENSAMENTO<br/>E A LUZ EM MINHA JANELA</lines>
    </verse>
    <verse name="v4">
      <lines>QUE SEJAS MEU UNIVERSO<br/>QUE ENCHAS CADA UM <br/>DOS MEUS PENSAMENTOS<br/>QUE A TUA PRESENÇA <br/>E O TEU PODER <br/>SEJAM ALIMENTO<br/>JESUS ESTE É O MEU DESEJO</lines>
    </verse>
    <verse name="v5">
      <lines>QUE SEJAS MEU UNIVERSO<br/>NÃO QUERO DAR-TE <br/>SÓ UMA PARTE <br/>DOS MEUS ANOS<br/>TE QUERO DONO <br/>DO MEU TEMPO <br/>E DOS MEUS PLANOS</lines>
    </verse>
    <verse name="v6">
      <lines>QUE SEJAS MEU UNIVERSO<br/>NÃO QUERO<br/>A MINHA VONTADE<br/>QUERO AGRADAR-TE<br/>E CADA SONHO QUE HÁ EM MIM <br/>QUERO ENTREGAR-TE</lines>
    </verse>
  </lyrics>
</song>
