<?xml version='1.0' encoding='utf-8'?>
<song xmlns="http://openlyrics.info/namespace/2009/song" version="0.8" createdIn="OpenLP 1.9.9" modifiedIn="OpenLP 1.9.9" modifiedDate="2013-06-02T22:57:19">
  <properties>
    <titles>
      <title>MEU RESPIRAR</title>
    </titles>
    <authors>
      <author>NÍVEA SOARES</author>
    </authors>
  </properties>
  <lyrics>
    <verse name="v1">
      <lines>ESTE É O MEU RESPIRAR<br/>ESTE É O MEU RESPIRAR<br/>TEU SANTO ESPÍRITO<br/>VIVENDO EM MIM</lines>
    </verse>
    <verse name="v2">
      <lines>E ESTE É O MEU PÃO<br/>E ESTE É O MEU PÃO<br/>TUA VONTADE FEITA<br/>EM MIM</lines>
    </verse>
    <verse name="v3">
      <lines>E EU...<br/>EU NADA SOU SEM TI<br/>PERDIDO ESTOU SEM TI</lines>
    </verse>
  </lyrics>
</song>
