<?xml version='1.0' encoding='utf-8'?>
<song xmlns="http://openlyrics.info/namespace/2009/song" version="0.8" createdIn="OpenLP 1.9.9" modifiedIn="OpenLP 1.9.9" modifiedDate="2012-09-30T13:20:44">
  <properties>
    <titles>
      <title>MEU-MAIOR-PRAZER</title>
    </titles>
    <authors>
      <author>FERNANDINHO</author>
    </authors>
  </properties>
  <lyrics>
    <verse name="v1">
      <lines>MEU MAIOR PRAZER</lines>
    </verse>
    <verse name="v2">
      <lines>MEU MAIOR PRAZER É ESTÁ CONTIGO<br/>EU TE QUERO EM TODO TEMPO<br/>TUA PRESENÇA ME SATISFAZ<br/>E ME ENCHE DE ALEGRIA<br/>QUERO ME ENTREGAR AO TEU AMOR<br/>VOU ME EMBRIAGAR DO TEU AMOR</lines>
    </verse>
    <verse name="v3">
      <lines>OUÇA A VOZ DO MEU AMADO E ELE VEM<br/>VEM SALTANDO PELOS MONTES, PULANDO PELOS MONTES<br/>ELE VEM EU CASAREI COM ELE</lines>
    </verse>
    <verse name="v4">
      <lines>ESTOU APAIXONADO POR TI JESUS<br/>ESTOU DESESPERADO POR TI JESUS<br/>EU QUERO ME ENTREGAR AO TEU AMOR</lines>
    </verse>
  </lyrics>
</song>
