<?xml version='1.0' encoding='utf-8'?>
<song xmlns="http://openlyrics.info/namespace/2009/song" version="0.8" createdIn="OpenLP 1.9.9" modifiedIn="OpenLP 1.9.9" modifiedDate="2012-09-30T13:20:27">
  <properties>
    <titles>
      <title>MILAGRE</title>
    </titles>
    <authors>
      <author>ANDRÉ VALADÃO</author>
    </authors>
  </properties>
  <lyrics>
    <verse name="v1">
      <lines>POSSO CRER EM MINHA VIDA<br/>O MILAGRE VAI ACONTECER<br/>POSSO VER AS PROMESSAS<br/>SENDO LIBERADAS SOBRE MIM<br/>SENDO LIBERADAS SOBRE MIM</lines>
    </verse>
    <verse name="v2">
      <lines>HOJE MEU MILAGRE VAI CHEGAR<br/>EU VOU CRER <br/>NÃO VOU DUVIDAAR<br/>O PREÇO QUE FOI PAGO <br/>ALI NA CRUZ<br/>ME DÁ VITÓRIA <br/>NESSA HORA</lines>
    </verse>
    <verse name="v3">
      <lines>TUA MORTE, TUA CRUZ<br/>TEU SANGUE DERRAMADO <br/>NO CALVÁRIO<br/>ESTÁ SELADO, FOI CONSUMADO<br/>EU VIVO HOJE LIVRE DO PECADO<br/>VIVO AS PROMESSAS<br/> DOS MILAGRES</lines>
    </verse>
    <verse name="v4">
      <lines>HOJE MEU MILAGRE VAI CHEGAR<br/>EU VOU CRER <br/>NÃO VOU DUVIDAR<br/>O PREÇO QUE FOI PAGO <br/>ALI NA CRUZ<br/>ME DÁ VITÓRIA <br/>NESSA HORA</lines>
    </verse>
  </lyrics>
</song>
