<?xml version='1.0' encoding='utf-8'?>
<song xmlns="http://openlyrics.info/namespace/2009/song" version="0.8" createdIn="OpenLP 1.9.9" modifiedIn="OpenLP 1.9.9" modifiedDate="2012-09-30T13:20:27">
  <properties>
    <titles>
      <title>MOVER DO ESPÍRITO</title>
    </titles>
    <authors>
      <author>MARCOS GÓES</author>
    </authors>
  </properties>
  <lyrics>
    <verse name="v1">
      <lines>QUERO QUE VALORIZE <br/>O QUE VOCÊ TEM<br/>VOCÊ É UM SER<br/>VOCÊ É ALGUÉM<br/>TÃO IMPORTANTE<br/>PARA DEUS</lines>
    </verse>
    <verse name="v2">
      <lines>NADA DE FICAR S<br/>OFRENDO ANGÚSTIA E DOR<br/>NESSE SEU<br/>COMPLEXO INFERIOR<br/>DIZENDO AS VEZES<br/>QUE NÃO É NINGUÉM</lines>
    </verse>
    <verse name="v3">
      <lines>EU VENHO FALAR <br/>DO VALOR QUE VOCÊ TEM<br/>EU VENHO FALAR <br/>DO VALOR QUE VOCÊ TEM</lines>
    </verse>
    <verse name="v4">
      <lines>ELE ESTÁ EM VOCÊ<br/>O ESPÍRITO SANTO <br/>SE MOVE EM VOCÊ<br/>ATÉ COM GEMIDOS<br/>INEXPRIMÍVEIS<br/> INEXPRIMÍVEIS</lines>
    </verse>
    <verse name="v5">
      <lines>AÍ VOCÊ PODE <br/>ENTÃO PERCEBER<br/>QUE PRA ELE HÁ ALGO <br/>IMPORTANTE EM VOCÊ<br/>POR ISSO LEVANTE E CANTE<br/>EXALTE AO SENHOR<br/>VOCÊ TEM VALOR</lines>
    </verse>
    <verse name="v6">
      <lines>O ESPÍRITO SANTO <br/>SE MOVE EM VOCÊ<br/>VOCÊ TEM VALOR</lines>
    </verse>
  </lyrics>
</song>
