<?xml version='1.0' encoding='utf-8'?>
<song xmlns="http://openlyrics.info/namespace/2009/song" version="0.8" createdIn="OpenLP 1.9.9" modifiedIn="OpenLP 1.9.9" modifiedDate="2012-09-30T13:20:27">
  <properties>
    <titles>
      <title>MOVE AS ÁGUAS</title>
    </titles>
    <authors>
      <author>COM. GOIANIA</author>
    </authors>
  </properties>
  <lyrics>
    <verse name="v1">
      <lines>TANTO TEMPO ESPEREI <br/>CHEGOU A MINHA VEZ<br/>SEI QUE HOJE É MEU DIA<br/>JESUS ESTÁ AQUI</lines>
    </verse>
    <verse name="v2">
      <lines>MOVE AS ÁGUAS SENHOR<br/>MOVE AS ÁGUAS<br/>VOU MERGULHAR<br/>E RESTAURAR<br/>A MINHA VIDA</lines>
    </verse>
  </lyrics>
</song>
