<?xml version='1.0' encoding='utf-8'?>
<song xmlns="http://openlyrics.info/namespace/2009/song" version="0.8" createdIn="OpenLP 1.9.9" modifiedIn="OpenLP 1.9.9" modifiedDate="2012-09-30T13:20:27">
  <properties>
    <titles>
      <title>NA CASA DE MEU PAI</title>
    </titles>
    <authors>
      <author>COM. NILÓPOLIS</author>
    </authors>
  </properties>
  <lyrics>
    <verse name="v1">
      <lines>NA CASA DE MEU PAI<br/>HÁ UNÇÃO E HÁ PODER <br/>NA CASA DE MEU PAI <br/>HÁ UNÇÃO E HÁ PODER</lines>
    </verse>
    <verse name="v2">
      <lines>O CEGO ENXERGA <br/>O COXO ANDA<br/>O MORTO SE LEVANTA<br/>PARA ADORAR A DEUS</lines>
    </verse>
    <verse name="v3">
      <lines>E A FOFOCA CAI,CAI,CAI<br/>A DOENÇA VAI,VAI,VAI<br/>O DEMONIO SAI,SAI,SAI<br/>E NÃO VOLTA MAIS</lines>
    </verse>
  </lyrics>
</song>
