<?xml version='1.0' encoding='utf-8'?>
<song xmlns="http://openlyrics.info/namespace/2009/song" version="0.8" createdIn="OpenLP 1.9.9" modifiedIn="OpenLP 1.9.9" modifiedDate="2012-09-30T13:20:45">
  <properties>
    <titles>
      <title>NADA-ALEM-DO-SANGUE</title>
    </titles>
    <authors>
      <author>FERNANDINHO</author>
    </authors>
  </properties>
  <lyrics>
    <verse name="v1">
      <lines>NADA ALÉM DO SANGUE</lines>
    </verse>
    <verse name="v2">
      <lines>TEU SANGUE LEVA-ME ALÉM<br/>A TODAS AS ALTURAS<br/>ONDE OUÇO A TUA VOZ<br/>FALA DE TUA JUSTIÇA PELA MINHA VIDA<br/>JESUS, ESTE É O TEU SANGUE</lines>
    </verse>
    <verse name="v3">
      <lines>TUA CRUZ MOSTRA A TUA GRAÇA<br/>FALA DO AMOR DO PAI<br/>QUE PREPARA PARA NÓS<br/>UM CAMINHO PARA ELE<br/>ONDE POSSO ME ACHEGAR<br/>SOMENTE PELO SANGUE</lines>
    </verse>
    <verse name="v4">
      <lines>REFRÃO:<br/>(1)<br/>QUE NOS LAVA DOS PECADOS<br/>E NOS TRAZ RESTAURAÇÃO<br/>NADA ALÉM DO SANGUE<br/>NADA ALÉM DO SANGUE<br/>DE JESUS</lines>
    </verse>
    <verse name="v5">
      <lines>(2)<br/>QUE NOS FAZ BRANCOS COMO A NEVE<br/>ACEITOS COMO AMIGOS DE DEUS<br/>NADA ALÉM DO SANGUE<br/>NADA ALÉM DO SANGUE<br/>DE JESUS</lines>
    </verse>
    <verse name="v6">
      <lines>EU SOU LIVRE, EU SOU LIVRE<br/>NADA ALÉM DO SANGUE<br/>NADA ALÉM DO SANGUE<br/>DE JESUS</lines>
    </verse>
    <verse name="v7">
      <lines>ALVO MAIS QUE A NEVE<br/>ALVO MAIS QUE A NEVE<br/>SIM, NESTE SANGUE LAVADO<br/>MAIS ALVO QUE A NEVE SEREI</lines>
    </verse>
  </lyrics>
</song>
