<?xml version='1.0' encoding='utf-8'?>
<song xmlns="http://openlyrics.info/namespace/2009/song" version="0.8" createdIn="OpenLP 1.9.9" modifiedIn="OpenLP 1.9.9" modifiedDate="2012-09-30T13:20:27">
  <properties>
    <titles>
      <title>NADA ALÉM DO SANGUE</title>
    </titles>
    <authors>
      <author>FERNANDINHO</author>
    </authors>
  </properties>
  <lyrics>
    <verse name="v1">
      <lines>TEU SANGUE<br/>LEVA-ME ALÉM<br/>EM TODAS AS ALTURAS<br/>ONDE OUÇO TUA VOZ<br/>FALA DE TUA JUSTIÇA<br/>PELA MINHA VIDA<br/>JESUS ESTE É<br/>O TEU SANGUE</lines>
    </verse>
    <verse name="v2">
      <lines>TUA CRUZ<br/>MOSTRA TUA GRAÇA<br/>FALA DO AMOR DO PAI <br/>QUE PREPARA PRA NÓS<br/>O CAMINHO PARA ELE<br/>ONDE POSSO ME ACHEGAR<br/>SOMENTE PELO SANGUE</lines>
    </verse>
    <verse name="v3">
      <lines>QUE NOS LAVA<br/>DOS PECADOS<br/>QUE NOS TRAZ<br/>RESTAURAÇÃO<br/>NADA ALÉM DO SANGUE<br/>NADA ALÉM DO SANGUE <br/>DE JESUS</lines>
    </verse>
    <verse name="v4">
      <lines>QUE NOS FAZ <br/>BRANCOS COMO A NEVE<br/>ACEITOS COMO <br/>AMIGOS DE DEUS<br/>NADA ALÉM DO SANGUE<br/>NADA ALÉM DO SANGUE <br/>DE JESUS</lines>
    </verse>
    <verse name="v5">
      <lines>EU SOU LIVRE<br/>EU SOU LIVRE<br/>NADA ALÉM DO SANGUE<br/>NADA ALÉM DO SANGUE <br/>DE JESUS</lines>
    </verse>
    <verse name="v6">
      <lines>ALVO MAIS QUE A NEVE<br/>ALVO MAIS QUE A NEVE<br/>SE NESSE SANGUE LAVADO<br/>MAIS ALVO QUE NEVE SEREI</lines>
    </verse>
  </lyrics>
</song>
