<?xml version='1.0' encoding='utf-8'?>
<song xmlns="http://openlyrics.info/namespace/2009/song" version="0.8" createdIn="OpenLP 1.9.9" modifiedIn="OpenLP 1.9.9" modifiedDate="2012-09-30T13:20:45">
  <properties>
    <titles>
      <title>NAO-HA-OUTRO</title>
    </titles>
    <authors>
      <author>FERNANDINHO</author>
    </authors>
  </properties>
  <lyrics>
    <verse name="v1">
      <lines>NÃO HÁ OUTRO</lines>
    </verse>
    <verse name="v2">
      <lines>NÃO HÁ OUTRO LUGAR<br/>NÃO HÁ OUTRA PESSOA<br/>QUE EU QUEIRA VER</lines>
    </verse>
    <verse name="v3">
      <lines>NÃO HÁ OUTRO ABRAÇO<br/>NÃO HÁ OUTRO PERFUME<br/>QUE EU QUEIRA SENTIR<br/>DOCE NOME DE JESUS<br/>AMÁVEL NOME DE JESUS<br/>EU NÃO POSSO VIVER SEM TI</lines>
    </verse>
    <verse name="v4">
      <lines>DOCE NOME DE TI JESUS<br/>AMÁVEL NOME DE JESUS<br/>MEU AMIGO, MEU BOM PASTOR</lines>
    </verse>
  </lyrics>
</song>
