<?xml version='1.0' encoding='utf-8'?>
<song xmlns="http://openlyrics.info/namespace/2009/song" version="0.8" createdIn="OpenLP 1.9.9" modifiedIn="OpenLP 1.9.9" modifiedDate="2012-09-30T13:20:28">
  <properties>
    <titles>
      <title>NÃO TENHO OUTRO BEM</title>
    </titles>
    <authors>
      <author>APASCENTAR NOVA IGUAÇU</author>
    </authors>
  </properties>
  <lyrics>
    <verse name="v1">
      <lines>NÃO IMPORTA O QUE SOU<br/>NEM O QUE TENHO<br/>DIANTE DO QUE TU ÉS<br/>TRAGO MINHAS VESTES<br/>MINHA COROA<br/>E OFEREÇO A TI</lines>
    </verse>
    <verse name="v2">
      <lines>COM OS 24 ANCIÃOS<br/>E A ENTRADA EM JERUSALÉM<br/>A MULHER NA CASA DE SIMÃO<br/>EU ME LANÇO AOS TEUS PÉS</lines>
    </verse>
    <verse name="v3">
      <lines>NÃO TENHO OUTRO<br/>BEM ALÉM DE TI<br/>NÃO TENHO OUTRO<br/>BEM ALÉM DE TI<br/>NÃO TENHO OUTRO<br/>BEM ALÉM DE TI<br/>SENHOR</lines>
    </verse>
    <verse name="v4">
      <lines>EU TE AMO <br/>EU TE QUERO<br/>EU TE ADORO<br/>MEU SENHOR</lines>
    </verse>
    <verse name="v5">
      <lines>MEU AMOR MAIOR<br/>MEU AMOR MAIOR</lines>
    </verse>
  </lyrics>
</song>
