<?xml version='1.0' encoding='utf-8'?>
<song xmlns="http://openlyrics.info/namespace/2009/song" version="0.8" createdIn="OpenLP 1.9.9" modifiedIn="OpenLP 1.9.9" modifiedDate="2012-09-30T13:20:28">
  <properties>
    <titles>
      <title>NÃO VOU DESISTIR</title>
    </titles>
    <verseOrder>v1 v2 v3 v1 v4</verseOrder>
    <authors>
      <author>-</author>
    </authors>
  </properties>
  <lyrics>
    <verse name="v1">
      <lines>O TEMPO DA DOR,<br/>AS FRUSTRAÇÕES, A SOLIDÃO.<br/>ANGUSTIA DE ESTAR VIVENDO<br/>SEM SABER QUANDO VAI MUDAR</lines>
    </verse>
    <verse name="v2">
      <lines>EU NUNCA TE VI,<br/>MAIS RECONHEÇO<br/>QUE ESTAS AQUI<br/>EU VOU ME LEVANTAR,<br/>JÁ VEJO ACONTECER <br/>QUANDO EU TE TOCAR.<br/>EU SEI QUE POSSO TE ALCANÇAR</lines>
    </verse>
    <verse name="v3">
      <lines>DECIDI, NÃO VOU DESISTIR,<br/>VOU LUTAR CONTRA A MULTIDÃO.<br/>LANÇAR-ME AOS TEUS PÉS<br/>E TE TOCAR</lines>
    </verse>
    <verse name="v4">
      <lines>HÁ VIRTUDE EM TI<br/>PRA SARAR O MEU MAU    <br/>TRANSFORMADO SEREI<br/>SE AO MENOS TE TOCAR</lines>
    </verse>
  </lyrics>
</song>
