<?xml version='1.0' encoding='utf-8'?>
<song xmlns="http://openlyrics.info/namespace/2009/song" version="0.8" createdIn="OpenLP 1.9.9" modifiedIn="OpenLP 1.9.9" modifiedDate="2012-09-30T13:20:28">
  <properties>
    <titles>
      <title>NÃO HÁ DEUS MAIOR</title>
    </titles>
    <authors>
      <author>COM. NILÓPOLIS</author>
    </authors>
  </properties>
  <lyrics>
    <verse name="v1">
      <lines>NÃO HÁ DEUS MAIOR<br/>NÃO HÁ DEUS MELHOR<br/>NÃO HÁ DEUS TÃO GRANDE<br/>COMO O NOSSO DEUS</lines>
    </verse>
    <verse name="v2">
      <lines>CRIOU O CÉU, CRIOU A TERRA<br/>CRIOU O SOL E AS ESTRELAS<br/>TUDO ELE FEZ, TUDO CRIOU<br/>TUDO FORMOU</lines>
    </verse>
    <verse name="v3">
      <lines>PARA O SEU LOUVOR<br/>PARA O SEU LOUVOR<br/>PARA O SEU, PARA O SEU<br/>PARA O SEU LOUVOR</lines>
    </verse>
  </lyrics>
</song>
