<?xml version='1.0' encoding='utf-8'?>
<song xmlns="http://openlyrics.info/namespace/2009/song" version="0.8" createdIn="OpenLP 1.9.9" modifiedIn="OpenLP 1.9.9" modifiedDate="2012-09-30T13:20:28">
  <properties>
    <titles>
      <title>O CHAO VAI TREMER</title>
    </titles>
    <authors>
      <author>-</author>
    </authors>
  </properties>
  <lyrics>
    <verse name="v1">
      <lines>ELE VEM CAVALGANDO NOS MONTES<br/>COM SEUS PÉS DE LATÃO RELUZENTE<br/>TEM  OS OLHOS DE FOGO<br/>E VOZ DE TROVÃO<br/>VEM MARCHANDO<br/> COM SEUS CAVALEIROS<br/>ARVORANDO A SUA BANDEIRA</lines>
    </verse>
    <verse name="v2">
      <lines>TEM O CETRO DE OURO<br/> E A ESPADA NAS MÃOS<br/>ELE VEM, VEM VESTIDO DE BRANCO<br/>ELE É SANTO, ELE É SANTO,<br/>ELE É SANTO<br/>EU JÁ POSSO OUVIR<br/>OS SEUS PASSOS AQUI</lines>
    </verse>
    <verse name="v3">
      <lines>ELE VEM COROADO DE GLÓRIA<br/>É AGORA, É AGORA, É AGORA<br/>QUE O CHÃO VAI TREMER<br/>E O CÉU VAI SE ABRIR</lines>
    </verse>
    <verse name="v4">
      <lines>O CHÃO VAI TREMER<br/>O CÉU VAI SE ABRIR            <br/>OS ANJOS DE DEUS   <br/>VÃO DESCER E SUBIR<br/>SENHOR DOS EXÉRCITOS<br/>É O SEU NOME</lines>
    </verse>
  </lyrics>
</song>
