<?xml version='1.0' encoding='utf-8'?>
<song xmlns="http://openlyrics.info/namespace/2009/song" version="0.8" createdIn="OpenLP 1.9.9" modifiedIn="OpenLP 1.9.9" modifiedDate="2012-09-30T13:20:28">
  <properties>
    <titles>
      <title>O ESPÍRITO DO SENHOR</title>
    </titles>
    <authors>
      <author>CARLINHOS FELIX</author>
    </authors>
  </properties>
  <lyrics>
    <verse name="v1">
      <lines>O ESPÍRITO DO SENHOR<br/>ESTÁ PRESENTE <br/>PARA CONSOLAR<br/>É DEUS COM A GENTE <br/>EXALANDO VIDA<br/>FORÇA PARA CAMINHAR</lines>
    </verse>
    <verse name="v2">
      <lines>E ELE NOS UNGIU <br/>PARA PREGAR LIBERTAÇÃO<br/>E QUEBRAR CADEIAS<br/>PRA RESTAURAR O CORAÇÃO<br/>E ANUNCIAR O ANO <br/>ACEITÁVEL DO SENHOR</lines>
    </verse>
    <verse name="v3">
      <lines>A FIM DE QUE SE CHAME<br/>A FIM DE QUE SE CHAME<br/>A FIM DE QUE SE CHAME<br/>CARVALHO DE JUSTIÇA.</lines>
    </verse>
  </lyrics>
</song>
