<?xml version='1.0' encoding='utf-8'?>
<song xmlns="http://openlyrics.info/namespace/2009/song" version="0.8" createdIn="OpenLP 1.9.9" modifiedIn="OpenLP 1.9.9" modifiedDate="2012-12-16T21:41:32">
  <properties>
    <titles>
      <title>O HINO</title>
      <title>FERNANDINHO</title>
    </titles>
    <authors>
      <author>FERNANDINHO</author>
    </authors>
  </properties>
  <lyrics>
    <verse name="v1">
      <lines>POSSO OUVIR OS PASSOS DO MEU REI <br/>POSSO ESCUTAR SEU CORAÇÃO<br/>DA MINHA ESCURIDÃO ME LIBERTOU <br/>POSSO OUVIR SEU ESPIRITO CLAMAR</lines>
    </verse>
    <verse name="v2">
      <lines>EU OUÇO: FILHO MEU CHEGOU TUA HORA <br/>DE BRILHAR VOCÊ NASCEU PRA MIM<br/>PRA ESSE TEMPO</lines>
    </verse>
    <verse name="v3">
      <lines>POSSO OUVIR O SANTO SOM AQUI<br/>ANUNCIANDO SOBRE UM GRANDE REI<br/>ROMPENDO AS BARREIRAS E GRILHÕES <br/>EU QUERO OUVIR O PAI A ME CHAMAR</lines>
    </verse>
    <verse name="v4">
      <lines>ESSE É O HINO DESSA GERAÇÃO<br/>USA - NOS DEUS  AQUI ESTAMOS <br/>QUEREMOS MAIS DE TI SENHOR <br/>O TEU AMOR NOS ALCANÇOU</lines>
    </verse>
    <verse name="v5">
      <lines>AH! JESUS É REI <br/>AH! ME CONQUISTOU<br/>AH! ME LIBERTOU <br/>PRA VIVER UMA NOVA HISTÓRIA</lines>
    </verse>
    <verse name="v6">
      <lines>VAMOS MUDAR O MUNDO</lines>
    </verse>
  </lyrics>
</song>
