<?xml version='1.0' encoding='utf-8'?>
<song xmlns="http://openlyrics.info/namespace/2009/song" version="0.8" createdIn="OpenLP 1.9.9" modifiedIn="OpenLP 1.9.9" modifiedDate="2012-09-30T13:20:28">
  <properties>
    <titles>
      <title>O SENHOR ESTÁ LEVANTANDO UM EXÉRCITO</title>
    </titles>
    <authors>
      <author>MIN. KOINONYA DE LOUVOR</author>
    </authors>
  </properties>
  <lyrics>
    <verse name="v1">
      <lines>O SENHOR ESTÁ LEVANTANDO<br/>UM GRANDE EXÉRCITO<br/>UM POVO DE GUERRA <br/>CAPAZ DE VENCER O INIMIGO</lines>
    </verse>
    <verse name="v2">
      <lines>ELE JÁ PREPAROU PARA NÓS <br/>TODO SEU ARMAMENTO<br/>QUE NOS CAPACITA <br/>A VENCER NA TERRA E CÉU.</lines>
    </verse>
    <verse name="v3">
      <lines>NOSSA LUTA NA VERDADE <br/>NÃO É CONTRA <br/>CARNE OU SANGUE<br/>MAS CONTRA <br/>OS PRINCIPADOS <br/>E DOMINADORES DO MAL</lines>
    </verse>
    <verse name="v4">
      <lines>E ELE NÃO SERÁ <br/>DERROTADO PELO INIMIGO<br/>TODA ARMA CONTRA <br/>A IGREJA IRÁ PERECER<br/>NOS ÚLTIMOS DIAS <br/>O SENHOR VIRÁ</lines>
    </verse>
    <verse name="v5">
      <lines>VIRÁ PARA REINAR <br/>COM AQUELES <br/>QUE VIVERAM EM GUERRA<br/>QUE GASTARAM <br/>OS SEUS DIAS <br/>SERVINDO A DEUS<br/>FAZENDO EM TUDO<br/>A VONTADE DO PAI</lines>
    </verse>
    <verse name="v6">
      <lines>ALELUIA, ALELUIA,<br/>ALELUIA, AMÉM.</lines>
    </verse>
  </lyrics>
</song>
