<?xml version='1.0' encoding='utf-8'?>
<song xmlns="http://openlyrics.info/namespace/2009/song" version="0.8" createdIn="OpenLP 1.9.9" modifiedIn="OpenLP 1.9.9" modifiedDate="2012-09-30T23:24:48">
  <properties>
    <titles>
      <title>O TEU AMOR ME ATRAI</title>
    </titles>
    <authors>
      <author>ROGÉRIA CRUZ</author>
    </authors>
  </properties>
  <lyrics>
    <verse name="v1">
      <lines>DOCE PRESENÇA<br/>PRESENÇA SANTA DE JESUS<br/>UM PURO PERFUME IMCOMPARÁVEL<br/>QUE VEM COMO O VENTO SOBRE MIM<br/>ÉS O DESEJADO DE TODAS AS NAÇÕES</lines>
    </verse>
    <verse name="v2">
      <lines>ANSEIO POR TI AMADO JESUS<br/>O TEU AMOR ME ATRAI JESUS<br/>A TUA DOCE VOZ ME CONDUZ<br/>PRA ONDE IREI MEU SENHOR <br/>SE TÓ TU TENS PALAVRAS<br/>DE VIDA ETERNA</lines>
    </verse>
  </lyrics>
</song>
