<?xml version='1.0' encoding='utf-8'?>
<song xmlns="http://openlyrics.info/namespace/2009/song" version="0.8" createdIn="OpenLP 1.9.9" modifiedIn="OpenLP 1.9.9" modifiedDate="2012-09-30T13:20:28">
  <properties>
    <titles>
      <title>OLHA PRA MIM</title>
    </titles>
    <authors>
      <author>APASCENTAR NOVA IGUAÇU</author>
    </authors>
  </properties>
  <lyrics>
    <verse name="v1">
      <lines>EU ME HUMILHAREI<br/>TEU NOME GRITAREI<br/>COMO CRIANÇA EU SEREI<br/>MAS OLHA PRA MIM<br/>TUAS VESTES TOCAREI<br/>NA FIGUEIRA SUBIREI<br/>AOS TEUS PÉS EU CHORAREI<br/>MAS OLHA PRA MIM</lines>
    </verse>
    <verse name="v2">
      <lines>OLHA PRA MIM SENHOR<br/>OLHA PRA MIM SENHOR<br/>OLHA PRA MIM SENHOR<br/>POIS EU PRECISO<br/>DO TEU OLHAR</lines>
    </verse>
    <verse name="v3">
      <lines>EU FAREI O QUE<br/>FOR PRECISO, PARA TE VER<br/>POIS NÃO POSSO<br/>DEIXAR QUE SIGAS,<br/>SEM ME PERCEBER<br/>NÃO IMPORTA A MULTIDÃO<br/>SÓ EU SEI DO QUE<br/>EU PRECISO E EU PRECISO<br/>DO TEU OLHAR</lines>
    </verse>
  </lyrics>
</song>
