<?xml version='1.0' encoding='utf-8'?>
<song xmlns="http://openlyrics.info/namespace/2009/song" version="0.8" createdIn="OpenLP 1.9.9" modifiedIn="OpenLP 1.9.9" modifiedDate="2012-09-30T13:20:29">
  <properties>
    <titles>
      <title>PELO SENHOR MARCHAMOS</title>
    </titles>
    <authors>
      <author>-</author>
    </authors>
  </properties>
  <lyrics>
    <verse name="v1">
      <lines>PELO SENHOR<br/>MARCHAMOS SIM<br/>O SEU EXÉRCITO<br/>PODEROSO É<br/>SUA GLÓRIA SERÁ VISTA<br/>EM TODA A TERRA</lines>
    </verse>
    <verse name="v2">
      <lines>VAMOS CANTAR<br/>O CANTO DA VITÓRIA<br/>GLÓRIA A DEUS<br/>VENCEMOS A BATALHA<br/>TODA ARMA CONTRA <br/>NÓS PERECERÁ</lines>
    </verse>
    <verse name="v3">
      <lines>O NOSSO GENERAL<br/>É CRISTO<br/>SEGUIMOS OS<br/>SEUS PASSOS<br/>NENHUM INIMIGO <br/>NOS RESISTIRÁ</lines>
    </verse>
    <verse name="v4">
      <lines>COM MESSIAS<br/>MARCHAMOS SIM<br/>EM SUAS MÃOS<br/>A CHAVE DA VITÓRIA<br/>QUE NOS LEVA A POSSUIR<br/>A TERRA PROMETIDA</lines>
    </verse>
  </lyrics>
</song>
