<?xml version='1.0' encoding='utf-8'?>
<song xmlns="http://openlyrics.info/namespace/2009/song" version="0.8" createdIn="OpenLP 1.9.9" modifiedIn="OpenLP 1.9.9" modifiedDate="2012-09-30T13:20:45">
  <properties>
    <titles>
      <title>PERDAO</title>
    </titles>
    <authors>
      <author>FERNANDINHO</author>
    </authors>
  </properties>
  <lyrics>
    <verse name="v1">
      <lines>PERDÃO</lines>
    </verse>
    <verse name="v2">
      <lines>SOMOS UM JARDIM DIANTE DO SENHOR<br/>JARDIM REGADO PELA SUA GRAÇA E SEU AMOR<br/>SOMOS O BOM PERFUME DE CRISTO<br/>EXALANDO O CHEIRO DE VIDA<br/>SOMOS UM JARDIM DIANTE DO SENHOR<br/>JARDIM REGADO PELA SUA GRAÇA E SEU AMOR</lines>
    </verse>
    <verse name="v3">
      <lines>SEMPRE QUE VOCÊ PRECISAR, IRMÃO<br/>O PERDOAREI DE CORAÇÃO<br/>ESSA É A VONTADE DO PAI<br/>QUE ME PERDOOU EM CRISTO JESUS<br/>SOMOS DEVEDORES UNS DOS OUTROS<br/>NO AMOR QUE FLUI DE DEUS<br/>QUE NOS TEM FEITO UM EM CRISTO<br/>TENDO TUDO EM COMUM<br/>MEU QUERIDO IRMÃO, SE NA CAMINHADA<br/>ALGO SE LEVANTAR PRA QUEBRAR A COMUNHÃO<br/>O MEU CORAÇÃO, NA FORÇA DO SENHOR<br/>PRA VOCÊ VAI LIBERAR PERDÃO</lines>
    </verse>
  </lyrics>
</song>
