<?xml version='1.0' encoding='utf-8'?>
<song xmlns="http://openlyrics.info/namespace/2009/song" version="0.8" createdIn="OpenLP 1.9.9" modifiedIn="OpenLP 1.9.9" modifiedDate="2013-02-15T22:45:46">
  <properties>
    <titles>
      <title>PODER DE ORAÇÃO</title>
    </titles>
    <authors>
      <author>COM. GOIANIA</author>
    </authors>
  </properties>
  <lyrics>
    <verse name="v1">
      <lines>EU CREIO NO PODER <br/>DOS JOELHOS QUE SE DOBRAM<br/>EU CREIO NO PODER DA ORAÇÃO<br/>EU CREIO NO PODER <br/>DAS MÃOS QUE SE LEVANTAM<br/>EU CREIO NO PODER DA ORAÇÃO.</lines>
    </verse>
    <verse name="v2">
      <lines>VOU LEVAR MEUS PROBLEMAS PRA DEUS<br/>ENTREGAR MEUS PROBLEMAS PRA DEUS<br/>ABENÇOAR MINHA FAMÍLIA, <br/>MINHA CASA, MEUS IRMÃOS,<br/>POIS EU CREIO NO PODER DA ORAÇÃO<br/>EU CREIO NO PODER DA ORAÇÃO.</lines>
    </verse>
    <verse name="v3">
      <lines>EU CREIO NO PODER <br/>DA BRASA VIVA NO ALTAR<br/>INCENSO MISTURADO A ORAÇÃO<br/>QUANDO O ANJO OFERECER, <br/>A TROMBETA VAI TOCAR<br/>DEUS VAI MOVER OS CÉUS, <br/>A TERRA E O MAR.</lines>
    </verse>
  </lyrics>
</song>
