<?xml version='1.0' encoding='utf-8'?>
<song xmlns="http://openlyrics.info/namespace/2009/song" version="0.8" createdIn="OpenLP 1.9.9" modifiedIn="OpenLP 1.9.9" modifiedDate="2012-09-30T13:20:45">
  <properties>
    <titles>
      <title>PRECISO-DE-VOCE</title>
    </titles>
    <authors>
      <author>FERNANDINHO</author>
    </authors>
  </properties>
  <lyrics>
    <verse name="v1">
      <lines>PRECISO DE VOCÊ</lines>
    </verse>
    <verse name="v2">
      <lines>SEM O TEU AMOR EU NÃO CONSIGO VIVER<br/>SEM O TEU PERDÃO, SEM TEU CARINHO<br/>NÃO ADIANTA DISFARÇAR<br/>NÃO ADIANTA MAIS TENTAR NEGAR</lines>
    </verse>
    <verse name="v3">
      <lines>PRECISO DE VOCÊ E AO TEU LADO QUERO ESTAR<br/>MEU CORAÇÃO É TEU E O MEU AMOR TAMBÉM<br/>PRECISO DE VOCÊ, MEU BEM<br/>NÃO ACREDITEI QUANDO TE VI (PELA PRIMEIRA VEZ)<br/>MEU OLHAR SE ENCHEU DE UM BRILHO ESPECIAL</lines>
    </verse>
    <verse name="v4">
      <lines>NÃO VIA MAIS NINGUÉM, SÓ VIA VOCÊ<br/>MEU CORAÇÃO BATEU FORTE E AÍ...<br/>FOI AMOR DESDE A PRIMEIRA VEZ<br/>TENHO CERTEZA, FOI JESUS QUE ME FEZ TE ENCONTRAR</lines>
    </verse>
    <verse name="v5">
      <lines>FOI AMOR DESDE A PRIMEIRA VEZ<br/>TENHO CERTEZA, FOI JESUS QUE ME FEZ TE ENCONTRAR<br/>E TE AMAR.</lines>
    </verse>
  </lyrics>
</song>
