<?xml version='1.0' encoding='utf-8'?>
<song xmlns="http://openlyrics.info/namespace/2009/song" version="0.8" createdIn="OpenLP 1.9.9" modifiedIn="OpenLP 1.9.9" modifiedDate="2012-09-30T13:20:45">
  <properties>
    <titles>
      <title>PRECISO-DE-TI</title>
    </titles>
    <authors>
      <author>FERNANDINHO</author>
    </authors>
  </properties>
  <lyrics>
    <verse name="v1">
      <lines>PRECISO DE TI</lines>
    </verse>
    <verse name="v2">
      <lines>PRECISO DE TI<br/>PRECISO DO TEU PERDÃO<br/>PRECISO DE TI<br/>QUEBRANTA MEU CORAÇÃO<br/>COMO A CORÇA ANSEIA POR ÁGUAS ASSIM TENHO SEDE<br/>COMO TERRA SECA ASSIM É A MINH'ALMA<br/>PRECISO DE TI<br/>DISTANTE DE TI SENHOR NÃO POSSO VIVER<br/>NÃO VALE A PENA EXISTIR<br/>ESCUTA O MEU CLAMOR MAIS QUE O AR QUE EU RESPIRO<br/>PRECISO DE TI<br/>NÃO POSSO ESQUECER O QUE FIZESTE POR MIM<br/>COMO ALTO É O CÉU TUA MISERICÓRDIA É SEM FIM<br/>COMO UM PAI SE COMPADECE DOS FILHOS ASSIM TU ME AMAS<br/>AFASTA AS MINHAS TRANSGRESSÕES<br/>PRECISO DE TI<br/>E AS LUTAS VÊM TENTANDO ME AFASTAR DE TI<br/>FRIEZA E ESCURIDÃO PROCURAM ME CEGAR<br/>MAS EU NÃO VOU DESISTIR AJUDA-ME SENHOR<br/>EU QUERO PERMANECER CONTIGO ATÉ O FIM</lines>
    </verse>
  </lyrics>
</song>
