<?xml version='1.0' encoding='utf-8'?>
<song xmlns="http://openlyrics.info/namespace/2009/song" version="0.8" createdIn="OpenLP 1.9.9" modifiedIn="OpenLP 1.9.9" modifiedDate="2012-09-30T13:20:29">
  <properties>
    <titles>
      <title>PRIMEIRO AMOR</title>
    </titles>
    <authors>
      <author>-</author>
    </authors>
  </properties>
  <lyrics>
    <verse name="v1">
      <lines>QUERO VOLTAR<br/>AO INÍCIO DE TUDO<br/>ENCONTRAR-ME<br/>CONTIGO, SENHOR.<br/>QUERO REVER MEUS<br/>CONCEITOS E VALORES<br/>EU QUERO RECONSTRUIR</lines>
    </verse>
    <verse name="v2">
      <lines>VOU REGRESSAR<br/>AO CAMINHO<br/>VOLVER AS PRIMEIRAS<br/>OBRAS, SENHOR</lines>
    </verse>
    <verse name="v3">
      <lines>EU ME ARREPENDO,<br/>SENHOR, ME ARREPENDO,<br/>SENHOR, ME ARREPENDO,<br/>SENHOR!</lines>
    </verse>
    <verse name="v4">
      <lines>EU QUERO VOLTAR<br/>AO PRIMEIRO AMOR,<br/>AO PRIMEIRO AMOR<br/>EU QUERO VOLTAR A DEUS</lines>
    </verse>
  </lyrics>
</song>
