<?xml version='1.0' encoding='utf-8'?>
<song xmlns="http://openlyrics.info/namespace/2009/song" version="0.8" createdIn="OpenLP 1.9.9" modifiedIn="OpenLP 1.9.9" modifiedDate="2012-09-30T13:20:29">
  <properties>
    <titles>
      <title>PÃO DA VIDA</title>
    </titles>
    <authors>
      <author>CLÁUDIO CLARO</author>
    </authors>
  </properties>
  <lyrics>
    <verse name="v1">
      <lines>CRISTO LEVOU SOBRE SI <br/>AS NOSSAS DORES<br/>ELE LEVOU SOBRE SI <br/>AS NOSSAS TRANSGRESSÕES<br/>O CASTIGO <br/>QUE NOS TRAZ A PAZ<br/>ESTAVA SOBRE ELE,<br/>E POR SUAS CHAGAS <br/>FOMOS SARADOS.</lines>
    </verse>
    <verse name="v2">
      <lines>ELE TOMOU SOBRE SI <br/>AS NOSSAS MALDIÇÕES<br/>ELE SOFREU PARA QUE <br/>TIVÉSSEMOS PERDÃO<br/>O SEU SANGUE DERRAMOU<br/>PARA NOS RESGATAR <br/>DAS TREVAS<br/>E NOS LAVAR <br/>DE TODA A INIQUIDADE</lines>
    </verse>
    <verse name="v3">
      <lines>JESUS, PÃO DA VIDA<br/>JESUS, LUZ DO MUNDO<br/>PRÍNCIPE DA PAZ<br/>MARAVILHOSO CONSELHEIRO<br/>FONTE DE ETERNIDADE E AMOR</lines>
    </verse>
    <verse name="v4">
      <lines>JESUS, DEUS EMANUEL<br/>JESUS, SANTO DOS SANTOS<br/>ÁRVORE DA VIDA<br/>RIO QUE BROTA<br/>DO TRONO DE DEUS<br/>ALEGRIA PROFUNDA <br/>DO MEU CORAÇÃO<br/>RECEBE A ADORAÇÃO</lines>
    </verse>
    <verse name="v5">
      <lines>JESUS, ÉS DIGNO DE LOUVOR<br/>JESUS, RECEBE A ADORAÇÃO</lines>
    </verse>
  </lyrics>
</song>
