<?xml version='1.0' encoding='utf-8'?>
<song xmlns="http://openlyrics.info/namespace/2009/song" version="0.8" createdIn="OpenLP 1.9.9" modifiedIn="OpenLP 1.9.9" modifiedDate="2013-09-20T23:42:16">
  <properties>
    <titles>
      <title>QUAO FORMOSO ES</title>
    </titles>
    <authors>
      <author>-</author>
    </authors>
  </properties>
  <lyrics>
    <verse name="v1">
      <lines>QUÃO FORMOSO ÉS<br/>REI DO UNIVERSO<br/>TUA GLÓRIA ENCHE A TERRA<br/>E ENCHE OS CÉUS<br/>TUA GLÓRIA ENCHE A TERRA<br/>TUA GLÓRIA ENCHE OS CÉUS<br/>TUA GLÓRIA ENCHE MINHA VIDA, SENHOR</lines>
    </verse>
    <verse name="v2">
      <lines>MARAVILHOSO É <br/>ESTAR EM TUA PRESENÇA<br/>MARAVILHOSO É <br/>PODER TE ADORAR<br/>MARAVILHOSO É <br/>TOCAR EM TUAS VESTES<br/>MARAVILHOSO É <br/>TE CONTEMPLAR SENHOR</lines>
    </verse>
  </lyrics>
</song>
