<?xml version='1.0' encoding='utf-8'?>
<song xmlns="http://openlyrics.info/namespace/2009/song" version="0.8" createdIn="OpenLP 1.9.9" modifiedIn="OpenLP 1.9.9" modifiedDate="2012-09-30T13:20:30">
  <properties>
    <titles>
      <title>QUEM PODE LIVRAR</title>
    </titles>
    <authors>
      <author>-</author>
    </authors>
  </properties>
  <lyrics>
    <verse name="v1">
      <lines>QUEM PODE LIVRAR COMO O SENHOR<br/>ELE É PODEROSO PRA ME GUARDAR</lines>
    </verse>
    <verse name="v2">
      <lines>QUANDO OS MEUS INIMIGOS<br/>SE LEVANTARAM CONTRA MIM<br/>O SENHOR ESTENDEU SUAS MÃOS<br/>PARA MIM E ME DEU A VITÓRIA</lines>
    </verse>
  </lyrics>
</song>
