<?xml version='1.0' encoding='utf-8'?>
<song xmlns="http://openlyrics.info/namespace/2009/song" version="0.8" createdIn="OpenLP 1.9.9" modifiedIn="OpenLP 1.9.9" modifiedDate="2012-09-30T13:20:30">
  <properties>
    <titles>
      <title>QUERO SER COMO CRIANÇA</title>
    </titles>
    <authors>
      <author>DAVID QUINLAN</author>
    </authors>
  </properties>
  <lyrics>
    <verse name="v1">
      <lines>QUERO SER COMO CRIANÇA<br/>TE AMAR PELO QUE ÉS<br/>VOLTAR A INOCÊNCIA<br/>E ACREDITAR EM TI<br/>MAS ÀS VEZES SOU LEVADO<br/>PELA VONTADE DE CRESCER<br/>TORNO-ME INDEPENDENTE<br/>E DEIXO DE SIMPLESMENTE CRER</lines>
    </verse>
    <verse name="v2">
      <lines>NÃO POSSO VIVER, <br/>LONGE DO TEU AMOR, SENHOR<br/>NÃO POSSO VIVER, <br/>LONGE DO TEU AFAGO, SENHOR<br/>NÃO POSSO VIVER, <br/>LONGE DO TEU ABRAÇO, SENHOR</lines>
    </verse>
    <verse name="v3">
      <lines>ABRAÇA-ME, ABRAÇA-ME, <br/>ABRAÇA-ME SENHOR<br/>COM TEUS BRAÇOS DE AMOR.</lines>
    </verse>
  </lyrics>
</song>
