<?xml version='1.0' encoding='utf-8'?>
<song xmlns="http://openlyrics.info/namespace/2009/song" version="0.8" createdIn="OpenLP 1.9.9" modifiedIn="OpenLP 1.9.9" modifiedDate="2012-09-30T13:20:45">
  <properties>
    <titles>
      <title>QUERO-TE-OBEDECER</title>
    </titles>
    <authors>
      <author>FERNANDINHO</author>
    </authors>
  </properties>
  <lyrics>
    <verse name="v1">
      <lines>QUERO TE OBEDECER</lines>
    </verse>
    <verse name="v2">
      <lines>NOVA CRIATURA SOU<br/>TEU SANGUE ME LAVOU<br/>TENHO VESTES DE LOUVOR<br/>MINHA VIDA RESTAUROU<br/>ME TIRA DO VALE DE OSSOS SECOS<br/>ME LEVA A PASTOS VERDEJANTES<br/>EU QUERO TE OBEDECER<br/>TE OBEDECER<br/>TEUS MANDAMENTOS<br/>SÃO MAIS DOCES DO QUE O MEL<br/>EU QUERO TE OBEDECER<br/>TE OBEDECER<br/>TUA PALAVRA<br/>ME LEVA À TUA VONTADE</lines>
    </verse>
  </lyrics>
</song>
