<?xml version='1.0' encoding='utf-8'?>
<song xmlns="http://openlyrics.info/namespace/2009/song" version="0.8" createdIn="OpenLP 1.9.9" modifiedIn="OpenLP 1.9.9" modifiedDate="2012-09-30T13:20:30">
  <properties>
    <titles>
      <title>QUERO QUE VALORIZE O QUE  VOCÊ TEM</title>
    </titles>
    <authors>
      <author>-</author>
    </authors>
  </properties>
  <lyrics>
    <verse name="v1">
      <lines>QUERO QUE VALORIZE<br/>O QUE  VOCÊ TEM;<br/>VOCÊ É UM SER, <br/>VOCÊ É ALGUÉM<br/>TÃO IMPORTANTE<br/>PARA DEUS!</lines>
    </verse>
    <verse name="v2">
      <lines>NADA DE FICAR SOFRENDO<br/>ANGÚSTIA E DOR<br/>NESTE SEU COMPLEXO<br/>INFERIOR.DIZENDO, ÀS VEZES, <br/>QUE NÃO É NINGUÉM!</lines>
    </verse>
    <verse name="v3">
      <lines>EU VENHO FALAR<br/>DO VALOR QUE VOCÊ TEM<br/>ELE ESTÁ EM VOCÊ,<br/>O ESPÍRITO SANTO<br/>SE MOVE EM VOCÊ<br/>ATÉ COM GEMIDOS<br/>INEXPRIMÍVEIS, INEXPRIMÍVEIS.</lines>
    </verse>
    <verse name="v4">
      <lines>AÍ VOCÊ PODE ENTÃO PERCEBER<br/>QUE PRA ELE HÁ ALGO <br/>IMPORTANTE EM VOCÊ<br/>POR ISSO LEVANTE E CANTE!<br/>EXALTE AO SENHOR!</lines>
    </verse>
    <verse name="v5">
      <lines>VOCÊ TEM VALOR!<br/>O ESPÍRITO SANTO<br/>SE MOVE EM VOCÊ.</lines>
    </verse>
  </lyrics>
</song>
