<?xml version='1.0' encoding='utf-8'?>
<song xmlns="http://openlyrics.info/namespace/2009/song" version="0.8" createdIn="OpenLP 1.9.9" modifiedIn="OpenLP 1.9.9" modifiedDate="2012-09-30T13:20:29">
  <properties>
    <titles>
      <title>QUÃO BOM</title>
    </titles>
    <authors>
      <author>-</author>
    </authors>
  </properties>
  <lyrics>
    <verse name="v1">
      <lines>QUÃO BOM E QUÃO<br/>MARAVILHOSO É<br/>QUE OS IRMÃOS<br/>VIVAM EM UNIÃO</lines>
    </verse>
    <verse name="v2">
      <lines>APERTE A MÃO DO SEU IRMÃO<br/>E DÊ UM SORRISO PRA ELE<br/>APERTE A MÃO DO SEU IRMÃO<br/>E CANTE ESSA CANÇÃO.</lines>
    </verse>
  </lyrics>
</song>
