<?xml version='1.0' encoding='utf-8'?>
<song xmlns="http://openlyrics.info/namespace/2009/song" version="0.8" createdIn="OpenLP 1.9.9" modifiedIn="OpenLP 1.9.9" modifiedDate="2012-09-30T13:20:30">
  <properties>
    <titles>
      <title>REDE AO MAR</title>
    </titles>
    <authors>
      <author>-</author>
    </authors>
  </properties>
  <lyrics>
    <verse name="v1">
      <lines>NÃO PODIA ENTENDER<br/>QUE VOCÊ IA ME QUERER<br/>LANÇOU A REDE AO MAR<br/>E QUERENDO ME PEGAR      <br/>PEGOU MEU CORAÇÃO</lines>
    </verse>
    <verse name="v2">
      <lines>HOJE EU ESTOU AQUI,<br/>POIS VOCÊ ME ESCOLHEU<br/>AGORA POSSO ENTENDER<br/>E O MESMO EU VOU FAZER        <br/>VOU LANÇAR<br/>A MINHA REDE AO MAR</lines>
    </verse>
    <verse name="v3">
      <lines>VOU LANÇAR<br/>A MINHA REDE AO MAR<br/>MUITAS ALMAS<br/>TAMBÉM VOU GANHAR<br/>TANTAS QUE EU<br/>NÃO PODEREI CONTAR<br/>ALMAS COMO<br/>AS AREIAS DO MAR</lines>
    </verse>
    <verse name="v4">
      <lines>IDE,  FAZEI DISCÍPULOS  <br/>DE TODAS  AS NAÇÕES</lines>
    </verse>
  </lyrics>
</song>
