<?xml version='1.0' encoding='utf-8'?>
<song xmlns="http://openlyrics.info/namespace/2009/song" version="0.8" createdIn="OpenLP 1.9.9" modifiedIn="OpenLP 1.9.9" modifiedDate="2012-09-30T13:20:30">
  <properties>
    <titles>
      <title>REI DA GLÓRIA</title>
    </titles>
    <authors>
      <author>-</author>
    </authors>
  </properties>
  <lyrics>
    <verse name="v1">
      <lines>QUEM É ESSE REI DA GLÓRIA, <br/>QUE ME ABRAÇA COM AMOR<br/>E COM FALAR SUAVE, <br/>SURPREENDE MEU VIVER<br/>MEU CORAÇÃO RECORDA,<br/>O PERDÃO QUE ME LAVOU<br/>QUEM É ESSE REI DA GLÓRIA<br/>ELE É TUDO PARA MIM</lines>
    </verse>
    <verse name="v2">
      <lines>QUEM É ESSE REI DOS ANJOS,<br/>O PRÍNCIPE DA PAZ<br/>REVELA SEUS MISTÉRIOS,<br/>DO ALTO PARA MIM<br/>MEU ESPÍRITO ALMEJA,<br/>SUA GRAÇA A ME FIRMAR<br/>QUEM É ESSE REI DA GLÓRIA,<br/>FILHO DO DEUS CRIADOR</lines>
    </verse>
    <verse name="v3">
      <lines>SEU NOME É JESUS, PRECIOSO<br/>PODEROSO, REI DO MEU SER, <br/>REI DA GLÓRIA</lines>
    </verse>
    <verse name="v4">
      <lines>QUEM É ESSE REI DA GLÓRIA, <br/>MAJESTOSO E COM PODER<br/>SABEDORIA PLENA<br/>GRACIOSO REI DOS REIS<br/>SENHOR DOS CÉUS E DA TERRA<br/>DE TUDO É  O CRIADOR<br/>QUEM É ESSE REI DA GLÓRIA<br/>ELE É TUDO PARA MIM</lines>
    </verse>
  </lyrics>
</song>
