<?xml version='1.0' encoding='utf-8'?>
<song xmlns="http://openlyrics.info/namespace/2009/song" version="0.8" createdIn="OpenLP 1.9.9" modifiedIn="OpenLP 1.9.9" modifiedDate="2012-09-30T13:20:31">
  <properties>
    <titles>
      <title>REINA SOBRE MIM</title>
    </titles>
    <authors>
      <author>NÍVEA SOARES</author>
    </authors>
  </properties>
  <lyrics>
    <verse name="v1">
      <lines>CORREREI PARA TI <br/>MEU SENHOR<br/>MINH’ALMA ANSEIA POR TI<br/>SOU POBRE, CEGO E NÚ<br/>NADA TENHO PRA <br/>TE OFERECER</lines>
    </verse>
    <verse name="v2">
      <lines>QUERO AOS TEUS BRAÇOS <br/>ME ENTREGAR<br/>POIS SEI QUE TU ME ACEITAS <br/>COMO ESTOU<br/>PRECISO DO TEU OURO<br/>PURIFICA-ME SENHOR</lines>
    </verse>
    <verse name="v3">
      <lines>REINA SOBRE MIM<br/>EU ME RENDO A TI<br/>EU ME RENDO A TI<br/>REINA SOBRE MIM<br/>SOU TUA NOIVA ESPERO<br/>E ANSEIO POR TI</lines>
    </verse>
  </lyrics>
</song>
