<?xml version='1.0' encoding='utf-8'?>
<song xmlns="http://openlyrics.info/namespace/2009/song" version="0.8" createdIn="OpenLP 1.9.9" modifiedIn="OpenLP 1.9.9" modifiedDate="2012-09-30T13:20:31">
  <properties>
    <titles>
      <title>REINA EM MIM</title>
    </titles>
    <authors>
      <author>CARLINHOS FELIX</author>
    </authors>
  </properties>
  <lyrics>
    <verse name="v1">
      <lines>SOBRE TODA A TERRA <br/>TU ÉS O REI,<br/>SOBRE AS MONTANHAS <br/>E O PÔR-DO-SOL<br/>UMA COISA SÓ<br/>MEU DESEJO É<br/>VEM REINAR <br/>DE NOVO EM MIM</lines>
    </verse>
    <verse name="v2">
      <lines>REINA EM MIM <br/>COM O TEU PODER<br/>SOBRE A ESCURIDÃO,<br/>SOBRE OS SONHOS MEUS<br/>TU ÉS O SENHOR <br/>DE TUDO QUE SOU,<br/>VEM REINAR EM <br/>SENHOR</lines>
    </verse>
    <verse name="v3">
      <lines>SOBRE O MEU PENSAR<br/>TUDO QUE EU FALAR<br/>FAZ-ME REFLETIR<br/>A BELEZA QUE HÁ EM TI<br/>TU ÉS PARA MIM<br/>MAIS QUE TUDO AQUI<br/>VEM REINAR<br/>DE NOVO EM MIM</lines>
    </verse>
    <verse name="v4">
      <lines>...REINAR EM MIM SENHOR,<br/>VEM REINAR EM MIM SENHOR</lines>
    </verse>
  </lyrics>
</song>
