<?xml version='1.0' encoding='utf-8'?>
<song xmlns="http://openlyrics.info/namespace/2009/song" version="0.8" createdIn="OpenLP 1.9.9" modifiedIn="OpenLP 1.9.9" modifiedDate="2012-09-30T13:20:31">
  <properties>
    <titles>
      <title>RENOVA-ME</title>
    </titles>
    <authors>
      <author>-</author>
    </authors>
  </properties>
  <lyrics>
    <verse name="v1">
      <lines>Renova-me, Senhor Jesus,<br/>Já não quero ser igual.<br/>Renova-me, Senhor Jesus,<br/>Põe em mim Teu coração.</lines>
    </verse>
    <verse name="v2">
      <lines>Porque tudo que há<br/>Dentro de mim<br/>Necessita ser mudado,<br/>Senhor.</lines>
    </verse>
    <verse name="v3">
      <lines>Porque tudo que há<br/>Dentro do meu coração<br/>Necessita mais de Ti.</lines>
    </verse>
  </lyrics>
</song>
