<?xml version='1.0' encoding='utf-8'?>
<song xmlns="http://openlyrics.info/namespace/2009/song" version="0.8" createdIn="OpenLP 1.9.9" modifiedIn="OpenLP 1.9.9" modifiedDate="2013-01-20T21:39:34">
  <properties>
    <titles>
      <title>RESSUSCITA</title>
    </titles>
    <authors>
      <author>-</author>
    </authors>
  </properties>
  <lyrics>
    <verse name="v1">
      <lines>O que posso ver<br/>Senão um vale de ossos secos<br/>O que posso dizer<br/>Se já se foi a esperança<br/>Nossa vergonha, está exposta<br/>Debaixo do sol, há muito tempo<br/>Se foi a alegria<br/>Não há Espírito, não há Palavra</lines>
    </verse>
    <verse name="v2">
      <lines>Filho do Homem mude a história<br/>Com tua boca, profetiza<br/>Volte a alegria<br/>Venha Espírito, haja Palavra</lines>
    </verse>
    <verse name="v3">
      <lines>Ressuscita, oh terra que estava morta<br/>Oh vale de ossos secos, volte a respirar<br/>Posso ouvir, o som do avivamento<br/>A morte tornando vida<br/>Ressuscita</lines>
    </verse>
    <verse name="v4">
      <lines>Vida, eu profetizo sobre ti a vida<br/>Receba sobre ti,a vida<br/>Vida de Deus.</lines>
    </verse>
    <verse name="v5">
      <lines>Ressuscita, oh terra que estava morta<br/>Oh vale de ossos secos, volte a respirar<br/>Posso ouvir, o som do avivamento<br/>A morte tornando vida<br/>Ressuscita</lines>
    </verse>
  </lyrics>
</song>
