<?xml version='1.0' encoding='utf-8'?>
<song xmlns="http://openlyrics.info/namespace/2009/song" version="0.8" createdIn="OpenLP 1.9.9" modifiedIn="OpenLP 1.9.9" modifiedDate="2012-09-30T13:20:45">
  <properties>
    <titles>
      <title>RESTITUI</title>
    </titles>
    <authors>
      <author>FERNANDINHO</author>
    </authors>
  </properties>
  <lyrics>
    <verse name="v1">
      <lines>RESTITUI</lines>
    </verse>
    <verse name="v2">
      <lines>OS PLANOS QUE FORAM EMBORA<br/>O SONHO QUE SE PERDEU<br/>O QUE ERA FESTA E AGORA<br/>É LUTO DO QUE JÁ MORREU<br/>NÃO PODES PENSAR QUE ESTE É O TEU FIM<br/>NÃO É O QUE DEUS PLANEJOU<br/>LEVANTE-SE DO CHÃO!<br/>ERGA UM CLAMOR!</lines>
    </verse>
    <verse name="v3">
      <lines>RESTITUI!<br/>EU QUERO DE VOLTA O QUE É MEU<br/>SARA-ME!<br/>E PÕE TEU AZEITE EM MINHA DOR<br/>RESTITUI!<br/>E LEVA-ME ÀS ÁGUAS TRANQÜILAS<br/>LAVA-ME E REFRIGERA A MINH'ALMA<br/>RESTITUI...</lines>
    </verse>
    <verse name="v4">
      <lines>E O TEMPO QUE ROUBADO FOI<br/>NÃO PODERÁ SE COMPARAR<br/>A TUDO AQUILO QUE O SENHOR<br/>TEM PREPARADO AO QUE CLAMAR<br/>CREIA PORQUE O PODER DE UM CLAMOR<br/>PODE RESSUSCITAR...</lines>
    </verse>
  </lyrics>
</song>
