<?xml version='1.0' encoding='utf-8'?>
<song xmlns="http://openlyrics.info/namespace/2009/song" version="0.8" createdIn="OpenLP 1.9.9" modifiedIn="OpenLP 1.9.9" modifiedDate="2012-09-30T22:56:47">
  <properties>
    <titles>
      <title>RIO DE VIDA</title>
    </titles>
    <authors>
      <author>ROGÉRIA CRUZ</author>
    </authors>
  </properties>
  <lyrics>
    <verse name="v1">
      <lines>HÁ UM RIO NESTE LUGAR<br/>EU POSSO OUVIR O SOM DAS ÁGUAS<br/>A FLUIR NESTE LUGAR<br/>RIO DE VIDA</lines>
    </verse>
    <verse name="v2">
      <lines>SE PREPARE PARA MERGULHAR<br/>E RECEBER A UNÇÃO E CURA<br/>PORQUE AS ÁGUAS DO SENHOR <br/>JÁ CHEGARAMRIO DE VIDA<br/>RIO DE VIDA<br/>RIO DE VIDA. JESUS</lines>
    </verse>
  </lyrics>
</song>
