<?xml version='1.0' encoding='utf-8'?>
<song xmlns="http://openlyrics.info/namespace/2009/song" version="0.8" createdIn="OpenLP 1.9.9" modifiedIn="OpenLP 1.9.9" modifiedDate="2012-09-30T13:20:31">
  <properties>
    <titles>
      <title>RIO</title>
    </titles>
    <verseOrder>v1 v2 v3 v2 v4 v5 v2</verseOrder>
    <authors>
      <author>NÍVEA SOARES</author>
    </authors>
  </properties>
  <lyrics>
    <verse name="v1">
      <lines>RIO DE DEUS FLUA PELAS RUAS<br/>RIO DE DEUS FLUA ATRAVÉS DE MIM<br/>TRAZENDO JUSTIÇA PAZ, ALEGRIA<br/>MANIFESTANDO GRAÇA MISERICÓRDIA<br/>RIO DE DEUS SUBA PELOS MORROS<br/>RIO DE DEUS BROTE DOS DESERTOS<br/>TRAZENDO JUSTIÇA, PAZ, ALEGRIA<br/>MANIFESTANDO GRAÇA MISERICÓRDIA</lines>
    </verse>
    <verse name="v2">
      <lines>PAI DE AMOR TU ÉS BEM-VINDO<br/>NESTE LUGAR DOCE JESUS<br/>TU ÉS BEM-VINDO NESTE LUGAR<br/>ESPÍRITO SANTO TU ÉS BEM-VINDO<br/>NESTE LUGAR FLUA EM MIM<br/>TU ÉS BEM-VINDO NESTE LUGAR</lines>
    </verse>
    <verse name="v3">
      <lines>RIO DE DEUS ENTRE PELAS GRADES<br/>RIO DE DEUS ROMPA AS PRISÕES<br/>TRAZENDO JUSTIÇA PAZ, ALEGRIA<br/>MANIFESTANDO GRAÇA MISERICÓRDIA<br/>RIO DE DEUS CURE OS ENFERMOS<br/>RIO DE DEUS INUNDE AS NAÇÕES<br/>TRAZENDO JUSTIÇA PAZ, ALEGRIA<br/>MANIFESTANDO GRAÇA MISERICÓRDIA</lines>
    </verse>
    <verse name="v4">
      <lines>DEIXA FLUIR O RIO, RIO, RIO DE DEUS<br/>DEIXA FLUIR O RIO, RIO, RIO DE DEUS<br/>AQUELE QUE CRÊ EM MIM<br/>DO SEU INTERIOR FLUIRÃO RIOS<br/>E AQUELE QUE TEM SEDE<br/>VENHA E BEBA DA ÁGUA DA VIDA</lines>
    </verse>
    <verse name="v5">
      <lines>DEIXA FLUIR O RIO, RIO, RIO DE DEUS<br/>DEIXA FLUIR O RIO, RIO, RIO DE DEUS</lines>
    </verse>
  </lyrics>
</song>
