<?xml version='1.0' encoding='utf-8'?>
<song xmlns="http://openlyrics.info/namespace/2009/song" version="0.8" createdIn="OpenLP 1.9.9" modifiedIn="OpenLP 1.9.9" modifiedDate="2013-02-06T21:49:08">
  <properties>
    <titles>
      <title>ROMPENDO EM FÉ</title>
    </titles>
    <authors>
      <author>COM. ZONA SUL</author>
    </authors>
  </properties>
  <lyrics>
    <verse name="v1">
      <lines>CADA VEZ QUE A MINHA FÉ <br/>É PROVADA,<br/>TU ME DÁS A CHANCE<br/>DE CRESCER UM POUCO MAIS.<br/>AS MONTANHAS E VALES,<br/>DESERTOS E MARES <br/>QUE ATRAVESSO<br/>ME LEVAM PRA PERTO DE TI.</lines>
    </verse>
    <verse name="v2">
      <lines>MINHAS PROVAÇÕES NÃO SÃO<br/>MAIORES QUE O MEU DEUS<br/>E NÃO VÃO ME IMPEDIR <br/>DE CAMINHAR.<br/>SE DIANTE DE MIM<br/>NÃO SE ABRIR O MAR<br/>DEUS VAI ME FAZER ANDAR <br/>POR SOBRE AS ÁGUAS</lines>
    </verse>
    <verse name="v3">
      <lines>ROMPENDO EM FÉ,<br/>MINHA VIDA SE REVESTIRÁ <br/>DO TEU PODER ROMPENDO EM FÉ,<br/>COM OUSADIA VOU MOVENDO <br/>O SOBRENATURAL<br/>VOU LUTAR E VENCER<br/>VOU PLANTAR E COLHER<br/>A CADA DIA VOU VIVER<br/>ROMPENDO EM FÉ.</lines>
    </verse>
  </lyrics>
</song>
