<?xml version='1.0' encoding='utf-8'?>
<song xmlns="http://openlyrics.info/namespace/2009/song" version="0.8" createdIn="OpenLP 1.9.9" modifiedIn="OpenLP 1.9.9" modifiedDate="2012-09-30T13:20:31">
  <properties>
    <titles>
      <title>RUDE CRUZ</title>
    </titles>
    <verseOrder>v1 v2 v3 v2 v4 v2 v5 v2</verseOrder>
    <authors>
      <author>HARPA CRISTÃ</author>
    </authors>
  </properties>
  <lyrics>
    <verse name="v1">
      <lines>RUDE CRUZ SE ERIGIU <br/>DELA O DIA FUGIU<br/>COMO EMBLEMA DE VERGONHA E DOR;<br/>MAS CONTEMPLO ESTA CRUZ<br/>PORQUE NELA JESUS<br/>DEU A VIDA POR MIM, PECADOR</lines>
    </verse>
    <verse name="v2">
      <lines>SIM EU AMO A MENSAGEM DA CRUZ<br/>TÉ MORRER EU A VOU PROCLAMAR<br/>LEVAREI EU TAMBÉM MINHA CRUZ<br/>TÉ POR UMA COROA TROCAR.</lines>
    </verse>
    <verse name="v3">
      <lines>DESDE A GLÓRIA DOS CÉUS, <br/>O CORDEIRO DE DEUS.<br/>AO CALVÁRIO HUMILHANTE BAIXOU<br/>ESSA CRUZ TEM PRA MIM <br/>ATRATIVOS SEM FIM,<br/>PORQUE NELA JESUS ME SALVOU.</lines>
    </verse>
    <verse name="v4">
      <lines>NESTA CRUZ PADECEU <br/>E POR MIM JÁ MORREU<br/>MEU JESUS PARA DAR-ME O PERDÃO<br/>E EU ME ALEGRO NA CRUZ<br/>DELA VEM GRAÇA E LUZ<br/>PARA MINHA SANTIFICAÇÃO</lines>
    </verse>
    <verse name="v5">
      <lines>EU AQUI COM JESUS <br/>A VERGONHA DA CRUZ<br/>QUERO SEMPRE LEVAR E SOFRER<br/>CRISTO VEM ME BUSCAR,<br/>E COM ELE, NO LAR,<br/>UMA PARTE DA GLÓRIA HEI DE TER.</lines>
    </verse>
  </lyrics>
</song>
