<?xml version='1.0' encoding='utf-8'?>
<song xmlns="http://openlyrics.info/namespace/2009/song" version="0.8" createdIn="OpenLP 1.9.9" modifiedIn="OpenLP 1.9.9" modifiedDate="2013-02-24T13:58:22">
  <properties>
    <titles>
      <title>SABOR DE MEL</title>
    </titles>
    <authors>
      <author>-</author>
    </authors>
  </properties>
  <lyrics>
    <verse name="v1">
      <lines>O AGIR DE DEUS É LINDO<br/>NA VIDA DE QUEM É FIEL,<br/>NO COMEÇO TEM PROVAS AMARGAS,<br/>MAS NO FIM TEM O SABOR DO MEL<br/>EU NUNCA VI UM ESCOLHIDO<br/>SEM RESPOSTA PORQUE EM TUDO DEUS<br/>LHE MOSTRA UMA SOLUÇÃO</lines>
    </verse>
    <verse name="v2">
      <lines>ATÉ NAS CINZAS ELE CLAMA E DEUS ATENDE<br/>LHE PROTEGE, LHE DEFENDE, COM AS SUAS<br/>FORTES MÃOS, VOCÊ É UM ESCOLHIDO<br/>E A TUA HISTÓRIA NÃO ACABA AQUI<br/>VOCÊ PODE ESTAR CHORANDO AGORA,<br/>MAS AMANHA VOCÊ IRÁ SORRIR,</lines>
    </verse>
    <verse name="v3">
      <lines>DEUS VAI TE LEVANTAR <br/>DAS CINZAS E DO PÓ,<br/>DEUS VAI CUMPRIR TUDO<br/>QUE TEM TE PROMETIDO,<br/>VOCÊ VAI VER A MÃO DE<br/>DEUS TE EXALTAR<br/>QUEM TE VÊ HÁ DE FALAR,<br/>ELE É MESMO ESCOLHIDO.</lines>
    </verse>
    <verse name="v4">
      <lines>VÃO DIZER QUE VOCÊ<br/>NASCEU PRA VENCER<br/>QUE JÁ SABIAM PORQUE VOCÊ<br/>TINHA MESMO CARA DE VENCEDOR,<br/>E QUE SE DEUS QUER AGIR<br/>NINGUÉM PODE IMPEDIR<br/>ENTÃO VOCÊ VERÁ<br/>CUMPRIR CADA PALAVRA<br/>QUE O SENHOR FALOU,</lines>
    </verse>
    <verse name="v5">
      <lines>QUEM TE VIU PASSAR NA PROVA<br/>E NÃO TE AJUDOU, <br/>QUANDO VER VOCÊ<br/>NA BENÇÃO VÃO SE ARREPENDER,<br/>VAI ESTAR ENTRE A PLATÉIA<br/>E VOCÊ NO PALCO,<br/>VAI OLHAR E VER JESUS<br/>BRILHANDO EM VOCÊ,</lines>
    </verse>
    <verse name="v6">
      <lines>QUEM SABE NO TEU PENSAMENTO<br/>VOCÊ VAI DIZER,<br/>MEU DEUS COMO VALE A PENA<br/>A GENTE SER FIEL,<br/>NA VERDADE A MINHA<br/>PROVA TINHA UM GOSTO AMARGO, <br/>MAS MINHA VITÓRIA HOJE TEM <br/>SABOR DE MEL,</lines>
    </verse>
    <verse name="v7">
      <lines>TEM SABOR DE MEL,<br/>TEM SABOR DE MEL,<br/>A MINHA VITÓRIA HOJE <br/>TEM SABOR DE MEL,<br/>TEM SABOR DE MEL, <br/>TEM SABOR DE MEL,<br/>A MINHA VITÓRIA HOJE <br/>TEM SABOR DE MEL.</lines>
    </verse>
  </lyrics>
</song>
