<?xml version='1.0' encoding='utf-8'?>
<song xmlns="http://openlyrics.info/namespace/2009/song" version="0.8" createdIn="OpenLP 1.9.9" modifiedIn="OpenLP 1.9.9" modifiedDate="2012-09-30T13:20:32">
  <properties>
    <titles>
      <title>SANTO</title>
    </titles>
    <authors>
      <author>-</author>
    </authors>
  </properties>
  <lyrics>
    <verse name="v1">
      <lines>O NOSSO DEUS ESTA ENTRE NÓS<br/>ELE HABITA NA ADORAÇÃO</lines>
    </verse>
    <verse name="v2">
      <lines>O NOSSO DEUS VAI HOJE OPERAR<br/>ELE É BENIGNO E SANTO</lines>
    </verse>
    <verse name="v3">
      <lines>SANTO, SANTO, SANTO <br/>O NOSSO DEUS É SANTO</lines>
    </verse>
  </lyrics>
</song>
