<?xml version='1.0' encoding='utf-8'?>
<song xmlns="http://openlyrics.info/namespace/2009/song" version="0.8" createdIn="OpenLP 1.9.9" modifiedIn="OpenLP 1.9.9" modifiedDate="2012-09-30T13:20:32">
  <properties>
    <titles>
      <title>SANTO ESPÍRITO</title>
    </titles>
    <authors>
      <author>-</author>
    </authors>
  </properties>
  <lyrics>
    <verse name="v1">
      <lines>SANTO ESPÍRITO<br/>SANTO ESPÍRITO<br/>SANTO ESPÍRITO<br/>DO SENHOR</lines>
    </verse>
    <verse name="v2">
      <lines>ENCHE AGORA Á MINHA ALMA<br/>ENCHE ATÉ TRANSBORDAR<br/>A MINHA ALMA HOJE IMPLORA<br/>VEM MINHA VIDA TOCAR</lines>
    </verse>
  </lyrics>
</song>
