<?xml version='1.0' encoding='utf-8'?>
<song xmlns="http://openlyrics.info/namespace/2009/song" version="0.8" createdIn="OpenLP 1.9.9" modifiedIn="OpenLP 1.9.9" modifiedDate="2012-09-30T13:20:32">
  <properties>
    <titles>
      <title>SANTO NOME</title>
    </titles>
    <authors>
      <author>CARLINHOS FELIX</author>
    </authors>
  </properties>
  <lyrics>
    <verse name="v1">
      <lines>SEJA O QUE FOR,<br/>EU NÃO TEMEREI<br/>O SENHOR ESTÁ COMIGO<br/>E, DA BATALHA,<br/>EU NÃO FUGIREI<br/>O SENHOR É MEU ABRIGO</lines>
    </verse>
    <verse name="v2">
      <lines>CONFIO NA PALAVRA<br/>DE QUEM ME CRIOU<br/>EM NADA PONHO<br/>A MINHA FÉ<br/>SENÃO NA GRAÇA<br/>DE CRISTO JESUS<br/>SANTO, SANTO,<br/>SANTO NOME!</lines>
    </verse>
    <verse name="v3">
      <lines>SEU NOME É SANTO<br/>MARAVILHOSO<br/>ÉS TU, MEU PAI!<br/>EM TI DESCANSO<br/>POR TODA VIDA,<br/>HEI DE TE LOUVAR</lines>
    </verse>
  </lyrics>
</song>
