<?xml version='1.0' encoding='utf-8'?>
<song xmlns="http://openlyrics.info/namespace/2009/song" version="0.8" createdIn="OpenLP 1.9.9" modifiedIn="OpenLP 1.9.9" modifiedDate="2012-09-30T23:16:22">
  <properties>
    <titles>
      <title>SANTO</title>
    </titles>
    <authors>
      <author>ROGÉRIA CRUZ</author>
    </authors>
  </properties>
  <lyrics>
    <verse name="v1">
      <lines>EU VIVO EM SANTIDADE<br/>SOMENTE FALO A VERDADE<br/>EU FUI LAVADO <br/>E COMPRADO PELO SANGUE<br/>NA CRUZ PAGOU UM ALTO PREÇO<br/>SEU SANGUE QUE FOI DERRAMADO<br/>E AGORA NÃO SOU DO PECADO LIVRE SOU<br/>SANTO, SANTO É O SEU NOME,<br/>SANTO É O SENHOR<br/>PODEROSO NAS BATALHAS<br/>DIGNO DE LOUVOR<br/>EU REJEITO OS MANJARES<br/>QUE O MUNDO ME OFERECE<br/>NA BABILÔNIA EU SEI <br/>QUE NÃO É O MEU LUGAR</lines>
    </verse>
  </lyrics>
</song>
