<?xml version='1.0' encoding='utf-8'?>
<song xmlns="http://openlyrics.info/namespace/2009/song" version="0.8" createdIn="OpenLP 1.9.9" modifiedIn="OpenLP 1.9.9" modifiedDate="2012-09-30T13:20:46">
  <properties>
    <titles>
      <title>SARA-ME</title>
    </titles>
    <authors>
      <author>FERNANDINHO</author>
    </authors>
  </properties>
  <lyrics>
    <verse name="v1">
      <lines>SARA-ME</lines>
    </verse>
    <verse name="v2">
      <lines>O MESMO JESUS QUE ANDOU EM JERUSALÉM.<br/>O MESMO JESUS QUE ANDOU PELA JUDÉIA.<br/>O MESMO JESUS QUE ANDOU EM JERICÓ.<br/>É O MESMO JESUS QUE ESTÁ AQUI AGORA.<br/>É O MESMO JESUS QUE ESTÁ AQUI AGORA.</lines>
    </verse>
    <verse name="v3">
      <lines>SARA-ME, CURA-ME.<br/>BASTA UMA PALAVRA QUE SAIA DO TEU TRONO DE AMOR.<br/>FILHO DE DAVI TENHA COMPAIXÃO DE MIM,<br/>ASSIM COMO BARTIMEU QUERO SER CURADO.<br/>JESUS QUERO OUVIR TUA VOZ</lines>
    </verse>
    <verse name="v4">
      <lines>"TOMA TEU LEITO E ANDA, A TUA FÉ TE SALVOU."<br/>"TOMA TEU LEITO E ANDA, A TUA FÉ TE SALVOU."</lines>
    </verse>
  </lyrics>
</song>
