<?xml version='1.0' encoding='utf-8'?>
<song xmlns="http://openlyrics.info/namespace/2009/song" version="0.8" createdIn="OpenLP 1.9.9" modifiedIn="OpenLP 1.9.9" modifiedDate="2013-03-10T23:08:29">
  <properties>
    <titles>
      <title>SE EU APENAS TE TOCAR</title>
    </titles>
    <authors>
      <author>MARIANA VALADÃO</author>
    </authors>
  </properties>
  <lyrics>
    <verse name="v1">
      <lines>SE EU APENAS TE TOCAR<br/>UM MILAGRE VIVEREI EM MINHA VIDA<br/>MINHA FÉ VAI ME LEVAR<br/>ONDE O IMPOSSÍVEL TORNA-SE REAL<br/>MEU MILAGRE VIM BUSCAR<br/>SÓ VOCÊ PODE MUDAR MINHA HISTÓRIA</lines>
    </verse>
    <verse name="v2">
      <lines>JÁ SOFRI DEMAIS, EU SEI<br/>MAS OUVI QUE EXISTE <br/>ALGUÉM QUE ME AMA<br/>JÁ SOFRI DEMAIS, EU SEI<br/>MAS OUVI QUE EXISTE<br/>ALGUEM QUE AMA, QUE ME AMA</lines>
    </verse>
    <verse name="v3">
      <lines>SE EU APENAS TE TOCAR<br/>EU SEI, SEREI CURADO<br/>SE EU APENAS TE TOCAR<br/>EU SEI, SEREI SARADO</lines>
    </verse>
    <verse name="v4">
      <lines>TEU AMOR ME ALCANÇOU<br/>MINHA FÉ ME SALVOU<br/>TEU AMOR ME ALCANÇOU<br/>MINHA FÉ ME SALVOU</lines>
    </verse>
    <verse name="v5">
      <lines>SE EU APENAS TE TOCAR<br/>EU SEI SEREI CURADO</lines>
    </verse>
  </lyrics>
</song>
