<?xml version='1.0' encoding='utf-8'?>
<song xmlns="http://openlyrics.info/namespace/2009/song" version="0.8" createdIn="OpenLP 1.9.9" modifiedIn="OpenLP 1.9.9" modifiedDate="2013-04-14T23:10:02">
  <properties>
    <titles>
      <title>SE TIVERES FÉ</title>
    </titles>
    <authors>
      <author>-</author>
    </authors>
  </properties>
  <lyrics>
    <verse name="v1">
      <lines>SE TIVERES FÉ<br/>COMO UM GRÃO DE MOSTARDA<br/>ASSIM NOS DIZ O SENHOR</lines>
    </verse>
    <verse name="v2">
      <lines>TU DIRÁS AS MONTANHAS<br/>MOVAM-SE, MOVAM-SE</lines>
    </verse>
    <verse name="v3">
      <lines>E AS MONTANHAS SE MOVERÃO<br/>SE MOVERÃO, SE MOVERÃO</lines>
    </verse>
  </lyrics>
</song>
