<?xml version='1.0' encoding='utf-8'?>
<song xmlns="http://openlyrics.info/namespace/2009/song" version="0.8" createdIn="OpenLP 1.9.9" modifiedIn="OpenLP 1.9.9" modifiedDate="2012-09-30T13:20:46">
  <properties>
    <titles>
      <title>SE-DEUS-POR-NOS</title>
    </titles>
    <authors>
      <author>FERNANDINHO</author>
    </authors>
  </properties>
  <lyrics>
    <verse name="v1">
      <lines>SE DEUS E POR NÓS</lines>
    </verse>
    <verse name="v2">
      <lines>O QUE DIREMOS POIS DIANTE DESSAS COISAS?<br/>O QUE DIREMOS POIS DIANTE DESSAS COISAS?</lines>
    </verse>
    <verse name="v3">
      <lines>É ELE QUEM NOS CHAMA<br/>É ELE QUEM NOS JUSTIFICA<br/>É ELE QUEM NOS GLORIFICA</lines>
    </verse>
    <verse name="v4">
      <lines>SE DEUS É POR NÓS? QUEM SERÁ CONTRA NÓS?<br/>SE DEUS É POR NOS? QUEM SERÁ CONTRA NÓS?</lines>
    </verse>
    <verse name="v5">
      <lines>AGINDO DEUS, QUEM IMPEDIRÁ?<br/>AGINDO DEUS, QUEM IMPEDIRÁ?</lines>
    </verse>
  </lyrics>
</song>
