<?xml version='1.0' encoding='utf-8'?>
<song xmlns="http://openlyrics.info/namespace/2009/song" version="0.8" createdIn="OpenLP 1.9.9" modifiedIn="OpenLP 1.9.9" modifiedDate="2012-09-30T13:20:46">
  <properties>
    <titles>
      <title>SEDE-DE-JUSTICA</title>
    </titles>
    <authors>
      <author>FERNANDINHO</author>
    </authors>
  </properties>
  <lyrics>
    <verse name="v1">
      <lines>SEDE DE JUSTIÇA</lines>
    </verse>
    <verse name="v2">
      <lines>NÃO POSSO FICAR CALADO<br/>NÃO POSSO FICAR DE MÃO ATADAS<br/>COM TANTOS VOTOS COMPRADOS<br/>CARTAS MARCADAS<br/>PROFETAS CALADOS</lines>
    </verse>
    <verse name="v3">
      <lines>AS PORTAS DO INFERNO NÃO VÃO PREVALECER CONTRA A<br/>IGREJA<br/>BEM-AVENTURADO OS QUE TEM SEDE DE JUSTIÇA</lines>
    </verse>
    <verse name="v4">
      <lines>EU TENHO SEDE DE JUSTIÇA<br/>SEDE DE JUSTIÇA<br/>SACIA MINHA SEDE, SENHOR</lines>
    </verse>
  </lyrics>
</song>
