<?xml version='1.0' encoding='utf-8'?>
<song xmlns="http://openlyrics.info/namespace/2009/song" version="0.8" createdIn="OpenLP 1.9.9" modifiedIn="OpenLP 1.9.9" modifiedDate="2012-09-30T13:20:32">
  <properties>
    <titles>
      <title>SEJA ADORADO</title>
    </titles>
    <authors>
      <author>-</author>
    </authors>
  </properties>
  <lyrics>
    <verse name="v1">
      <lines>SUA FACE É COMO UM LEÃO<br/>SEUS OLHOS COMO<br/>CHAMA DE FOGO<br/>SEUS PÉS RELUZENTES<br/>SUAS MÃOS PODEROSAS<br/>BENDITO É O CORDEIRO DE DEUS</lines>
    </verse>
    <verse name="v2">
      <lines>SEJA ADORADO<br/>AQUELE QUE ESTÁ <br/>ENTRE NÓS<br/>ADORADO NO SEU <br/>SANTO MONTE</lines>
    </verse>
    <verse name="v3">
      <lines>SEJA ADORADO <br/>O CRISTO O FILHO DE DEUS<br/>PARA SEMPRE<br/>E SEMPRE AMÉM<br/>PELOS SÉCULOS<br/>DOS SÉCULOS AMÉM</lines>
    </verse>
    <verse name="v4">
      <lines>SANTO É O SENHOR<br/>ALELUIA!<br/>SANTO É O SENHOR<br/>ALELUIA!</lines>
    </verse>
  </lyrics>
</song>
