<?xml version='1.0' encoding='utf-8'?>
<song xmlns="http://openlyrics.info/namespace/2009/song" version="0.8" createdIn="OpenLP 1.9.9" modifiedIn="OpenLP 1.9.9" modifiedDate="2012-09-30T13:20:33">
  <properties>
    <titles>
      <title>SEJA ENGRANDECIDO</title>
    </titles>
    <authors>
      <author>-</author>
    </authors>
  </properties>
  <lyrics>
    <verse name="v1">
      <lines>SEJA ENGRANDECIDO <br/>Ó DEUS DA MINHA VIDA<br/>TU ÉS O DEUS DA MINHA SALVAÇÃO<br/>ÉS A MINHA ROCHA, <br/>A MINHA SEGURANÇA<br/>MEUS LÁBIOS SEMPRE<br/>TE EXALTARÃO</lines>
    </verse>
    <verse name="v2">
      <lines>ALELUIA, TE LOUVO<br/>POIS SEI QUE SOBRE<br/>TODOS ÉS SENHOR</lines>
    </verse>
    <verse name="v3">
      <lines>ALELUIA<br/>ALELUIA<br/>ALELUIA<br/>LOUVEMOS AO SENHOR</lines>
    </verse>
  </lyrics>
</song>
