<?xml version='1.0' encoding='utf-8'?>
<song xmlns="http://openlyrics.info/namespace/2009/song" version="0.8" createdIn="OpenLP 1.9.9" modifiedIn="OpenLP 1.9.9" modifiedDate="2012-09-30T13:20:46">
  <properties>
    <titles>
      <title>SEMELHANTES-JESUS</title>
    </titles>
    <authors>
      <author>FERNANDINHO</author>
    </authors>
  </properties>
  <lyrics>
    <verse name="v1">
      <lines>SEMELHANTES A JESUS</lines>
    </verse>
    <verse name="v2">
      <lines>NANANANA!(4X)</lines>
    </verse>
    <verse name="v3">
      <lines>HÁ UM SÓ CORPO, UMA SÓ FAMÍLIA<br/>UM SÓ SENHOR E BOM PASTOR DE NOSSAS ALMAS<br/>UMA SÓ FÉ, UM SÓ BATISMO<br/>UM SÓ ESPÍRITO, HÁ UM SÓ DEUS</lines>
    </verse>
    <verse name="v4">
      <lines>SOMOS UMA FAMÍLIA DE MUITOS FILHOS FILHOS<br/>SEMELHANTES A JESUS PARA A GLÓRIA DE DEUS</lines>
    </verse>
    <verse name="v5">
      <lines>EU QUERO SER COMO JESUS. EU QUERO ANDAR COMO JESUS<br/>VOU PERDOAR COMO JESUS. VOU ME HUMILHAR COMO JESUS</lines>
    </verse>
    <verse name="v6">
      <lines>(REPET)</lines>
    </verse>
  </lyrics>
</song>
