<?xml version='1.0' encoding='utf-8'?>
<song xmlns="http://openlyrics.info/namespace/2009/song" version="0.8" createdIn="OpenLP 1.9.9" modifiedIn="OpenLP 1.9.9" modifiedDate="2012-09-30T13:20:33">
  <properties>
    <titles>
      <title>SENHOR TE QUERO</title>
    </titles>
    <authors>
      <author>CARLINHOS FELIX</author>
    </authors>
  </properties>
  <lyrics>
    <verse name="v1">
      <lines>EU TE BUSCO, <br/>TE PROCURO, OH DEUS<br/>NO SILENCIO TU ESTÁS<br/>EU TE BUSCO,<br/>TODA HORA ESPERO EM TI <br/>REVELA-TE A MIM<br/>CONHECER-TE<br/>EU QUERO MAIS</lines>
    </verse>
    <verse name="v2">
      <lines>SENHOR, TE QUERO<br/>QUERO OUVIR TUA VOZ<br/>SENHOR, TE QUERO MAIS<br/>QUERO TOCAR–TE<br/>TUA FACE EU QUERO VER<br/>SENHOR, TE QUERO MAIS</lines>
    </verse>
    <verse name="v3">
      <lines>PROSSEGUINDO<br/>PARA O ALVO EU VOU <br/>A COROA CONQUISTAR<br/>VOU LUTANDO, <br/>NADA PODE ME IMPEDIR,<br/>EU VOU TE SEGUIR<br/>CONHECER-TE<br/>EU QUERO MAIS</lines>
    </verse>
  </lyrics>
</song>
