<?xml version='1.0' encoding='utf-8'?>
<song xmlns="http://openlyrics.info/namespace/2009/song" version="0.8" createdIn="OpenLP 1.9.9" modifiedIn="OpenLP 1.9.9" modifiedDate="2012-09-30T13:20:33">
  <properties>
    <titles>
      <title>SENHOR DO UNIVERSO</title>
    </titles>
    <authors>
      <author>CARLINHOS FELIX</author>
    </authors>
  </properties>
  <lyrics>
    <verse name="v1">
      <lines>MINHA VIDA <br/>ENTREGO A TI<br/>OS MEUS SONHOS <br/>ENTREGO A TI</lines>
    </verse>
    <verse name="v2">
      <lines>FAZ DE MIM VASO NOVO, <br/>COM CORAÇÃO NOVO<br/>VASO DE BARRO <br/>EM TUAS MÃOS</lines>
    </verse>
    <verse name="v3">
      <lines>RECONHEÇO <br/>QUE POSSO ERRAR<br/>MAS EU SEI <br/>QUE EXISTE O PERDÃO</lines>
    </verse>
    <verse name="v4">
      <lines>É POR CAUSA DO SANGUE<br/>QUE FOI DERRAMADO<br/>POR CAUSA<br/>DO SEU GRANDE AMOR</lines>
    </verse>
    <verse name="v5">
      <lines>TU ÉS SENHOR <br/>DO UNIVERSO<br/>ÉS O FILHO DE DEUS<br/>TU ÉS O CORDEIRO SANTO<br/>QUE MORREU NUMA CRUZ</lines>
    </verse>
    <verse name="v6">
      <lines>TEU SANGUE É PRECIOSO<br/>VENCESTE A MORTE<br/>ESTÁS ASSENTADO<br/>AO LADO DE DEUS<br/>DEUS PAI</lines>
    </verse>
  </lyrics>
</song>
