<?xml version='1.0' encoding='utf-8'?>
<song xmlns="http://openlyrics.info/namespace/2009/song" version="0.8" createdIn="OpenLP 1.9.9" modifiedIn="OpenLP 1.9.9" modifiedDate="2012-09-30T13:20:33">
  <properties>
    <titles>
      <title>SENHOR, FORMOSO ÉS</title>
    </titles>
    <authors>
      <author>-</author>
    </authors>
  </properties>
  <lyrics>
    <verse name="v1">
      <lines>SENHOR FORMOSO ÉS <br/>TUA FACE EU QUERO VER<br/>POIS QUANDO ESTÁS<br/>NESTE LUGAR<br/>TUA FACE INVADE-ME</lines>
    </verse>
    <verse name="v2">
      <lines>ACENDE A CHAMA Ó PAI<br/>QUE UMA VEZ BRILHOU<br/>VEM LIMPAR,<br/>BRILHAR,<br/>RESPLANDECER<br/>O MEU PRIMEIRO AMOR</lines>
    </verse>
    <verse name="v3">
      <lines>VEM LIMPAR,<br/>BRILHAR,<br/>RESPLANDECER<br/>O MEU PRIMEIRO AMOR</lines>
    </verse>
  </lyrics>
</song>
