<?xml version='1.0' encoding='utf-8'?>
<song xmlns="http://openlyrics.info/namespace/2009/song" version="0.8" createdIn="OpenLP 1.9.9" modifiedIn="OpenLP 1.9.9" modifiedDate="2013-05-26T00:49:14">
  <properties>
    <titles>
      <title>SENHOR MEU DEUS</title>
    </titles>
    <verseOrder>v1 v2 v3 v2 v4 v2 v5 v2</verseOrder>
    <authors>
      <author>-</author>
    </authors>
  </properties>
  <lyrics>
    <verse name="v1">
      <lines>SENHOR MEU DEUS, QUANDO EU MARAVILHADO<br/>FICO A PENSAR NAS OBRAS DE TUAS MÃOS,<br/>NO CÉU AZUL DE ESTRELAS PONTILHADO, <br/>O TEU PODER MOSTRANDO A CRIAÇÃO.</lines>
    </verse>
    <verse name="v2">
      <lines>ENTÃO MINH’ALMA CANTA A TI, SENHOR, <br/>GRANDIOSO ÉS TU!... GRANDIOSO ÉS TU.<br/>ENTÃO MINH’ALMA CANTA A TI, SENHOR, <br/>GRANDIOSO ÉS TU!... GRANDIOSO ÉS TU.</lines>
    </verse>
    <verse name="v3">
      <lines>QUANDO A VAGAR NAS MATAS E FLORESTAS<br/>O PASSAREDO ALEGRE OUÇO A CANTAR<br/>OLHANDO OS MONTES, VALES E CAMPINAS, <br/>EM TUDO VEJO O TEU PODER SEM PAR.</lines>
    </verse>
    <verse name="v4">
      <lines>QUANDO EU MEDITO EM SEU AMOR TÃO GRANDE<br/>SEU FILHO DANDO AO MUNDO PRA SALVAR<br/>NA CRUZ VERTENDO O SEU PRECIOSO SANGUE,<br/>MINH’ALMA PODE ASSIM PURIFICAR</lines>
    </verse>
    <verse name="v5">
      <lines>QUANDO ENFIM,  JESUS VIER EM GLÓRIA<br/>E AO LAR CELESTE ENTÃO ME TRANSPORTAR<br/>TE ADORAREI. PROSTRADO E PARA SEMPRE<br/>GRANDIOSO ÉS TU, MEU DEUS, HEI DE CANTAR</lines>
    </verse>
  </lyrics>
</song>
