<?xml version='1.0' encoding='utf-8'?>
<song xmlns="http://openlyrics.info/namespace/2009/song" version="0.8" createdIn="OpenLP 1.9.9" modifiedIn="OpenLP 1.9.9" modifiedDate="2012-09-30T13:20:33">
  <properties>
    <titles>
      <title>SIM, DEUS É FIEL</title>
    </titles>
    <authors>
      <author>-</author>
    </authors>
  </properties>
  <lyrics>
    <verse name="v1">
      <lines>SIM, DEUS É FIEL, <br/>PARA CUMPRIR TODA PALAVRA DITA A MIM,<br/>DEUS É FIEL, DEUS É FIEL...<br/>SIM, DEUS É FIEL PARA CUMPRIR TODA <br/>PROMESSA FEITA A MIM, <br/>DEUS É FIEL, DEUS É FIEL...</lines>
    </verse>
    <verse name="v2">
      <lines>EU NÃO MORREREI <br/>ENQUANTO O SENHOR NÃO CUMPRIR EM MIM, <br/>TODOS OS SONHOS QUE ELE MESMO SONHOU PRA MIM...<br/>EU QUERO VIVER EM SANTIDADE E ADORAÇÃO, <br/>POIS É SÓ DELE SOMENTE DELE O MEU CORAÇÃO</lines>
    </verse>
  </lyrics>
</song>
