<?xml version='1.0' encoding='utf-8'?>
<song xmlns="http://openlyrics.info/namespace/2009/song" version="0.8" createdIn="OpenLP 1.9.9" modifiedIn="OpenLP 1.9.9" modifiedDate="2012-09-30T13:20:34">
  <properties>
    <titles>
      <title>SOBRE AS AGUAS</title>
    </titles>
    <authors>
      <author>APASCENTAR NOVA IGUAÇU</author>
    </authors>
  </properties>
  <lyrics>
    <verse name="v1">
      <lines>SE O SOL SE POR<br/>E A NOITE CHEGAR<br/>TU ÉS QUEM ME GUIA<br/>SE A TEMPESTADE<br/>ME ALCANÇAR<br/>TU ÉS MEU ABRIGO</lines>
    </verse>
    <verse name="v2">
      <lines>SE O MAR<br/>ME SUBMERGIR<br/>A TUA MÃO<br/>ME TRAZ A TONA<br/>PRA RESPIRAR<br/>E ME FAZ ANDAR<br/>SOBRE AS ÁGUAS</lines>
    </verse>
    <verse name="v3">
      <lines>TU ÉS O DEUS<br/>DA MINHA SALVAÇÃO<br/>ÉS O MEU DONO<br/>MINHA PAIXÃO<br/>MINHA CANÇÃO<br/>E O MEU LOUVOR</lines>
    </verse>
    <verse name="v4">
      <lines>ALELUIA, ALELUIA<br/>ALELUIA, ALELUIA<br/>ALELUIA, ALELUIA<br/>ALELUIA, ALELUIA</lines>
    </verse>
  </lyrics>
</song>
