<?xml version='1.0' encoding='utf-8'?>
<song xmlns="http://openlyrics.info/namespace/2009/song" version="0.8" createdIn="OpenLP 1.9.9" modifiedIn="OpenLP 1.9.9" modifiedDate="2012-09-30T13:20:34">
  <properties>
    <titles>
      <title>SOLTA O CABO DA NAU</title>
    </titles>
    <verseOrder>v1 v2 v3 v2 v4 v2</verseOrder>
    <authors>
      <author>-</author>
    </authors>
  </properties>
  <lyrics>
    <verse name="v1">
      <lines>OH PORQUE DUVIDAR<br/>SOBRE AS ONDAS DO MAR<br/>QUANDO CRISTO CAMINHO ABRIU<br/>QUANDO FORÇADO ÉS<br/>CONTRA AS ONDAS LUTAR<br/>SEU AMOR A TI QUER REVELAR<br/>SOLTA O CABO DA NAU</lines>
    </verse>
    <verse name="v2">
      <lines>SOLTA O CABO DA NAU<br/>TOMA OS REMOS NA MÃOS<br/>E NAVEGA COM FÉ EM JESUS<br/>E ENTÃO TÚ VERÁS<br/>QUE BONANÇA SE FAZ<br/>POIS COM ELE SEGURO SERÁS</lines>
    </verse>
    <verse name="v3">
      <lines>TREVAS VEM ASSUSTAR<br/>TEMPESTADE NO MAR<br/>DA MONTANHA O MESTRE TE VÊ<br/>E A TRIPULAÇÃO ELE VEM SOCORRER<br/>PELA MÃO BEM TE PODE SUSTER</lines>
    </verse>
    <verse name="v4">
      <lines>QUANDO PEDES MAIS FÉ<br/>ELE OUVE, OH CRÊ<br/>MESMO SENDO EM TRIBULAÇÕES<br/>QUANDO A MÃO DO PODER<br/>O TEU EGO TIRAR<br/>SOBRE AS ONDAS PODERÁ ANDAR</lines>
    </verse>
  </lyrics>
</song>
