<?xml version='1.0' encoding='utf-8'?>
<song xmlns="http://openlyrics.info/namespace/2009/song" version="0.8" createdIn="OpenLP 1.9.9" modifiedIn="OpenLP 1.9.9" modifiedDate="2012-09-30T13:20:34">
  <properties>
    <titles>
      <title>SONHOS DE DEUS</title>
    </titles>
    <authors>
      <author>LUDMILA FERBER</author>
    </authors>
  </properties>
  <lyrics>
    <verse name="v1">
      <lines>SE TENTARAM MATAR<br/>OS TEUS SONHOS<br/>SUFOCANDO<br/>O TEU CORAÇÃO<br/>SE LANÇARAM<br/>VOCÊ NUMA COVA<br/>E FERIDO PERDEU A VISÃO</lines>
    </verse>
    <verse name="v2">
      <lines>NÃO DESISTA<br/>NÃO PARE DE CRER<br/>OS SONHOS DE DEUS<br/>JAMAIS VÃO MORRER<br/>NÃO DESISTA<br/>NÃO PARE DE LUTAR<br/>NÃO PARE DE ADORAR</lines>
    </verse>
    <verse name="v3">
      <lines>LEVANTA<br/>OS TEUS OLHOS E VÊ<br/>DEUS ESTÁ RESTAURANDO<br/>OS TEUS SONHOS<br/>E A TUA VISÃO</lines>
    </verse>
    <verse name="v4">
      <lines>RECEBE A CURA<br/>RECEBE A UNÇÃO<br/>UNÇÃO DE OUSADIA<br/>UNÇÃO DE CONQUISTA<br/>UNÇÃO DE MULTIPLICAÇÃO</lines>
    </verse>
  </lyrics>
</song>
