<?xml version='1.0' encoding='utf-8'?>
<song xmlns="http://openlyrics.info/namespace/2009/song" version="0.8" createdIn="OpenLP 1.9.9" modifiedIn="OpenLP 1.9.9" modifiedDate="2012-09-30T23:22:00">
  <properties>
    <titles>
      <title>SOU TUA NOIVA</title>
    </titles>
    <authors>
      <author>ROGÉRIA CRUZ</author>
    </authors>
  </properties>
  <lyrics>
    <verse name="v1">
      <lines>ESTAVA À BEIRA DA ESTRADA<br/>FERIDA E DESAMPARADA<br/>NA SOLIDÃO ESTAVA O MEU CORAÇÃO<br/>APRISIONADO PELO PECADO<br/>COM O CORAÇÃO TÃO SUFOCADO</lines>
    </verse>
    <verse name="v2">
      <lines>SEM FORÇAS PRA ME LEVANTAR<br/>EU SÓ PENSAVA EM ME MATAR<br/>FOI QUANDO ENCONTREI ALGUÉM<br/>QUE ME FALOU DO SEU AMOR POR MIM</lines>
    </verse>
    <verse name="v3">
      <lines>ENTÃO TRATOU MINHAS FERIDAS<br/>ME LIBERTOU<br/>E NOVA VIDA POSSO ENTÃO VIVER<br/>SOU LIVRE PRA DIZER</lines>
    </verse>
    <verse name="v4">
      <lines>SOU TUA NOIVA RESTAURADA<br/>TRANSFORMADA POR TI JESUS<br/>AMADO MEU</lines>
    </verse>
  </lyrics>
</song>
