<?xml version='1.0' encoding='utf-8'?>
<song xmlns="http://openlyrics.info/namespace/2009/song" version="0.8" createdIn="OpenLP 1.9.9" modifiedIn="OpenLP 1.9.9" modifiedDate="2012-09-30T13:20:34">
  <properties>
    <titles>
      <title>SUA PRESENÇA É A RAZÃO DA MINHA FÉ</title>
    </titles>
    <authors>
      <author>-</author>
    </authors>
  </properties>
  <lyrics>
    <verse name="v1">
      <lines>SUA PRESENÇA É A RAZÃO DA MINHA FÉ<br/>SUA PRESENÇA ME CONDUZ ONDE EU ESTIVER</lines>
    </verse>
  </lyrics>
</song>
