<?xml version='1.0' encoding='utf-8'?>
<song xmlns="http://openlyrics.info/namespace/2009/song" version="0.8" createdIn="OpenLP 1.9.9" modifiedIn="OpenLP 1.9.9" modifiedDate="2012-11-28T22:14:00">
  <properties>
    <titles>
      <title>SUA PRESENÇA É REAL</title>
    </titles>
    <authors>
      <author>IG BATISTA CONTAGEM</author>
    </authors>
  </properties>
  <lyrics>
    <verse name="v1">
      <lines>SUA PRESENÇA É REAL<br/>AQUI NESTE LUGAR<br/><br/>ENTÃO ADORAREI<br/>ENTÃO EU LOUVAREI<br/>ENTÃO ME RENDEREI<br/>TOTALMENTE A TI</lines>
    </verse>
  </lyrics>
</song>
