<?xml version='1.0' encoding='utf-8'?>
<song xmlns="http://openlyrics.info/namespace/2009/song" version="0.8" createdIn="OpenLP 1.9.9" modifiedIn="OpenLP 1.9.9" modifiedDate="2012-09-30T23:08:31">
  <properties>
    <titles>
      <title>TE AMO</title>
    </titles>
    <authors>
      <author>ROGÉRIA CRUZ</author>
    </authors>
  </properties>
  <lyrics>
    <verse name="v1">
      <lines>EU QUERO E DEPENDO DE TI SENHOR, SENHOR<br/>EU PRECISO TANTO DO TEU CALOR<br/>NUNCA ALGUÉM ME AMOU ASSIM<br/>E CUIDOU TÃO BEM DE MIM<br/>PASSA O TEMPO E EU NÃO VEJO <br/>A HORA DE TE ENCONTRAR</lines>
    </verse>
    <verse name="v2">
      <lines>PRA DIZER QUE TE AMO<br/>PARA DIZER QUE TE QUERO<br/>ME ENVOLVER EM TEUS BRAÇOS<br/>DEUS DE AMOR</lines>
    </verse>
    <verse name="v3">
      <lines>VIAJAR NOS TEUS SONHOS<br/>MERGULHAR EM TEUS PLANOS<br/>E GRITAR PARA O MUNDO <br/>QUE EU TE AMO<br/>HUM, HUM, HUM, EU TE AMO</lines>
    </verse>
  </lyrics>
</song>
