<?xml version='1.0' encoding='utf-8'?>
<song xmlns="http://openlyrics.info/namespace/2009/song" version="0.8" createdIn="OpenLP 1.9.9" modifiedIn="OpenLP 1.9.9" modifiedDate="2012-09-30T13:20:35">
  <properties>
    <titles>
      <title>TE LOUVAREI</title>
    </titles>
    <authors>
      <author>-</author>
    </authors>
  </properties>
  <lyrics>
    <verse name="v1">
      <lines>PERTO QUERO ESTAR,<br/>JUNTO AOS TEUS PÉS<br/>POIS PRAZER<br/>MAIOR NÃO HÁ<br/>QUE ME RENDER<br/>E TE ADORAR</lines>
    </verse>
    <verse name="v2">
      <lines>TUDO QUE HÁ EM MIM,<br/>QUERO TE OFERTAR<br/>MAS, AINDA<br/>É POUCO EU SEI<br/>SE COMPARADO<br/>AO QUE GANHEI<br/>NÃO SOU APENAS SERVO<br/>TEU AMIGO ME TORNEI</lines>
    </verse>
    <verse name="v3">
      <lines>TE LOUVAREI,<br/>NÃO IMPORTAM<br/>AS CIRCUNSTÂNCIAS<br/>ADORAREI,<br/>SOMENTE A TI JESUS</lines>
    </verse>
  </lyrics>
</song>
