<?xml version='1.0' encoding='utf-8'?>
<song xmlns="http://openlyrics.info/namespace/2009/song" version="0.8" createdIn="OpenLP 1.9.9" modifiedIn="OpenLP 1.9.9" modifiedDate="2012-10-01T00:18:40">
  <properties>
    <titles>
      <title>TEU QUERER EM MIM</title>
    </titles>
    <authors>
      <author>ROGÉRIA CRUZ</author>
    </authors>
  </properties>
  <lyrics>
    <verse name="v1">
      <lines>OH QUANTO TEMPO EU DEIXEI<br/>DE OBEDECER À VOZ DE DEUS<br/>D´ELE CUMPRIR OS TEUS PROPÓSITOS<br/>E OS SONHOS QUE SONHOU PRA MIM</lines>
    </verse>
    <verse name="v2">
      <lines>OH COMO CEGO EU ANDEI <br/>E O MEU CORAÇÃO EU NÃO ABRI<br/>PARA VIVER UM NOVO TEMPO<br/>O TEMPO DE DEUS PARA MIM</lines>
    </verse>
    <verse name="v3">
      <lines>NÃO MAIS ME CALAREI<br/>NÃO MAIS ME ESCONDEREI<br/>DO TEU CHAMADO,<br/>DOS TEUS SONHOS PARA MIM<br/>QUERO OUVIR TUA VOZ E OBEDECER<br/>E DIZER QUE SIM, EIS-ME AQUI SENHOR<br/>CUMPRI O TEU QUERER E MIM</lines>
    </verse>
  </lyrics>
</song>
