<?xml version='1.0' encoding='utf-8'?>
<song xmlns="http://openlyrics.info/namespace/2009/song" version="0.8" createdIn="OpenLP 1.9.9" modifiedIn="OpenLP 1.9.9" modifiedDate="2012-09-30T13:20:35">
  <properties>
    <titles>
      <title>TEUS OLHOS</title>
    </titles>
    <authors>
      <author>MARCOS WITT</author>
    </authors>
  </properties>
  <lyrics>
    <verse name="v1">
      <lines>TEUS OLHOS REVELAM QUE EU<br/>NADA POSSO ESCONDER<br/>E QUE NAO SOU NADA SEM TI<br/>OH FIEL SENHOR</lines>
    </verse>
    <verse name="v2">
      <lines>TUDO SABES DE MIM,<br/>QUANDO VES O MEU CORACAO<br/>E TUDO TU PODES VER<br/>BEM DENTRO DE MIM</lines>
    </verse>
    <verse name="v3">
      <lines>LEVA MINHA VIDA <br/>A UMA SOH VERDADE<br/>QUE QUANDO ME OLHAS<br/>NADA POSSO OCULTAR</lines>
    </verse>
    <verse name="v4">
      <lines>SEI, QUE TUA FIDELIDADE<br/>LEVA MINHA VIDA MAIS ALÉM<br/>DO QUE EU POSSO IMAGINAR<br/>SEI E NAO POSSO NEGAR<br/>QUE OS TEUS OLHOS SOBRE MIM<br/>ME ENCHA DE SUA PAZ</lines>
    </verse>
  </lyrics>
</song>
