<?xml version='1.0' encoding='utf-8'?>
<song xmlns="http://openlyrics.info/namespace/2009/song" version="0.8" createdIn="OpenLP 1.9.9" modifiedIn="OpenLP 1.9.9" modifiedDate="2012-09-30T13:20:35">
  <properties>
    <titles>
      <title>TOCOU-ME</title>
    </titles>
    <authors>
      <author>-</author>
    </authors>
  </properties>
  <lyrics>
    <verse name="v1">
      <lines>TOCOU-ME<br/>JESUS TOCOU-ME<br/>DE PAZ ELE ENCHEU<br/>MEU CORAÇÃO<br/>QUANDO O SENHOR JESUS<br/>ME TOCOU<br/>LIVROU-ME<br/>DA ESCURIDÃO</lines>
    </verse>
  </lyrics>
</song>
