<?xml version='1.0' encoding='utf-8'?>
<song xmlns="http://openlyrics.info/namespace/2009/song" version="0.8" createdIn="OpenLP 1.9.9" modifiedIn="OpenLP 1.9.9" modifiedDate="2012-09-30T13:20:35">
  <properties>
    <titles>
      <title>TODA SORTE DE BENÇÃO</title>
    </titles>
    <authors>
      <author>APASCENTAR NOVA IGUAÇU</author>
    </authors>
  </properties>
  <lyrics>
    <verse name="v1">
      <lines>POR ONDE EU FOR A TUA<br/>BENÇÃO ME SEGUIRÁ<br/>ONDE EU COLOCAR AS MINHAS <br/>MÃOS PROSPERARÁ<br/>A MINHA ENTRADA E A MINHA<br/>SAÍDA BENDITA SERÁ<br/>POIS SOBRE MIM HÁ UMA PROMESSA<br/>PROSPERAREI, TRANSBORDAREI</lines>
    </verse>
    <verse name="v2">
      <lines>OS MEUS CELEIROS<br/>FARTAMENTE SE ENCHERÃO<br/>A MINHA CASA TERÁ SEMPRE<br/>TUA PROVISÃO<br/>ONDE EU PUSER A PLANTA<br/>DOS MEUS PÉS POSSUIREI<br/>POIS SOBRE MIM HÁ UMA PROMESSA<br/>PROSPERAREI, TRANSBORDAREI</lines>
    </verse>
    <verse name="v3">
      <lines>PARA DIREITA<br/>PARA ESQUERDA<br/>À MINHA FRENTE <br/>E PARA TRÁS</lines>
    </verse>
    <verse name="v4">
      <lines>POR TODO LADO<br/>SOU ABENÇOADO<br/>EM TUDO QUE FAÇO<br/>SOU ABENÇOADO</lines>
    </verse>
    <verse name="v5">
      <lines>TODA SORTE DE BENÇÃOS<br/>O SENHOR PREPAROU PARA MIM<br/>E EM TODAS AS COISAS<br/>EU SOU MAIS DO QUE VENCEDOR</lines>
    </verse>
    <verse name="v6">
      <lines>PISA NA MISÉRIA NA POBREZA<br/>E DECLARA SOU MAIS QUE <br/>VENCEDOR MAIS QUE VENCEDOR</lines>
    </verse>
  </lyrics>
</song>
