<?xml version='1.0' encoding='utf-8'?>
<song xmlns="http://openlyrics.info/namespace/2009/song" version="0.8" createdIn="OpenLP 1.9.9" modifiedIn="OpenLP 1.9.9" modifiedDate="2012-09-30T13:20:35">
  <properties>
    <titles>
      <title>TOQUE NO ALTAR</title>
    </titles>
    <authors>
      <author>APASCENTAR NOVA IGUAÇU</author>
    </authors>
  </properties>
  <lyrics>
    <verse name="v1">
      <lines>QUEM QUER A GLÓRIA<br/>TRAZ A ARCA <br/>QUEM QUER O FOGO <br/>TRAZ SACRIFÍCIO <br/>QUEM QUER A VIDA <br/>QUE SUBA À CRUZ<br/>QUEM DESEJA O FAVOR  DO REI <br/>TOCA NA PONTA DO ALTAR</lines>
    </verse>
    <verse name="v2">
      <lines>QUEM MAIS PODERIA TE LIVRAR <br/>E MUDAR TUA SORTE DE UMA VEZ <br/>PROSTRE-SE AO CHÃO<br/>ESTENDA A TUA MÃO <br/>E TOQUE NO ALTAR <br/>TU ALCANÇARÁS<br/>O FAVOR DO REI <br/>TOQUE NO ALTAR</lines>
    </verse>
    <verse name="v3">
      <lines>QUEM QUER RESPOSTA<br/>QUEIMA INCENSO <br/>QUEM QUER A CURA <br/>TOCA NO MANTO <br/>QUEM QUER A HONRA<br/>RASGUE SUAS VESTES<br/>QUEM DESEJA O FAVOR DO REI <br/>TOCA NA PONTA DO ALTAR</lines>
    </verse>
  </lyrics>
</song>
