<?xml version='1.0' encoding='utf-8'?>
<song xmlns="http://openlyrics.info/namespace/2009/song" version="0.8" createdIn="OpenLP 1.9.9" modifiedIn="OpenLP 1.9.9" modifiedDate="2012-09-30T13:20:36">
  <properties>
    <titles>
      <title>TOTALMENTE TEU</title>
    </titles>
    <authors>
      <author>-</author>
    </authors>
  </properties>
  <lyrics>
    <verse name="v1">
      <lines>QUERO SER COMO UM VASO<br/>EM TUAS MÃOS<br/>QUERO SER COMO UM JARDIM<br/>REGADO POR TI<br/>EU QUERO SER DEPENDENTE<br/>DEPENDENTE DO TEU FAVOR</lines>
    </verse>
    <verse name="v2">
      <lines>QUERO SER COMO CRIANÇA<br/>EM TUAS MÃOS<br/>QUERO SER COMO UMA CORSA<br/>ANSEIO POR TI<br/>EU QUERO SER DEPENDENTE<br/>DEPENDENTE DO TEU FAVOR</lines>
    </verse>
    <verse name="v3">
      <lines>TOTALMENTE TEU JESUS<br/>TOTALMENTE TEU JESUS</lines>
    </verse>
  </lyrics>
</song>
