<?xml version='1.0' encoding='utf-8'?>
<song xmlns="http://openlyrics.info/namespace/2009/song" version="0.8" createdIn="OpenLP 1.9.9" modifiedIn="OpenLP 1.9.9" modifiedDate="2012-12-02T22:07:36">
  <properties>
    <titles>
      <title>TRAZENDO A ARCA</title>
    </titles>
    <authors>
      <author>-</author>
    </authors>
  </properties>
  <lyrics>
    <verse name="v1">
      <lines>COM VESTE DE LOUVOR<br/>COM ALEGRIA<br/>ESTOU TRAZENDO A ARCA<br/>EU ME PURIFIQUEI<br/>EU JA ME PREPAREI<br/>PORQUE AMO TUA PRESENÇA</lines>
    </verse>
    <verse name="v2">
      <lines>E COM A MULTIDÃO <br/>EU VOU TE CELEBRAR<br/>COM BRADOS E COM DANÇAS<br/>POIS NÃO HÁ NADA<br/>QUE ME DÁ MAIOR<br/>PRAZER QUE TUA PRESENÇA</lines>
    </verse>
    <verse name="v3">
      <lines>PRA TI EU CANTAREI<br/>PRA TI EU DANÇAREI<br/>TEU ESPÍRITO SE MOVE EM MIM<br/>EU ME HUMILHAREI<br/>DESPREZIVEL ME FAREI</lines>
    </verse>
    <verse name="v4">
      <lines>DIANTE DE TI SENHOR MEU DEUS<br/>NÃO POSSO ME CONTER<br/>TUA ALEGRIA ESTÁ EM MIM<br/>E EU AMO TUA PRESENÇA</lines>
    </verse>
    <verse name="v5">
      <lines>ME ALEGRAREI DIANTE DE TI<br/>PORQUE AMO TUA PRESENÇA<br/>ME ALEGRAREI DIANTE DE TI<br/>PORQUE TE AMO SENHOR</lines>
    </verse>
  </lyrics>
</song>
