<?xml version='1.0' encoding='utf-8'?>
<song xmlns="http://openlyrics.info/namespace/2009/song" version="0.8" createdIn="OpenLP 1.9.9" modifiedIn="OpenLP 1.9.9" modifiedDate="2012-09-30T13:20:36">
  <properties>
    <titles>
      <title>TU ÉS SOBERANO</title>
    </titles>
    <authors>
      <author>-</author>
    </authors>
  </properties>
  <lyrics>
    <verse name="v1">
      <lines>TU ÉS SOBERANO<br/>SOBRE A TERRA<br/>SOBRE OS CÉUS<br/>TU ÉS SENHOR<br/>ABSOLUTO</lines>
    </verse>
    <verse name="v2">
      <lines>TUDO QUE EXISTE<br/>E ACONTECE<br/>TU O SABES MUITO BEM,<br/>TU ÉS TREMENDO</lines>
    </verse>
    <verse name="v3">
      <lines>E APESAR DESTA<br/>GLÓRIA QUE TENS <br/>TU TE IMPORTAS<br/>COMIGO TAMBÉM</lines>
    </verse>
    <verse name="v4">
      <lines>E ESSE AMOR<br/>TÃO GRANDE<br/>ELEVA-ME E<br/>AMARRA-ME A TI<br/>TU ÉS TREMENDO</lines>
    </verse>
  </lyrics>
</song>
