<?xml version='1.0' encoding='utf-8'?>
<song xmlns="http://openlyrics.info/namespace/2009/song" version="0.8" createdIn="OpenLP 1.9.9" modifiedIn="OpenLP 1.9.9" modifiedDate="2012-09-30T13:20:36">
  <properties>
    <titles>
      <title>TUA UNÇÃO</title>
    </titles>
    <authors>
      <author>I B NOVA JERUSALEM</author>
    </authors>
  </properties>
  <lyrics>
    <verse name="v1">
      <lines>QUERO SEMPRE ESTAR,<br/>DIANTE DE TI,<br/>NO TEU ALTAR.<br/>PRONTO PRA SENTIR<br/>E RECEBER DO TEU PODER.</lines>
    </verse>
    <verse name="v2">
      <lines>ALÉM DO VÉU,<br/>EU QUERO ESTAR,<br/>VEM FLUIR A TUA UNÇÃO.<br/>E TRANSBORDAR,<br/>MEU CORAÇÃO,<br/>QUERO PRONTO ESTAR,<br/>PRA SEGUIR E CONQUISTAR.</lines>
    </verse>
    <verse name="v3">
      <lines>RENOVA A UNÇÃO<br/>SOBRE MIM,<br/>PARA PROFETIZAR<br/>E PREGAR A LIBERTAÇÃO.<br/>E O TEU PODER PRA CURAR<br/>AS CADEIAS QUEBRAR,<br/>COM O AGIR E O FLUIR<br/>DESSA UNÇÃO.</lines>
    </verse>
    <verse name="v4">
      <lines>UMA SÓ PALAVRA<br/>QUE DEUS MANDAR,<br/>VAI FAZER A<br/>MINHA VIDA MUDAR.<br/>EM MEIO AS LUTAS<br/>EU VOU TRIUNFAR,<br/>POIS EU SEI<br/>QUE É SÓ EM TI CONFIAR.</lines>
    </verse>
    <verse name="v5">
      <lines>SE O INIMIGO<br/>QUISER ME COMBATER,<br/>NÃO HÁ NADA<br/>QUE ME FAÇA TEMER.<br/>NÃO IMPORTA<br/>O QUE ENFRENTAREI,<br/>COM A UNÇÃO,<br/>IMBATÍVEL SEREI.</lines>
    </verse>
  </lyrics>
</song>
