<?xml version='1.0' encoding='utf-8'?>
<song xmlns="http://openlyrics.info/namespace/2009/song" version="0.8" createdIn="OpenLP 1.9.9" modifiedIn="OpenLP 1.9.9" modifiedDate="2012-09-30T13:20:36">
  <properties>
    <titles>
      <title>UMA NOVA HISTORIA</title>
    </titles>
    <authors>
      <author>FAZ CHOVER</author>
    </authors>
  </properties>
  <lyrics>
    <verse name="v1">
      <lines>SAI DE TUA TENDA OH! FILHO MEU <br/>TE MOSTRAREI AS ESTRELAS DO CEU</lines>
    </verse>
    <verse name="v2">
      <lines>SAI DE TUA TENDA OH FILHO MEU <br/>TE MOSTRAREI  A AREIA DO MAR</lines>
    </verse>
    <verse name="v3">
      <lines>SERA QUE PODES CONTAR<br/>SERA QUE PODES IMAGINAR</lines>
    </verse>
    <verse name="v4">
      <lines>TUDO AQUILO QUE SONHEI PARA TI<br/>FILHO MEU</lines>
    </verse>
    <verse name="v5">
      <lines>O QUE  MINHAS MÃOS FIZERAM PARA TI <br/>FILHO MEU</lines>
    </verse>
    <verse name="v6">
      <lines>MINHA BENÇÃO SERA SOBRE TI</lines>
    </verse>
    <verse name="v7">
      <lines>UMA NOVA HISTORIA DEUS TEM PRA MI<br/>UM NOVO TEMPO DEUS TEM PRA MIM</lines>
    </verse>
    <verse name="v8">
      <lines>E TUDO AQUILO QUE PERDIDO FOI <br/>OUVIREI DE SUA BOCA TE ABENÇOAREI</lines>
    </verse>
  </lyrics>
</song>
