<?xml version='1.0' encoding='utf-8'?>
<song xmlns="http://openlyrics.info/namespace/2009/song" version="0.8" createdIn="OpenLP 1.9.9" modifiedIn="OpenLP 1.9.9" modifiedDate="2012-09-30T13:20:37">
  <properties>
    <titles>
      <title>VAI DAR TUDO CERTO</title>
    </titles>
    <authors>
      <author>-</author>
    </authors>
  </properties>
  <lyrics>
    <verse name="v1">
      <lines>SE AGENTE COLOCAR<br/>A NOSSA FÉ EM AÇÃO<br/>E CONFIARMOS<br/>E ORARMOS A DEUS<br/>DEUS OUVE E RESPONDE<br/>VAI DAR TUDO CERTO</lines>
    </verse>
    <verse name="v2">
      <lines>VAI DAR TUDO CERTO<br/>EM NOME DE JESUS<br/>VAI DAR TUDO CERTO<br/>SE AGENTE COLOCAR <br/>A NOSSA FÉ EM AÇÃO<br/>VAI DAR TUDO CERTO</lines>
    </verse>
    <verse name="v3">
      <lines>SEI QUE A VIDA NÃO É<br/>SÓ DE MOMENTOS BONS<br/>HÁ TEMPOS DIFÍCEIS<br/>A VIDA É MESMO ASSIM<br/>MAS SE AGENTE COLOCAR<br/>A NOSSA FÉ EM AÇÃO<br/>VAI DAR TUDO CERTO</lines>
    </verse>
    <verse name="v4">
      <lines>JÁ DEU TUDO CERTO<br/>EM NOME DE JESUS<br/>JÁ DEU TUDO CERTO<br/>PORQUE A IGREJA COLOCOU<br/>A SUA FÉ EM AÇÃO<br/>JÁ DEU TUDO CERTO</lines>
    </verse>
  </lyrics>
</song>
