<?xml version='1.0' encoding='utf-8'?>
<song xmlns="http://openlyrics.info/namespace/2009/song" version="0.8" createdIn="OpenLP 1.9.9" modifiedIn="OpenLP 1.9.9" modifiedDate="2013-02-24T13:58:29">
  <properties>
    <titles>
      <title>VAI ACONTECER MILAGRES</title>
    </titles>
    <authors>
      <author>-</author>
    </authors>
  </properties>
  <lyrics>
    <verse name="v1">
      <lines>VAI ACONTECER MILAGRE HOJE AQUI<br/>VAI ACONTECER MILAGRE HOJE AQUI<br/>NÃO IMPORTA SUA DOR<br/>O TEU DEUS É DOUTOR<br/>VAI ACONTECER MILAGRE.</lines>
    </verse>
    <verse name="v2">
      <lines>POR ONDE ELE PASSAVA<br/>ALGUÉM LOGO GRITAVA<br/>VAI TER MILAGRE AQUI<br/>EU JÁ POSSO OUVIR<br/>JESUS JÁ VEM ALI.</lines>
    </verse>
    <verse name="v3">
      <lines>UNS AOS OUTROS FALAVAM<br/>EU CONHEÇO AQUELE OLHAR<br/>UM OLHAR DE AMOR<br/>EU CONHEÇO O MEU SENHOR<br/>É O DEUS DE MILAGRE, MILAGRE, MILAGRE.</lines>
    </verse>
    <verse name="v4">
      <lines>FAÇA COMO AQUELA MULHER<br/>TOQUE NELE PELA FÉ<br/>E SEJA SARADO, SEJA LIBERTADO<br/>DELE VAI SAIR VIRTUDE<br/>DELE VAI SAIR A CURA<br/>QUE VOCÊ PROCURA.</lines>
    </verse>
    <verse name="v5">
      <lines>UNS AOS OUTROS FALAVAM<br/>EU CONHEÇO AQUELE OLHAR<br/>UM OLHAR DE AMOR<br/>EU CONHEÇO O MEU SENHOR<br/>É O DEUS DE MILAGRE<br/>SE PREPARE Ó IGREJA<br/>PRA O MILAGRE ACONTECER<br/>EU JÁ POSSO SENTIR<br/>POIS JESUS ESTÁ AQUI<br/>E VAI FAZER MILAGRE, MILAGRE, MILAGRE.</lines>
    </verse>
  </lyrics>
</song>
