<?xml version='1.0' encoding='utf-8'?>
<song xmlns="http://openlyrics.info/namespace/2009/song" version="0.8" createdIn="OpenLP 1.9.9" modifiedIn="OpenLP 1.9.9" modifiedDate="2012-09-30T13:20:37">
  <properties>
    <titles>
      <title>VASO NOVO</title>
    </titles>
    <verseOrder>v1 v2 v3 v2</verseOrder>
    <authors>
      <author>-</author>
    </authors>
  </properties>
  <lyrics>
    <verse name="v1">
      <lines>EU QUERO SER<br/>SENHOR AMADO<br/>COMO UM VASO<br/>NAS MÃOS DO OLEIRO</lines>
    </verse>
    <verse name="v2">
      <lines>QUEBRA MINHA VIDA           <br/>E FAZE-A DE NOVO            <br/>EU QUERO SER                  <br/>EU QUERO SER                  <br/>UM VASO NOVO</lines>
    </verse>
    <verse name="v3">
      <lines>COMO TU QUERES,             <br/>SENHOR AMADO                          <br/>TU ÉS O OLEIRO                   <br/>E EU, O VASO</lines>
    </verse>
  </lyrics>
</song>
