<?xml version='1.0' encoding='utf-8'?>
<song xmlns="http://openlyrics.info/namespace/2009/song" version="0.8" createdIn="OpenLP 1.9.9" modifiedIn="OpenLP 1.9.9" modifiedDate="2012-09-30T13:20:37">
  <properties>
    <titles>
      <title>VEJO QUE A VITÓRIA DO SENHOR</title>
    </titles>
    <authors>
      <author>-</author>
    </authors>
  </properties>
  <lyrics>
    <verse name="v1">
      <lines>VEJO QUE A VITÓRIA DO <br/>SENHOR ESTÁ CHEGANDO<br/>AQUI NESTE LUGAR<br/>O POVO ACREDITOU,<br/>O POVO PROFETIZOU<br/>E A VITÓRIA VEIO<br/>EM NOME DO SENHOR</lines>
    </verse>
    <verse name="v2">
      <lines>ESTA CASA SERÁ CHAMADA<br/>CASA DE ORAÇÃO<br/>ESTA CASA SERÁ CHAMADA<br/>CASA DE LOUVOR<br/>E TODO JOELHO SE DOBRARÁ<br/>E TODA LÍNGUA CONFESSARÁ<br/>QUE JESUS CRISTO É O SENHOR!!!</lines>
    </verse>
    <verse name="v3">
      <lines>VEJO DEUS PRESENTE<br/>AQUI NESTE LUGAR<br/>OPERANDO EM  NOSSOS CORAÇÕES<br/>NÃO DEVEMOS NUNCA DUVIDAR<br/>MAS PODEMOS N’ELE DESCANSAR<br/>POIS A VITÓRIA É NOSSA<br/>EM NOME DO SENHOR</lines>
    </verse>
  </lyrics>
</song>
