<?xml version='1.0' encoding='utf-8'?>
<song xmlns="http://openlyrics.info/namespace/2009/song" version="0.8" createdIn="OpenLP 1.9.9" modifiedIn="OpenLP 1.9.9" modifiedDate="2012-09-30T13:20:37">
  <properties>
    <titles>
      <title>VEM</title>
    </titles>
    <authors>
      <author>VINEYARD</author>
    </authors>
  </properties>
  <lyrics>
    <verse name="v1">
      <lines>VEM, ESTA É A HORA<br/>DA ADORAÇÃO <br/>VEM, DAR A ELE<br/>TEU CORAÇÃO<br/>VEM, ASSIM COMO <br/>ESTÁS PARA ADORAR <br/>VEM, ASSIM COMO<br/>ESTÁS DIANTE DO PAI<br/>VEM...</lines>
    </verse>
    <verse name="v2">
      <lines>TODA LÍNGUA<br/>CONFESSARÁ O SENHOR<br/>TODO JOELHO SE DOBRARÁ <br/>MAS AQUELE QUE<br/>A TI ESCOLHER <br/>O TESOURO MAIOR TERÁ</lines>
    </verse>
    <verse name="v3">
      <lines>VEM</lines>
    </verse>
  </lyrics>
</song>
