<?xml version='1.0' encoding='utf-8'?>
<song xmlns="http://openlyrics.info/namespace/2009/song" version="0.8" createdIn="OpenLP 1.9.9" modifiedIn="OpenLP 1.9.9" modifiedDate="2012-09-30T13:20:37">
  <properties>
    <titles>
      <title>VEM MORAR</title>
    </titles>
    <authors>
      <author>-</author>
    </authors>
  </properties>
  <lyrics>
    <verse name="v1">
      <lines>HÁ ALGUEM A BATER<br/>EM MINHA PORTA<br/>É ALGUEM  MUITO ESPECIAL<br/>ELE TEM UM AMOR IMCOMPARÁVEL<br/>AMO COMO ESTE <br/>NUNCA VISTO IGUAL</lines>
    </verse>
    <verse name="v2">
      <lines>ELE TEM TODA AUTORIDADE<br/>EM BAIXO DA TERRA<br/>E ACIMA DOS CÉUS<br/>SEU NOME É SOBRE<br/>TODO NOME, PODEROSO<br/>MAIS DOCE DO QUE O MEL</lines>
    </verse>
    <verse name="v3">
      <lines>VEM JESUS VOCÊ PODE ENTRAR<br/>MINHA PORTA ESTÁ ABERTA<br/>VEM COMIGO CEIAR<br/>VEM JESUS VOCÊ PODE ENTRAR<br/>MINHA CASA É SUA<br/>VEM COMIGO MORAR</lines>
    </verse>
  </lyrics>
</song>
