<?xml version='1.0' encoding='utf-8'?>
<song xmlns="http://openlyrics.info/namespace/2009/song" version="0.8" createdIn="OpenLP 1.9.9" modifiedIn="OpenLP 1.9.9" modifiedDate="2012-09-30T13:20:37">
  <properties>
    <titles>
      <title>VENHO SENHOR</title>
    </titles>
    <authors>
      <author>-</author>
    </authors>
  </properties>
  <lyrics>
    <verse name="v1">
      <lines>VENHO SENHOR<br/>MINHA VIDA OFERECER<br/>COMO OFERTA DE AMOR<br/>E SACRIFICIO<br/>QUERO A MINHA VIDA<br/>A TI ENTREGAR<br/>COMO OFERTA VIVA<br/>EM TEU ALTAR</lines>
    </verse>
    <verse name="v2">
      <lines>POIS PRA TE ADORAR<br/>FOI QUE EU NASCI<br/>CUMPRE EM MIM<br/>O TEU QUERER<br/>FAÇA O QUE ESTÁ<br/>EM TEU CORAÇÃO</lines>
    </verse>
    <verse name="v3">
      <lines>E QUE A CADA DIA<br/>EU QUEIRA MAIS E MAIS<br/>ESTAR AO TEU LADO<br/>ESTAR AO TEU LADO<br/>ESTAR AO TEU LADO<br/>SENHOR</lines>
    </verse>
  </lyrics>
</song>
