<?xml version='1.0' encoding='utf-8'?>
<song xmlns="http://openlyrics.info/namespace/2009/song" version="0.8" createdIn="OpenLP 1.9.9" modifiedIn="OpenLP 1.9.9" modifiedDate="2012-09-30T13:20:38">
  <properties>
    <titles>
      <title>VERDADEIRO AMOR</title>
    </titles>
    <authors>
      <author>LUDMILA FERBER</author>
    </authors>
  </properties>
  <lyrics>
    <verse name="v1">
      <lines>QUANDO TENHO MEDO<br/>DE FRACASSAR<br/>QUANDO TENHO MEDO<br/>DE NÃO VENCER<br/>QUANDO TENHO MEDO<br/>DE SER</lines>
    </verse>
    <verse name="v2">
      <lines>QUANDO TENHO MEDO<br/>DE NÃO TENTAR<br/>QUANDO TENHO MEDO<br/>DE NÃO ROMPER<br/>QUANDO TENHO MEDO<br/>DE SER</lines>
    </verse>
    <verse name="v3">
      <lines>O VERDADEIRO AMOR<br/>LANÇA FORA <br/>TODO MEDO<br/>O VERDADEIRO AMOR<br/>QUE VEM DE DEUS<br/>ME ENSINA A NAO TEMER</lines>
    </verse>
  </lyrics>
</song>
