<?xml version='1.0' encoding='utf-8'?>
<song xmlns="http://openlyrics.info/namespace/2009/song" version="0.8" createdIn="OpenLP 1.9.9" modifiedIn="OpenLP 1.9.9" modifiedDate="2013-07-28T22:27:37">
  <properties>
    <titles>
      <title>VERDADEIRO ADORADOR</title>
    </titles>
    <verseOrder>v1 v2 v3</verseOrder>
    <authors>
      <author>COM. ZONA SUL</author>
      <author>ALDA CÉLIA</author>
    </authors>
  </properties>
  <lyrics>
    <verse name="v1">
      <lines>PAI, SEI QUE OS SEUS OLHOS<br/>ESTAO SOBRE A TERRA A PROCURAR<br/>ALGUÉM QUE TE ADORE EM ESPÍRITO<br/>ALGUÉM QUE TE ADORE EM VERDADE<br/>PAI, COMO ACHASTE A DAVI<br/>VEM E DERRAMA SOBRE MIM<br/>O ÓLEO PRECIOSO DA UNÇÃO<br/>E ME FAZ SEGUNDO O TEU CORAÇÃO.</lines>
    </verse>
    <verse name="v2">
      <lines>ACHE EM MIM VERDADEIRO ADORADOR<br/>COM VESTES DE LOUVOR<br/>QUERO CONTEMPLAR TEU ROSTO OH PAI<br/>VEM UNGIR MINHA OFERTA DE AMOR<br/>DOU A TI MEU CORAÇÃO,<br/>MEU DEUS MEU PAI, ACHE EM MIM<br/>UM VERDADEIRO ADORADOR.</lines>
    </verse>
    <verse name="v3">
      <lines>É MEU PRAZER<br/>TE ADORAR SENHOR,<br/>É MEU PRAZER<br/>MINISTRAR LOUVOR...</lines>
    </verse>
  </lyrics>
</song>
