<?xml version='1.0' encoding='utf-8'?>
<song xmlns="http://openlyrics.info/namespace/2009/song" version="0.8" createdIn="OpenLP 1.9.9" modifiedIn="OpenLP 1.9.9" modifiedDate="2012-09-30T13:20:38">
  <properties>
    <titles>
      <title>VIDEIRA</title>
    </titles>
    <authors>
      <author>CLÁUDIO CLARO</author>
    </authors>
  </properties>
  <lyrics>
    <verse name="v1">
      <lines>TU ÉS O DEUS QUE QUEBRA<br/>TODAS AS CADEIAS<br/>DESTROI MURALHAS<br/>E DERRUBA AS FORTALEZAS<br/>TU ÉS O DEUS QUE CURA<br/>TODAS AS DOENÇAS<br/>QUE PURIFICA,<br/>JUSTIFICA E SANTIFICA</lines>
    </verse>
    <verse name="v2">
      <lines>TU ÉS TREMENDO,<br/>MARAVILHOSO<br/>E CONSELHEIRO, VITORIOSO<br/>LEÃO DE JUDÁ<br/>TU ÉS A FONTE DE ÁGUA VIVA<br/>BEM CRISTALINA<br/>QUE ME SACIA<br/>E ME FAZ CANTAR</lines>
    </verse>
    <verse name="v3">
      <lines>ALELUIA EU SOU FELIZ<br/>EM TE AMAR MEU SALVADOR<br/>ALELUIA EU TENHO PAZ<br/>POIS ENCONTREI NO TEU AMOR<br/>ALEGRIA, VIDA ETERNA<br/>E LOUVOR</lines>
    </verse>
    <verse name="v4">
      <lines>VIDEIRA, VIDEIRA,<br/>VIDEIRA, VIDEIRA,<br/>VIDEIRA, VIDEIRA,<br/>VIDA</lines>
    </verse>
  </lyrics>
</song>
