<?xml version='1.0' encoding='utf-8'?>
<song xmlns="http://openlyrics.info/namespace/2009/song" version="0.8" createdIn="OpenLP 1.9.9" modifiedIn="OpenLP 1.9.9" modifiedDate="2012-09-30T13:18:59">
  <properties>
    <titles>
      <title>a-cada-manha</title>
    </titles>
    <authors>
      <author>Asaph Borba</author>
    </authors>
  </properties>
  <lyrics>
    <verse name="v1">
      <lines>A Cada Manhã</lines>
    </verse>
    <verse name="v2">
      <lines>A cada manhã, a cada manhã;<br/>As misericórdias se renovam a cada manhã.<br/>Olhai os lírios do campo e os pássaros no céu:<br/>Deus cuida de todos eles com fidelidade e amor.<br/>Não semeiam nem ceifam mas refletem a glória de Deus<br/>A cada dia, a cada manhã.</lines>
    </verse>
    <verse name="v3">
      <lines>Assim como o Senhor alimenta as aves do céu,<br/>Veste os lírios dos campos de beleza e esplendor,<br/>Ele cuida das nossas vidas, supre as necessidades<br/>A cada dia, a cada manhã.</lines>
    </verse>
  </lyrics>
</song>
