<?xml version='1.0' encoding='utf-8'?>
<song xmlns="http://openlyrics.info/namespace/2009/song" version="0.8" createdIn="OpenLP 1.9.9" modifiedIn="OpenLP 1.9.9" modifiedDate="2012-09-30T13:18:59">
  <properties>
    <titles>
      <title>a-chave</title>
    </titles>
    <authors>
      <author>Asaph Borba</author>
    </authors>
  </properties>
  <lyrics>
    <verse name="v1">
      <lines>A Chave</lines>
    </verse>
    <verse name="v2">
      <lines>Eu descobri a chave pra ser feliz<br/>Eu descobri a chave pra ser feliz</lines>
    </verse>
    <verse name="v3">
      <lines>Em meio às muitas lutas e tribulações<br/>Eu descobri a chave pra ser feliz<br/>Mesmo quando a esperança esbarra<br/>Em perguntas sem respostas</lines>
    </verse>
    <verse name="v4">
      <lines>Eu descobri que a fé<br/>É o que mantém de pé<br/>A vontade de viver<br/>E a força pra vencer<br/>Eu descobri que é bem maior<br/>É mais forte e poderoso<br/>O Deus que em mim gerou fé em Jesus!</lines>
    </verse>
    <verse name="v5">
      <lines>Eu descobri a chave pra ser feliz: JESUS!<br/>Eu descobri a chave pra ser feliz: JESUS!</lines>
    </verse>
  </lyrics>
</song>
