<?xml version='1.0' encoding='utf-8'?>
<song xmlns="http://openlyrics.info/namespace/2009/song" version="0.8" createdIn="OpenLP 1.9.9" modifiedIn="OpenLP 1.9.9" modifiedDate="2012-09-30T13:19:02">
  <properties>
    <titles>
      <title>a-paz-reinara</title>
    </titles>
    <authors>
      <author>Asaph Borba</author>
    </authors>
  </properties>
  <lyrics>
    <verse name="v1">
      <lines>A Paz Reinará</lines>
    </verse>
    <verse name="v2">
      <lines>A paz reinará no coração<br/>Daquele que ama ao Senhor<br/>O Santo de Israel<br/>Alegria e gozo ele terá<br/>E a bênção do Senhor<br/>Sobre ele permanecerá<br/>Pra sempre</lines>
    </verse>
  </lyrics>
</song>
