<?xml version='1.0' encoding='utf-8'?>
<song xmlns="http://openlyrics.info/namespace/2009/song" version="0.8" createdIn="OpenLP 1.9.9" modifiedIn="OpenLP 1.9.9" modifiedDate="2012-09-30T13:18:59">
  <properties>
    <titles>
      <title>aba-pai</title>
    </titles>
    <authors>
      <author>Asaph Borba</author>
    </authors>
  </properties>
  <lyrics>
    <verse name="v1">
      <lines>Aba Pai</lines>
    </verse>
    <verse name="v2">
      <lines>Aba Pai, Aba Pai<br/>Minh´alma tem sede de ti óh Deus<br/>Aba Pai<br/>Aba Pai, Aba Pai<br/>Minh´alma tem sede de ti óh Deus<br/>Meu amado Pai</lines>
    </verse>
    <verse name="v3">
      <lines>Como suspira a corsa, pelas correntes das águas<br/>Assim por ti ó Deus suspira minh´alma<br/>Porque as tuas misericórdias<br/>Me renovam a cada manhã<br/>Como orvalho sobre a relva</lines>
    </verse>
  </lyrics>
</song>
