<?xml version='1.0' encoding='utf-8'?>
<song xmlns="http://openlyrics.info/namespace/2009/song" version="0.8" createdIn="OpenLP 1.9.9" modifiedIn="OpenLP 1.9.9" modifiedDate="2012-09-30T13:19:00">
  <properties>
    <titles>
      <title>adorarei-ti</title>
    </titles>
    <authors>
      <author>Asaph Borba</author>
    </authors>
  </properties>
  <lyrics>
    <verse name="v1">
      <lines>Adorarei a Ti</lines>
    </verse>
    <verse name="v2">
      <lines>Mesmo que a minha alma esteja abatida<br/>Mesmo que a angústia me pareça sufocar<br/>Eu clamarei a Ti que és o autor da vida<br/>Que vens com teu amor me consolar<br/>Mesmo que céu pareça tão escuro<br/>Mesmo que o sol pareça não brilhar<br/>Eu sei que Tu me fazes repousar seguro<br/>Pois Tua palavra é luz pro meu andar</lines>
    </verse>
    <verse name="v3">
      <lines>Adorarei a Ti Senhor com todo o meu ser<br/>Adorarei a Ti Senhor enquanto eu viver<br/>Mesmo que hajam lutas e tribulações<br/>Adorarei a Ti Senhor com meu coração</lines>
    </verse>
  </lyrics>
</song>
