<?xml version='1.0' encoding='utf-8'?>
<song xmlns="http://openlyrics.info/namespace/2009/song" version="0.8" createdIn="OpenLP 1.9.9" modifiedIn="OpenLP 1.9.9" modifiedDate="2012-09-30T13:18:59">
  <properties>
    <titles>
      <title>adoramos</title>
    </titles>
    <authors>
      <author>Asaph Borba</author>
    </authors>
  </properties>
  <lyrics>
    <verse name="v1">
      <lines>Adoramos</lines>
    </verse>
    <verse name="v2">
      <lines>Adoramos, adoramos<br/>Aquele que venceu<br/>Adoramos, adoramos<br/>A Cristo que venceu.</lines>
    </verse>
    <verse name="v3">
      <lines>Pois não há pecado ou culpa<br/>Maior que o seu amor<br/>Não há nada que façamos<br/>Que não possa perdoar<br/>Não há nada nesta terra<br/>Que o possa derrotar<br/>Nem cadeias ou prisões<br/>Que não possa rebentar.</lines>
    </verse>
  </lyrics>
</song>
