<?xml version='1.0' encoding='utf-8'?>
<song xmlns="http://openlyrics.info/namespace/2009/song" version="0.8" createdIn="OpenLP 1.9.9" modifiedIn="OpenLP 1.9.9" modifiedDate="2012-09-30T13:19:00">
  <properties>
    <titles>
      <title>adoramos-jesus</title>
    </titles>
    <authors>
      <author>Asaph Borba</author>
    </authors>
  </properties>
  <lyrics>
    <verse name="v1">
      <lines>Adoramos a Jesus</lines>
    </verse>
    <verse name="v2">
      <lines>Adoramos a Jesus,<br/>O Filho do Deus vivo<br/>Adoramos a Jesus, nosso salvador<br/>Adoramos a Jesus,<br/>Que venceu a morte, mudou a nossa sorte<br/>Ao ressuscitar</lines>
    </verse>
    <verse name="v3">
      <lines>Nós amamos ...</lines>
    </verse>
  </lyrics>
</song>
