<?xml version='1.0' encoding='utf-8'?>
<song xmlns="http://openlyrics.info/namespace/2009/song" version="0.8" createdIn="OpenLP 1.9.9" modifiedIn="OpenLP 1.9.9" modifiedDate="2012-09-30T13:19:00">
  <properties>
    <titles>
      <title>agora-eu-posso-entrar</title>
    </titles>
    <authors>
      <author>Asaph Borba</author>
    </authors>
  </properties>
  <lyrics>
    <verse name="v1">
      <lines>Agora eu posso entrar</lines>
    </verse>
    <verse name="v2">
      <lines>Agora eu posso entrar em tua presença<br/>E te adorar em tua presença<br/>Através de Jesus, novo e vivo caminho<br/>Para os teus átrios, meu amado Pai.</lines>
    </verse>
    <verse name="v3">
      <lines>Não há mais separação da tua presença<br/>Tenho plena comunhão, em tua presença<br/>Através de Jesus, novo e vivo caminho<br/>Para os teus átrios, meu amado Pai</lines>
    </verse>
    <verse name="v4">
      <lines>Este é o lugar onde irei habitar<br/>Com alegria, cheio de paz<br/>Onde as lágrimas e a dor terminarão<br/>E para sempre vou te adorar<br/>E para sempre vou te adorar</lines>
    </verse>
  </lyrics>
</song>
