<?xml version='1.0' encoding='utf-8'?>
<song xmlns="http://openlyrics.info/namespace/2009/song" version="0.8" createdIn="OpenLP 1.9.9" modifiedIn="OpenLP 1.9.9" modifiedDate="2012-09-30T13:19:00">
  <properties>
    <titles>
      <title>alegria-do-senhor</title>
    </titles>
    <authors>
      <author>Asaph Borba</author>
    </authors>
  </properties>
  <lyrics>
    <verse name="v1">
      <lines>Alegria do Senhor</lines>
    </verse>
    <verse name="v2">
      <lines>Alegria do senhor a tua força é, alegria do senhor a tua força é, alegria do senhor a tua força é, me alegrarei me alegrarei me alegrarei.</lines>
    </verse>
    <verse name="v3">
      <lines>me alegrarei 4x<br/>hei ho hei.<br/>alegria do senhor a tua força é 3x<br/>te alegraras te alegrarais te alegraras.<br/>te alegraras4x hei ho hei.</lines>
    </verse>
  </lyrics>
</song>
