<?xml version='1.0' encoding='utf-8'?>
<song xmlns="http://openlyrics.info/namespace/2009/song" version="0.8" createdIn="OpenLP 1.9.9" modifiedIn="OpenLP 1.9.9" modifiedDate="2012-09-30T13:19:00">
  <properties>
    <titles>
      <title>aleluia</title>
    </titles>
    <authors>
      <author>Asaph Borba</author>
    </authors>
  </properties>
  <lyrics>
    <verse name="v1">
      <lines>Aleluia</lines>
    </verse>
    <verse name="v2">
      <lines>Senhor me alegro em ti<br/>E de júbilo salta o meu coração<br/>Pois vitória recebi e também perdão<br/>Pois vitória recebi e também perdão</lines>
    </verse>
    <verse name="v3">
      <lines>Aleluia</lines>
    </verse>
    <verse name="v4">
      <lines>Passei tribulação<br/>E acusação do tentador<br/>Mas peguei na tua mão que me sustentou, Senhor<br/>Mas peguei na tua mão que me sustentou</lines>
    </verse>
    <verse name="v5">
      <lines>Aleluia</lines>
    </verse>
    <verse name="v6">
      <lines>E na multidão dos santos eu quero declarar<br/>Não só com minha boca mas também com meu viver<br/>Que na minha vida só tu és Senhor</lines>
    </verse>
    <verse name="v7">
      <lines>Aleluia</lines>
    </verse>
  </lyrics>
</song>
