<?xml version='1.0' encoding='utf-8'?>
<song xmlns="http://openlyrics.info/namespace/2009/song" version="0.8" createdIn="OpenLP 1.9.9" modifiedIn="OpenLP 1.9.9" modifiedDate="2012-09-30T13:19:00">
  <properties>
    <titles>
      <title>almighty-god</title>
    </titles>
    <authors>
      <author>Asaph Borba</author>
    </authors>
  </properties>
  <lyrics>
    <verse name="v1">
      <lines>Almighty God</lines>
    </verse>
    <verse name="v2">
      <lines>The onde who is seated on the throne<br/>And to the lamb be our praises</lines>
    </verse>
    <verse name="v3">
      <lines>Be the honor, be the Glory<br/>Be the power, fover and ever</lines>
    </verse>
    <verse name="v4">
      <lines>Almighty God<br/>Almighty God<br/>Almighty God<br/>My soul longs for You</lines>
    </verse>
  </lyrics>
</song>
