<?xml version='1.0' encoding='utf-8'?>
<song xmlns="http://openlyrics.info/namespace/2009/song" version="0.8" createdIn="OpenLP 1.9.9" modifiedIn="OpenLP 1.9.9" modifiedDate="2012-09-30T13:20:12">
  <properties>
    <titles>
      <title>ALTO PREÇO</title>
    </titles>
    <authors>
      <author>ASAPH BORBA</author>
    </authors>
  </properties>
  <lyrics>
    <verse name="v1">
      <lines>EU SEI QUE FOI PAGO<br/>UM ALTO PREÇO<br/>PARA QUE CONTIGO<br/>EU FOSSE UM MEU IRMÃO</lines>
    </verse>
    <verse name="v2">
      <lines>QUANDO JESUS<br/>DERRAMOU SUA VIDA<br/>ELE PENSAVA EM TI,<br/>ELE PENSAVA EM MIM,<br/>PENSAVA EM NÓS</lines>
    </verse>
    <verse name="v3">
      <lines>E NOS VIA REDIMIDOS<br/>POR SEU SANGUE<br/>LUTANDO O BOM<br/>COMBATE DO SENHOR</lines>
    </verse>
    <verse name="v4">
      <lines>LADO A LADO<br/>TRABALHANDO,<br/>SUA IGREJA<br/>EDIFICANDO<br/>E ROMPENDO<br/>AS BARREIRAS<br/>PELO AMOR.</lines>
    </verse>
    <verse name="v5">
      <lines>E NA FORÇA DO<br/>ESPÍRITO SANTO<br/>NÓS PROCLAMAMOS AQUI<br/>QUE PAGAREMOS O PREÇO<br/>DE SERMOS UM SÓ<br/>CORAÇÃO NO SENHOR</lines>
    </verse>
    <verse name="v6">
      <lines>E POR MAIS<br/>QUE AS TREVAS MILITEM<br/>E NOS TENTEM SEPARAR<br/>COM NOSSOS<br/>OLHOS EM CRISTO,<br/>UNIDOS IREMOS ANDAR.</lines>
    </verse>
  </lyrics>
</song>
