<?xml version='1.0' encoding='utf-8'?>
<song xmlns="http://openlyrics.info/namespace/2009/song" version="0.8" createdIn="OpenLP 1.9.9" modifiedIn="OpenLP 1.9.9" modifiedDate="2012-09-30T13:19:00">
  <properties>
    <titles>
      <title>alto-preco</title>
    </titles>
    <authors>
      <author>Asaph Borba</author>
    </authors>
  </properties>
  <lyrics>
    <verse name="v1">
      <lines>Alto Preço</lines>
    </verse>
    <verse name="v2">
      <lines>Eu sei que foi pago um alto preço<br/>Para que contigo eu fosse um meu irmão</lines>
    </verse>
    <verse name="v3">
      <lines>Quando Jesus derramou sua vida<br/>Ele pensava em ti, Ele pensava em mim,<br/>Pensava em nós<br/>E nos via redimidos por seu sangue<br/>Lutando o bom combate do Senhor<br/>Lado a lado trabalhando, sua Igreja edificando</lines>
    </verse>
    <verse name="v4">
      <lines>E rompendo as barreiras pelo amor.</lines>
    </verse>
    <verse name="v5">
      <lines>E na força do Espírito Santo nós proclamamos aqui<br/>Que pagaremos o preço de sermos um só coração no Senhor<br/>E por mais que as trevas militem e nos tentem separar</lines>
    </verse>
  </lyrics>
</song>
