<?xml version='1.0' encoding='utf-8'?>
<song xmlns="http://openlyrics.info/namespace/2009/song" version="0.8" createdIn="OpenLP 1.9.9" modifiedIn="OpenLP 1.9.9" modifiedDate="2012-09-30T13:19:01">
  <properties>
    <titles>
      <title>amigo</title>
    </titles>
    <authors>
      <author>Asaph Borba</author>
    </authors>
  </properties>
  <lyrics>
    <verse name="v1">
      <lines>Amigo</lines>
    </verse>
    <verse name="v2">
      <lines>Tu é a fonte de vida, o centro de todas as coisas<br/>Em ti eu encontro guarida, contigo eu sou vencedor<br/>Tu és, da alegria a certeza, amor que toma o meu ser<br/>A verdadeira riqueza que sustenta o meu viver</lines>
    </verse>
    <verse name="v3">
      <lines>Tu és Jesus, amigo verdadeiro</lines>
    </verse>
    <verse name="v4">
      <lines>Que tenho conhecido</lines>
    </verse>
    <verse name="v5">
      <lines>Na vida de meus irmãos</lines>
    </verse>
    <verse name="v6">
      <lines>Tu és Jesus, eterno companheiro</lines>
    </verse>
    <verse name="v7">
      <lines>O filho do Deus vivo, o Deus Emanuel</lines>
    </verse>
    <verse name="v8">
      <lines>Tu és a mão estendida, o cajado que traz direção<br/>O pão que é repartido na vida de comunhão<br/>Tu és a plenitude do espírito que habita em mim<br/>Em Ti esta toda a virtude, da glória e da graça sem fim</lines>
    </verse>
  </lyrics>
</song>
