<?xml version='1.0' encoding='utf-8'?>
<song xmlns="http://openlyrics.info/namespace/2009/song" version="0.8" createdIn="OpenLP 1.9.9" modifiedIn="OpenLP 1.9.9" modifiedDate="2012-09-30T13:19:01">
  <properties>
    <titles>
      <title>amor</title>
    </titles>
    <authors>
      <author>Asaph Borba</author>
    </authors>
  </properties>
  <lyrics>
    <verse name="v1">
      <lines>Amor</lines>
    </verse>
    <verse name="v3">
      <lines>O amor é o dom supremo<br/>Deus é amor, Deus é amor, Deus é amor<br/>O perfeito amor Lança fora todo medo<br/>Deus é amor, Deus é amor, Deus é amor<br/>Ainda que eu fale a língua dos homens e dos anjos<br/>Ou tenha tamanha fé Que consiga transportar os montes<br/>Se eu não tiver amor Nada serei</lines>
    </verse>
  </lyrics>
</song>
