<?xml version='1.0' encoding='utf-8'?>
<song xmlns="http://openlyrics.info/namespace/2009/song" version="0.8" createdIn="OpenLP 1.9.9" modifiedIn="OpenLP 1.9.9" modifiedDate="2012-09-30T13:19:01">
  <properties>
    <titles>
      <title>ano-do-jubileu</title>
    </titles>
    <authors>
      <author>Asaph Borba</author>
    </authors>
  </properties>
  <lyrics>
    <verse name="v1">
      <lines>Ano Do Jubileu</lines>
    </verse>
    <verse name="v2">
      <lines>Este é o ano do jubileu, é o tempo da restauração,<br/>Que nos foi dada, por nosso Deus.<br/>Quão grande é a nossa salvação!<br/>A condenação foi rasgada e a dívida terminou.<br/>A herança restaurada, pois o jugo se quebrou!<br/>O Espírito enviado, pois a graça transbordou.<br/>Nossas vidas restauradas, assim Deus nos libertou!</lines>
    </verse>
  </lyrics>
</song>
