<?xml version='1.0' encoding='utf-8'?>
<song xmlns="http://openlyrics.info/namespace/2009/song" version="0.8" createdIn="OpenLP 1.9.9" modifiedIn="OpenLP 1.9.9" modifiedDate="2012-09-30T13:19:01">
  <properties>
    <titles>
      <title>ao-nosso-deus</title>
    </titles>
    <authors>
      <author>Asaph Borba</author>
    </authors>
  </properties>
  <lyrics>
    <verse name="v1">
      <lines>Ao Nosso Deus</lines>
    </verse>
    <verse name="v2">
      <lines>AO NOSSO DEUS (Asaph Borba)</lines>
    </verse>
    <verse name="v3">
      <lines>Composição : Indisponível</lines>
    </verse>
    <verse name="v4">
      <lines>Álbum : Aleluia! (1983)</lines>
    </verse>
    <verse name="v5">
      <lines>Ao Nosso Deus que se assenta no trono<br/>E ao Cordeiro pertence a salvação (BIS)</lines>
    </verse>
    <verse name="v6">
      <lines>E o louvor e glória e a sabedoria<br/>E as ações de graça e a honra<br/>E o poder e a força sejam ao Nosso Deus<br/>Pelo séculos dos séculos! Amém!</lines>
    </verse>
  </lyrics>
</song>
