<?xml version='1.0' encoding='utf-8'?>
<song xmlns="http://openlyrics.info/namespace/2009/song" version="0.8" createdIn="OpenLP 1.9.9" modifiedIn="OpenLP 1.9.9" modifiedDate="2012-09-30T13:19:01">
  <properties>
    <titles>
      <title>ao-senhor-pertence-terra</title>
    </titles>
    <authors>
      <author>Asaph Borba</author>
    </authors>
  </properties>
  <lyrics>
    <verse name="v1">
      <lines>Ao Senhor Pertence A Terra</lines>
    </verse>
    <verse name="v2">
      <lines>Ao Senhor pertence a terra e tudo o que nela se contém<br/>O mundo e os que nele habitam e tudo o que na terra se contém</lines>
    </verse>
    <verse name="v3">
      <lines>Os céus pertencem a Ele<br/>O sol, pra sua glória<br/>A lua e a natureza<br/>E tudo o que na terra se contém<br/>E tudo o que na terra se contém</lines>
    </verse>
    <verse name="v4">
      <lines>Ao Senhor ...</lines>
    </verse>
  </lyrics>
</song>
