<?xml version='1.0' encoding='utf-8'?>
<song xmlns="http://openlyrics.info/namespace/2009/song" version="0.8" createdIn="OpenLP 1.9.9" modifiedIn="OpenLP 1.9.9" modifiedDate="2012-09-30T13:19:02">
  <properties>
    <titles>
      <title>ao-teu-nome-da-gloria</title>
    </titles>
    <authors>
      <author>Asaph Borba</author>
    </authors>
  </properties>
  <lyrics>
    <verse name="v1">
      <lines>Ao Teu Nome Dá Glória</lines>
    </verse>
    <verse name="v2">
      <lines>Não a nós, Senhor<br/>Não a nós,<br/>Mas ao Teu nome dá glória</lines>
    </verse>
    <verse name="v3">
      <lines>Porque só Tu és digno de receber<br/>O louvor, a glória e a honra<br/>Que temos prá Te dar</lines>
    </verse>
    <verse name="v4">
      <lines>Se eu tomar as asas da alva<br/>Se habitar nas profundezas do mar</lines>
    </verse>
    <verse name="v5">
      <lines>Até ali a tua mão<br/>Me guiará<br/>E a tua destra<br/>Me sustentará</lines>
    </verse>
  </lyrics>
</song>
