<?xml version='1.0' encoding='utf-8'?>
<song xmlns="http://openlyrics.info/namespace/2009/song" version="0.8" createdIn="OpenLP 1.9.9" modifiedIn="OpenLP 1.9.9" modifiedDate="2012-09-30T13:19:02">
  <properties>
    <titles>
      <title>aos-teus-pes-flua-senhor</title>
    </titles>
    <authors>
      <author>Asaph Borba</author>
    </authors>
  </properties>
  <lyrics>
    <verse name="v1">
      <lines>Aos Teus pés, Flua Senhor</lines>
    </verse>
    <verse name="v2">
      <lines>Flua Senhor<br/>Tua presença, tua palavra<br/>Flua em mim<br/>Tua unção e o teu poder<br/>Quebra as barreiras<br/>As cadeias que prendem o meu ser<br/>E impedem o fluir<br/>Do teu Espírito em mim<br/>Quero ser livre<br/>Para derramar<br/>Toda minha vida no Teu altar<br/>Em amor me consagrarei<br/>E aos Teus pés adorarei,<br/>E aos Teus pés adorarei,<br/>E aos Teus pés sempre estarei.</lines>
    </verse>
  </lyrics>
</song>
