<?xml version='1.0' encoding='utf-8'?>
<song xmlns="http://openlyrics.info/namespace/2009/song" version="0.8" createdIn="OpenLP 1.9.9" modifiedIn="OpenLP 1.9.9" modifiedDate="2012-09-30T13:19:01">
  <properties>
    <titles>
      <title>aos-seus-amados-deus-da-enquanto-dormem</title>
    </titles>
    <authors>
      <author>Asaph Borba</author>
    </authors>
  </properties>
  <lyrics>
    <verse name="v1">
      <lines>Aos Seus Amados, Deus Dá Enquanto Dormem</lines>
    </verse>
    <verse name="v2">
      <lines>Eu clamo a ti oh meu Senhor e Deus<br/>O Deus da minha provisão<br/>Desde a minha mocidade<br/>Posso dizer de verdade<br/>Jamais eu vi o justo mendigar o pão</lines>
    </verse>
    <verse name="v3">
      <lines>Eu clamo a ti oh meu Senhor e Deus<br/>O Deus que nada me deixa faltar<br/>E se hoje minha medida<br/>É recalcada e sacudida<br/>Eu sei que ainda há de transbordar</lines>
    </verse>
    <verse name="v4">
      <lines>Pois meu Senhor prepara uma mesa<br/>Com abundância de vinho e pão<br/>O Deus que em Sua glória e riqueza<br/>Pra tudo e para todos tem a provisão</lines>
    </verse>
    <verse name="v5">
      <lines>Jeová Jireh é quem manda o orvalho<br/>A chuva serôdia e a temporã<br/>Me faz repousar em plena paz<br/>Pois manda o maná a cada manhã</lines>
    </verse>
    <verse name="v6">
      <lines>Aos seus amados<br/>Deus dá enquanto dormem<br/>Aos seus amados<br/>Deus dá enquanto dormem!</lines>
    </verse>
  </lyrics>
</song>
