<?xml version='1.0' encoding='utf-8'?>
<song xmlns="http://openlyrics.info/namespace/2009/song" version="0.8" createdIn="OpenLP 1.9.9" modifiedIn="OpenLP 1.9.9" modifiedDate="2012-09-30T13:19:02">
  <properties>
    <titles>
      <title>aquele-que-habita</title>
    </titles>
    <authors>
      <author>Asaph Borba</author>
    </authors>
  </properties>
  <lyrics>
    <verse name="v1">
      <lines>Aquele Que Habita</lines>
    </verse>
    <verse name="v2">
      <lines>Aquele que habita no esconderijo do altíssimo<br/>Descansa a sombra do onipotente<br/>Aquele que habita ...</lines>
    </verse>
    <verse name="v3">
      <lines>Pois Deus aos seus anjos dará ordens a seu respeito<br/>Para que eles guardem o seu caminho</lines>
    </verse>
    <verse name="v4">
      <lines>Eles o sustentarão nas suas mãos<br/>Para não tropeçar n'alguma pedra</lines>
    </verse>
    <verse name="v5">
      <lines>E dirá ao Senhor: Meu refúgio e meu baluarte<br/>Meu Deus, Senhor e Pai em quem confio</lines>
    </verse>
  </lyrics>
</song>
