<?xml version='1.0' encoding='utf-8'?>
<song xmlns="http://openlyrics.info/namespace/2009/song" version="0.8" createdIn="OpenLP 1.9.9" modifiedIn="OpenLP 1.9.9" modifiedDate="2012-09-30T13:19:02">
  <properties>
    <titles>
      <title>avivamento</title>
    </titles>
    <authors>
      <author>Asaph Borba</author>
    </authors>
  </properties>
  <lyrics>
    <verse name="v1">
      <lines>Avivamento</lines>
    </verse>
    <verse name="v2">
      <lines>Vai haver um avivamento<br/>No meu país<br/>Vai haver um avivamento<br/>No meu país</lines>
    </verse>
    <verse name="v3">
      <lines>Desde o Norte até o Sul<br/>Do Leste ao Oeste</lines>
    </verse>
    <verse name="v4">
      <lines>Vai haver um avivamento<br/>Vai haver um avivamento<br/>Vai haver um avivamento<br/>No meu país</lines>
    </verse>
  </lyrics>
</song>
