<?xml version='1.0' encoding='utf-8'?>
<song xmlns="http://openlyrics.info/namespace/2009/song" version="0.8" createdIn="OpenLP 1.9.9" modifiedIn="OpenLP 1.9.9" modifiedDate="2012-09-30T13:19:02">
  <properties>
    <titles>
      <title>bedizei-ao-senhor</title>
    </titles>
    <authors>
      <author>Asaph Borba</author>
    </authors>
  </properties>
  <lyrics>
    <verse name="v1">
      <lines>Bedizei ao Senhor</lines>
    </verse>
    <verse name="v2">
      <lines>Bendizei ao Senhor<br/>Vós todos os servos do Senhor<br/>Que assistis na casa do Senhor<br/>Nas horas da noite</lines>
    </verse>
    <verse name="v3">
      <lines>Erguei as vossas mãos<br/>Para o santuário<br/>E bendizei ao Senhor<br/>Senhor</lines>
    </verse>
  </lyrics>
</song>
