<?xml version='1.0' encoding='utf-8'?>
<song xmlns="http://openlyrics.info/namespace/2009/song" version="0.8" createdIn="OpenLP 1.9.9" modifiedIn="OpenLP 1.9.9" modifiedDate="2012-09-30T13:19:02">
  <properties>
    <titles>
      <title>bem-aventurado-povo</title>
    </titles>
    <authors>
      <author>Asaph Borba</author>
    </authors>
  </properties>
  <lyrics>
    <verse name="v1">
      <lines>Bem-aventurado o Povo</lines>
    </verse>
    <verse name="v2">
      <lines>Bem-aventurado o povo<br/>Que conhece os vivas de júbilo.<br/>O povo que anda, ó Senhor,<br/>Na luz da tua presença<br/>A tua mão será firme com ele<br/>O teu braço o fortalecerá</lines>
    </verse>
    <verse name="v3">
      <lines>Em Teu Nome se alegrará<br/>Todo dia<br/>Na Tua justiça se exaltará<br/>Para sempre<br/>Porquanto tu és a glória da tua força<br/>Em Teu favor exaltará o Teu poder</lines>
    </verse>
  </lyrics>
</song>
