<?xml version='1.0' encoding='utf-8'?>
<song xmlns="http://openlyrics.info/namespace/2009/song" version="0.8" createdIn="OpenLP 1.9.9" modifiedIn="OpenLP 1.9.9" modifiedDate="2012-09-30T13:19:02">
  <properties>
    <titles>
      <title>bendito-seja-deus</title>
    </titles>
    <authors>
      <author>Asaph Borba</author>
    </authors>
  </properties>
  <lyrics>
    <verse name="v1">
      <lines>Bendito Seja Deus</lines>
    </verse>
    <verse name="v2">
      <lines>Bendito seja Deus<br/>Que não me rejeita a oração<br/>Nem afasta de mim<br/>A sua graça</lines>
    </verse>
    <verse name="v3">
      <lines>Pois me tem ouvido<br/>E tem me atendido</lines>
    </verse>
    <verse name="v4">
      <lines>Bendito seja Deus....</lines>
    </verse>
  </lyrics>
</song>
