<?xml version='1.0' encoding='utf-8'?>
<song xmlns="http://openlyrics.info/namespace/2009/song" version="0.8" createdIn="OpenLP 1.9.9" modifiedIn="OpenLP 1.9.9" modifiedDate="2012-09-30T13:19:03">
  <properties>
    <titles>
      <title>bome-lord-jesus-come</title>
    </titles>
    <authors>
      <author>Asaph Borba</author>
    </authors>
  </properties>
  <lyrics>
    <verse name="v1">
      <lines>Bome! Lord Jesus Come</lines>
    </verse>
    <verse name="v2">
      <lines>Qhen I see the signs<br/>In the earth and in the sky<br/>I now is near the time<br/>For you to come!<br/>When I hear the bride<br/>With the Spirit in one cry<br/>Saying day and night<br/>Oh, Come!</lines>
    </verse>
    <verse name="v3">
      <lines>Come! Lord Jesus come<br/>Come! Lord Jesus come<br/>Maranatha! Maranatha!<br/>Come! Come! Come!<br/>Lord Jesus, come!</lines>
    </verse>
    <verse name="v4">
      <lines>The gospel of the kingdom<br/>Will be preached in all the earth<br/>So the world shall know that you will come!<br/>Yes, the gospel of kingdom<br/>Will be preached trought all the nations<br/>So the world shall know, that you will come!</lines>
    </verse>
  </lyrics>
</song>
