<?xml version='1.0' encoding='utf-8'?>
<song xmlns="http://openlyrics.info/namespace/2009/song" version="0.8" createdIn="OpenLP 1.9.9" modifiedIn="OpenLP 1.9.9" modifiedDate="2012-09-30T13:19:03">
  <properties>
    <titles>
      <title>cancao-do-espirito</title>
    </titles>
    <authors>
      <author>Asaph Borba</author>
    </authors>
  </properties>
  <lyrics>
    <verse name="v1">
      <lines>Canção do Espirito</lines>
    </verse>
    <verse name="v2">
      <lines>Deixa Jesus encher tua vida<br/>Com seu Espírito e com seu amor<br/>Encher teu coração de gozo e louvor<br/>Deixa Jesus cuidar das coisas que te fazem infeliz<br/>E andarás do modo que a Bíblia diz</lines>
    </verse>
    <verse name="v3">
      <lines>Oh, oh, oh, Cristo, meu Cristo<br/>Venha em nós morar<br/>Cristo, meu Cristo, vem em nós morar</lines>
    </verse>
    <verse name="v4">
      <lines>O venha e canta com toda a alegria do teu coração<br/>Renda tudo a Ele e tenha salvação<br/>A Ele dê tuas tristezas, desilusões e tua cruz<br/>Hoje entrega tudo em nome de Jesus</lines>
    </verse>
  </lyrics>
</song>
