<?xml version='1.0' encoding='utf-8'?>
<song xmlns="http://openlyrics.info/namespace/2009/song" version="0.8" createdIn="OpenLP 1.9.9" modifiedIn="OpenLP 1.9.9" modifiedDate="2012-09-30T13:19:03">
  <properties>
    <titles>
      <title>cancao-da-noiva</title>
    </titles>
    <authors>
      <author>Asaph Borba</author>
    </authors>
  </properties>
  <lyrics>
    <verse name="v1">
      <lines>Canção da Noiva</lines>
    </verse>
    <verse name="v2">
      <lines>O Espírito e a Noiva dizem: vem<br/>O Espírito e a Noiva dizem: vem<br/>És bem vindo entre nós, Senhor Jesus<br/>O Espírito e a noiva dizem: vem.</lines>
    </verse>
    <verse name="v3">
      <lines>Já ouço a voz do meu amado<br/>Sua voz mais doce do que o mel<br/>Ninguém é mais formoso do que Ele<br/>Ninguém na terra ou no céu</lines>
    </verse>
    <verse name="v4">
      <lines>Eu sou, sim eu sou do meu amado<br/>E o meu amado é meu<br/>Leva-me à sala do banquete<br/>Sua bandeira sobre mim é o amor</lines>
    </verse>
  </lyrics>
</song>
