<?xml version='1.0' encoding='utf-8'?>
<song xmlns="http://openlyrics.info/namespace/2009/song" version="0.8" createdIn="OpenLP 1.9.9" modifiedIn="OpenLP 1.9.9" modifiedDate="2012-09-30T13:19:03">
  <properties>
    <titles>
      <title>canto-ti-senhor-esta-cancao</title>
    </titles>
    <authors>
      <author>Asaph Borba</author>
    </authors>
  </properties>
  <lyrics>
    <verse name="v1">
      <lines>Canto a Ti Senhor Esta Canção</lines>
    </verse>
    <verse name="v2">
      <lines>Aleluia, Aleluia, Aleluia<br/>Canto a Ti Senhor esta canção<br/>Aleluia, Aleluia, Aleluia<br/>Canto a Ti Senhor com meu coração</lines>
    </verse>
    <verse name="v3">
      <lines>Porque me deste vida<br/>Quando havia morte em mim<br/>Me deste alegria<br/>Quando havia pranto em mim<br/>Por isso o meu cantar<br/>Por isso o meu louvor<br/>Por isso é que te dou o meu amor</lines>
    </verse>
  </lyrics>
</song>
