<?xml version='1.0' encoding='utf-8'?>
<song xmlns="http://openlyrics.info/namespace/2009/song" version="0.8" createdIn="OpenLP 1.9.9" modifiedIn="OpenLP 1.9.9" modifiedDate="2012-09-30T13:19:03">
  <properties>
    <titles>
      <title>canta-com-jubilo</title>
    </titles>
    <authors>
      <author>Asaph Borba</author>
    </authors>
  </properties>
  <lyrics>
    <verse name="v1">
      <lines>Canta Com Jubilo</lines>
    </verse>
    <verse name="v2">
      <lines>Canta com júbilo a igreja<br/>Estando nos seus átrios, ó Senhor<br/>Crianças, jovens e velhos<br/>Te celebram com louvor.</lines>
    </verse>
    <verse name="v3">
      <lines>Levantamos as mãos a ti para te adorar<br/>Ministramos o nosso amor como incenso no altar</lines>
    </verse>
    <verse name="v4">
      <lines>Liberta foi a criação da escravidão do pecado<br/>Pelo poder da salvação em Cristo ressuscitado</lines>
    </verse>
    <verse name="v5">
      <lines>E junto toda a celebração meu ser é todo louvor<br/>Vivendo em adoração em Jesus livre estou</lines>
    </verse>
  </lyrics>
</song>
