<?xml version='1.0' encoding='utf-8'?>
<song xmlns="http://openlyrics.info/namespace/2009/song" version="0.8" createdIn="OpenLP 1.9.9" modifiedIn="OpenLP 1.9.9" modifiedDate="2012-09-30T13:19:03">
  <properties>
    <titles>
      <title>canta-alegremente</title>
    </titles>
    <authors>
      <author>Asaph Borba</author>
    </authors>
  </properties>
  <lyrics>
    <verse name="v1">
      <lines>Canta Alegremente</lines>
    </verse>
    <verse name="v2">
      <lines>Canta alegremente oh Filha de Sião<br/>Rejubila oh Israel<br/>Regozija-te, exulta de todo coração<br/>Oh Filha de Jerusalém.</lines>
    </verse>
    <verse name="v3">
      <lines>O Senhor teu Deus lançou fora o teu inimigo<br/>Afastou o juízo que era contra ti<br/>O Rei de Israel ele está no meio de ti<br/>Poderoso para te salvar</lines>
    </verse>
    <verse name="v4">
      <lines>Não temas oh Sião<br/>Não enfraqueçam tuas mãos<br/>Tu já não veras daqui em diante mal algum<br/>Farei de ti um nome<br/>E um louvor em toda a terra<br/>E os povos verão que eu sou o Senhor.</lines>
    </verse>
  </lyrics>
</song>
