<?xml version='1.0' encoding='utf-8'?>
<song xmlns="http://openlyrics.info/namespace/2009/song" version="0.8" createdIn="OpenLP 1.9.9" modifiedIn="OpenLP 1.9.9" modifiedDate="2012-09-30T13:19:03">
  <properties>
    <titles>
      <title>cantarei-para-sempre</title>
    </titles>
    <authors>
      <author>Asaph Borba</author>
    </authors>
  </properties>
  <lyrics>
    <verse name="v1">
      <lines>Cantarei Para Sempre</lines>
    </verse>
    <verse name="v2">
      <lines>Cantarei para sempre<br/>As Tuas misericórdias, oh Senhor<br/>Os meus lábios proclamarão<br/>A todas as gerações<br/>A Tua fidelidade<br/>Oh Senhor</lines>
    </verse>
    <verse name="v3">
      <lines>Celebram os céus<br/>As Tuas maravilhas<br/>Oh Senhor<br/>Na assembléia dos santos<br/>A Tua fidelidade<br/>Pois quem no céu é comparado<br/>A Ti Senhor</lines>
    </verse>
  </lyrics>
</song>
