<?xml version='1.0' encoding='utf-8'?>
<song xmlns="http://openlyrics.info/namespace/2009/song" version="0.8" createdIn="OpenLP 1.9.9" modifiedIn="OpenLP 1.9.9" modifiedDate="2012-09-30T13:19:04">
  <properties>
    <titles>
      <title>carne-da-minha-carne</title>
    </titles>
    <authors>
      <author>Asaph Borba</author>
    </authors>
  </properties>
  <lyrics>
    <verse name="v1">
      <lines>Carne da minha carne</lines>
    </verse>
    <verse name="v2">
      <lines>Carne da minha carne<br/>E ossos dos meus ossos,<br/>Deus te fez assim pra mim.<br/>Pois Ele viu que eu estava só<br/>E ajuda quis me dar,<br/>Pra minha vida completar.</lines>
    </verse>
    <verse name="v3">
      <lines>Tudo que eu sou, tu és também.<br/>Tudo que tu és, eu sou.<br/>Uma só carne e um só coração<br/>Buscando em Cristo a plena comunhão.</lines>
    </verse>
    <verse name="v4">
      <lines>E por amor ao Pai te servirei<br/>E a minha vida inteira eu darei<br/>Pra te abençoar e sempre te amar<br/>E juntos a Jesus glorificar,<br/>E o seu amor ao mundo proclamar.</lines>
    </verse>
  </lyrics>
</song>
