<?xml version='1.0' encoding='utf-8'?>
<song xmlns="http://openlyrics.info/namespace/2009/song" version="0.8" createdIn="OpenLP 1.9.9" modifiedIn="OpenLP 1.9.9" modifiedDate="2012-09-30T13:19:04">
  <properties>
    <titles>
      <title>celebrando-uniao-do-nosso-amor</title>
    </titles>
    <authors>
      <author>Asaph Borba</author>
    </authors>
  </properties>
  <lyrics>
    <verse name="v1">
      <lines>Celebrando a União do Nosso Amor</lines>
    </verse>
    <verse name="v2">
      <lines>Deus guardou o teu caminho<br/>Até juntar-se com o meu<br/>E guardou a tua vida<br/>Separando-a para mim<br/>E hoje, aqui estamos,<br/>Na presença do Senhor,<br/>Celebrando a união do nosso Amor.</lines>
    </verse>
    <verse name="v3">
      <lines>Para onde eu for, tu irás.<br/>Onde eu repousar, tu repousarás.<br/>O meu Deus será o teu Deus.<br/>Meu caminho, teu será;<br/>Neste dia de alegria<br/>Eu te dou meu coração<br/>E repouso os meus sonhos<br/>Em tuas mãos.</lines>
    </verse>
    <verse name="v4">
      <lines>Até que a morte nos separe<br/>Junto a ti eu estarei,<br/>Pois eu sei que as muitas águas<br/>Não podem nos separar<br/>Firmaremos nossas vidas<br/>Sobre a rocha do Senhor<br/>Que fará perfeito e eterno<br/>O nosso amor.</lines>
    </verse>
    <verse name="v5">
      <lines>Para onde tu fores, irei.<br/>Onde tu repousares, repousarei.<br/>O meu Deus será o teu Deus.<br/>Meu caminho, teu será;<br/>Neste dia de alegria<br/>Eu te dou meu coração<br/>E repouso os meus sonhos<br/>Em tuas mãos.</lines>
    </verse>
  </lyrics>
</song>
