<?xml version='1.0' encoding='utf-8'?>
<song xmlns="http://openlyrics.info/namespace/2009/song" version="0.8" createdIn="OpenLP 1.9.9" modifiedIn="OpenLP 1.9.9" modifiedDate="2012-09-30T13:19:04">
  <properties>
    <titles>
      <title>celebrai</title>
    </titles>
    <authors>
      <author>Asaph Borba</author>
    </authors>
  </properties>
  <lyrics>
    <verse name="v1">
      <lines>Celebrai</lines>
    </verse>
    <verse name="v2">
      <lines>Celebrai a Cristo, celebrai! (4X)</lines>
    </verse>
    <verse name="v3">
      <lines>Ressuscitou (2X)<br/>E hoje vive para sempre<br/>Ressuscitou (2X)<br/>E hoje vive para sempre</lines>
    </verse>
    <verse name="v4">
      <lines>Vamos celebrar - hei!<br/>Vamos celebrar - uuuuu!<br/>Vamos celebrar!</lines>
    </verse>
    <verse name="v5">
      <lines>Ressuscitou o Senhor</lines>
    </verse>
  </lyrics>
</song>
