<?xml version='1.0' encoding='utf-8'?>
<song xmlns="http://openlyrics.info/namespace/2009/song" version="0.8" createdIn="OpenLP 1.9.9" modifiedIn="OpenLP 1.9.9" modifiedDate="2012-09-30T13:19:04">
  <properties>
    <titles>
      <title>celebraremos-com-jubilo</title>
    </titles>
    <authors>
      <author>Asaph Borba</author>
    </authors>
  </properties>
  <lyrics>
    <verse name="v1">
      <lines>Celebraremos Com Júbilo</lines>
    </verse>
    <verse name="v2">
      <lines>Refrão:<br/>Celebraremos com júbilo<br/>A tua vitória<br/>E em nome do nosso deus<br/>Hastearemos pendões</lines>
    </verse>
    <verse name="v3">
      <lines>Agora eu sei que o senhor<br/>Salva o seu ungido<br/>Ele lhe responderá<br/>Dos seus santos céus</lines>
    </verse>
    <verse name="v4">
      <lines>Uns confiam em carros<br/>Outros em cavalos<br/>Nós porém no gloriaremos<br/>No nome do senhor, nosso deus</lines>
    </verse>
  </lyrics>
</song>
