<?xml version='1.0' encoding='utf-8'?>
<song xmlns="http://openlyrics.info/namespace/2009/song" version="0.8" createdIn="OpenLP 1.9.9" modifiedIn="OpenLP 1.9.9" modifiedDate="2012-09-30T13:19:04">
  <properties>
    <titles>
      <title>coloco-minha-vida</title>
    </titles>
    <authors>
      <author>Asaph Borba</author>
    </authors>
  </properties>
  <lyrics>
    <verse name="v1">
      <lines>Coloco Minha Vida</lines>
    </verse>
    <verse name="v2">
      <lines>Coloco minha vida prostrada em teu altar<br/>E tudo que eu espero entrego em tuas mãos<br/>Pois sei que nada posso por mim mesmo fazer<br/>Oh vem ser minha vida, oh vem ser meu querer<br/>Oh vem ser minha vida oh vem ser meu querer.</lines>
    </verse>
    <verse name="v3">
      <lines>Os passarinhos voam sem ter preocupação<br/>E a natureza louva a tua criação<br/>E eu que em Jesus, tornei-me filho teu Senhor<br/>Nada me deixará faltar com tua mão a me guiar.</lines>
    </verse>
    <verse name="v4">
      <lines>Quero depender de ti preciso depender de ti<br/>Pois em ti eu encontrei, vida.</lines>
    </verse>
  </lyrics>
</song>
