<?xml version='1.0' encoding='utf-8'?>
<song xmlns="http://openlyrics.info/namespace/2009/song" version="0.8" createdIn="OpenLP 1.9.9" modifiedIn="OpenLP 1.9.9" modifiedDate="2012-09-30T13:19:04">
  <properties>
    <titles>
      <title>como-palmeira</title>
    </titles>
    <authors>
      <author>Asaph Borba</author>
    </authors>
  </properties>
  <lyrics>
    <verse name="v1">
      <lines>Como a Palmeira</lines>
    </verse>
    <verse name="v2">
      <lines>Como a palmeira florescerá o justo<br/>Como a palmeira florescerá o justo<br/>Crescerá como o cedro do líbano<br/>Plantado na casa do Senhor<br/>Florescerá nos átrios do nosso Deus</lines>
    </verse>
    <verse name="v3">
      <lines>Como a palmeira florescerá o justo<br/>Como a palmeira florescerá o justo<br/>Crescerá como o cedro do líbano<br/>Plantado na casa do Senhor<br/>Na velhice dará ainda fruto</lines>
    </verse>
  </lyrics>
</song>
