<?xml version='1.0' encoding='utf-8'?>
<song xmlns="http://openlyrics.info/namespace/2009/song" version="0.8" createdIn="OpenLP 1.9.9" modifiedIn="OpenLP 1.9.9" modifiedDate="2012-09-30T13:19:04">
  <properties>
    <titles>
      <title>como-corca</title>
    </titles>
    <authors>
      <author>Asaph Borba</author>
    </authors>
  </properties>
  <lyrics>
    <verse name="v1">
      <lines>Como a Corça</lines>
    </verse>
    <verse name="v2">
      <lines>Como a corça suspira pelas águas<br/>Por Ti Senhor suspirou eu<br/>Minha alma busca os teus átrios<br/>Meu espírito quer Te adorar<br/>Tu Senhor fonte de água viva<br/>No meu ser faz meu rio transbordar</lines>
    </verse>
    <verse name="v3">
      <lines>O Senhor é a minha força<br/>E a minha salvação<br/>Fortaleza da minha vida<br/>Meu escudo e proteção</lines>
    </verse>
    <verse name="v4">
      <lines>Jesus Jesus<br/>Fortaleza da minha vida<br/>Meu escudo e proteção</lines>
    </verse>
  </lyrics>
</song>
