<?xml version='1.0' encoding='utf-8'?>
<song xmlns="http://openlyrics.info/namespace/2009/song" version="0.8" createdIn="OpenLP 1.9.9" modifiedIn="OpenLP 1.9.9" modifiedDate="2012-09-30T13:19:04">
  <properties>
    <titles>
      <title>como-as-aguas</title>
    </titles>
    <authors>
      <author>Asaph Borba</author>
    </authors>
  </properties>
  <lyrics>
    <verse name="v1">
      <lines>Como As Águas</lines>
    </verse>
    <verse name="v2">
      <lines>Como as águas<br/>Cobrem o mar<br/>O conhecimento<br/>Da minha glória<br/>Há de encher<br/>Toda a terra<br/>Diz o Senhor<br/>Diz o Senhor<br/>{Diz o Senhor}</lines>
    </verse>
  </lyrics>
</song>
