<?xml version='1.0' encoding='utf-8'?>
<song xmlns="http://openlyrics.info/namespace/2009/song" version="0.8" createdIn="OpenLP 1.9.9" modifiedIn="OpenLP 1.9.9" modifiedDate="2012-09-30T13:19:05">
  <properties>
    <titles>
      <title>comunhao</title>
    </titles>
    <authors>
      <author>Asaph Borba</author>
    </authors>
  </properties>
  <lyrics>
    <verse name="v1">
      <lines>Comunhão</lines>
    </verse>
    <verse name="v2">
      <lines>Agradecemos, Senhor, pelo pão que nos dá vida<br/>Das lembranças a mais querida prova linda do amor<br/>Que levou Jesus à cruz quando foi por nós partido<br/>Como sacrifício vivo que nos uniu a ti.</lines>
    </verse>
    <verse name="v3">
      <lines>Agradecemos, Senhor, pelo cálice da aliança</lines>
    </verse>
    <verse name="v4">
      <lines>Que fortalece a confiança, no teu puro eterno amor</lines>
    </verse>
    <verse name="v5">
      <lines>Que levou Jesus à cruz, para que a nós fosse dado</lines>
    </verse>
    <verse name="v6">
      <lines>Pelo sangue derramado o perfeito acesso a ti, Senhor</lines>
    </verse>
    <verse name="v7">
      <lines>E ao partirmos o pão, quando o cálice bebemos<br/>Lembramos a comunhão que contigo, ó Pai, nós temos<br/>Estando a Igreja em união, em ternos laços de amor<br/>Em uma voz e coração, adoramos hoje a ti, Senhor</lines>
    </verse>
  </lyrics>
</song>
