<?xml version='1.0' encoding='utf-8'?>
<song xmlns="http://openlyrics.info/namespace/2009/song" version="0.8" createdIn="OpenLP 1.9.9" modifiedIn="OpenLP 1.9.9" modifiedDate="2012-09-30T13:19:05">
  <properties>
    <titles>
      <title>conquistou-meu-coracao</title>
    </titles>
    <authors>
      <author>Asaph Borba</author>
    </authors>
  </properties>
  <lyrics>
    <verse name="v1">
      <lines>Conquistou Meu Coração</lines>
    </verse>
    <verse name="v2">
      <lines>C C/E F F/G<br/>Tu que estas entronizado entre os querubins<br/>C C/E F G E79-/G#<br/>Cuja a gloria e majestade nunca terá fim<br/>Am Am7+<br/>Tu és o Senhor a quem eu amo,<br/>Am7 D/F#<br/>Filho de Deus a quem adoro<br/>C/G F/G<br/>Jesus, Jesus<br/>C C/E F F/G<br/>Venceste a morte e o inferno pra me dar guarida<br/>C C/E F G E79-/G#<br/>Pelas tuas pisaduras hoje eu tenho vida<br/>Am Am7+<br/>Tu es o Senhor a quem eu amo,<br/>Am7 D/F#<br/>Filho de Deus a quem adoro<br/>C/G G E/G#<br/>Jesus, Jesus<br/>Am Am/G F7+ F/G G/B C G/B<br/>Teu nome eh sobre todo o nome na terra ceu e mar<br/>Am Am/G D/F# G E<br/>Todo joelho em tua presenca hah de se dobrar<br/>Am Em F F/G C<br/>Jesus, Jesus<br/>Dm F/G C E<br/>Autor da minha salvacao<br/>Am Em F F/G C<br/>Jesus, Jesus<br/>Dm G#m5-7 Am Em<br/>Conquistou meu co racao<br/>Dm G C</lines>
    </verse>
  </lyrics>
</song>
