<?xml version='1.0' encoding='utf-8'?>
<song xmlns="http://openlyrics.info/namespace/2009/song" version="0.8" createdIn="OpenLP 1.9.9" modifiedIn="OpenLP 1.9.9" modifiedDate="2012-09-30T13:19:05">
  <properties>
    <titles>
      <title>continuar</title>
    </titles>
    <authors>
      <author>Asaph Borba</author>
    </authors>
  </properties>
  <lyrics>
    <verse name="v1">
      <lines>Continuar</lines>
    </verse>
    <verse name="v2">
      <lines>Bem sei que tudo podes meu amado<br/>Nenhum dos teus planos é frustado<br/>Ainda que com perdas e com dor<br/>Eu sempre seguirei a Ti, Senhor</lines>
    </verse>
    <verse name="v3">
      <lines>Os teus caminhos posso, não entender Senhor<br/>Mas sei que é visando o meu crescer<br/>Se lutas e tribulações eu tenha que passar<br/>Te peço força pra continuar<br/>Continuar a crer e a confiar<br/>No grande amor que tens, meu Pai, por mim<br/>O meu desejo eterno é Te adorar<br/>E aos Teus pés me derramar sem fim</lines>
    </verse>
  </lyrics>
</song>
