<?xml version='1.0' encoding='utf-8'?>
<song xmlns="http://openlyrics.info/namespace/2009/song" version="0.8" createdIn="OpenLP 1.9.9" modifiedIn="OpenLP 1.9.9" modifiedDate="2012-09-30T13:19:05">
  <properties>
    <titles>
      <title>coracao-dos-pais-aos-filhos</title>
    </titles>
    <authors>
      <author>Asaph Borba</author>
    </authors>
  </properties>
  <lyrics>
    <verse name="v1">
      <lines>Coração Dos Pais Aos Filhos</lines>
    </verse>
    <verse name="v2">
      <lines>O senhor converterá<br/>O coração dos pais aos filhos<br/>E dos filhos aos pais</lines>
    </verse>
    <verse name="v3">
      <lines>Quebranta meu coração senhor<br/>Derrama sobre mim o teu amor<br/>E a tua palavra ó senhor em mim se cumprirá<br/>Minha família restaurará</lines>
    </verse>
  </lyrics>
</song>
