<?xml version='1.0' encoding='utf-8'?>
<song xmlns="http://openlyrics.info/namespace/2009/song" version="0.8" createdIn="OpenLP 1.9.9" modifiedIn="OpenLP 1.9.9" modifiedDate="2012-09-30T13:19:05">
  <properties>
    <titles>
      <title>cordao-de-tres-dobras</title>
    </titles>
    <authors>
      <author>Asaph Borba</author>
    </authors>
  </properties>
  <lyrics>
    <verse name="v1">
      <lines>Cordão de Três Dobras</lines>
    </verse>
    <verse name="v2">
      <lines>Quem anda sozinho<br/>Pode ir mais rápido,<br/>Mas nem sempre vai mais longe<br/>Pois temos aprendido<br/>Que é melhor serem dois<br/>Do que um.<br/>É bem melhor serem dois<br/>Do que um (com Jesus)<br/>Porque o cordão de três dobras<br/>Não se pode romper</lines>
    </verse>
    <verse name="v3">
      <lines>Quando dois trabalham<br/>Há mais ganho em seu lavor<br/>Quando há tristeza,<br/>Há consolo para dois.<br/>E quando um cair<br/>Juntos se levantarão<br/>E estando unidos na batalha<br/>Vencerão</lines>
    </verse>
  </lyrics>
</song>
