<?xml version='1.0' encoding='utf-8'?>
<song xmlns="http://openlyrics.info/namespace/2009/song" version="0.8" createdIn="OpenLP 1.9.9" modifiedIn="OpenLP 1.9.9" modifiedDate="2012-09-30T13:19:05">
  <properties>
    <titles>
      <title>deixa-meu-rio</title>
    </titles>
    <authors>
      <author>Asaph Borba</author>
    </authors>
  </properties>
  <lyrics>
    <verse name="v1">
      <lines>Deixa Meu Rio</lines>
    </verse>
    <verse name="v2">
      <lines>Existe um rio puro<br/>Rio da água da vida<br/>Que procede do meu coração<br/>Te envolve, te cura, te limpa</lines>
    </verse>
    <verse name="v3">
      <lines>Deixa meu rio passar<br/>Deixa meu rio fluir<br/>O que não podes fazer eu farei<br/>Deixa meu rio passar</lines>
    </verse>
    <verse name="v4">
      <lines>Deixa meu rio Curar<br/>Deixa meu rio limpar<br/>O que não podes fazer eu farei<br/>Deixa meu rio passar</lines>
    </verse>
  </lyrics>
</song>
