<?xml version='1.0' encoding='utf-8'?>
<song xmlns="http://openlyrics.info/namespace/2009/song" version="0.8" createdIn="OpenLP 1.9.9" modifiedIn="OpenLP 1.9.9" modifiedDate="2012-09-30T13:19:06">
  <properties>
    <titles>
      <title>deus-companheiro</title>
    </titles>
    <authors>
      <author>Asaph Borba</author>
    </authors>
  </properties>
  <lyrics>
    <verse name="v1">
      <lines>Deus Companheiro</lines>
    </verse>
    <verse name="v2">
      <lines>Muitas pessoas tem idéias erradas sobre Deus<br/>Pensam que Deus é energia ou a natureza<br/>Pensam que Deus só acorda na festa da páscoa ou natal<br/>E que está mais ocupado em celebrar algum ritual<br/>Pensam num Deus distante, impossível de ser tocado<br/>Com quem não se pode conversar, a quem não se pode amar<br/>Um Deus de braços cruzados, um Deus ultrapassado<br/>Mas Deus não é assim Deus é amor</lines>
    </verse>
    <verse name="v3">
      <lines>Eu descobri que Deus é tão preocupado com meu viver<br/>Que enviou seu filho vir e por mim morrer<br/>Pra me livrar daquilo que me fazia infeliz<br/>E acreditar em Jesus foi a única coisa que eu fiz<br/>Acreditar em Seu amor, acreditar em Seu perdão<br/>E receber por fé a salvação<br/>Daí em diante goza da amizade de Deus que é o companheiro a cada dia</lines>
    </verse>
    <verse name="v4">
      <lines>Instrumentos</lines>
    </verse>
    <verse name="v5">
      <lines>Acreditar em Seu amor, acreditar em Seu perdão<br/>E receber por fé a salvação<br/>Daí em diante goza da amizade de Deus<br/>Que é o companheiro a cada dia (cada dia) 2x</lines>
    </verse>
  </lyrics>
</song>
