<?xml version='1.0' encoding='utf-8'?>
<song xmlns="http://openlyrics.info/namespace/2009/song" version="0.8" createdIn="OpenLP 1.9.9" modifiedIn="OpenLP 1.9.9" modifiedDate="2012-09-30T13:19:06">
  <properties>
    <titles>
      <title>deus-fiel</title>
    </titles>
    <authors>
      <author>Asaph Borba</author>
    </authors>
  </properties>
  <lyrics>
    <verse name="v1">
      <lines>Deus É Fiel</lines>
    </verse>
    <verse name="v2">
      <lines>Em meio aos muitos problemas,<br/>Em meio as lutas sem fim,<br/>Por entre os muitos dilemas,<br/>Que se apresentam para mim</lines>
    </verse>
    <verse name="v3">
      <lines>As vezes eu posso passar<br/>uma noite inteira a chorar,<br/>Mas sei que meu Deus logo pela manha<br/>Fará novamente o sol brilhar</lines>
    </verse>
    <verse name="v4">
      <lines>E encherá de alegria os meus lábios<br/>E o meu coração de louvor.<br/>Assim vou descansar, sim eu vou confiar<br/>No seu grande e imenso amor.</lines>
    </verse>
    <verse name="v5">
      <lines>Deus é fiel, é fiel<br/>Acima de todas as coisas, eu sei<br/>Eu sei que meu Deus é fiel.</lines>
    </verse>
  </lyrics>
</song>
