<?xml version='1.0' encoding='utf-8'?>
<song xmlns="http://openlyrics.info/namespace/2009/song" version="0.8" createdIn="OpenLP 1.9.9" modifiedIn="OpenLP 1.9.9" modifiedDate="2012-09-30T13:19:05">
  <properties>
    <titles>
      <title>deus-amor</title>
    </titles>
    <authors>
      <author>Asaph Borba</author>
    </authors>
  </properties>
  <lyrics>
    <verse name="v1">
      <lines>Deus é Amor</lines>
    </verse>
    <verse name="v2">
      <lines>Deus é Amor (12 vezes).<br/>O amor é o dom supremo<br/>o amor é o dom supremo.<br/>Deus é Amor (6 vezes).<br/>O perfeito amor lança fora todo medo (2 vezes).<br/>Deus é amor (6 vezes).<br/>Ainda que eu fale a lingua dos homens e dos anjos ou tenho em mim tamanha fé que consiga transportar os montes, se eu não tiver amor nada seirei, se eu não tiver amor nada serei.<br/>O amor é o dom supremo (2vezes)...<br/>Deus é Amor 6 (vezes).<br/>O perfeito amor lança fora todo medo (2 vezes)<br/>Deus é Amor (6 vezes).<br/>Ainda que eu fale a lingua dos homens e dos anjos ou tenho em mim tamanha fé que consiga transbordar os montes, seu eu não tiver amor nada serei, se eu não tiver amor nada serei.<br/>O amor é um dom supremo (2 vezes)<br/>Deus é Amor, Deus é amor...</lines>
    </verse>
  </lyrics>
</song>
