<?xml version='1.0' encoding='utf-8'?>
<song xmlns="http://openlyrics.info/namespace/2009/song" version="0.8" createdIn="OpenLP 1.9.9" modifiedIn="OpenLP 1.9.9" modifiedDate="2012-09-30T13:19:06">
  <properties>
    <titles>
      <title>digno-de-gloria</title>
    </titles>
    <authors>
      <author>Asaph Borba</author>
    </authors>
  </properties>
  <lyrics>
    <verse name="v1">
      <lines>Digno de Gloria</lines>
    </verse>
    <verse name="v2">
      <lines>Digno de glória e honra<br/>Levantamos nossas mãos 2x<br/>Pra o Teu nome exaltar</lines>
    </verse>
    <verse name="v3">
      <lines>Porque grande és Tu<br/>Maravilhas fazes Tu 2x<br/>Não há outro igual a Ti<br/>Não há outro igual a Ti</lines>
    </verse>
  </lyrics>
</song>
