<?xml version='1.0' encoding='utf-8'?>
<song xmlns="http://openlyrics.info/namespace/2009/song" version="0.8" createdIn="OpenLP 1.9.9" modifiedIn="OpenLP 1.9.9" modifiedDate="2012-09-30T13:19:06">
  <properties>
    <titles>
      <title>digno-jesus</title>
    </titles>
    <authors>
      <author>Asaph Borba</author>
    </authors>
  </properties>
  <lyrics>
    <verse name="v1">
      <lines>Digno é Jesus</lines>
    </verse>
    <verse name="v2">
      <lines>Digno és Tu,<br/>Sim, digno és, Jesus<br/>De receber glória e louvor</lines>
    </verse>
    <verse name="v3">
      <lines>Pois vieste a nós, Senhor,<br/>Deste o Teu sublime amor<br/>E nos revelaste a glória de Deus,<br/>Por isso Te damos louvor.</lines>
    </verse>
  </lyrics>
</song>
