<?xml version='1.0' encoding='utf-8'?>
<song xmlns="http://openlyrics.info/namespace/2009/song" version="0.8" createdIn="OpenLP 1.9.9" modifiedIn="OpenLP 1.9.9" modifiedDate="2012-09-30T13:19:06">
  <properties>
    <titles>
      <title>doce-presenca</title>
    </titles>
    <authors>
      <author>Asaph Borba</author>
    </authors>
  </properties>
  <lyrics>
    <verse name="v1">
      <lines>Doce Presença</lines>
    </verse>
    <verse name="v2">
      <lines>Como gotas de orvalho<br/>Sobre a relva<br/>Assim é o teu amor, Jesus</lines>
    </verse>
    <verse name="v3">
      <lines>Como raios de sol,<br/>Dissipando as trevas<br/>Assim é o teu amor , Jesus</lines>
    </verse>
    <verse name="v4">
      <lines>Doce presença, do Espírito Santo<br/>Que enche o meu coração, de alegria e louvor<br/>Doce presença, que vem renovar<br/>A cada dia em minha vida o altar</lines>
    </verse>
    <verse name="v5">
      <lines>Pois tu Senhor, me fizeste o templo<br/>Santuário do Espírito Santo<br/>Para viver o teu Reino aqui<br/>Viver para glória de Deus.<br/>De Deus.</lines>
    </verse>
  </lyrics>
</song>
