<?xml version='1.0' encoding='utf-8'?>
<song xmlns="http://openlyrics.info/namespace/2009/song" version="0.8" createdIn="OpenLP 1.9.9" modifiedIn="OpenLP 1.9.9" modifiedDate="2012-09-30T13:19:06">
  <properties>
    <titles>
      <title>e-bem-vindo-amor</title>
    </titles>
    <authors>
      <author>Asaph Borba</author>
    </authors>
  </properties>
  <lyrics>
    <verse name="v1">
      <lines>É bem-vindo o Amor</lines>
    </verse>
    <verse name="v2">
      <lines>É bem-vindo o amor,<br/>Que dá o Senhor<br/>Pra unir-me só a você<br/>Tao sublime amor,<br/>Belo como a flor,<br/>Seu perfume não terminará</lines>
    </verse>
    <verse name="v3">
      <lines>É bem-vindo a fé,<br/>Que vai preservar<br/>Minha vida junto a você<br/>Pois no nosso lar<br/>Cristo vai reinar<br/>Alegria pra sempre haverá.</lines>
    </verse>
    <verse name="v4">
      <lines>Nem as muitas águas<br/>Podem apagar<br/>Toda a força deste amor.</lines>
    </verse>
  </lyrics>
</song>
