<?xml version='1.0' encoding='utf-8'?>
<song xmlns="http://openlyrics.info/namespace/2009/song" version="0.8" createdIn="OpenLP 1.9.9" modifiedIn="OpenLP 1.9.9" modifiedDate="2012-09-30T13:19:06">
  <properties>
    <titles>
      <title>eis-me-aqui</title>
    </titles>
    <authors>
      <author>Asaph Borba</author>
    </authors>
  </properties>
  <lyrics>
    <verse name="v1">
      <lines>Eis-me Aqui</lines>
    </verse>
    <verse name="v2">
      <lines>Quanta coisa tenho feito para o meu próprio prazer tenho andado a<br/>Procura do meu próprio bem viver enquanto existe tanta gente<br/>Ansiosa por aí não te conhecendo assim como eu conheço a ti<br/>O chamado que um dia tu fizeste a mim e ao qual sem hesitar eu disse<br/>Sim ressoou em meus ouvidos como da primeira vez e a ti jesus eu<br/>Novamente digo sim eis-me aqui eu livre estou ao teu dispor<br/>Para onde tu quiseres me enviar me coloco submisso a ti senhor<br/>Para o teu querer em mim realizar ­ eis-me aqui ...</lines>
    </verse>
  </lyrics>
</song>
