<?xml version='1.0' encoding='utf-8'?>
<song xmlns="http://openlyrics.info/namespace/2009/song" version="0.8" createdIn="OpenLP 1.9.9" modifiedIn="OpenLP 1.9.9" modifiedDate="2012-09-30T13:19:06">
  <properties>
    <titles>
      <title>emanuel</title>
    </titles>
    <authors>
      <author>Asaph Borba</author>
    </authors>
  </properties>
  <lyrics>
    <verse name="v1">
      <lines>Emanuel</lines>
    </verse>
    <verse name="v2">
      <lines>Emanuel (2x)<br/>Seu Nome é Emanuel (BIS)</lines>
    </verse>
    <verse name="v3">
      <lines>Senhor Jesus (2x)<br/>Seu nome é Senhor Jesus (BIS)</lines>
    </verse>
  </lyrics>
</song>
