<?xml version='1.0' encoding='utf-8'?>
<song xmlns="http://openlyrics.info/namespace/2009/song" version="0.8" createdIn="OpenLP 1.9.9" modifiedIn="OpenLP 1.9.9" modifiedDate="2012-09-30T13:19:07">
  <properties>
    <titles>
      <title>enche-minha-vida-com-tua-gloria</title>
    </titles>
    <authors>
      <author>Asaph Borba</author>
    </authors>
  </properties>
  <lyrics>
    <verse name="v1">
      <lines>Enche minha vida com Tua glória</lines>
    </verse>
    <verse name="v2">
      <lines>Enche minha vida com tua glória<br/>Enche minha vida com tua glória<br/>Enche minha vida<br/>Enche minha vida<br/>Cada dia mais e mais com tua glória.</lines>
    </verse>
  </lyrics>
</song>
