<?xml version='1.0' encoding='utf-8'?>
<song xmlns="http://openlyrics.info/namespace/2009/song" version="0.8" createdIn="OpenLP 1.9.9" modifiedIn="OpenLP 1.9.9" modifiedDate="2012-09-30T13:19:07">
  <properties>
    <titles>
      <title>ensina-me</title>
    </titles>
    <authors>
      <author>Asaph Borba</author>
    </authors>
  </properties>
  <lyrics>
    <verse name="v1">
      <lines>Ensina-me</lines>
    </verse>
    <verse name="v2">
      <lines>Ensina-me amar,<br/>Mesmo quando só há ódio ao meu redor<br/>Ensina-me a dar,<br/>Mesmo quando não há nada a receber<br/>Ensina-me aceitar<br/>Tudo o que tens preparado para mim<br/>Confiando que tudo está nas Tuas mãos,<br/>E que tudo vem de Ti Jesus.<br/>Ensina-me adorar<br/>Mesmo quando há pranto em meu coração<br/>Também a perdoar<br/>Como a mim tens revelado o Teu perdão<br/>E que eu possa ter mais sede de ti conhecer melhor,<br/>Cada dia mais vontade de estar ao teu redor<br/>Escutando teu falar, sentindo teu amor,<br/>viven do jun to a Ti Senhor</lines>
    </verse>
  </lyrics>
</song>
