<?xml version='1.0' encoding='utf-8'?>
<song xmlns="http://openlyrics.info/namespace/2009/song" version="0.8" createdIn="OpenLP 1.9.9" modifiedIn="OpenLP 1.9.9" modifiedDate="2012-09-30T13:19:07">
  <properties>
    <titles>
      <title>erguei-os-vossos-olhos-vede-os-campos</title>
    </titles>
    <authors>
      <author>Asaph Borba</author>
    </authors>
  </properties>
  <lyrics>
    <verse name="v1">
      <lines>Erguei Os Vossos Olhos, Vede Os Campos</lines>
    </verse>
    <verse name="v2">
      <lines>Recitado:</lines>
    </verse>
    <verse name="v3">
      <lines>"Ide portanto e fazei discipulos de todas as nações<br/>batizando-os em nome do Pai, do Filho e do Espírito Santo,<br/>ensinando-os a guardar todas as coisas que eu vos tenho ordenado<br/>e eis que estou convosco até a consumação dos séculos!"</lines>
    </verse>
    <verse name="v4">
      <lines>A seara está madura pronta para ceifar<br/>Erguei os vossos olhos, vede os campos!<br/>pois um dia o semeador saiu a semear<br/>Erguei os vossos olhos, vede os campos!<br/>a semente preciosa em boa terra caiu<br/>e a Igreja gloriosa em toda a parte surgiu<br/>Pois Cristo Jesus o semeador<br/>Semeou sua palavra com seu sangue e amor</lines>
    </verse>
    <verse name="v5">
      <lines>Erguei os vossos olhos, vede os campos!</lines>
    </verse>
    <verse name="v6">
      <lines>Chama Jesus em todo o lugar<br/>Erguei os vossos olhos, vede os campos!<br/>Quem é que vai minha palavra pregar?<br/>Erguei os vossos olhos, vede os campos!</lines>
    </verse>
    <verse name="v7">
      <lines>Uma certeza eu tenho sim<br/>que essa missão é prá você e prá mim<br/>A semente preciosa nós vamos levar<br/>Chorando e cantando vamos continuar<br/>Erguei os vossos olhos, vede os campos!</lines>
    </verse>
    <verse name="v8">
      <lines>Rogai a Deus o Senhor da seara<br/>que mande obreiros para essa missão</lines>
    </verse>
    <verse name="v9">
      <lines>Gente que ama, que chora, que clama<br/>Venha teu Reino sobre a nossa geração (2x)</lines>
    </verse>
    <verse name="v10">
      <lines>Erguei os vossos olhos, vede os campos!</lines>
    </verse>
    <verse name="v11">
      <lines>Rogai a Deus o Senhor da seara<br/>que mande obreiros para essa missão</lines>
    </verse>
    <verse name="v12">
      <lines>Gente que ama, que chora, que clama<br/>Venha teu Reino sobre a nossa geração (2x)</lines>
    </verse>
    <verse name="v13">
      <lines>Erguei vossos olhos, vede os campos! (3x)</lines>
    </verse>
  </lyrics>
</song>
