<?xml version='1.0' encoding='utf-8'?>
<song xmlns="http://openlyrics.info/namespace/2009/song" version="0.8" createdIn="OpenLP 1.9.9" modifiedIn="OpenLP 1.9.9" modifiedDate="2012-09-30T13:19:07">
  <properties>
    <titles>
      <title>estamos-reunidos</title>
    </titles>
    <authors>
      <author>Asaph Borba</author>
    </authors>
  </properties>
  <lyrics>
    <verse name="v1">
      <lines>Estamos Reunidos</lines>
    </verse>
    <verse name="v2">
      <lines>Estamos reunidos aqui Senhor<br/>Por que temos conhecido teu amor<br/>Trazemos em nossos lábios<br/>Um novo cântico em seu louvor</lines>
    </verse>
    <verse name="v3">
      <lines>Pois sua glória tem enchido este lugar.<br/>Pois tua glória tem enchido este lugar</lines>
    </verse>
    <verse name="v4">
      <lines>Aleluia.</lines>
    </verse>
    <verse name="v5">
      <lines>Pois tua glória tem enchido este lugar</lines>
    </verse>
  </lyrics>
</song>
