<?xml version='1.0' encoding='utf-8'?>
<song xmlns="http://openlyrics.info/namespace/2009/song" version="0.8" createdIn="OpenLP 1.9.9" modifiedIn="OpenLP 1.9.9" modifiedDate="2012-09-30T13:19:07">
  <properties>
    <titles>
      <title>este-o-dia</title>
    </titles>
    <authors>
      <author>Asaph Borba</author>
    </authors>
  </properties>
  <lyrics>
    <verse name="v1">
      <lines>Este É o Dia</lines>
    </verse>
    <verse name="v2">
      <lines>Este é o dia que fez o Senhor<br/>Dia de cânticos e de louvor<br/>Dia de celebração, dentro do meu coração</lines>
    </verse>
    <verse name="v3">
      <lines>Este é o dia de celebrar<br/>E com meus lábios entoar<br/>Um cântico novo ao Senhor, celebrando o seu amor<br/>Que toda a terra saiba que hoje é<br/>Um dia de júbilo</lines>
    </verse>
    <verse name="v4">
      <lines>Toda a natureza está louvando<br/>As árvores e os pássaros estão saudando<br/>Com alegria criador, celebrando o seu amor<br/>Que toda a terra saiba que hoje é<br/>Um dia de júbilo</lines>
    </verse>
  </lyrics>
</song>
