<?xml version='1.0' encoding='utf-8'?>
<song xmlns="http://openlyrics.info/namespace/2009/song" version="0.8" createdIn="OpenLP 1.9.9" modifiedIn="OpenLP 1.9.9" modifiedDate="2012-11-28T22:06:19">
  <properties>
    <titles>
      <title>EU NAVEGAREI</title>
    </titles>
    <verseOrder>v1 v3 v2 v3</verseOrder>
    <authors>
      <author>ASAPH BORBA</author>
    </authors>
  </properties>
  <lyrics>
    <verse name="v1">
      <lines>EU NAVEGAREI<br/>NO OCEANO<br/>DO ESPÍRITO<br/>E ALI ADORAREI<br/>AO DEUS<br/>DO MEU AMOR</lines>
    </verse>
    <verse name="v2">
      <lines>EU ADORAREI<br/>AO DEUS<br/>DA MINHA VIDA<br/>QUE ME COMPREENDEU<br/>SEM NENHUMA<br/>EXPLICAÇÃO</lines>
    </verse>
    <verse name="v3">
      <lines>ESPÍRITO, ESPÍRITO<br/>QUE DESCE <br/>COMO FOGO<br/>VEM COMO<br/>EM PENTECOSTES<br/>E ENCHE-ME DE NOVO</lines>
    </verse>
  </lyrics>
</song>
