<?xml version='1.0' encoding='utf-8'?>
<song xmlns="http://openlyrics.info/namespace/2009/song" version="0.8" createdIn="OpenLP 1.9.9" modifiedIn="OpenLP 1.9.9" modifiedDate="2012-09-30T13:19:07">
  <properties>
    <titles>
      <title>eu-a-minha-casa</title>
    </titles>
    <authors>
      <author>Asaph Borba</author>
    </authors>
  </properties>
  <lyrics>
    <verse name="v1">
      <lines>Eu e a Minha Casa</lines>
    </verse>
    <verse name="v2">
      <lines>Eu e a minha casa serviremos ao senhor<br/>Em qualquer situação na alegria ou na dor<br/>Eu e a minha casa serviremos ao senhor<br/>Não por obrigação mas por amor</lines>
    </verse>
    <verse name="v3">
      <lines>Quando eu decidi um dia tudo entregar<br/>Nas mãos do meu amado pai<br/>Eu sabia que haveria momentos difíceis<br/>Em que eu teria que proclamar</lines>
    </verse>
    <verse name="v4">
      <lines>Que eu e a minha casa...</lines>
    </verse>
    <verse name="v5">
      <lines>E eu vou ensinar meus filhos desde a mais tenra idade<br/>Que sem deus e sua palavra não felicidade<br/>E que vale mais viver a vida ao pé da cruz<br/>Sim vale a pena a vida com jesus</lines>
    </verse>
    <verse name="v6">
      <lines>Eu e a minha casa...</lines>
    </verse>
  </lyrics>
</song>
