<?xml version='1.0' encoding='utf-8'?>
<song xmlns="http://openlyrics.info/namespace/2009/song" version="0.8" createdIn="OpenLP 1.9.9" modifiedIn="OpenLP 1.9.9" modifiedDate="2012-09-30T13:19:07">
  <properties>
    <titles>
      <title>eu-me-alegrarei</title>
    </titles>
    <authors>
      <author>Asaph Borba</author>
    </authors>
  </properties>
  <lyrics>
    <verse name="v1">
      <lines>Eu Me Alegrarei</lines>
    </verse>
    <verse name="v2">
      <lines>Eu me alegrarei em Ti, Senhor<br/>Enquanto eu viver<br/>Eu proclamarei o Teu amor<br/>Enquanto eu viver</lines>
    </verse>
    <verse name="v3">
      <lines>Os meus lábios cantarão o teu louvor<br/>E as tuas maravilhas, oh Senhor</lines>
    </verse>
    <verse name="v4">
      <lines>Pois me deste nova vida em Jesus<br/>E comigo uma aliança fez na cruz</lines>
    </verse>
    <verse name="v5">
      <lines>Sim eu quero estar entre aqueles que Te amam<br/>Entre aqueles que entregam tudo em Tuas mãos<br/>Sim eu quero estar entre aqueles que proclamam<br/>Teu governo sobre todas as nações</lines>
    </verse>
  </lyrics>
</song>
