<?xml version='1.0' encoding='utf-8'?>
<song xmlns="http://openlyrics.info/namespace/2009/song" version="0.8" createdIn="OpenLP 1.9.9" modifiedIn="OpenLP 1.9.9" modifiedDate="2012-09-30T13:19:08">
  <properties>
    <titles>
      <title>eu-navegarei</title>
    </titles>
    <authors>
      <author>Asaph Borba</author>
    </authors>
  </properties>
  <lyrics>
    <verse name="v1">
      <lines>Eu Navegarei</lines>
    </verse>
    <verse name="v2">
      <lines>Eu navegarei no oceano do Espírito<br/>E ali adorarei ao Deus do meu amor<br/>Eu adorarei ao Deus da minha vida<br/>Que me compreendeu sem nenhuma explicação.</lines>
    </verse>
    <verse name="v3">
      <lines>Espírito, Espírito,<br/>Que desce como fogo<br/>Vem como em pentecostes<br/>E enche-me de novo.</lines>
    </verse>
  </lyrics>
</song>
