<?xml version='1.0' encoding='utf-8'?>
<song xmlns="http://openlyrics.info/namespace/2009/song" version="0.8" createdIn="OpenLP 1.9.9" modifiedIn="OpenLP 1.9.9" modifiedDate="2012-09-30T13:19:08">
  <properties>
    <titles>
      <title>eu-nasci-para-adorar</title>
    </titles>
    <authors>
      <author>Asaph Borba</author>
    </authors>
  </properties>
  <lyrics>
    <verse name="v1">
      <lines>Eu Nasci Para Adorar</lines>
    </verse>
    <verse name="v2">
      <lines>Eu nasci para adorar<br/>Eu nasci para adorar<br/>Para proclamar a Glória do Senhor<br/>Para ser um verdadeiro adorador.</lines>
    </verse>
    <verse name="v3">
      <lines>Eu nasci para adorar<br/>Eu nasci para adorar<br/>Para proclamar a Glória do Senhor<br/>Para ser um verdadeiro adorador.</lines>
    </verse>
    <verse name="v4">
      <lines>Pra te adorar, Senhor<br/>Pra te adorar, Senhor<br/>Pra te adorar, Senhor<br/>Pra te adorar!<br/>Te adorar!</lines>
    </verse>
  </lyrics>
</song>
