<?xml version='1.0' encoding='utf-8'?>
<song xmlns="http://openlyrics.info/namespace/2009/song" version="0.8" createdIn="OpenLP 1.9.9" modifiedIn="OpenLP 1.9.9" modifiedDate="2012-09-30T13:19:08">
  <properties>
    <titles>
      <title>eu-quero-te-dizer</title>
    </titles>
    <authors>
      <author>Asaph Borba</author>
    </authors>
  </properties>
  <lyrics>
    <verse name="v1">
      <lines>Eu quero te Dizer</lines>
    </verse>
    <verse name="v2">
      <lines>Eu quero te dizer<br/>Quanto eu te amo,<br/>Mas sei que com palavras<br/>Eu não posso expressar,<br/>Pois toda vez<br/>Que teu nome eu chamo,<br/>Meu coração bate mais forte<br/>Só em pensar</lines>
    </verse>
    <verse name="v3">
      <lines>Que hoje eu poderia<br/>Não te ter ao meu lado<br/>Se não fosse<br/>Pela graça do Senhor<br/>Que conhece meu futuro<br/>Meu presente e passado<br/>E sabe quanto<br/>Eu necessito de teu amor</lines>
    </verse>
    <verse name="v4">
      <lines>Eu abençoo o dia<br/>Que te conheci<br/>Quanto vieste<br/>Minha vida completar<br/>Como dádiva de Deus<br/>Eu te recebi<br/>E por isso<br/>Eu vou sempre te amar</lines>
    </verse>
    <verse name="v5">
      <lines>Sim, vou te amar como Cristo<br/>Sua Igreja amou<br/>Pois por ela<br/>Sua vida entregou,<br/>Honrado sempre a aliança<br/>Que contigo eu fiz,<br/>Pois o homem que age assim<br/>Será feliz (eu sou feliz!)</lines>
    </verse>
  </lyrics>
</song>
