<?xml version='1.0' encoding='utf-8'?>
<song xmlns="http://openlyrics.info/namespace/2009/song" version="0.8" createdIn="OpenLP 1.9.9" modifiedIn="OpenLP 1.9.9" modifiedDate="2012-09-30T13:19:08">
  <properties>
    <titles>
      <title>eu-vivo-para-teu-louvor</title>
    </titles>
    <authors>
      <author>Asaph Borba</author>
    </authors>
  </properties>
  <lyrics>
    <verse name="v1">
      <lines>Eu Vivo Para o Teu Louvor</lines>
    </verse>
    <verse name="v2">
      <lines>Eu vivo para o teu louvor<br/>Para ti senhor, eu vivo para a tua glória<br/>Eu vivo para te adorar<br/>Só pra te exaltar, eu vivo pra tua glória<br/>Eu vivo pra te dar a honra<br/>E com meus lábios te dizer<br/>Eu te a-a-amo jesus<br/>Eu te amo jesus<br/>Jesus te amo, mas tu me amaste primeiro<br/>Amor tão puro santo e verdadeiro<br/>Vertido por mim na cruz<br/>Eu te amo jesus</lines>
    </verse>
  </lyrics>
</song>
