<?xml version='1.0' encoding='utf-8'?>
<song xmlns="http://openlyrics.info/namespace/2009/song" version="0.8" createdIn="OpenLP 1.9.9" modifiedIn="OpenLP 1.9.9" modifiedDate="2012-09-30T13:19:08">
  <properties>
    <titles>
      <title>familia-um-projeto-de-deus</title>
    </titles>
    <authors>
      <author>Asaph Borba</author>
    </authors>
  </properties>
  <lyrics>
    <verse name="v1">
      <lines>Família, Um Projeto de Deus</lines>
    </verse>
    <verse name="v2">
      <lines>Criou Deus o homem e também a mulher<br/>Lhes deu um ao outro para amar e servir<br/>E a ambos deu filhos pra lhes dar alegria<br/>Formando assim a primeira família</lines>
    </verse>
    <verse name="v3">
      <lines>Desde o princípio o inimigo tentou<br/>Destruir o que é lindo o que Deus criou<br/>Através da mentira, da inveja e pecado<br/>Trouxe a morte e a ira maculando a família</lines>
    </verse>
    <verse name="v4">
      <lines>Mas Deus sendo Pai não se deus por vencido<br/>Promoveu o resgate do que estava perdido<br/>Enviando Jesus, luz divina que brilha<br/>Restaurando na cruz sua grande família</lines>
    </verse>
    <verse name="v5">
      <lines>E por isso ainda hoje em qualquer circunstância<br/>Deus ama a família na velhice ou infância<br/>Acima de tudo do universo e do mundo<br/>Eu sei que a família é um projeto de Deus</lines>
    </verse>
  </lyrics>
</song>
