<?xml version='1.0' encoding='utf-8'?>
<song xmlns="http://openlyrics.info/namespace/2009/song" version="0.8" createdIn="OpenLP 1.9.9" modifiedIn="OpenLP 1.9.9" modifiedDate="2012-09-30T13:19:08">
  <properties>
    <titles>
      <title>filho-amado</title>
    </titles>
    <authors>
      <author>Asaph Borba</author>
    </authors>
  </properties>
  <lyrics>
    <verse name="v1">
      <lines>Filho Amado</lines>
    </verse>
    <verse name="v2">
      <lines>Eu te quero filho amado<br/>Em conflito com o mundo<br/>Por causa de um amor profundo<br/>Por Jesus</lines>
    </verse>
    <verse name="v3">
      <lines>Eu te quero filho querido<br/>Totalmente comprometido<br/>Com a eterna luz<br/>Com a eterna luz</lines>
    </verse>
    <verse name="v4">
      <lines>Sim te quero filho amado<br/>Com Jesus sempre ao teu lado<br/>Trilhando o caminho estreito<br/>Amor brotando no peito</lines>
    </verse>
    <verse name="v5">
      <lines>Sim te quero filho amado<br/>Totalmente apaixonado<br/>Pelo Senhor Jesus<br/>Pelo Senhor Jesus</lines>
    </verse>
  </lyrics>
</song>
