<?xml version='1.0' encoding='utf-8'?>
<song xmlns="http://openlyrics.info/namespace/2009/song" version="0.8" createdIn="OpenLP 1.9.9" modifiedIn="OpenLP 1.9.9" modifiedDate="2012-09-30T13:19:08">
  <properties>
    <titles>
      <title>flui-em-mim</title>
    </titles>
    <authors>
      <author>Asaph Borba</author>
    </authors>
  </properties>
  <lyrics>
    <verse name="v1">
      <lines>Flui em Mim</lines>
    </verse>
    <verse name="v2">
      <lines>Flui em mim,Teu Espírito<br/>Flui em mim, ó Senhor<br/>E que a cada dia se renove mais e mais<br/>Flui em mim, ó Senhor</lines>
    </verse>
    <verse name="v3">
      <lines>Enche-me do Seu amor, Senhor (2x)<br/>E que a cada dia eu me expresse mais e mais<br/>Enche-me do Seu amor</lines>
    </verse>
    <verse name="v4">
      <lines>Enche-me do Seu poder, Senhor (2x)<br/>E que tua testemunha neste mundo eu possa ser<br/>Enche-me do Seu poder</lines>
    </verse>
    <verse name="v5">
      <lines>Flui em mim....</lines>
    </verse>
  </lyrics>
</song>
