<?xml version='1.0' encoding='utf-8'?>
<song xmlns="http://openlyrics.info/namespace/2009/song" version="0.8" createdIn="OpenLP 1.9.9" modifiedIn="OpenLP 1.9.9" modifiedDate="2012-09-30T13:19:09">
  <properties>
    <titles>
      <title>fluira-como-um-rio</title>
    </titles>
    <authors>
      <author>Asaph Borba</author>
    </authors>
  </properties>
  <lyrics>
    <verse name="v1">
      <lines>Fluirá Como um Rio</lines>
    </verse>
    <verse name="v2">
      <lines>FLUIRÁ COMO UM RIO (Asaph Borba)</lines>
    </verse>
    <verse name="v3">
      <lines>Composição : Indisponível</lines>
    </verse>
    <verse name="v4">
      <lines>Álbum : Canções do Espírito Santo-Restauração II (1986).</lines>
    </verse>
    <verse name="v5">
      <lines>Fluirá como um rio, como chuva cairá<br/>Qual o orvalho dos montes e vales cobrirá (3X)<br/>E a glória do Senhor, enfim, dominará<br/>E o Espírito de Deus virá</lines>
    </verse>
  </lyrics>
</song>
