<?xml version='1.0' encoding='utf-8'?>
<song xmlns="http://openlyrics.info/namespace/2009/song" version="0.8" createdIn="OpenLP 1.9.9" modifiedIn="OpenLP 1.9.9" modifiedDate="2012-09-30T13:19:09">
  <properties>
    <titles>
      <title>forca-minha</title>
    </titles>
    <authors>
      <author>Asaph Borba</author>
    </authors>
  </properties>
  <lyrics>
    <verse name="v1">
      <lines>Força Minha</lines>
    </verse>
    <verse name="v2">
      <lines>Eu te amo, o Senhor, força minha<br/>Porque Tu es minha rocha e minha cidadela<br/>E o meu libertador<br/>O meu Deus e o meu rochedo em quem me refugio<br/>O meu escudo, a forca da minha salvação</lines>
    </verse>
    <verse name="v3">
      <lines>Tu que fazes resplandecer a minha lâmpada<br/>Tu, Senhor, derramas luz nas minhas trevas<br/>Vive o Senhor, e bendita seja a minha rocha<br/>Exaltado seja o Deus da minha salvação<br/>Sei que vive o Senhor, e bendita seja a minha rocha<br/>Exaltado seja o Deus da minha salvação</lines>
    </verse>
  </lyrics>
</song>
