<?xml version='1.0' encoding='utf-8'?>
<song xmlns="http://openlyrics.info/namespace/2009/song" version="0.8" createdIn="OpenLP 1.9.9" modifiedIn="OpenLP 1.9.9" modifiedDate="2012-09-30T13:19:09">
  <properties>
    <titles>
      <title>gloria</title>
    </titles>
    <authors>
      <author>Asaph Borba</author>
    </authors>
  </properties>
  <lyrics>
    <verse name="v1">
      <lines>Gloria</lines>
    </verse>
    <verse name="v2">
      <lines>Não há lugar melhor com tamanha paz<br/>Paz igual eu nunca encontrei jamais<br/>É o lugar do meu prazer<br/>Onde todo medo se vai<br/>É o lugar do meu descanso, os braços do meu Pai</lines>
    </verse>
    <verse name="v3">
      <lines>Os braços de meu Pai,<br/>São os braços de Jesus<br/>Quando foram estendidos<br/>Eu fui re ce bido la na cruz, na cruz<br/>Nos braços de meu Pai, nos braços de meu Pai</lines>
    </verse>
    <verse name="v4">
      <lines>Outrora eu era triste sem lugar pra onde ir<br/>Mas o Pai com seus braços de amor<br/>Restaurou-me o sorrir<br/>Deu-me parte em sua herança, vestimenta, vinho e pão<br/>Porque tinha um lugar pra mim no seu coração</lines>
    </verse>
  </lyrics>
</song>
