<?xml version='1.0' encoding='utf-8'?>
<song xmlns="http://openlyrics.info/namespace/2009/song" version="0.8" createdIn="OpenLP 1.9.9" modifiedIn="OpenLP 1.9.9" modifiedDate="2012-09-30T13:19:09">
  <properties>
    <titles>
      <title>grace</title>
    </titles>
    <authors>
      <author>Asaph Borba</author>
    </authors>
  </properties>
  <lyrics>
    <verse name="v1">
      <lines>Grace</lines>
    </verse>
    <verse name="v2">
      <lines>Every morning the sun has a brand new light<br/>This is grace<br/>Every morning the dew in the grass is bright<br/>This is grace<br/>Every morning his mercy renews our lives<br/>This is Grace<br/>We live by His grace</lines>
    </verse>
    <verse name="v3">
      <lines>Grace, Grace<br/>We live by His grace<br/>Grace, Grace<br/>We live by His grace<br/>Born by the Spirit<br/>To seek God's holy face<br/>We live by His grace.</lines>
    </verse>
    <verse name="v4">
      <lines>When His loving arms, hold us tight<br/>This is grace<br/>When He shows His hands, and hears our cry<br/>This is grace<br/>When He sets our steps, and He is our guide<br/>This is grace<br/>We live by His grace</lines>
    </verse>
  </lyrics>
</song>
