<?xml version='1.0' encoding='utf-8'?>
<song xmlns="http://openlyrics.info/namespace/2009/song" version="0.8" createdIn="OpenLP 1.9.9" modifiedIn="OpenLP 1.9.9" modifiedDate="2012-09-30T13:19:09">
  <properties>
    <titles>
      <title>graca</title>
    </titles>
    <authors>
      <author>Asaph Borba</author>
    </authors>
  </properties>
  <lyrics>
    <verse name="v1">
      <lines>Graça</lines>
    </verse>
    <verse name="v2">
      <lines>Quando terminar esta vida e lá no céu eu chegar<br/>Haverá uma multidão de irmãos<br/>Esperando pra me abraçar, e perguntarão a uma voz,<br/>Voltados para mim ,Oh conta-nos como você irmão,<br/>Venceu e chegou aqui.</lines>
    </verse>
    <verse name="v3">
      <lines>E falarei, e cantarei de Jesus que me salvou<br/>Que por este pecador a si mesmo se entregou.<br/>Foi graça, graça, super abundante graça<br/>Graça, graça, preciosa e doce graça.</lines>
    </verse>
    <verse name="v4">
      <lines>Foi graça irmão, Graça irmão,<br/>Eu vos digo que foi assim<br/>Foi só pela graça de Jesus<br/>Que eu venci e cheguei aqui.</lines>
    </verse>
  </lyrics>
</song>
