<?xml version='1.0' encoding='utf-8'?>
<song xmlns="http://openlyrics.info/namespace/2009/song" version="0.8" createdIn="OpenLP 1.9.9" modifiedIn="OpenLP 1.9.9" modifiedDate="2012-09-30T13:19:09">
  <properties>
    <titles>
      <title>gracas-te-rendemos</title>
    </titles>
    <authors>
      <author>Asaph Borba</author>
    </authors>
  </properties>
  <lyrics>
    <verse name="v1">
      <lines>Graças, te Rendemos</lines>
    </verse>
    <verse name="v2">
      <lines>GRAÇAS, TE RENDEMOS (Asaph Borba)</lines>
    </verse>
    <verse name="v3">
      <lines>Composição : Don &amp; Asaph Borba</lines>
    </verse>
    <verse name="v4">
      <lines>Álbum : Celebraremos com Júbilo (1978)</lines>
    </verse>
    <verse name="v5">
      <lines>Rendei Graças ao Senhor (2x)<br/>Bendizei o Seu Santo Nome (Bendizei) (BIS)<br/>Cantai,cantai-lhesalmos (2x)<br/>de louvor</lines>
    </verse>
    <verse name="v6">
      <lines>Graças, te Rendemos, Oh! Deus (2x)<br/>Invocamos o Seu Nome (BIS)<br/>E declaramos as Suas Maravilhas<br/>Graças, te rendemoe, Oh! Deus</lines>
    </verse>
    <verse name="v7">
      <lines>FINAL : Pois é o Senhor Nosso Deus (3x)</lines>
    </verse>
  </lyrics>
</song>
