<?xml version='1.0' encoding='utf-8'?>
<song xmlns="http://openlyrics.info/namespace/2009/song" version="0.8" createdIn="OpenLP 1.9.9" modifiedIn="OpenLP 1.9.9" modifiedDate="2012-09-30T13:19:09">
  <properties>
    <titles>
      <title>gratidao</title>
    </titles>
    <authors>
      <author>Asaph Borba</author>
    </authors>
  </properties>
  <lyrics>
    <verse name="v1">
      <lines>Gratidão</lines>
    </verse>
    <verse name="v2">
      <lines>Eu louvo a Deus porque te conheci,<br/>Porque Jesus a tua vida a minha uniu.<br/>O amor de Deus se refletiu em ti<br/>E a sua mão me abençoou.</lines>
    </verse>
    <verse name="v3">
      <lines>Quero adorar a Deus,<br/>Com gratidão louvar,<br/>Por tudo que tem feito para nós.<br/>Juntos adoraremos,<br/>Juntos caminharemos,<br/>Pra sempre na presença do Senhor.</lines>
    </verse>
    <verse name="v4">
      <lines>Não posso imaginar viver sem ti,<br/>Sem ter tua vida a me abençoar.<br/>Porque, amor, eu sei que somos um,<br/>Por essa graça sempre vou louvar.</lines>
    </verse>
  </lyrics>
</song>
