<?xml version='1.0' encoding='utf-8'?>
<song xmlns="http://openlyrics.info/namespace/2009/song" version="0.8" createdIn="OpenLP 1.9.9" modifiedIn="OpenLP 1.9.9" modifiedDate="2012-09-30T13:19:10">
  <properties>
    <titles>
      <title>ha-muito-mais</title>
    </titles>
    <authors>
      <author>Asaph Borba</author>
    </authors>
  </properties>
  <lyrics>
    <verse name="v1">
      <lines>Há Muito Mais</lines>
    </verse>
    <verse name="v2">
      <lines>Quando eu penso que já passei por tudo<br/>Quando eu penso que eu já fiz de tudo<br/>O Senhor me diz que ainda há muito mais<br/>Quando eu olho pra traz e não posso ver<br/>O início da estrada que estou a correr<br/>O Senhor me diz : pra frente há muito mais</lines>
    </verse>
    <verse name="v3">
      <lines>Há muito mais, com Deus há muito mais<br/>Há muito mais, pra viver há muito mais<br/>Pois a minha porção é transbordante<br/>Sua vida em mim é abundante<br/>Em Cristo sempre há muito, muito mais.</lines>
    </verse>
    <verse name="v4">
      <lines>Quando às vezes os meus pés se cansam<br/>O coração vacila, e as mãos não alcançam<br/>O Espírito Santo me diz que há muito mais<br/>Quando o que eu espero parece impossível<br/>Mas por fé posso ver o invisível<br/>Por que a Palavra de Deus me diz que há muito mais.</lines>
    </verse>
    <verse name="v5">
      <lines>Minha vida está escondida no Senhor<br/>E com Ele eu sou mais que vencedor<br/>Eu corro a carreira sempre adiante<br/>Seu cuidado comigo é constante<br/>E sei que há muito, muito, muito mais.</lines>
    </verse>
  </lyrics>
</song>
