<?xml version='1.0' encoding='utf-8'?>
<song xmlns="http://openlyrics.info/namespace/2009/song" version="0.8" createdIn="OpenLP 1.9.9" modifiedIn="OpenLP 1.9.9" modifiedDate="2012-09-30T13:19:10">
  <properties>
    <titles>
      <title>infinitamente-mais</title>
    </titles>
    <authors>
      <author>Asaph Borba</author>
    </authors>
  </properties>
  <lyrics>
    <verse name="v1">
      <lines>Infinitamente Mais</lines>
    </verse>
    <verse name="v2">
      <lines>Sim, eu sei Senhor que tu és soberano<br/>Tens os teus caminhos tens teu próprio plano<br/>Venho pois a cada dia, venho cheio de alegria<br/>E me coloco em Tuas mãos pois és fiel</lines>
    </verse>
    <verse name="v3">
      <lines>Sim, eu sei Senhor que tu és poderoso</lines>
    </verse>
    <verse name="v4">
      <lines>És um Deus tremendo, Pai de amor bondoso<br/>Em<br/>Venho pois a cada dia, venho cheio de alegria</lines>
    </verse>
    <verse name="v5">
      <lines>E me coloco em tuas mãos pois és fiel</lines>
    </verse>
    <verse name="v6">
      <lines>Fiel é tua Palavra oh Senhor<br/>Perfeitos os teus caminhos meu Senhor<br/>Pois sei em quem tenho crido Também sei que és poderoso</lines>
    </verse>
    <verse name="v7">
      <lines>Pra fazer infinitamente mais (2 vezes)<br/>Do que tudo que pedimos infinitamente mais</lines>
    </verse>
    <verse name="v8">
      <lines>... Sentimos - pensamos - cremos infinitamente mais</lines>
    </verse>
  </lyrics>
</song>
