<?xml version='1.0' encoding='utf-8'?>
<song xmlns="http://openlyrics.info/namespace/2009/song" version="0.8" createdIn="OpenLP 1.9.9" modifiedIn="OpenLP 1.9.9" modifiedDate="2012-09-30T13:19:10">
  <properties>
    <titles>
      <title>jeova-nissi</title>
    </titles>
    <authors>
      <author>Asaph Borba</author>
    </authors>
  </properties>
  <lyrics>
    <verse name="v1">
      <lines>Jeová Nissi</lines>
    </verse>
    <verse name="v2">
      <lines>Levante o estanderte<br/>Não importando o preço<br/>Exalte ao Senhor<br/>Pois sua bandeira é o amor</lines>
    </verse>
    <verse name="v3">
      <lines>Jesus é o fundamento<br/>A pedra angular<br/>De Deus o grande evento<br/>Que veio pra reinar</lines>
    </verse>
    <verse name="v4">
      <lines>Jeová Nissi reina em vitória<br/>Jeová Nissi reina em vitória<br/>Jeová Nissi vitórioso é<br/>Jeová Nissi vitórioso é</lines>
    </verse>
    <verse name="v5">
      <lines>Jeová Nissi (3X)<br/>É nossa bandeira<br/>Jeová Nissi (3X)<br/>É nossa bandeira</lines>
    </verse>
    <verse name="v6">
      <lines>Quando o inimigo<br/>Marcha contra nós<br/>Não tememos o perigo<br/>Jamais estamos sós</lines>
    </verse>
    <verse name="v7">
      <lines>Pois Cristo é a bandeira<br/>O Estandarte de valor<br/>Vitorioso e guerreiro<br/>É o nosso vencedor</lines>
    </verse>
    <verse name="v8">
      <lines>Jeová Nissi...</lines>
    </verse>
  </lyrics>
</song>
