<?xml version='1.0' encoding='utf-8'?>
<song xmlns="http://openlyrics.info/namespace/2009/song" version="0.8" createdIn="OpenLP 1.9.9" modifiedIn="OpenLP 1.9.9" modifiedDate="2012-09-30T13:19:10">
  <properties>
    <titles>
      <title>jesus-tu-es-rio</title>
    </titles>
    <authors>
      <author>Asaph Borba</author>
    </authors>
  </properties>
  <lyrics>
    <verse name="v1">
      <lines>Jesus, Tu És o Rio</lines>
    </verse>
    <verse name="v2">
      <lines>Jesus tu és o rio, que corre do trono de Deus<br/>Que rega minha vida e enche o meu coração<br/>Unges-me a cabeça com óleo,<br/>E o meu cálice transborda<br/>Preparas uma mesa<br/>Na presença dos meus inimigos</lines>
    </verse>
    <verse name="v3">
      <lines>Por isso te adorarei, por isso te adorarei<br/>Cantarei o teu louvor<br/>Celebrarei o teu precioso amor (2 x o coro)<br/>Teu Precioso amor...........</lines>
    </verse>
    <verse name="v4">
      <lines>Jesus tu és a fonte, de todo dom perfeito de Deus<br/>Que faz que um vale árido, se torne em um manancial<br/>Tu és a plenitude, Jesus tu és o tudo em todos<br/>Por isso eu declaro :<br/>Que todas minhas fontes estão em Ti.</lines>
    </verse>
  </lyrics>
</song>
