<?xml version='1.0' encoding='utf-8'?>
<song xmlns="http://openlyrics.info/namespace/2009/song" version="0.8" createdIn="OpenLP 1.9.9" modifiedIn="OpenLP 1.9.9" modifiedDate="2012-09-30T13:19:10">
  <properties>
    <titles>
      <title>jesus-em-tua-presenca</title>
    </titles>
    <authors>
      <author>Asaph Borba</author>
    </authors>
  </properties>
  <lyrics>
    <verse name="v1">
      <lines>Jesus Em Tua Presença</lines>
    </verse>
    <verse name="v2">
      <lines>Jesus em Tua presença, reunimo-nos aqui<br/>Contemplamos tua face e rendemo-nos a ti<br/>Pois um dia tua morte<br/>Trouxe vida a todos nós<br/>E nos deu completo acesso<br/>Ao coração do Pai.</lines>
    </verse>
    <verse name="v3">
      <lines>E o véu que separava já não separa mais</lines>
    </verse>
    <verse name="v4">
      <lines>A luz, outrora apagada agora brilha</lines>
    </verse>
    <verse name="v5">
      <lines>E cada dia brilha mais</lines>
    </verse>
    <verse name="v6">
      <lines>Só prá te adorar<br/>E fazer Teu nome grande<br/>E te dar o louvor que é devido</lines>
    </verse>
    <verse name="v7">
      <lines>Estamos nós aqui.</lines>
    </verse>
  </lyrics>
</song>
