<?xml version='1.0' encoding='utf-8'?>
<song xmlns="http://openlyrics.info/namespace/2009/song" version="0.8" createdIn="OpenLP 1.9.9" modifiedIn="OpenLP 1.9.9" modifiedDate="2012-09-30T13:19:10">
  <properties>
    <titles>
      <title>jesus</title>
    </titles>
    <authors>
      <author>Asaph Borba</author>
    </authors>
  </properties>
  <lyrics>
    <verse name="v1">
      <lines>Jesus</lines>
    </verse>
    <verse name="v2">
      <lines>F C/E F/D Am/C Bb F C<br/>Je ê ê sus Je ê ê sus Je ê ê sus<br/>F C/E F/D Am/C Bb C F<br/>Je ê ê sus Je ê ê sus Je ê ê sus 2X<br/>G D/F# G/E Bm/D C G D<br/>Je ê ê sus Je ê ê sus Je ê ê sus<br/>G D/F# G/E Bm/D C D G<br/>Je ê ê sus Je ê ê sus Je ê ê sus 2X<br/>C D G C D G<br/>Je ê ê sus Je ê ê sus 2X</lines>
    </verse>
  </lyrics>
</song>
