<?xml version='1.0' encoding='utf-8'?>
<song xmlns="http://openlyrics.info/namespace/2009/song" version="0.8" createdIn="OpenLP 1.9.9" modifiedIn="OpenLP 1.9.9" modifiedDate="2012-09-30T13:19:10">
  <properties>
    <titles>
      <title>jesus-amor</title>
    </titles>
    <authors>
      <author>Asaph Borba</author>
    </authors>
  </properties>
  <lyrics>
    <verse name="v1">
      <lines>Jesus, o Amor</lines>
    </verse>
    <verse name="v2">
      <lines>Se não tivesse o sofrer<br/>E não houvesse o morrer<br/>Como poder conhecer o amor.</lines>
    </verse>
    <verse name="v3">
      <lines>Com o sofrer, aprender<br/>Se entregar e confiar.<br/>Viver por fé, agir pra conhecer.</lines>
    </verse>
    <verse name="v4">
      <lines>Tu és pra nós segurança.<br/>Tu unes o nosso pensar<br/>Derramas amor nas feridas de dor.<br/>Dás forças pra continuar.</lines>
    </verse>
    <verse name="v5">
      <lines>Jesus em nós, pastor.<br/>Sou sempre teu, no Senhor.<br/>Querida, Ele é a vida em nós...</lines>
    </verse>
    <verse name="v6">
      <lines>Que faz a dor vencer,<br/>Que faz louvor florescer,<br/>Que faz o amor de dois ser um.</lines>
    </verse>
    <verse name="v7">
      <lines>Rebanho apascentar.<br/>Jesus acolherá<br/>Nos braços os seus cordeirinhos.</lines>
    </verse>
    <verse name="v8">
      <lines>Em seu regaço veremos o fruto do nosso amor:<br/>O filho, herança do Senhor</lines>
    </verse>
  </lyrics>
</song>
