<?xml version='1.0' encoding='utf-8'?>
<song xmlns="http://openlyrics.info/namespace/2009/song" version="0.8" createdIn="OpenLP 1.9.9" modifiedIn="OpenLP 1.9.9" modifiedDate="2012-09-30T13:20:25">
  <properties>
    <titles>
      <title>JESUS EM TUA PRESENÇA</title>
    </titles>
    <authors>
      <author>ASAPH BORBA</author>
      <author>ALINE BARROS</author>
      <author>QUATRO POR UM</author>
    </authors>
  </properties>
  <lyrics>
    <verse name="v1">
      <lines>JESUS EM TUA PRESENÇA<br/>REUNIMO-NOS AQUI<br/>CONTEMPLAMOS TUA FACE<br/>E RENDEMO-NOS A TI<br/>POIS UM DIA TUA MORTE<br/>TROUXE VIDA A TODOS NÓS<br/>E NOS DEU COMPLETO ACESSO<br/>AO CORAÇÃO DO PAI</lines>
    </verse>
    <verse name="v2">
      <lines>O VÉU QUE SEPARAVA<br/>JÁ NÃO SEPARA MAIS<br/>A LUZ QUE<br/>OUTRORA APAGADA<br/>AGORA BRILHA<br/>E CADA DIA BRILHA MAIS</lines>
    </verse>
    <verse name="v3">
      <lines>SÓ PRA TE ADORAR <br/>E FAZER TEU NOME GRANDE<br/>E TE DAR O LOUVOR<br/>QUE É DEVIDO<br/>ESTAMOS NÓS AQUI</lines>
    </verse>
  </lyrics>
</song>
