<?xml version='1.0' encoding='utf-8'?>
<song xmlns="http://openlyrics.info/namespace/2009/song" version="0.8" createdIn="OpenLP 1.9.9" modifiedIn="OpenLP 1.9.9" modifiedDate="2012-09-30T13:19:10">
  <properties>
    <titles>
      <title>junto-ao-teu-altar</title>
    </titles>
    <authors>
      <author>Asaph Borba</author>
    </authors>
  </properties>
  <lyrics>
    <verse name="v1">
      <lines>Junto ao Teu Altar</lines>
    </verse>
    <verse name="v2">
      <lines>Junto ao Teu Altar (ASAPH BORBA)</lines>
    </verse>
    <verse name="v3">
      <lines>Composição : ASAPH BORBA</lines>
    </verse>
    <verse name="v4">
      <lines>Álbum : Canções do Espírito Santo-Restauração II</lines>
    </verse>
    <verse name="v5">
      <lines>Senhor,eu quero estar atento para ouvir<br/>O que está falando a Sua Igreja<br/>Tudo o que tens p'ra dizer<br/>Dize: eu quero obedecer<br/>Quero ser fiel no ouvir e no fazer</lines>
    </verse>
    <verse name="v6">
      <lines>Coloca em meus lábios um novo cântico<br/>P&amp;#341;a no meio do Teu Povo eu entoar<br/>Para edificar (2x), para consolar<br/>Vem ensina-me a expressar o Teu falar</lines>
    </verse>
    <verse name="v7">
      <lines>No fluir do Teu Espírito, sim, quero estar<br/>Constantemente, junto ao Teu Altar<br/>Expressando tua vida, transbordando tua vida<br/>E vivendo tudo o que fizeste vida em mim (2x)</lines>
    </verse>
  </lyrics>
</song>
