<?xml version='1.0' encoding='utf-8'?>
<song xmlns="http://openlyrics.info/namespace/2009/song" version="0.8" createdIn="OpenLP 1.9.9" modifiedIn="OpenLP 1.9.9" modifiedDate="2012-09-30T13:19:11">
  <properties>
    <titles>
      <title>justica-de-deus</title>
    </titles>
    <authors>
      <author>Asaph Borba</author>
    </authors>
  </properties>
  <lyrics>
    <verse name="v1">
      <lines>Justiça de Deus</lines>
    </verse>
    <verse name="v2">
      <lines>Em Cristo Jesus somos feitos justiça<br/>Justiça de Deus<br/>Justiça de Deus</lines>
    </verse>
    <verse name="v3">
      <lines>Pelo sangue de Jesus<br/>Que nos reconciliou<br/>E nos fez mais que vencedores</lines>
    </verse>
    <verse name="v4">
      <lines>As coisas antigas já passaram<br/>Tudo se fez novo<br/>Todo pecado ficou pra trás</lines>
    </verse>
  </lyrics>
</song>
