<?xml version='1.0' encoding='utf-8'?>
<song xmlns="http://openlyrics.info/namespace/2009/song" version="0.8" createdIn="OpenLP 1.9.9" modifiedIn="OpenLP 1.9.9" modifiedDate="2012-09-30T13:19:11">
  <properties>
    <titles>
      <title>lacos-de-amor</title>
    </titles>
    <authors>
      <author>Asaph Borba</author>
    </authors>
  </properties>
  <lyrics>
    <verse name="v1">
      <lines>Laços de Amor</lines>
    </verse>
    <verse name="v2">
      <lines>Somos ligados por laços de amor<br/>Laços de amor, laços de amor<br/>Papai, mamãe, irmãos e irmãs<br/>Unidos em Cristo Jesus!</lines>
    </verse>
    <verse name="v3">
      <lines>Fomos feitos pra sermos uma família<br/>Ligados por Deus em excelsa aliança<br/>Figura de um plano perfeito<br/>O qual nunca será desfeito<br/>Nos fez uma grande família unida em Jesus<br/>Em Jesus</lines>
    </verse>
    <verse name="v4">
      <lines>Família é onde encontramos descanso e refúgio<br/>Braços abertos que nos dão carinho e calor<br/>É onde encontramos perdão<br/>Que é vida entre pais e irmãos<br/>Não dando lugar ao rancor e sim aos laços de amor<br/>De amor</lines>
    </verse>
    <verse name="v5">
      <lines>Família é o lugar onde sempre se tem outra chance<br/>Mãos estendidas que ajudam a recomeçar<br/>Família é a imagem do céu<br/>De um Deus que em tudo é fiel<br/>E quer que vivamos assim nestes laços de amor<br/>De amor</lines>
    </verse>
  </lyrics>
</song>
