<?xml version='1.0' encoding='utf-8'?>
<song xmlns="http://openlyrics.info/namespace/2009/song" version="0.8" createdIn="OpenLP 1.9.9" modifiedIn="OpenLP 1.9.9" modifiedDate="2012-09-30T13:19:11">
  <properties>
    <titles>
      <title>lar-doce-lar</title>
    </titles>
    <authors>
      <author>Asaph Borba</author>
    </authors>
  </properties>
  <lyrics>
    <verse name="v1">
      <lines>Lar Doce Lar</lines>
    </verse>
    <verse name="v2">
      <lines>Lar doce lar como é bom em casa estar<br/>Pois ali é meu refúgio ali é o meu lugar<br/>Lar doce lar como é bom pra lá voltar<br/>Pois ali existe amor e a bênção do Senhor</lines>
    </verse>
    <verse name="v3">
      <lines>Mesmos sabendo que muitos não podem como eu assim cantar<br/>Pois lhes parecem quase impossível existir um doce lar<br/>Porque o desamor e as amarguras, muito rancor e palavras duras<br/>Lhes tiraram a alegria até mesmo em pensar no seu lar</lines>
    </verse>
    <verse name="v4">
      <lines>Mas quero dizer que a solução está em Jesus que pode mudar<br/>A casa, a família e o coração de todo aquele que convidar<br/>Para reinar e dirigir, tudo mudar, ensinando a servir<br/>Renovando a alegria e o amor no seu lar!</lines>
    </verse>
  </lyrics>
</song>
