<?xml version='1.0' encoding='utf-8'?>
<song xmlns="http://openlyrics.info/namespace/2009/song" version="0.8" createdIn="OpenLP 1.9.9" modifiedIn="OpenLP 1.9.9" modifiedDate="2012-09-30T13:19:11">
  <properties>
    <titles>
      <title>louvai-ao-senhor</title>
    </titles>
    <authors>
      <author>Asaph Borba</author>
    </authors>
  </properties>
  <lyrics>
    <verse name="v1">
      <lines>Louvai Ao Senhor</lines>
    </verse>
    <verse name="v2">
      <lines>Louvai ao Senhor,<br/>Vós todas as nações,<br/>Louvai-O todos os povos.</lines>
    </verse>
    <verse name="v3">
      <lines>Porque, mui grande é a sua misericórdia para conosco<br/>E a fidelidade do Senhor subsiste para sempre.<br/>Aleluia!<br/>Aleluia!<br/>Aleluia!<br/>Aleluia!</lines>
    </verse>
  </lyrics>
</song>
