<?xml version='1.0' encoding='utf-8'?>
<song xmlns="http://openlyrics.info/namespace/2009/song" version="0.8" createdIn="OpenLP 1.9.9" modifiedIn="OpenLP 1.9.9" modifiedDate="2012-09-30T13:19:11">
  <properties>
    <titles>
      <title>mais-de-ti-senhor</title>
    </titles>
    <authors>
      <author>Asaph Borba</author>
    </authors>
  </properties>
  <lyrics>
    <verse name="v1">
      <lines>Mais de Ti, Senhor</lines>
    </verse>
    <verse name="v2">
      <lines>Mais de ti, Senhor<br/>Eu quero mais de ti, Senhor<br/>Muito mais de ti, Senhor<br/>Muito mais de ti, Senhor<br/>E menos de mim (2x)</lines>
    </verse>
    <verse name="v3">
      <lines>Convém que tu cresças<br/>E que diminua eu<br/>Pra que tua glória<br/>Se estenda por toda a terra.</lines>
    </verse>
    <verse name="v4">
      <lines>Convém que tu cresças<br/>E que diminua eu<br/>Pra que tua glória<br/>Se estenda por toda a terra.</lines>
    </verse>
  </lyrics>
</song>
