<?xml version='1.0' encoding='utf-8'?>
<song xmlns="http://openlyrics.info/namespace/2009/song" version="0.8" createdIn="OpenLP 1.9.9" modifiedIn="OpenLP 1.9.9" modifiedDate="2012-09-30T13:19:11">
  <properties>
    <titles>
      <title>mas-ele-ressucitou</title>
    </titles>
    <authors>
      <author>Asaph Borba</author>
    </authors>
  </properties>
  <lyrics>
    <verse name="v1">
      <lines>Mas Ele Ressucitou</lines>
    </verse>
    <verse name="v2">
      <lines>MAS ELR RESSUCITOU (Asaph Borba)</lines>
    </verse>
    <verse name="v3">
      <lines>Composição : Indisponível</lines>
    </verse>
    <verse name="v4">
      <lines>Álbum : Que posso eu fazer (1980)</lines>
    </verse>
    <verse name="v5">
      <lines>Jesus ia subindo o monte, carregando a nossa cruz<br/>Nossos fardos de pecados sobre si Ele levou<br/>Ele não tinha pecado, mas, por nós Jesus morreu<br/>P'ra nos dar a liberdade morreu o Filho de Deus</lines>
    </verse>
    <verse name="v6">
      <lines>Por nós Jesus morreu, foi por amor que Ele se entregou<br/>As nossas dores levou e o pecado perdoou</lines>
    </verse>
    <verse name="v7">
      <lines>Toda a luz se escureceu e o dia em trevas se tornou<br/>Pois naquela dura cruz morreu o filho de Deus</lines>
    </verse>
    <verse name="v8">
      <lines>Mas Ele ressucitou! Venceu a morte e a cruz!<br/>Venceu o mal! (2x)<br/>Me libertou do peso , que antes eu carreguei<br/>Levou as nossas dores e a salvação nos deu</lines>
    </verse>
    <verse name="v9">
      <lines>Por nós Jesus morreu, por nós ressucitou<br/>O preço da liberdade com o Seu Sangue Ele pagou (2x)</lines>
    </verse>
    <verse name="v10">
      <lines>A-Amém! (2x)</lines>
    </verse>
  </lyrics>
</song>
