<?xml version='1.0' encoding='utf-8'?>
<song xmlns="http://openlyrics.info/namespace/2009/song" version="0.8" createdIn="OpenLP 1.9.9" modifiedIn="OpenLP 1.9.9" modifiedDate="2012-09-30T13:19:11">
  <properties>
    <titles>
      <title>melhor-dar</title>
    </titles>
    <authors>
      <author>Asaph Borba</author>
    </authors>
  </properties>
  <lyrics>
    <verse name="v1">
      <lines>Melhor é dar</lines>
    </verse>
    <verse name="v2">
      <lines>Melhor é dar, do que receber<br/>Como Jesus, assim quero ser<br/>Dar a quem pede<br/>Ao que tem fome<br/>Contudo é possível dar sem amar<br/>Mas é impossível amar sem dar</lines>
    </verse>
    <verse name="v3">
      <lines>Dar minha vida, meu coração<br/>A mão estendida, de amor e perdão<br/>Assim foi Jesus,<br/>Quando a vida nos deu<br/>Contudo é possível dar sem amar<br/>Mas é impossível amar sem dar</lines>
    </verse>
    <verse name="v4">
      <lines>Tanto Deus me amou<br/>Por isso Ele deu<br/>Não o que sobrou<br/>Mas o melhor do era seu<br/>Assim como Deus me amou<br/>Também eu quero amar<br/>Pois sei que é possível dar sem amar<br/>Mas é impossível amar sem dar<br/>Pois sei que é possível dar sem amar<br/>Mas é impossível amar sem dar.</lines>
    </verse>
  </lyrics>
</song>
