<?xml version='1.0' encoding='utf-8'?>
<song xmlns="http://openlyrics.info/namespace/2009/song" version="0.8" createdIn="OpenLP 1.9.9" modifiedIn="OpenLP 1.9.9" modifiedDate="2012-09-30T13:19:12">
  <properties>
    <titles>
      <title>meu-irmao-eu-preciso-de-ti</title>
    </titles>
    <authors>
      <author>Asaph Borba</author>
    </authors>
  </properties>
  <lyrics>
    <verse name="v1">
      <lines>Meu Irmão Eu Preciso de Ti</lines>
    </verse>
    <verse name="v2">
      <lines>Meu irmão eu preciso de ti,<br/>Meu irmão eu preciso de ti,<br/>Pois Deus colocou em ti<br/>Graça pra mim,<br/>Meu irmão eu preciso de ti,</lines>
    </verse>
    <verse name="v3">
      <lines>Meu irmão precioso és pra mim,</lines>
    </verse>
    <verse name="v4">
      <lines>Meu irmão precioso és pra mim,<br/>Pois a vida de Cristo<br/>Eu vejo em ti,<br/>Meu irmão precioso és pra mim.</lines>
    </verse>
  </lyrics>
</song>
