<?xml version='1.0' encoding='utf-8'?>
<song xmlns="http://openlyrics.info/namespace/2009/song" version="0.8" createdIn="OpenLP 1.9.9" modifiedIn="OpenLP 1.9.9" modifiedDate="2012-09-30T13:19:12">
  <properties>
    <titles>
      <title>meu-prazer</title>
    </titles>
    <authors>
      <author>Asaph Borba</author>
    </authors>
  </properties>
  <lyrics>
    <verse name="v1">
      <lines>Meu Prazer</lines>
    </verse>
    <verse name="v2">
      <lines>Quando o Pai enviou seu filho<br/>Para todos nós salvar<br/>Seu amor no altar se derramou para nova vida dar</lines>
    </verse>
    <verse name="v3">
      <lines>É o meu prazer louvar-Te<br/>É o meu prazer orar<br/>É o meu prazer erguer as mãos e Te adorar</lines>
    </verse>
    <verse name="v4">
      <lines>Esta vida que me deste meu caminho encheu de luz<br/>Que me leva até o calvário<br/>Pois vitória vem da cruz</lines>
    </verse>
    <verse name="v5">
      <lines>Cristo eu quero a Tua bênção<br/>Pois me encontro aos Teus pés<br/>Este mundo não me moverá do Teu altar</lines>
    </verse>
  </lyrics>
</song>
