<?xml version='1.0' encoding='utf-8'?>
<song xmlns="http://openlyrics.info/namespace/2009/song" version="0.8" createdIn="OpenLP 1.9.9" modifiedIn="OpenLP 1.9.9" modifiedDate="2012-09-30T13:19:11">
  <properties>
    <titles>
      <title>meu-coracao-teu</title>
    </titles>
    <authors>
      <author>Asaph Borba</author>
    </authors>
  </properties>
  <lyrics>
    <verse name="v1">
      <lines>Meu coração é Teu</lines>
    </verse>
    <verse name="v2">
      <lines>Quanto ao Senhor, seus olhos<br/>Passam por toda a terra<br/>Para mostrar-se forte<br/>Para mostrar-se forte</lines>
    </verse>
    <verse name="v3">
      <lines>Para com aqueles cujo coração<br/>É totalmente dEle<br/>É totalmente dEle</lines>
    </verse>
    <verse name="v4">
      <lines>Meu coração é teu<br/>Meu coração é teu<br/>Meu Senhor</lines>
    </verse>
  </lyrics>
</song>
