<?xml version='1.0' encoding='utf-8'?>
<song xmlns="http://openlyrics.info/namespace/2009/song" version="0.8" createdIn="OpenLP 1.9.9" modifiedIn="OpenLP 1.9.9" modifiedDate="2012-09-30T13:19:12">
  <properties>
    <titles>
      <title>minhalma-engradece</title>
    </titles>
    <authors>
      <author>Asaph Borba</author>
    </authors>
  </properties>
  <lyrics>
    <verse name="v1">
      <lines>Minhálma Engradece</lines>
    </verse>
    <verse name="v2">
      <lines>Minh'alma engrandece ao Senhor<br/>Meu espírito se alegra<br/>Em Deus meu Salvador.<br/>Pois com poder tem feito grandes coisas<br/>E com misericórdia<br/>Demonstrado amor.</lines>
    </verse>
    <verse name="v3">
      <lines>Santo, Santo</lines>
    </verse>
    <verse name="v4">
      <lines>Santo és Senhor. {2a vez }</lines>
    </verse>
    <verse name="v5">
      <lines>Tem enchido nossas lâmpadas<br/>Com o óleo do Espírito<br/>Tem feito sua vide florescer.</lines>
    </verse>
  </lyrics>
</song>
