<?xml version='1.0' encoding='utf-8'?>
<song xmlns="http://openlyrics.info/namespace/2009/song" version="0.8" createdIn="OpenLP 1.9.9" modifiedIn="OpenLP 1.9.9" modifiedDate="2012-09-30T13:19:12">
  <properties>
    <titles>
      <title>nao-acordeis-amor</title>
    </titles>
    <authors>
      <author>Asaph Borba</author>
    </authors>
  </properties>
  <lyrics>
    <verse name="v1">
      <lines>Não Acordeis o Amor</lines>
    </verse>
    <verse name="v2">
      <lines>Não acordeis o amor até o seu tempo chegar<br/>Tempo de graça e beleza que tem sua hora e lugar<br/>Lugar escolhido por Deus onde há bênçãos sem medida<br/>Que no seu plano eterno separou pra ser berço da vida<br/>Que no seu plano eterno separou pra ser berço da vida</lines>
    </verse>
    <verse name="v3">
      <lines>Através da aliança que une homem e mulher<br/>No aconchego do lar não em qualquer lugar<br/>Foi por Deus preparado pra acolher o amor<br/>Sabendo que a vida tem um grande valor</lines>
    </verse>
    <verse name="v4">
      <lines>Esperando assim na vontade de Deus<br/>É como incenso no altar<br/>Esperando a hora certa o tempo certo e o lugar<br/>Esperar é honrar a Deus, esperar é amar<br/>Esperar é honrar a Deus, esperar é amar</lines>
    </verse>
  </lyrics>
</song>
