<?xml version='1.0' encoding='utf-8'?>
<song xmlns="http://openlyrics.info/namespace/2009/song" version="0.8" createdIn="OpenLP 1.9.9" modifiedIn="OpenLP 1.9.9" modifiedDate="2012-09-30T13:19:12">
  <properties>
    <titles>
      <title>nao-nos-senhor</title>
    </titles>
    <authors>
      <author>Asaph Borba</author>
    </authors>
  </properties>
  <lyrics>
    <verse name="v1">
      <lines>Não a Nós Senhor</lines>
    </verse>
    <verse name="v2">
      <lines>Não a nós, Senhor<br/>Não a nós,<br/>Mas ao Teu nome dá glória</lines>
    </verse>
    <verse name="v3">
      <lines>Porque só Tu és digno de receber</lines>
    </verse>
    <verse name="v4">
      <lines>O louvor, a glória e a honra</lines>
    </verse>
    <verse name="v5">
      <lines>Que temos prá Te dar</lines>
    </verse>
    <verse name="v6">
      <lines>Se eu tomar as asas da alva<br/>Se habitar nas profundezas do mar</lines>
    </verse>
    <verse name="v7">
      <lines>Até ali a tua mão</lines>
    </verse>
    <verse name="v8">
      <lines>Me guiará</lines>
    </verse>
    <verse name="v9">
      <lines>E a tua destra</lines>
    </verse>
    <verse name="v10">
      <lines>Me sustentará</lines>
    </verse>
  </lyrics>
</song>
