<?xml version='1.0' encoding='utf-8'?>
<song xmlns="http://openlyrics.info/namespace/2009/song" version="0.8" createdIn="OpenLP 1.9.9" modifiedIn="OpenLP 1.9.9" modifiedDate="2012-09-30T13:19:13">
  <properties>
    <titles>
      <title>no-teu-coracao-oh-pai</title>
    </titles>
    <authors>
      <author>Asaph Borba</author>
    </authors>
  </properties>
  <lyrics>
    <verse name="v1">
      <lines>No Teu coração, Oh Pai</lines>
    </verse>
    <verse name="v2">
      <lines>No Teu coração, oh Pai<br/>Existe uma fonte<br/>Que jorra sem cessar<br/>Vida abundante.</lines>
    </verse>
    <verse name="v3">
      <lines>No Teu coração, oh Pai<br/>Brota um rio de amor<br/>De graça, esperança<br/>E de plena alegria, Senhor!</lines>
    </verse>
    <verse name="v4">
      <lines>No Teu coração existe um lugar<br/>Pra cada um dos Teus filhos<br/>A quem vieste salvar</lines>
    </verse>
    <verse name="v5">
      <lines>No Teu coração encontro a Paz<br/>Verdadeiro descanso<br/>Vida e luz:<br/>Encontro Jesus!</lines>
    </verse>
  </lyrics>
</song>
