<?xml version='1.0' encoding='utf-8'?>
<song xmlns="http://openlyrics.info/namespace/2009/song" version="0.8" createdIn="OpenLP 1.9.9" modifiedIn="OpenLP 1.9.9" modifiedDate="2012-09-30T13:19:13">
  <properties>
    <titles>
      <title>nosso-deus</title>
    </titles>
    <authors>
      <author>Asaph Borba</author>
    </authors>
  </properties>
  <lyrics>
    <verse name="v1">
      <lines>Nosso Deus</lines>
    </verse>
    <verse name="v2">
      <lines>Nosso Deus é soberano,<br/>Ele reina antes da fundação do mundo (2x)<br/>A Terra era sem forma e vazia<br/>E o Espírito do nosso Deus<br/>Se movia sobre a face das águas<br/>Foi Ele quem criou o céu dos céus<br/>E fez separação das águas, da terra seca<br/>Foi Ele quem criou os luminares<br/>E criou a natureza, e formou o homem<br/>Glória a Deus! por suas maravilhas<br/>Pela Sua grandeza, Glória a Deus!<br/>Glória a Deus! por suas maravilhas<br/>Pela Sua grandeza, Glória a Deus!<br/>no final ==&gt; Glória a Deus!</lines>
    </verse>
  </lyrics>
</song>
