<?xml version='1.0' encoding='utf-8'?>
<song xmlns="http://openlyrics.info/namespace/2009/song" version="0.8" createdIn="OpenLP 1.9.9" modifiedIn="OpenLP 1.9.9" modifiedDate="2012-09-30T13:19:13">
  <properties>
    <titles>
      <title>nosso-general</title>
    </titles>
    <authors>
      <author>Asaph Borba</author>
    </authors>
  </properties>
  <lyrics>
    <verse name="v1">
      <lines>Nosso General</lines>
    </verse>
    <verse name="v2">
      <lines>Pelo senhor marchamos sim o seu exército poderoso é sua<br/>glória será<br/>Vista em toda a terra vamos cantar o canto da vitória<br/>glória a deus<br/>Vencemos a batalha toda arma contra nós perecerá</lines>
    </verse>
    <verse name="v3">
      <lines>O nosso general é cristo seguimos os seus passos<br/>Nenhum inimigo nos resistirá.</lines>
    </verse>
    <verse name="v4">
      <lines>Com o messias marchamos sim em suas mãos a chave da<br/>vitória<br/>Que nos leva a possuir a terra prometida</lines>
    </verse>
  </lyrics>
</song>
