<?xml version='1.0' encoding='utf-8'?>
<song xmlns="http://openlyrics.info/namespace/2009/song" version="0.8" createdIn="OpenLP 1.9.9" modifiedIn="OpenLP 1.9.9" modifiedDate="2012-09-30T13:19:12">
  <properties>
    <titles>
      <title>nossa-alianca</title>
    </titles>
    <authors>
      <author>Asaph Borba</author>
    </authors>
  </properties>
  <lyrics>
    <verse name="v1">
      <lines>Nossa Aliança</lines>
    </verse>
    <verse name="v2">
      <lines>Nós lembramos muito bem daquele dia<br/>Em que celebramos a união do nosso amor<br/>Fizemos a aliança com grande alegria<br/>E invocamos juntos a bênção do Senhor</lines>
    </verse>
    <verse name="v3">
      <lines>- "Eu prometi ser fiel<br/>Eu prometi te amar<br/>Te suprir e te honrar<br/>Enquanto eu viver"</lines>
    </verse>
    <verse name="v4">
      <lines>- "Eu prometi ser subimissa<br/>A ti, meu bem<br/>Te ajudar e te servir<br/>Com meu amor também"</lines>
    </verse>
    <verse name="v5">
      <lines>Mas os dias se passaram<br/>E os ventos, sim, sopraram<br/>Queremos destruir o nosso amor<br/>E até mesmo nós pensamos<br/>- "Não dá mais pra prosseguir<br/>E aqui nossa aliança terminou..."</lines>
    </verse>
    <verse name="v6">
      <lines>Mas o grande amor de Deus<br/>Nunca nos abandonou<br/>E a fonte do perdão não se acabou<br/>Perdoamos um ao outro<br/>E olhamos pra Jesus<br/>E a aliança do amor de Deus<br/>Prevaleceu em nós.</lines>
    </verse>
  </lyrics>
</song>
