<?xml version='1.0' encoding='utf-8'?>
<song xmlns="http://openlyrics.info/namespace/2009/song" version="0.8" createdIn="OpenLP 1.9.9" modifiedIn="OpenLP 1.9.9" modifiedDate="2012-09-30T13:19:13">
  <properties>
    <titles>
      <title>o-amor-eterno</title>
    </titles>
    <authors>
      <author>Asaph Borba</author>
    </authors>
  </properties>
  <lyrics>
    <verse name="v1">
      <lines>O Amor é Eterno</lines>
    </verse>
    <verse name="v2">
      <lines>O amor é eterno nunca passará<br/>Porque vem de Deus sempre permanecerá<br/>O amor não tem idade quando nasceu não sei<br/>Só sei que na eternidade eu ainda o viverei</lines>
    </verse>
    <verse name="v3">
      <lines>O amor nunca separa<br/>É o alento a qualquer dor<br/>O amor sempre ampara<br/>Sempre cede e dá valor</lines>
    </verse>
    <verse name="v4">
      <lines>O amor nunca é pequeno<br/>Nunca é pouco ou é de mais<br/>É humilde e sereno<br/>E não faz o mal jamais</lines>
    </verse>
    <verse name="v5">
      <lines>O amor sempre é sincero<br/>É a fonte do perdão<br/>Só Deus sabe o quanto eu quero<br/>Desse amor sem Expressão</lines>
    </verse>
    <verse name="v6">
      <lines>Expressão que muda o mundo<br/>Assim como foi Jesus<br/>Que por este amor profundo<br/>Foi levado até a cruz</lines>
    </verse>
    <verse name="v7">
      <lines>O amor é eterno nunca passará<br/>Porque vem de Deus sempre subsistirá<br/>O amor é o dom supremo pra minha vida pro meu lar<br/>E que saiba ao extremo viver só para amar</lines>
    </verse>
  </lyrics>
</song>
