<?xml version='1.0' encoding='utf-8'?>
<song xmlns="http://openlyrics.info/namespace/2009/song" version="0.8" createdIn="OpenLP 1.9.9" modifiedIn="OpenLP 1.9.9" modifiedDate="2012-09-30T13:19:13">
  <properties>
    <titles>
      <title>o-caminho-de-deus-perfeito</title>
    </titles>
    <authors>
      <author>Asaph Borba</author>
    </authors>
  </properties>
  <lyrics>
    <verse name="v1">
      <lines>O Caminho de Deus É Perfeito</lines>
    </verse>
    <verse name="v2">
      <lines>O Caminho de Deus é perfeito<br/>Na palavra do Senhor há poder<br/>Ele é a arma, o escudo de todos os que nele confiam<br/>Ele é a minha fortaleza e a minha força<br/>Com ele passo pelo meio de um batalhão<br/>Ele adestra minhas mãos, me prepara para guerrear</lines>
    </verse>
    <verse name="v3">
      <lines>Porque quem é Deus senão o Senhor<br/>E quem é o rochedo senão nosso Deus</lines>
    </verse>
    <verse name="v4">
      <lines>Aleluia, aleluia, aleluia, aleluia</lines>
    </verse>
    <verse name="v5">
      <lines>Persegui os inimigos e os alcancei</lines>
    </verse>
    <verse name="v6">
      <lines>Consumi e os atravessei</lines>
    </verse>
    <verse name="v7">
      <lines>Sob os pés do senhor caíram</lines>
    </verse>
    <verse name="v8">
      <lines>Não mais se levantaram</lines>
    </verse>
  </lyrics>
</song>
