<?xml version='1.0' encoding='utf-8'?>
<song xmlns="http://openlyrics.info/namespace/2009/song" version="0.8" createdIn="OpenLP 1.9.9" modifiedIn="OpenLP 1.9.9" modifiedDate="2012-09-30T13:19:13">
  <properties>
    <titles>
      <title>o-dom-supremo</title>
    </titles>
    <authors>
      <author>Asaph Borba</author>
    </authors>
  </properties>
  <lyrics>
    <verse name="v1">
      <lines>O Dom Supremo</lines>
    </verse>
    <verse name="v2">
      <lines>O amor é o dom supremo<br/>O amor é o dom supremo<br/>Deus é amor, Deus é amor, Deus é amor<br/>Deus é amor, Deus é amor, Deus é amor</lines>
    </verse>
    <verse name="v3">
      <lines>O perfeito amor lança fora todo medo<br/>O perfeito amor lança fora todo medo<br/>Deus é amor...</lines>
    </verse>
    <verse name="v4">
      <lines>E ainda que eu fale a língua dos homens e dos anjos<br/>Ou tenha em mim tamanha fé que consiga transportar os montes<br/>Se eu não tiver amor nada terei<br/>Se eu não tiver amor nada terei</lines>
    </verse>
  </lyrics>
</song>
