<?xml version='1.0' encoding='utf-8'?>
<song xmlns="http://openlyrics.info/namespace/2009/song" version="0.8" createdIn="OpenLP 1.9.9" modifiedIn="OpenLP 1.9.9" modifiedDate="2012-09-30T13:19:13">
  <properties>
    <titles>
      <title>o-guardiao-do-lar</title>
    </titles>
    <authors>
      <author>Asaph Borba</author>
    </authors>
  </properties>
  <lyrics>
    <verse name="v1">
      <lines>O Guardião do Lar</lines>
    </verse>
    <verse name="v2">
      <lines>Existe alguém que está lá fora<br/>Batendo na porta querendo entrar<br/>Por qualquer brecha a qualquer hora<br/>Na tua casa ele quer roubar</lines>
    </verse>
    <verse name="v3">
      <lines>A tua paz, tua alegria<br/>Não importando se é noite ou dia<br/>Mais Deus te deu autoridade<br/>Para enfrentar esta realidade</lines>
    </verse>
    <verse name="v4">
      <lines>Na tua casa não entra não<br/>Pois Deus habita no teu coração<br/>Te levantou como sacerdote<br/>Para amarrar todo o homem forte<br/>Pelo poder e força de Jesus! (2X)</lines>
    </verse>
    <verse name="v5">
      <lines>Este inimigo quer confusão<br/>E quer quebrar com toda a comunhão<br/>Entre ti e o teu amor<br/>Pois quer encher-te de amargura e dor</lines>
    </verse>
    <verse name="v6">
      <lines>E aos teus filhos quer tragar<br/>Não importando qual seja a idade<br/>Por isso tens que te levatar<br/>Tendo na mão a espada da verdade</lines>
    </verse>
    <verse name="v7">
      <lines>Na tua casa...</lines>
    </verse>
    <verse name="v8">
      <lines>Este ladrão quer teu dinheiro<br/>Quer levar tudo sem deixar o cheiro<br/>Quer te amarrar te individar<br/>Tirar teu sono todo por inteiro</lines>
    </verse>
    <verse name="v9">
      <lines>Mas Deus te dá a direção<br/>A qual trará tua libertação<br/>É só deixar Jesus reinar<br/>Que da tua casa ninguém vai roubar</lines>
    </verse>
    <verse name="v10">
      <lines>Na tua casa...</lines>
    </verse>
  </lyrics>
</song>
