<?xml version='1.0' encoding='utf-8'?>
<song xmlns="http://openlyrics.info/namespace/2009/song" version="0.8" createdIn="OpenLP 1.9.9" modifiedIn="OpenLP 1.9.9" modifiedDate="2012-09-30T13:19:15">
  <properties>
    <titles>
      <title>o-meu-louvor-fruto</title>
    </titles>
    <authors>
      <author>Asaph Borba</author>
    </authors>
  </properties>
  <lyrics>
    <verse name="v1">
      <lines>O Meu Louvor é Fruto</lines>
    </verse>
    <verse name="v2">
      <lines>O meu louvor é fruto do meu amor por ti Jesus,<br/>De lábios que confessam o teu nome<br/>É fruto de tua graça e da paz que encontro em ti<br/>E do teu Espírito que habita em mim<br/>Que habita em mim</lines>
    </verse>
    <verse name="v3">
      <lines>Ainda que as trevas venham me cercar,<br/>Ainda que os montes desabem sobre mim<br/>Meus lábios não se fecharão,<br/>Pra sempre hei de te louvar</lines>
    </verse>
    <verse name="v4">
      <lines>Ainda que cadeias venham me prender<br/>Ainda que os homens se levantem contra mim<br/>Meus lábios não se fecharão<br/>Pra sempre hei de te louvar</lines>
    </verse>
  </lyrics>
</song>
