<?xml version='1.0' encoding='utf-8'?>
<song xmlns="http://openlyrics.info/namespace/2009/song" version="0.8" createdIn="OpenLP 1.9.9" modifiedIn="OpenLP 1.9.9" modifiedDate="2012-09-30T13:19:15">
  <properties>
    <titles>
      <title>o-meu-louvor</title>
    </titles>
    <authors>
      <author>Asaph Borba</author>
    </authors>
  </properties>
  <lyrics>
    <verse name="v1">
      <lines>O Meu Louvor</lines>
    </verse>
    <verse name="v2">
      <lines>Dm Dm/C Gm7 A7<br/>O meu louvor eh fruto do meu amor por ti Jesus,<br/>Dm Dm/C Bb7+ Gm7 C79<br/>De labios que confessam o teu nome<br/>F7+ Bb7+ Em5-7 A7<br/>Eh fruto de tua graca e da paz que encontro em ti<br/>Dm Dm/C Bb7+ Asus4 A<br/>E do teu Espirito que habita em mim<br/>Dm C/D (2. Dsus4 D)<br/>Que habita em mim<br/>Gm7 C F7+ Bb7+<br/>Ainda que as trevas venham me cercar,<br/>Gm7 C F7+ Bb7+<br/>Ainda que os montes desabem sobre mim<br/>Em5-7 A Dm Dm/C<br/>Meus labios nao se fecharao,<br/>Bb7+ A4 A Dm C/D<br/>Pra sempre hei de te louvar<br/>Ainda que cadeias venham me prender<br/>Ainda que os homens se levantem contra mim<br/>Meus labios nao se fecharao</lines>
    </verse>
  </lyrics>
</song>
