<?xml version='1.0' encoding='utf-8'?>
<song xmlns="http://openlyrics.info/namespace/2009/song" version="0.8" createdIn="OpenLP 1.9.9" modifiedIn="OpenLP 1.9.9" modifiedDate="2012-09-30T13:19:15">
  <properties>
    <titles>
      <title>o-teu-amor</title>
    </titles>
    <authors>
      <author>Asaph Borba</author>
    </authors>
  </properties>
  <lyrics>
    <verse name="v1">
      <lines>O Teu Amor</lines>
    </verse>
    <verse name="v2">
      <lines>O teu amor se estende alem dos céus<br/>Constantemente mostras que és fiel<br/>Tua justiça é majestosa como os montes<br/>Sabedoria mais profunda que o mar<br/>Mas vens comigo estar.</lines>
    </verse>
    <verse name="v3">
      <lines>O teu amor me enche o coração<br/>Encontro paz a sombra do teu perdão<br/>Tenho alegria na abundância da tua casa<br/>Dos teus rios de água viva beberei, tu és meu Rei.</lines>
    </verse>
  </lyrics>
</song>
