<?xml version='1.0' encoding='utf-8'?>
<song xmlns="http://openlyrics.info/namespace/2009/song" version="0.8" createdIn="OpenLP 1.9.9" modifiedIn="OpenLP 1.9.9" modifiedDate="2012-09-30T13:19:14">
  <properties>
    <titles>
      <title>oh-vinde-cantemos</title>
    </titles>
    <authors>
      <author>Asaph Borba</author>
    </authors>
  </properties>
  <lyrics>
    <verse name="v1">
      <lines>Oh! Vinde Cantemos</lines>
    </verse>
    <verse name="v2">
      <lines>Oh! Vinde cantemos ao Senhor<br/>Oh! Vinde cantemos ao Senhor</lines>
    </verse>
    <verse name="v3">
      <lines>Celebremos o rochedo<br/>Da nossa salvação</lines>
    </verse>
    <verse name="v4">
      <lines>Oh! Vinde cantemos ao Senhor<br/>Oh! Vinde cantemos ao Senhor</lines>
    </verse>
    <verse name="v5">
      <lines>Saiamos aos seus encontros<br/>Com ações de graça</lines>
    </verse>
    <verse name="v6">
      <lines>Oh! Vinde...</lines>
    </verse>
  </lyrics>
</song>
