<?xml version='1.0' encoding='utf-8'?>
<song xmlns="http://openlyrics.info/namespace/2009/song" version="0.8" createdIn="OpenLP 1.9.9" modifiedIn="OpenLP 1.9.9" modifiedDate="2012-09-30T13:19:13">
  <properties>
    <titles>
      <title>oh-vem-adorar</title>
    </titles>
    <authors>
      <author>Asaph Borba</author>
    </authors>
  </properties>
  <lyrics>
    <verse name="v1">
      <lines>Oh Vem Adorar</lines>
    </verse>
    <verse name="v2">
      <lines>Oh vem adorar ajoelhar-te e prostar-te perante o Senhor e Criador<br/>somente Ele é Deus e nós o povo do Seu pasto ovelhas na sua mão</lines>
    </verse>
    <verse name="v3">
      <lines>Vem cantar com alegria, vem perante o Rei e Senhor<br/>Com corações de gratidão e salmos de louvor.</lines>
    </verse>
    <verse name="v4">
      <lines>A Terra se encontra em sua mão e as alturas dele são<br/>sobre os deuses Ele está, quão grande é o nosso Deus</lines>
    </verse>
    <verse name="v5">
      <lines>Sim Ele é Rei, rei soberano Deus<br/>Ele é Senhor, Senhor da Terra é Senhor</lines>
    </verse>
  </lyrics>
</song>
