<?xml version='1.0' encoding='utf-8'?>
<song xmlns="http://openlyrics.info/namespace/2009/song" version="0.8" createdIn="OpenLP 1.9.9" modifiedIn="OpenLP 1.9.9" modifiedDate="2012-09-30T13:19:15">
  <properties>
    <titles>
      <title>pai-eu-te-amo</title>
    </titles>
    <authors>
      <author>Asaph Borba</author>
    </authors>
  </properties>
  <lyrics>
    <verse name="v1">
      <lines>Pai Eu te Amo</lines>
    </verse>
    <verse name="v2">
      <lines>Pai, eu Te amo, Te louvo e Te adoro<br/>Glória ao Teu nome em toda a terra</lines>
    </verse>
    <verse name="v3">
      <lines>Cristo, eu Te amo, Te louvo e Te adoro<br/>Glória ao Teu nome em toda a terra</lines>
    </verse>
    <verse name="v4">
      <lines>Glória ao Teu nome, Glória ao Teu nome, Glória ao Teu nome<br/>em toda a terra</lines>
    </verse>
    <verse name="v5">
      <lines>Espirito, eu Te amo, Te louvo e Te adoro<br/>Glória ao Teu nome, Glória ao Teu nome, Glória ao Teu nome em toda a terra</lines>
    </verse>
  </lyrics>
</song>
