<?xml version='1.0' encoding='utf-8'?>
<song xmlns="http://openlyrics.info/namespace/2009/song" version="0.8" createdIn="OpenLP 1.9.9" modifiedIn="OpenLP 1.9.9" modifiedDate="2012-09-30T13:19:16">
  <properties>
    <titles>
      <title>perdoar</title>
    </titles>
    <authors>
      <author>Asaph Borba</author>
    </authors>
  </properties>
  <lyrics>
    <verse name="v1">
      <lines>Perdoar</lines>
    </verse>
    <verse name="v2">
      <lines>Perdoar e esquecer<br/>É o que Jesus nos ensina a fazer<br/>Perdoar é transpor<br/>As barreiras pelo amor</lines>
    </verse>
    <verse name="v3">
      <lines>Perdoar é exalar<br/>O doce perfume de Cristo Jesus<br/>Que tomou o meu lugar<br/>Para uma nova vida nos dar</lines>
    </verse>
    <verse name="v4">
      <lines>Perdoar sem cobrar<br/>Este é de Deus o perfeito padrão<br/>Deus Jesus pra nos salvar<br/>Deu-nos Seu perdão</lines>
    </verse>
  </lyrics>
</song>
