<?xml version='1.0' encoding='utf-8'?>
<song xmlns="http://openlyrics.info/namespace/2009/song" version="0.8" createdIn="OpenLP 1.9.9" modifiedIn="OpenLP 1.9.9" modifiedDate="2012-09-30T13:19:15">
  <properties>
    <titles>
      <title>perdao</title>
    </titles>
    <authors>
      <author>Asaph Borba</author>
    </authors>
  </properties>
  <lyrics>
    <verse name="v1">
      <lines>Perdão</lines>
    </verse>
    <verse name="v2">
      <lines>Quando chega a hora de elevar<br/>Ao Pai minha oração,<br/>Eu lembro que primeiro devo<br/>Te pedir perdão,<br/>Porque invés de amor<br/>Eu demonstrei rancor,<br/>Quebrando a nossa unidade<br/>No Senhor</lines>
    </verse>
    <verse name="v3">
      <lines>Pois antes de ser teu esposo,<br/>Eu sou teu irmão.<br/>Fomos unidos duas vezes<br/>Em um só coração.<br/>Por isso antes de dormir,<br/>Antes do dia chegar ao fim,<br/>Eu venho te pedir.<br/>Perdão.</lines>
    </verse>
  </lyrics>
</song>
