<?xml version='1.0' encoding='utf-8'?>
<song xmlns="http://openlyrics.info/namespace/2009/song" version="0.8" createdIn="OpenLP 1.9.9" modifiedIn="OpenLP 1.9.9" modifiedDate="2012-09-30T13:19:16">
  <properties>
    <titles>
      <title>porque-eu-creio-eu-sou-feliz</title>
    </titles>
    <authors>
      <author>Asaph Borba</author>
    </authors>
  </properties>
  <lyrics>
    <verse name="v1">
      <lines>Porque Eu Creio, Eu Sou Feliz</lines>
    </verse>
    <verse name="v2">
      <lines>Eu creio em Deus Pai, Senhor Todo-Poderoso</lines>
    </verse>
    <verse name="v3">
      <lines>Eu creio no Filho, Unigenito de Deus</lines>
    </verse>
    <verse name="v4">
      <lines>Eu creio no Espirito Santo</lines>
    </verse>
    <verse name="v5">
      <lines>Poder enviado a nos dos ceus</lines>
    </verse>
    <verse name="v6">
      <lines>Eu creio em Deus Pai, eu creio em Jesus</lines>
    </verse>
    <verse name="v7">
      <lines>Cristo, o Filho de Deus</lines>
    </verse>
    <verse name="v8">
      <lines>Porque eu creio eu sou feliz</lines>
    </verse>
    <verse name="v9">
      <lines>Pois tenho a vida eterna em Jesus</lines>
    </verse>
    <verse name="v10">
      <lines>Porque eu crei o eu sou feliz, feliz!</lines>
    </verse>
    <verse name="v11">
      <lines>Tenho a vida eterna</lines>
    </verse>
    <verse name="v12">
      <lines>Tenho a vida eterna</lines>
    </verse>
    <verse name="v13">
      <lines>Em Jesus</lines>
    </verse>
    <verse name="v14">
      <lines>Eu creio na igreja pura, santa e verdadeira</lines>
    </verse>
    <verse name="v15">
      <lines>Eu creio que Cristo morreu mas ressuscitou</lines>
    </verse>
    <verse name="v16">
      <lines>Eu creio na ressurreicao daqueles que em Cristo estao</lines>
    </verse>
    <verse name="v17">
      <lines>Eu creio em Deus Pai, eu creio em Jesus</lines>
    </verse>
  </lyrics>
</song>
