<?xml version='1.0' encoding='utf-8'?>
<song xmlns="http://openlyrics.info/namespace/2009/song" version="0.8" createdIn="OpenLP 1.9.9" modifiedIn="OpenLP 1.9.9" modifiedDate="2012-09-30T13:19:16">
  <properties>
    <titles>
      <title>povo-livre</title>
    </titles>
    <authors>
      <author>Asaph Borba</author>
    </authors>
  </properties>
  <lyrics>
    <verse name="v1">
      <lines>Povo Livre</lines>
    </verse>
    <verse name="v2">
      <lines>Am<br/>Nos somos o povo a quem Deus libertou<br/>C D E<br/>Verdadeiramente somos livres<br/>Am G F Am<br/>Pois fomos comprados por seu grande amor<br/>E Am<br/>Sim, Cristo nos resgatou<br/>Dm<br/>Tirou-nos da mao do inimigo</lines>
    </verse>
    <verse name="v3">
      <lines>F C<br/>E nos trouxe a um lugar de gloria<br/>Dm<br/>Onde temos constante abrigo<br/>F E<br/>E onde temos garantida a vitoria</lines>
    </verse>
    <verse name="v4">
      <lines>Tirou-nos do imperio da escuridao<br/>E nos trouxe ao seu Reino de luz<br/>Um Reino de paz, alegria e perdao<br/>O qual nosso Rei eh Jesus<br/>Dm Am<br/>La ia la, la laia laia, la laia laia<br/>E Am A<br/>La la ia laia, la la la<br/>Dm Am<br/>La laia laia, la laia laia,<br/>E Am E Am</lines>
    </verse>
  </lyrics>
</song>
