<?xml version='1.0' encoding='utf-8'?>
<song xmlns="http://openlyrics.info/namespace/2009/song" version="0.8" createdIn="OpenLP 1.9.9" modifiedIn="OpenLP 1.9.9" modifiedDate="2012-09-30T13:19:16">
  <properties>
    <titles>
      <title>que-posso-eu-fazer</title>
    </titles>
    <authors>
      <author>Asaph Borba</author>
    </authors>
  </properties>
  <lyrics>
    <verse name="v1">
      <lines>Que Posso Eu Fazer</lines>
    </verse>
    <verse name="v2">
      <lines>Jesus ia seguindo pela estrada de Jerusalém<br/>Ele ia subir ao monte para ao Pai orar<br/>Quando prestes a jorrar na cruz os meus pecados<br/>E as minhas culpas sobre si levar</lines>
    </verse>
    <verse name="v3">
      <lines>Do seu rosto lágrimas começam a descer<br/>Mostrando a tristeza que vem do coração<br/>Tristeza esta que revela todo o seu sofrer<br/>Este foi o preço pelo seu perdão</lines>
    </verse>
    <verse name="v4">
      <lines>O sol se pôe á noite, vem trazendo a escuridão<br/>Envolvendo tudo deste imenso escuro véu<br/>Nas mãos do Pai tudo entregou, dizendo então:<br/>"Seja feita a Tua vontade aqui como no céu</lines>
    </verse>
    <verse name="v5">
      <lines>Depois que Ele cumpriu a sua parte<br/>Depois que Ele assumiu tudo o que era meu (BIS)<br/>Mostrando o caminho que me leva atá Deus Pai<br/>que posso eu fazer, além de minha vida entregar</lines>
    </verse>
  </lyrics>
</song>
