<?xml version='1.0' encoding='utf-8'?>
<song xmlns="http://openlyrics.info/namespace/2009/song" version="0.8" createdIn="OpenLP 1.9.9" modifiedIn="OpenLP 1.9.9" modifiedDate="2012-09-30T13:19:16">
  <properties>
    <titles>
      <title>quem-nos-condenara</title>
    </titles>
    <authors>
      <author>Asaph Borba</author>
    </authors>
  </properties>
  <lyrics>
    <verse name="v1">
      <lines>Quem Nos Condenará?</lines>
    </verse>
    <verse name="v2">
      <lines>Am7 D Am7 D<br/>Quem nos condenará, se Cristo Jesus por nos morreu?<br/>Am7 D Am7 D<br/>Ou quem contra nos se levantarah, se Cristo Jesus por nosvenceu?<br/>G D/F# Em Dm C#7911+<br/>Quem nos haverah de separar<br/>C Am7 D<br/>Da graca que nos conquistou?<br/>C D/C Bm Em<br/>Ou quem poderah de nos roubar<br/>G/A G5+/A C/D D<br/>A heranca que nos foi dada por amor?<br/>G D/F#<br/>Por isso nos somos vencedores<br/>Bsus4 B Em<br/>Somos mais que vencedores<br/>C G/B<br/>Marchamos sobre a terra como vencedores<br/>G/A C/D<br/>Vivendo como vencedores<br/>C7+ C/D<br/>Nas tribulacoes somos vencedores<br/>Bsus4 B Em<br/>Nas perseguicoes somos vencedores<br/>C G/B<br/>Na vida ou na morte somos vencedores<br/>Am D G Em<br/>Vencedores com Jesus<br/>Am D G Em<br/>Vencedores com Jesus<br/>Am D G</lines>
    </verse>
  </lyrics>
</song>
