<?xml version='1.0' encoding='utf-8'?>
<song xmlns="http://openlyrics.info/namespace/2009/song" version="0.8" createdIn="OpenLP 1.9.9" modifiedIn="OpenLP 1.9.9" modifiedDate="2012-09-30T13:19:16">
  <properties>
    <titles>
      <title>rei-meu-deus-meu</title>
    </titles>
    <authors>
      <author>Asaph Borba</author>
    </authors>
  </properties>
  <lyrics>
    <verse name="v1">
      <lines>Rei meu e Deus meu</lines>
    </verse>
    <verse name="v2">
      <lines>Quão amáveis são os Teus tabernáculos<br/>Senhor dos Exércitos!<br/>Minh'alma suspira e desfalece<br/>Pelos átrios do Senhor</lines>
    </verse>
    <verse name="v3">
      <lines>O pardal encontrou a casa<br/>E a andorinha ninho para si<br/>Onde acolha seus filhotes<br/>E eu Teus altares,<br/>Senhor dos Exércitos!</lines>
    </verse>
    <verse name="v4">
      <lines>Rei meu e Deus meu,<br/>Rei meu e Deus meu!</lines>
    </verse>
    <verse name="v5">
      <lines>Bem-aventurado, Senhor,<br/>Os que habitam em Tua casa:<br/>Louvam-te perpetuamente,<br/>Rei meu e Deus meu!</lines>
    </verse>
  </lyrics>
</song>
