<?xml version='1.0' encoding='utf-8'?>
<song xmlns="http://openlyrics.info/namespace/2009/song" version="0.8" createdIn="OpenLP 1.9.9" modifiedIn="OpenLP 1.9.9" modifiedDate="2012-09-30T13:19:16">
  <properties>
    <titles>
      <title>rei-dos-reis-senhor-dos-senhores</title>
    </titles>
    <authors>
      <author>Asaph Borba</author>
    </authors>
  </properties>
  <lyrics>
    <verse name="v1">
      <lines>Rei dos Reis, Senhor dos Senhores</lines>
    </verse>
    <verse name="v2">
      <lines>Jesus, meu Senhor!<br/>Jesus, Salvador!<br/>Jesus, teu nome é sobre todo nome</lines>
    </verse>
    <verse name="v3">
      <lines>Jesus, Bom Pastor!<br/>Jesus, meu amor!<br/>Jesus, exaltado é sobre tudo</lines>
    </verse>
    <verse name="v4">
      <lines>/Tu és o Rei dos Reis,<br/>Senhor dos Senhores!<br/>Rei dos Reis,<br/>Senhor dos Senhores!<br/>Reis dos Reis,<br/>Senhor dos Senhores!<br/>Jesus!/</lines>
    </verse>
    <verse name="v5">
      <lines>Um dia todo joelho se dobrará<br/>E toda língua confessará<br/>O teu governo sobre as nações<br/>Que juntas virão de adorar<br/>Te adorar!</lines>
    </verse>
    <verse name="v6">
      <lines>/Tu és o Rei dos Reis,<br/>Senhor dos Senhores!<br/>Rei dos Reis,<br/>Senhor dos Senhores!<br/>Reis dos Reis,<br/>Senhor dos Senhores!<br/>Jesus!/</lines>
    </verse>
  </lyrics>
</song>
