<?xml version='1.0' encoding='utf-8'?>
<song xmlns="http://openlyrics.info/namespace/2009/song" version="0.8" createdIn="OpenLP 1.9.9" modifiedIn="OpenLP 1.9.9" modifiedDate="2012-09-30T13:19:17">
  <properties>
    <titles>
      <title>reina-senhor</title>
    </titles>
    <authors>
      <author>Asaph Borba</author>
    </authors>
  </properties>
  <format>
    <tags application="OpenLP"/>
  </format>
  <lyrics>
    <verse name="v1">
      <lines>Reina o Senhor</lines>
    </verse>
    <verse name="v2">
      <lines>Reina o Senhor,<br/>Tremam os povos<br/>Reina o Senhor,<br/>Tremam os povos<br/>Ele está entronizado<br/>Acima do querubins</lines>
    </verse>
    <verse name="v3">
      <lines>O Senhor é grande em Sião { 3x }</lines>
    </verse>
    <verse name="v4">
      <lines>E sobremodo elevado</lines>
    </verse>
    <verse name="v5">
      <lines>Acima de todos os povos</lines>
    </verse>
    <verse name="v6">
      <lines>Exaltai ao nosso Deus <tag name="3x"/><br/>E prostrai-vos aos seus pés<br/>Pois só Ele é santo</lines>
    </verse>
  </lyrics>
</song>
