<?xml version='1.0' encoding='utf-8'?>
<song xmlns="http://openlyrics.info/namespace/2009/song" version="0.8" createdIn="OpenLP 1.9.9" modifiedIn="OpenLP 1.9.9" modifiedDate="2012-09-30T13:19:17">
  <properties>
    <titles>
      <title>salmos-205-7</title>
    </titles>
    <authors>
      <author>Asaph Borba</author>
    </authors>
  </properties>
  <lyrics>
    <verse name="v1">
      <lines>Salmos 20:5-7</lines>
    </verse>
    <verse name="v2">
      <lines>Celebraremos com júbilo<br/>A tua vitória<br/>E em nome do nosso Deus<br/>Hastearemos pendões</lines>
    </verse>
    <verse name="v3">
      <lines>Agora eu sei que o Senhor<br/>Salva o seu ungido<br/>Ele lhe responderá<br/>Do seu santo céu</lines>
    </verse>
    <verse name="v4">
      <lines>Uns confiam em carros<br/>Outros em cavalos<br/>Nós porém, nos gloriaremos<br/>Em nome do Senhor nosso Deus</lines>
    </verse>
  </lyrics>
</song>
