<?xml version='1.0' encoding='utf-8'?>
<song xmlns="http://openlyrics.info/namespace/2009/song" version="0.8" createdIn="OpenLP 1.9.9" modifiedIn="OpenLP 1.9.9" modifiedDate="2012-09-30T13:19:17">
  <properties>
    <titles>
      <title>salmos-27</title>
    </titles>
    <authors>
      <author>Asaph Borba</author>
    </authors>
  </properties>
  <lyrics>
    <verse name="v1">
      <lines>Salmos 27</lines>
    </verse>
    <verse name="v2">
      <lines>Uma coisa te peço e a buscarei<br/>Que eu possa morar na casa do Senhor<br/>E contemplar a tua beleza<br/>Todos os dias da minha vida.</lines>
    </verse>
    <verse name="v3">
      <lines>Contemplar no seu tempo<br/>A beleza do Senhor<br/>E adorar o seu nome<br/>Com todo o meu ser.</lines>
    </verse>
  </lyrics>
</song>
