<?xml version='1.0' encoding='utf-8'?>
<song xmlns="http://openlyrics.info/namespace/2009/song" version="0.8" createdIn="OpenLP 1.9.9" modifiedIn="OpenLP 1.9.9" modifiedDate="2012-09-30T13:19:17">
  <properties>
    <titles>
      <title>salmos-751</title>
    </titles>
    <authors>
      <author>Asaph Borba</author>
    </authors>
  </properties>
  <lyrics>
    <verse name="v1">
      <lines>Salmos 75:1</lines>
    </verse>
    <verse name="v2">
      <lines>Rendei graças ao Senhor<br/>Bendizei seu santo nome<br/>Cantai-lhe, cantai-lhe salmos<br/>Cantai-lhe, cantai-lhe salmos<br/>De louvor</lines>
    </verse>
    <verse name="v3">
      <lines>Graças Te rendemos, oh Deus<br/>Graças Te rendemos, oh Deus<br/>Invocamos o Teu nome<br/>E declaramos as Tuas maravilhas</lines>
    </verse>
  </lyrics>
</song>
