<?xml version='1.0' encoding='utf-8'?>
<song xmlns="http://openlyrics.info/namespace/2009/song" version="0.8" createdIn="OpenLP 1.9.9" modifiedIn="OpenLP 1.9.9" modifiedDate="2012-09-30T13:19:18">
  <properties>
    <titles>
      <title>santo-santo-santo</title>
    </titles>
    <authors>
      <author>Asaph Borba</author>
    </authors>
  </properties>
  <lyrics>
    <verse name="v1">
      <lines>Santo, Santo, Santo</lines>
    </verse>
    <verse name="v2">
      <lines>Santo, santo, santo<br/>É o Senhor dos exércitos<br/>Toda a terra está cheia da sua glória</lines>
    </verse>
    <verse name="v3">
      <lines>Tu és digno de receber<br/>Toda glória, honra e poder<br/>És um Deus tremendo<br/>Cheio de graça</lines>
    </verse>
  </lyrics>
</song>
