<?xml version='1.0' encoding='utf-8'?>
<song xmlns="http://openlyrics.info/namespace/2009/song" version="0.8" createdIn="OpenLP 1.9.9" modifiedIn="OpenLP 1.9.9" modifiedDate="2012-09-30T13:19:18">
  <properties>
    <titles>
      <title>santo-o-senhor</title>
    </titles>
    <authors>
      <author>Asaph Borba</author>
    </authors>
  </properties>
  <lyrics>
    <verse name="v1">
      <lines>Santo é o Senhor</lines>
    </verse>
    <verse name="v2">
      <lines>Santo,Santo é o Senhor dos Exércitos Rei (2x)</lines>
    </verse>
    <verse name="v3">
      <lines>Sua glória enche a terra (3x)<br/>Santo é o Senhor</lines>
    </verse>
    <verse name="v4">
      <lines>Sua glória enche a minha vida (3x)<br/>Santo é o Senhor</lines>
    </verse>
    <verse name="v5">
      <lines>Sua Glória enche a igreja (3x)<br/>Santo é o Senhor</lines>
    </verse>
  </lyrics>
</song>
