<?xml version='1.0' encoding='utf-8'?>
<song xmlns="http://openlyrics.info/namespace/2009/song" version="0.8" createdIn="OpenLP 1.9.9" modifiedIn="OpenLP 1.9.9" modifiedDate="2012-09-30T13:19:18">
  <properties>
    <titles>
      <title>santosantosanto-o-senhor</title>
    </titles>
    <authors>
      <author>Asaph Borba</author>
    </authors>
  </properties>
  <lyrics>
    <verse name="v1">
      <lines>Santo,Santo,Santo é o Senhor</lines>
    </verse>
    <verse name="v2">
      <lines>SANTO, SANTO, SANTO É O SENHOR (Asaph Borba)</lines>
    </verse>
    <verse name="v3">
      <lines>Composição : Desconhecido</lines>
    </verse>
    <verse name="v4">
      <lines>ÁLbum : Falando Entre vós com Salmos,Hinos e Cânticos Espiri-<br/>tuais (1984)</lines>
    </verse>
    <verse name="v5">
      <lines>Santo, Santo,Santo é o Senhor<br/>Santo é o Senhor Deus Poderoso (2x)</lines>
    </verse>
    <verse name="v6">
      <lines>Que eras, que és e o que há de vir<br/>Santo, Santo, Santo é o Senhor</lines>
    </verse>
    <verse name="v7">
      <lines>Forte....<br/>Justo....</lines>
    </verse>
  </lyrics>
</song>
