<?xml version='1.0' encoding='utf-8'?>
<song xmlns="http://openlyrics.info/namespace/2009/song" version="0.8" createdIn="OpenLP 1.9.9" modifiedIn="OpenLP 1.9.9" modifiedDate="2012-09-30T13:19:17">
  <properties>
    <titles>
      <title>santo-ii</title>
    </titles>
    <authors>
      <author>Asaph Borba</author>
    </authors>
  </properties>
  <lyrics>
    <verse name="v1">
      <lines>Santo II<br/>Minh'alma engrandece ao Senhor Meu espírito se alegra<br/>Em Deus meu Salvador pois com poder tem feito grandes coisas<br/>E com misericórdia Demonstrado amor<br/>Santo, Santo, Santo és Senhor</lines>
    </verse>
    <verse name="o1">
      <lines>Santo, Santo, Santo és Senhor Tem enchido nossas lâmpadas<br/>Com o óleo do Espírito Tem feito sua vide florescer.</lines>
    </verse>
  </lyrics>
</song>
