<?xml version='1.0' encoding='utf-8'?>
<song xmlns="http://openlyrics.info/namespace/2009/song" version="0.8" createdIn="OpenLP 1.9.9" modifiedIn="OpenLP 1.9.9" modifiedDate="2012-09-30T13:19:17">
  <properties>
    <titles>
      <title>santo</title>
    </titles>
    <authors>
      <author>Asaph Borba</author>
    </authors>
  </properties>
  <lyrics>
    <verse name="v1">
      <lines>Santo</lines>
    </verse>
    <verse name="v2">
      <lines>A ti Jesus eu dou a glória<br/>Toda a honra e louvor<br/>A ti Senhor a minha adoração<br/>Achegando-me ao teu trono<br/>Que transborda o teu amor<br/>E inunda todo o meu coração</lines>
    </verse>
    <verse name="v3">
      <lines>Tudo o que há em mim diz: Glória</lines>
    </verse>
    <verse name="v4">
      <lines>Tudo o que á em mim diz: Santo<br/>Santo, santo, santo, santo</lines>
    </verse>
    <verse name="v5">
      <lines>Porque tua glória</lines>
    </verse>
    <verse name="v6">
      <lines>Encheu o meu viver</lines>
    </verse>
    <verse name="v7">
      <lines>Para que teu templo<br/>Sempre possa ser</lines>
    </verse>
  </lyrics>
</song>
