<?xml version='1.0' encoding='utf-8'?>
<song xmlns="http://openlyrics.info/namespace/2009/song" version="0.8" createdIn="OpenLP 1.9.9" modifiedIn="OpenLP 1.9.9" modifiedDate="2012-09-30T13:19:18">
  <properties>
    <titles>
      <title>se-meu-povo</title>
    </titles>
    <authors>
      <author>Asaph Borba</author>
    </authors>
  </properties>
  <lyrics>
    <verse name="v1">
      <lines>Se o Meu Povo</lines>
    </verse>
    <verse name="v2">
      <lines>Se O Meu Povo, Que Se Chama Pelo Meu Nome<br/>Se Humilhar, Orar E Me Buscar</lines>
    </verse>
    <verse name="v3">
      <lines>Se Este Povo, Que Proclama O Meu Nome</lines>
    </verse>
    <verse name="v4">
      <lines>Dos Seus Caminhos Maus Se Desviar</lines>
    </verse>
    <verse name="v5">
      <lines>Então Eu Ouvirei As Suas Preces<br/>E Lhes Darei Um Novo Coração</lines>
    </verse>
    <verse name="v6">
      <lines>Perdoarei Todos Seus Pecados Virei E Sararei Sua Nação</lines>
    </verse>
    <verse name="v7">
      <lines>Nós, Teu Povo, Que Buscamos Tua Vontade</lines>
    </verse>
    <verse name="v8">
      <lines>Derramamos Nossas Vidas Em Teu Altar<br/>Queremos, Sim, Viver Em Santidade<br/>E, Em Unidade, Juntos Caminhar</lines>
    </verse>
    <verse name="v9">
      <lines>Pois Sabemos Que Ouvirás A Nossa Prece</lines>
    </verse>
    <verse name="v10">
      <lines>Trazendo Em Cristo A Tua Salvação</lines>
    </verse>
    <verse name="v11">
      <lines>E Que Através Da Tua Amada Igreja<br/>Irás, Ó Deus, Sarar Nossa Nação<br/>Sim, Sabemos Que Ouviste A Nossa Prece<br/>Com Fé, Nós Vemos A Restauração<br/>Porque Através Da Tua Amada Igreja</lines>
    </verse>
    <verse name="v12">
      <lines>Já Estás, Ó Deus, Sarando Esta Nação</lines>
    </verse>
  </lyrics>
</song>
