<?xml version='1.0' encoding='utf-8'?>
<song xmlns="http://openlyrics.info/namespace/2009/song" version="0.8" createdIn="OpenLP 1.9.9" modifiedIn="OpenLP 1.9.9" modifiedDate="2012-09-30T13:19:18">
  <properties>
    <titles>
      <title>seja-engrandecido</title>
    </titles>
    <authors>
      <author>Asaph Borba</author>
    </authors>
  </properties>
  <lyrics>
    <verse name="v1">
      <lines>Seja Engrandecido</lines>
    </verse>
    <verse name="v2">
      <lines>Seja engrandecido, óh Deus da minha vida,<br/>Tú És o Deus da minha salvação,<br/>És a minha Rocha, a minha segurança<br/>Meus lábios sempre Te exaltarão (2x)<br/>Aleluia (aleluia), Te louvo (te louvo)<br/>Pois sei que sobre todos És Senhor<br/>Aleluia (aleluia), Te louvo (te louvo)<br/>Pois sei que sobre todos És Senhor<br/>Aleluia (aleluia), aleluia, (aleluia),<br/>Aleluia, louvemos ao Senhor<br/>Aleluia (aleluia), aleluia, (aleluia),<br/>Aleluia, louvemos ao Senhor</lines>
    </verse>
  </lyrics>
</song>
