<?xml version='1.0' encoding='utf-8'?>
<song xmlns="http://openlyrics.info/namespace/2009/song" version="0.8" createdIn="OpenLP 1.9.9" modifiedIn="OpenLP 1.9.9" modifiedDate="2012-09-30T13:19:18">
  <properties>
    <titles>
      <title>senhor-me-alegro-em-ti</title>
    </titles>
    <authors>
      <author>Asaph Borba</author>
    </authors>
  </properties>
  <lyrics>
    <verse name="v1">
      <lines>Senhor Me Alegro Em Ti</lines>
    </verse>
    <verse name="v2">
      <lines>Senhor me alegro em ti<br/>De júbilo salta o meu coração<br/>Pois vitórias recebi e também perdão<br/>Pois vitórias recebi e também perdão</lines>
    </verse>
    <verse name="v3">
      <lines>Aleluia, aleluia, aleluia,aleluia</lines>
    </verse>
    <verse name="v4">
      <lines>Passei tribulações e acusações do tentador<br/>Mas peguei na tua mão que me sustentou Senhor<br/>Mas peguei na tua mão que me sustentou.</lines>
    </verse>
    <verse name="v5">
      <lines>E na multidão dos santos eu<br/>Quero declarar<br/>Não só com minha boca<br/>Mas também com meu viver<br/>Que na minha vida tu és Senhor.</lines>
    </verse>
  </lyrics>
</song>
