<?xml version='1.0' encoding='utf-8'?>
<song xmlns="http://openlyrics.info/namespace/2009/song" version="0.8" createdIn="OpenLP 1.9.9" modifiedIn="OpenLP 1.9.9" modifiedDate="2012-09-30T13:19:18">
  <properties>
    <titles>
      <title>servico</title>
    </titles>
    <authors>
      <author>Asaph Borba</author>
    </authors>
  </properties>
  <lyrics>
    <verse name="v1">
      <lines>Serviço</lines>
    </verse>
    <verse name="v2">
      <lines>Quando olho pra mim mesmo o quão falho ainda sou<br/>Vejo o quanto ainda preciso expressar o teu amor<br/>Vejo o quanto ainda preciso expressar a ti, Senhor</lines>
    </verse>
    <verse name="v3">
      <lines>Quero olhar com os teus olhos os que estão ao meu redor<br/>Quero aprender a servi-los porque dar é bem melhor<br/>Quero aprender a servi-los porque dar é bem melhor</lines>
    </verse>
    <verse name="v4">
      <lines>Com a água e a toalha tu me deste a lição<br/>Deu um padrão que nunca falha pra viver em comunhão<br/>São nas pequeninas coisas que expresso a ti Jesus<br/>São nas pequeninas coisas que irradio tua luz</lines>
    </verse>
    <verse name="v5">
      <lines>Não viver mais pra mim mesmo eu preciso aprender<br/>E isto só será possível o quanto eu mais te conhecer<br/>Repartiste tua vida transformando em vinho e pão<br/>Quero repartir a minha em serviço aos meus irmãos</lines>
    </verse>
  </lyrics>
</song>
