<?xml version='1.0' encoding='utf-8'?>
<song xmlns="http://openlyrics.info/namespace/2009/song" version="0.8" createdIn="OpenLP 1.9.9" modifiedIn="OpenLP 1.9.9" modifiedDate="2012-09-30T13:19:19">
  <properties>
    <titles>
      <title>so-em-deus-seremos-vencedores</title>
    </titles>
    <authors>
      <author>Asaph Borba</author>
    </authors>
  </properties>
  <lyrics>
    <verse name="v1">
      <lines>Só Em Deus Seremos Vencedores</lines>
    </verse>
    <verse name="v2">
      <lines>Só em Deus seremos vencedores<br/>Só em Deus seremos vencedores<br/>Só em Deus seremos vencedores<br/>Ele é Rei</lines>
    </verse>
    <verse name="v3">
      <lines>Porque seu filho ao mundo mandou<br/>Por nós morreu mas ressuscitou<br/>Sua Palavra ao inimigo venceu<br/>Por isso eu canto assim</lines>
    </verse>
  </lyrics>
</song>
