<?xml version='1.0' encoding='utf-8'?>
<song xmlns="http://openlyrics.info/namespace/2009/song" version="0.8" createdIn="OpenLP 1.9.9" modifiedIn="OpenLP 1.9.9" modifiedDate="2012-09-30T13:19:19">
  <properties>
    <titles>
      <title>sua-vida-pra-deus</title>
    </titles>
    <authors>
      <author>Asaph Borba</author>
    </authors>
  </properties>
  <lyrics>
    <verse name="v1">
      <lines>Sua Vida É Pra Deus</lines>
    </verse>
    <verse name="v2">
      <lines>Sua vida é pra Deus,<br/>Mas importante que tudo,<br/>Por você Deus muda o céu,<br/>E até mesmo para o mundo,<br/>Você é importante pra Deus<br/>Não há nada mais precioso,<br/>Que mereça mais valor,<br/>Do que a tua e a minha vida,<br/>Que em Jesus ganhou valor</lines>
    </verse>
    <verse name="v3">
      <lines>Você é importante pra Deus...(Repet)</lines>
    </verse>
    <verse name="v4">
      <lines>Por amor a nós Deus enviou,<br/>Seu Filho amado,<br/>Por isso todo aquele que nele crêr,<br/>já esta justificado... (Repet)</lines>
    </verse>
  </lyrics>
</song>
