<?xml version='1.0' encoding='utf-8'?>
<song xmlns="http://openlyrics.info/namespace/2009/song" version="0.8" createdIn="OpenLP 1.9.9" modifiedIn="OpenLP 1.9.9" modifiedDate="2012-09-30T13:19:19">
  <properties>
    <titles>
      <title>superabundante-graca</title>
    </titles>
    <authors>
      <author>Asaph Borba</author>
    </authors>
  </properties>
  <lyrics>
    <verse name="v1">
      <lines>Superabundante Graça</lines>
    </verse>
    <verse name="v2">
      <lines>Somos filhos da graça<br/>Divina sem par,<br/>Frutos do amor<br/>Que nos veio alcançar,<br/>Graça que livra<br/>Da morte e pecado<br/>Pôr ela nós somos reconciliados<br/>Pôr ela nós somos reconciliados !</lines>
    </verse>
    <verse name="v3">
      <lines>Graça, gra - ça, superabundante graça.<br/>Superabundante graça</lines>
    </verse>
    <verse name="v4">
      <lines>Somos filhos da graça,<br/>De cristo jesus,<br/>Tirados das trevas<br/>Pró reino da luz,<br/>Assim somos santos, justificados,<br/>E um dia seremos glorificados<br/>E um dia seremos glorificados</lines>
    </verse>
  </lyrics>
</song>
