<?xml version='1.0' encoding='utf-8'?>
<song xmlns="http://openlyrics.info/namespace/2009/song" version="0.8" createdIn="OpenLP 1.9.9" modifiedIn="OpenLP 1.9.9" modifiedDate="2012-09-30T13:19:19">
  <properties>
    <titles>
      <title>te-agradeco-oh-pai</title>
    </titles>
    <authors>
      <author>Asaph Borba</author>
    </authors>
  </properties>
  <lyrics>
    <verse name="v1">
      <lines>Te Agradeço Oh Pai</lines>
    </verse>
    <verse name="v2">
      <lines>Te Agradeço Ó Pai, Pelo Amor Derramado</lines>
    </verse>
    <verse name="v3">
      <lines>Pela Tua Provisão, Nada Tem Nos Faltado</lines>
    </verse>
    <verse name="v4">
      <lines>Pela Tua Proteção E Por Tua Misericórdia</lines>
    </verse>
    <verse name="v5">
      <lines>Em Tudo Tu És Pai, Senhor</lines>
    </verse>
    <verse name="v6">
      <lines>Te Agradeço Ó Pai, Te Agradeço Ó Filho</lines>
    </verse>
    <verse name="v7">
      <lines>Te Agradeço Ó Espírito Do Senhor<br/>Pelas Nossas Provações, Pelas Nossas Famílias</lines>
    </verse>
    <verse name="v8">
      <lines>Te Agradeço Ó Espírito Do Senhor<br/>Pelos Nossos Irmãos, Pela Tua Igreja</lines>
    </verse>
    <verse name="v9">
      <lines>Te Agradeço, Ó Espírito Do Senhor</lines>
    </verse>
  </lyrics>
</song>
