<?xml version='1.0' encoding='utf-8'?>
<song xmlns="http://openlyrics.info/namespace/2009/song" version="0.8" createdIn="OpenLP 1.9.9" modifiedIn="OpenLP 1.9.9" modifiedDate="2012-09-30T13:19:19">
  <properties>
    <titles>
      <title>te-contemplo-pai</title>
    </titles>
    <authors>
      <author>Asaph Borba</author>
    </authors>
  </properties>
  <lyrics>
    <verse name="v1">
      <lines>Te Contemplo, Ó Pai</lines>
    </verse>
    <verse name="v2">
      <lines>Te contemplo, ó Pai, na beleza da tua santidade.<br/>Te adoro com amor, em espírito e em verdade.<br/>Por aquilo que tu és, eu me prostro aos teus pés,<br/>Ministrando a ti a minha adoração.</lines>
    </verse>
    <verse name="v3">
      <lines>Santo! Santo! Santo és tu, Senhor!<br/>Santo! Santo! Santo és tu, Senhor!</lines>
    </verse>
    <verse name="v4">
      <lines>Tu és minha alegria, e a minha força pra viver,<br/>Sacias minha sede e completas o meu ser.<br/>Dentro do meu coração só existe adoração,<br/>Encontras-te em mim um trono para ti.</lines>
    </verse>
    <verse name="v5">
      <lines>Digno! Digno! Digno és tu, Senhor!<br/>Digno! Digno! Digno és tu, Senhor!</lines>
    </verse>
  </lyrics>
</song>
