<?xml version='1.0' encoding='utf-8'?>
<song xmlns="http://openlyrics.info/namespace/2009/song" version="0.8" createdIn="OpenLP 1.9.9" modifiedIn="OpenLP 1.9.9" modifiedDate="2012-09-30T13:19:19">
  <properties>
    <titles>
      <title>tempo-separado</title>
    </titles>
    <authors>
      <author>Asaph Borba</author>
    </authors>
  </properties>
  <lyrics>
    <verse name="v1">
      <lines>Tempo Separado</lines>
    </verse>
    <verse name="v2">
      <lines>Este tempo eu separei<br/>Para estar mais perto do Senhor<br/>Para fluir em tua presença<br/>Para te adorar</lines>
    </verse>
    <verse name="v3">
      <lines>Adorar com meu espírito<br/>Adorar com minha'alma<br/>Com meu corpo, com toda minha força<br/>E a tua também<br/>Adorar com meu espírito<br/>Adorar com minh'alma<br/>Adorar com todo o meu viver</lines>
    </verse>
  </lyrics>
</song>
