<?xml version='1.0' encoding='utf-8'?>
<song xmlns="http://openlyrics.info/namespace/2009/song" version="0.8" createdIn="OpenLP 1.9.9" modifiedIn="OpenLP 1.9.9" modifiedDate="2012-09-30T13:19:19">
  <properties>
    <titles>
      <title>tenho-uma-alianca-eterna</title>
    </titles>
    <authors>
      <author>Asaph Borba</author>
    </authors>
  </properties>
  <lyrics>
    <verse name="v1">
      <lines>Tenho uma Aliança Eterna</lines>
    </verse>
    <verse name="v2">
      <lines>Tenho uma aliança eterna contigo<br/>Uma aliança de amor<br/>Tenho uma aliança eterna<br/>Contigo Senhor</lines>
    </verse>
    <verse name="v3">
      <lines>Desde o princípio dos tempos<br/>Me deste as tuas promessas<br/>Tu me criaste para viver<br/>Unido contigo em amor<br/>Fazer parte da tua família<br/>Teu corpo teu reino e altar<br/>Para louvor da tua glória<br/>Pra te adorar!</lines>
    </verse>
    <verse name="v4">
      <lines>Quando viste em mim o pecado<br/>Ferindo o teu coração<br/>Porém da aliança lembraste, Senhor!<br/>E me estendeste perdão!<br/>Por isso enviste a Jesus<br/>Por isso a obra da cruz<br/>Selaste a nossa aliança<br/>Em total comunhão!</lines>
    </verse>
  </lyrics>
</song>
