<?xml version='1.0' encoding='utf-8'?>
<song xmlns="http://openlyrics.info/namespace/2009/song" version="0.8" createdIn="OpenLP 1.9.9" modifiedIn="OpenLP 1.9.9" modifiedDate="2012-09-30T13:19:20">
  <properties>
    <titles>
      <title>toca-trombeta-em-siao</title>
    </titles>
    <authors>
      <author>Asaph Borba</author>
    </authors>
  </properties>
  <lyrics>
    <verse name="v1">
      <lines>Toca a Trombeta Em Sião</lines>
    </verse>
    <verse name="v2">
      <lines>Toca a trombeta em Sião, deixa o inimigo ouvir<br/>Pois a vitória na casa de Deus veio em Jesus se cumprir<br/>Toca a trombeta em Sião, deixa soar o louvor<br/>Que haja alegria entre o povo de Deus<br/>Agora não ha mais temor.</lines>
    </verse>
    <verse name="v3">
      <lines>Que toda a terra conheça a nossa alegria<br/>Que é demonstrada em vida de adoração<br/>Que todo joelho se dobre, que toda língua confesse<br/>Que Cristo Jesus o Senhor é o rei de Judá</lines>
    </verse>
    <verse name="v4">
      <lines>Porque Jesus vai levando a igreja em vitória<br/>Vai conquistando a terra que nos prometeu<br/>Vai destruindo trincheiras, vai derrubando as barreiras<br/>Por força do Espírito Santo que habita em nós</lines>
    </verse>
  </lyrics>
</song>
