<?xml version='1.0' encoding='utf-8'?>
<song xmlns="http://openlyrics.info/namespace/2009/song" version="0.8" createdIn="OpenLP 1.9.9" modifiedIn="OpenLP 1.9.9" modifiedDate="2012-09-30T13:19:20">
  <properties>
    <titles>
      <title>toda-terra-se-enchera-de-tua-gloria</title>
    </titles>
    <authors>
      <author>Asaph Borba</author>
    </authors>
  </properties>
  <lyrics>
    <verse name="v1">
      <lines>Toda terra se encherá de Tua glória</lines>
    </verse>
    <verse name="v2">
      <lines>Toda terra se encherá de tua glória óh Senhor<br/>Como as águas cobrem o mar<br/>Toda a terra se encherá de tua glória óh Senhor<br/>Como as águas cobrem o mar</lines>
    </verse>
    <verse name="v3">
      <lines>Não serão principados e potestades<br/>Que impedirão a obra do Senhor Jesus<br/>Se Deus fala é bom ouvir e Ele está a nos dizer: Agindo Eu quem impedirá<br/>As portas do inferno não prevalecerão<br/>Contra a Igreja do Senhor Jesus<br/>Se Deus fala é bom ouvir e Ele está a nos dizer: Agindo Eu quem impedirá</lines>
    </verse>
    <verse name="v4">
      <lines>Por sua força, e seu poder ,<br/>Todo este mundo Seu nome ouvirá<br/>Por sua graça, iremos ver,<br/>Que todo joelho diante da cruz vai se dobrar.</lines>
    </verse>
  </lyrics>
</song>
