<?xml version='1.0' encoding='utf-8'?>
<song xmlns="http://openlyrics.info/namespace/2009/song" version="0.8" createdIn="OpenLP 1.9.9" modifiedIn="OpenLP 1.9.9" modifiedDate="2012-09-30T13:19:20">
  <properties>
    <titles>
      <title>todo-amor-que-temos</title>
    </titles>
    <authors>
      <author>Asaph Borba</author>
    </authors>
  </properties>
  <lyrics>
    <verse name="v1">
      <lines>Todo o Amor que Temos</lines>
    </verse>
    <verse name="v2">
      <lines>Queremos completar<br/>Nossa vida e amor.</lines>
    </verse>
    <verse name="v3">
      <lines>Eu sei de alguém que concebeu<br/>Em seu ventre o dom da vida,<br/>Mas rejeitou or mil razões<br/>A bênção recebida.<br/>Aqulo que pra nós seria<br/>Regozijo e alegria.<br/>Em breve, sem demora<br/>Será jogada fora<br/>Sem a chance de viver.</lines>
    </verse>
    <verse name="v4">
      <lines>Ah! se nós pudéssemos<br/>Salvar aquela vida,<br/>Por nós ela seria<br/>Amada e querida<br/>Mesmo que de outro ventre<br/>Tivesse que nascer,<br/>Nasceria dentro em nós<br/>Completando o nosso ser.</lines>
    </verse>
    <verse name="v5">
      <lines>Falamos hoje a ti<br/>Que tens no ventre um novo ser,<br/>Que depende só<br/>Do teu querer para nascer:<br/>"Busca em Deus a esperança,<br/>Não rejeita esta criança.<br/>Se não ficar contigo,<br/>Achará em nós abrigo.<br/>Por amor, deixa viver".</lines>
    </verse>
    <verse name="v6">
      <lines>Ah! Se nós pudéssemos<br/>Salvar a tantas vidas,<br/>Que por nosso Deus<br/>São tão queridas.<br/>Mesmo que de outros ventres<br/>Tenham que nascer,<br/>Nascerão bem dentro de nós<br/>Completando o nosso ser.</lines>
    </verse>
  </lyrics>
</song>
