<?xml version='1.0' encoding='utf-8'?>
<song xmlns="http://openlyrics.info/namespace/2009/song" version="0.8" createdIn="OpenLP 1.9.9" modifiedIn="OpenLP 1.9.9" modifiedDate="2012-09-30T13:19:20">
  <properties>
    <titles>
      <title>tu-es-soberano</title>
    </titles>
    <authors>
      <author>Asaph Borba</author>
    </authors>
  </properties>
  <lyrics>
    <verse name="v1">
      <lines>Tu És Soberano</lines>
    </verse>
    <verse name="v2">
      <lines>Tu és soberano sobre a terra</lines>
    </verse>
    <verse name="v3">
      <lines>Sobre os céus tu és senhor absoluto</lines>
    </verse>
    <verse name="v4">
      <lines>Tudo que existe e acontece</lines>
    </verse>
    <verse name="v5">
      <lines>Tu o sabes muito bem tu és tremendo</lines>
    </verse>
    <verse name="v6">
      <lines>E apesar dessa glória que tens</lines>
    </verse>
    <verse name="v7">
      <lines>Tu te importas comigo também</lines>
    </verse>
    <verse name="v8">
      <lines>E este amor tão grande eleva-me</lines>
    </verse>
    <verse name="v9">
      <lines>Amarra-me a ti tu és tremendo</lines>
    </verse>
  </lyrics>
</song>
