<?xml version='1.0' encoding='utf-8'?>
<song xmlns="http://openlyrics.info/namespace/2009/song" version="0.8" createdIn="OpenLP 1.9.9" modifiedIn="OpenLP 1.9.9" modifiedDate="2012-09-30T13:19:20">
  <properties>
    <titles>
      <title>tua-graca</title>
    </titles>
    <authors>
      <author>Asaph Borba</author>
    </authors>
  </properties>
  <lyrics>
    <verse name="v1">
      <lines>Tua Graça</lines>
    </verse>
    <verse name="v2">
      <lines>Porque tu me tens sido amparo<br/>À sobra de tuas asas eu canto louvor<br/>A minha'alma apega-se a ti, meu Senhor<br/>Pois a tua destra me ampara.</lines>
    </verse>
    <verse name="v3">
      <lines>Porque tua graça é melhor que a vida</lines>
    </verse>
    <verse name="v4">
      <lines>Os meus lábios te louvam, Senhor</lines>
    </verse>
    <verse name="v5">
      <lines>Bendirei o teu nome enquanto eu viver</lines>
    </verse>
    <verse name="v6">
      <lines>Sim, a ti, eu levanto minhas mãos.</lines>
    </verse>
    <verse name="v7">
      <lines>Sim, a ti, eu levanto minhas mãos.</lines>
    </verse>
    <verse name="v8">
      <lines>Aleluia, Aleluia, Aleluia, Aleluia,<br/>Aleluia, Aleluia, Aleluia, A ...</lines>
    </verse>
  </lyrics>
</song>
