<?xml version='1.0' encoding='utf-8'?>
<song xmlns="http://openlyrics.info/namespace/2009/song" version="0.8" createdIn="OpenLP 1.9.9" modifiedIn="OpenLP 1.9.9" modifiedDate="2012-09-30T13:19:20">
  <properties>
    <titles>
      <title>uma-vida-melhor</title>
    </titles>
    <authors>
      <author>Asaph Borba</author>
    </authors>
  </properties>
  <lyrics>
    <verse name="v1">
      <lines>Uma Vida Melhor</lines>
    </verse>
    <verse name="v2">
      <lines>Uma vida melhor<br/>É o que Deus quer te dar<br/>Vida de paz e alegria<br/>Vida pra recomeçar</lines>
    </verse>
    <verse name="v3">
      <lines>Uma vida melhor<br/>Só com Jesus podes ter<br/>Vida plena e abundante<br/>Onde a graça é transbordante<br/>Vida pra recomeçar</lines>
    </verse>
    <verse name="v4">
      <lines>Não há melhor forma pra vencer<br/>Não há outra vida pra viver<br/>Só com Jesus, com Jesus, com Jesus<br/>Só com Jesus, com Jesus, com Jesus</lines>
    </verse>
  </lyrics>
</song>
