<?xml version='1.0' encoding='utf-8'?>
<song xmlns="http://openlyrics.info/namespace/2009/song" version="0.8" createdIn="OpenLP 1.9.9" modifiedIn="OpenLP 1.9.9" modifiedDate="2012-09-30T13:19:20">
  <properties>
    <titles>
      <title>uniao</title>
    </titles>
    <authors>
      <author>Asaph Borba</author>
    </authors>
  </properties>
  <lyrics>
    <verse name="v1">
      <lines>União</lines>
    </verse>
    <verse name="v2">
      <lines>Deus guiou o teu caminho, até juntar-se com o meu<br/>E guardou a tua vida, separando-a para mim<br/>E hoje aqui estamos na presença do Senhor<br/>Celebrando a união do nosso amor.</lines>
    </verse>
    <verse name="v3">
      <lines>Para onde eu for tu irás, onde eu repousar tu repousarás<br/>O meu Deus será o teu Deus, meu caminho o teu será.<br/>Neste dia de alegria, eu teu dou meu coração<br/>E repouso os meus sonhos em tuas mãos.</lines>
    </verse>
    <verse name="v4">
      <lines>Até que a morte nos separe, junto a ti eu estarei<br/>Pois eu sei que as muitas águas não nos podem separar<br/>Firmaremos nossas vidas sobre a Rocha do Senhor<br/>Que fará perfeito e eterno o nosso amor</lines>
    </verse>
    <verse name="v5">
      <lines>Para tu fores irei onde tu repousares repousarei<br/>O teu Deus será meu Deus teu caminho meu será<br/>Neste dia de alegria eu te dou meu coração.<br/>E repouso os meus sonhos em tuas mãos</lines>
    </verse>
    <verse name="v6">
      <lines>E repouso os meu sonhos em tuas mãos.</lines>
    </verse>
  </lyrics>
</song>
