<?xml version='1.0' encoding='utf-8'?>
<song xmlns="http://openlyrics.info/namespace/2009/song" version="0.8" createdIn="OpenLP 1.9.9" modifiedIn="OpenLP 1.9.9" modifiedDate="2012-09-30T13:19:21">
  <properties>
    <titles>
      <title>vem-mim</title>
    </titles>
    <authors>
      <author>Asaph Borba</author>
    </authors>
  </properties>
  <lyrics>
    <verse name="v1">
      <lines>Vem a Mim</lines>
    </verse>
    <verse name="v2">
      <lines>Oh Deus Tu és meu Deus, cedo te procuro<br/>Minh'alma tem sede de Ti, da tua paz<br/>Como num deserto onde não há água para se beber<br/>Quero ver a Tua glória<br/>Com poder quero sentir Tua presença aqui agora<br/>Tal como já a vi no Teu santuário</lines>
    </verse>
    <verse name="v3">
      <lines>(2x)<br/>vem a mim para abrir o meu olhar<br/>vem a mim vem pra me libertar<br/>vem a mim e, com Teu Espírito, cobre-me faz-me transbordar</lines>
    </verse>
  </lyrics>
</song>
