<?xml version='1.0' encoding='utf-8'?>
<song xmlns="http://openlyrics.info/namespace/2009/song" version="0.8" createdIn="OpenLP 1.9.9" modifiedIn="OpenLP 1.9.9" modifiedDate="2012-09-30T13:19:21">
  <properties>
    <titles>
      <title>vestes-de-louvor</title>
    </titles>
    <authors>
      <author>Asaph Borba</author>
    </authors>
  </properties>
  <lyrics>
    <verse name="v1">
      <lines>Vestes de Louvor</lines>
    </verse>
    <verse name="v2">
      <lines>O Espírito do Senhor está sobre mim<br/>Porque o Senhor me ungiu para pregar<br/>Boas novas aos quebrantados<br/>Aos quebrantados de coração curar</lines>
    </verse>
    <verse name="v3">
      <lines>O Espírito do Senhor está sobre mim<br/>Porque o Senhor me ungiu para pregar<br/>Libertação a todos os cativos<br/>Libertação a todos proclamar</lines>
    </verse>
    <verse name="v4">
      <lines>Pôr em liberdade os algemados<br/>Proclamar o ano aceitável do Senhor<br/>A consolar todos que choram<br/>E acabar com o luto e com a dor</lines>
    </verse>
    <verse name="v5">
      <lines>Coroa em vez de cinzas<br/>Óleo de alegria<br/>Em vez de pranto, vestes de louvor<br/>Coroa em vez de cinzas<br/>óleo de alegria<br/>Em vez de angústia<br/>Vestes de louvor.</lines>
    </verse>
  </lyrics>
</song>
