<?xml version='1.0' encoding='utf-8'?>
<song xmlns="http://openlyrics.info/namespace/2009/song" version="0.8" createdIn="OpenLP 1.9.9" modifiedIn="OpenLP 1.9.9" modifiedDate="2012-09-30T13:19:21">
  <properties>
    <titles>
      <title>vivendo-em-comunhao</title>
    </titles>
    <authors>
      <author>Asaph Borba</author>
    </authors>
  </properties>
  <lyrics>
    <verse name="v1">
      <lines>vivendo em comunhão</lines>
    </verse>
    <verse name="v2">
      <lines>Que bom é ver teu povo vivendo em união<br/>Que bom não ter barreiras separando a comunhão<br/>Pois sabemos Pai que quando assim vivermos<br/>Tu suplicas sobre nós a tua benção</lines>
    </verse>
    <verse name="v3">
      <lines>Que bom ver tua igreja restaurada no amor<br/>E ver também que Tu a renovaste no louvor.<br/>Por isso, ó Deus Pai, sem impedimento algum,<br/>Adoramos o Teu filho que nos tem feito um.</lines>
    </verse>
    <verse name="v4">
      <lines>Tem nos feito um só corpo e um só Espírito<br/>Como Tu ó Pai e Cristo sois um,</lines>
    </verse>
  </lyrics>
</song>
