<?xml version='1.0' encoding='utf-8'?>
<song xmlns="http://openlyrics.info/namespace/2009/song" version="0.8" createdIn="OpenLP 1.9.9" modifiedIn="OpenLP 1.9.9" modifiedDate="2012-09-30T13:19:21">
  <properties>
    <titles>
      <title>vivendo-em-uniao</title>
    </titles>
    <authors>
      <author>Asaph Borba</author>
    </authors>
  </properties>
  <lyrics>
    <verse name="v1">
      <lines>Vivendo em União</lines>
    </verse>
    <verse name="v2">
      <lines>Que bom é ver teu povo vivendo em união<br/>Que bom não ver barreiras<br/>Separando a comunhão<br/>Pois sabemos pai que quando assim vivemos tu<br/>Ordenas sobre nós a tua benção<br/>Que bom ver tua igreja<br/>Restaurada no amor<br/>E ver também que tu<br/>A renovaste no louvor<br/>Por isso ó deus pai<br/>Sem impedimento algum<br/>Adoramos ao teu filho que nos tem feito um<br/>Tem nos feito um só corpo<br/>E um só espírito<br/>Como tu ó pai e cristo sois um<br/>Tem nos feito um só corpo<br/>E um só espírito<br/>Como tu ó pai e cristo sois um<br/>Como tu ó pai e cristo sois um</lines>
    </verse>
  </lyrics>
</song>
