<?xml version='1.0' encoding='utf-8'?>
<song xmlns="http://openlyrics.info/namespace/2009/song" version="0.8" createdIn="OpenLP 1.9.9" modifiedIn="OpenLP 1.9.9" modifiedDate="2012-09-30T13:17:16">
  <properties>
    <titles>
      <title> CC 083 - A CRUZ DE CRISTO</title>
    </titles>
    <authors>
      <author>CANTOR CRISTÃO</author>
    </authors>
  </properties>
  <lyrics>
    <verse name="v1">
      <lines>PENDURADO FOSTE, Ó SENHOR JESUS,<br/>NUMA CRUZ, EXPOSTO AO DESPREZO, ASSIM,<br/>CENA QUE A PENSAR MUITA GENTE INDUZ;<br/>SOFRESTE TANTO, CREIO, FOI POR MIM!</lines>
    </verse>
    <verse name="v2">
      <lines>TU, JESUS, VIESTE ME SALVAR.<br/>   TU, JESUS, VIESTE ME SALVAR.<br/>   EU CONFIO EM TI,<br/>   TEU AMOR SENTI,<br/>   SOFRESTE TANTO, CREIO, FOI POR MIM!</lines>
    </verse>
    <verse name="v3">
      <lines>SANGUE TU VERTESTE PRA ME SALVAR,<br/>DESTE TUA VIDA, MEU REDENTOR.<br/>CERTO ESTOU, FOI TUDO EM ME RESGATAR;<br/>SOFRESTE TANTO, CREIO, MEU SENHOR!</lines>
    </verse>
    <verse name="v4">
      <lines>TUA MORTE VEIO ME LIBERTAR;<br/>GRANDE FOI O PESO DE TAL PAIXÃO.<br/>TEU AMOR, OH, QUEM PODERÁ SONDAR?!<br/>SOFRESTE, CREIO, EM TUA COMPAIXÃO!</lines>
    </verse>
    <verse name="v5">
      <lines>TODA A MALDIÇÃO DO PECADO MEU<br/>TU LEVASTE, POIS, SOBRE TI, SENHOR.<br/>GOZO PAZ, TORNEI-ME UM HERDEIRO TEU,<br/>SOFRESTE TUDO, CREIO, PELO AMOR!</lines>
    </verse>
  </lyrics>
</song>
