<?xml version='1.0' encoding='utf-8'?>
<song xmlns="http://openlyrics.info/namespace/2009/song" version="0.8" createdIn="OpenLP 1.9.9" modifiedIn="OpenLP 1.9.9" modifiedDate="2012-09-30T13:17:11">
  <properties>
    <titles>
      <title> CC 037 - AMOR GLORIOSO</title>
    </titles>
    <authors>
      <author>CANTOR CRISTÃO</author>
    </authors>
  </properties>
  <lyrics>
    <verse name="v1">
      <lines>BUSCOU-ME COM TERNURA<br/>JESUS, O BOM PASTOR;<br/>ACHOU-ME NA MISÉRIA,<br/>SALVOU-ME COM AMOR;<br/>NO CÉU CANTARAM DE ALEGRIA<br/>OS ANJOS, SIM, EM HARMONIA.</lines>
    </verse>
    <verse name="v2">
      <lines>OH, QUE AMOR GLORIOSO!<br/>   PREÇO TÃO GRANDIOSO<br/>   QUE JESUS POR MIM NA CRUZ PAGOU;<br/>   INAUDITA GRAÇA ME MOSTROU!</lines>
    </verse>
    <verse name="v3">
      <lines>FERIDO E ABANDONADO,<br/>JESUS ME SOCORREU;<br/>E SEGREDOU-ME: """"ACHEI-TE;<br/>DE AGORA EM DIANTE ÉS MEU.""""<br/>TÃO MEIGA VOZ JAMAIS OUVI;<br/>PRAZER MAIOR JAMAIS SENTI.</lines>
    </verse>
    <verse name="v4">
      <lines>JESUS MOSTROU-ME AS CHAGAS<br/>QUE EM MEU LUGAR SOFREU;<br/>COROA, MAS DE ESPINHOS;<br/>A CRUZ QUE PADECEU.<br/>QUE PODERIA EM MIM ACHAR,<br/>PRA TAIS AFRONTAS SUPORTAR?</lines>
    </verse>
    <verse name="v5">
      <lines>MINHA ALMA EMBEVECIDA,<br/>SEU ROSTO A CONTEMPLAR,<br/>RECORDA AS MUITAS BÊNÇÃOS<br/>DO SEU AMOR SEM-PAR;<br/>LOUVOR E GLÓRIA E ADORAÇÃO<br/>TRIBUTA-LHE MEU CORAÇÃO!</lines>
    </verse>
    <verse name="v6">
      <lines>ENQUANTO AS HORAS PASSAM,<br/>EU TENHO GOZO E PAZ,<br/>E AGUARDO O MEU BOM MESTRE,<br/>QUE TÃO FELIZ ME FAZ;<br/>JESUS A MIM VIRÁ BUSCAR,<br/>E ENTÃO PRA SEMPRE IREI GOZAR.</lines>
    </verse>
  </lyrics>
</song>
