<?xml version='1.0' encoding='utf-8'?>
<song xmlns="http://openlyrics.info/namespace/2009/song" version="0.8" createdIn="OpenLP 1.9.9" modifiedIn="OpenLP 1.9.9" modifiedDate="2012-09-30T13:17:08">
  <properties>
    <titles>
      <title> CC 004 - AO DEUS SANTO</title>
    </titles>
    <authors>
      <author>CANTOR CRISTÃO</author>
    </authors>
  </properties>
  <lyrics>
    <verse name="v1">
      <lines>SANTO, SANTO, SANTO,<br/>ÉS TU, SENHOR!<br/>LOUVEM-TE NOS ALTOS CÉUS,<br/>E NA TERRA OS FILHOS TEUS,<br/>Ó DEUS DE AMOR.</lines>
    </verse>
  </lyrics>
</song>
