<?xml version='1.0' encoding='utf-8'?>
<song xmlns="http://openlyrics.info/namespace/2009/song" version="0.8" createdIn="OpenLP 1.9.9" modifiedIn="OpenLP 1.9.9" modifiedDate="2012-09-30T13:17:16">
  <properties>
    <titles>
      <title> CC 081 - AMOR INCOMPARÁVEL</title>
    </titles>
    <authors>
      <author>CANTOR CRISTÃO</author>
    </authors>
  </properties>
  <lyrics>
    <verse name="v1">
      <lines>NENHUM AMIGO HÁ IGUAL A CRISTO!<br/>NÃO NENHUM! NÃO NENHUM!<br/>OUTRO NÃO HÁ QUE MINHA ALMA SALVE!<br/>NÃO, NENHUM! NÃO, NENHUM!</lines>
    </verse>
    <verse name="v2">
      <lines>CRISTO SABE DAS NOSSAS LUTAS;<br/>   GUIARÁ ATÉ O FIM CHEGAR;<br/>   NENHUM AMIGO HÁ IGUAL A CRISTO,<br/>   NÃO NENHUM! NÃO, NENHUM!</lines>
    </verse>
    <verse name="v3">
      <lines>NENHUM MOMENTO ELE ME ABANDONA!<br/>NÃO, NENHUM! NÃO, NENHUM!<br/>NÃO HÁ DESGOSTO QUE NÃO SUAVIZE!<br/>NÃO, NENHUM! NÃO, NENHUM!</lines>
    </verse>
    <verse name="v4">
      <lines>NENHUM AMIGO HÁ TÃO NOBRE E SANTO!<br/>NÃO, NENHUM! NÃO, NENHUM!<br/>TAMBÉM NÃO HÁ TÃO HUMILDE E MANSO!<br/>NÃO, NENHUM! NÃO, NENHUM!</lines>
    </verse>
    <verse name="v5">
      <lines>CRENTE NENHUM É DESAMPARADO!<br/>NÃO, NENHUM! NÃO, NENHUM!<br/>NENHUM ANSIOSO HÁ QUE É REJEITADO!<br/>NÃO, NENHUM! NÃO, NENHUM!</lines>
    </verse>
  </lyrics>
</song>
