<?xml version='1.0' encoding='utf-8'?>
<song xmlns="http://openlyrics.info/namespace/2009/song" version="0.8" createdIn="OpenLP 1.9.9" modifiedIn="OpenLP 1.9.9" modifiedDate="2012-09-30T13:17:16">
  <properties>
    <titles>
      <title> CC 079 - UM BOM AMIGO</title>
    </titles>
    <authors>
      <author>CANTOR CRISTÃO</author>
    </authors>
  </properties>
  <lyrics>
    <verse name="v1">
      <lines>UM BOM AMIGO, E FIEL, ACHEI:<br/>JESUS, MEU SALVADOR;<br/>CONTAR AQUILO QUE FEZ POR MIM,<br/>EU QUERO, SIM, E COM FERVOR.</lines>
    </verse>
    <verse name="v2">
      <lines>DO MAL NÃO DEIXA DE DEFENDER,<br/>SEGURO BEM ESTOU;<br/>COM FORTE BRAÇO, COM SEU PODER<br/>AMPARA-ME; CONTENTE VOU.</lines>
    </verse>
    <verse name="v3">
      <lines>GRAÇA REAL, SEM FIM,<br/>   MOSTRA JESUS POR MIM;<br/>   GOZO ME DÁ, ALEGRIA SEM PAR!<br/>   QUE PRAZER, PRAZER!</lines>
    </verse>
    <verse name="v4">
      <lines>E QUANDO NECESSITADO SOU,<br/>EU POSSO RECORRER<br/>AO SEU TESOURO CELESTIAL<br/>E BÊNÇÃOS RICAS RECOLHER.</lines>
    </verse>
    <verse name="v5">
      <lines>EM CRISTO TODOS ENCONTRARÃO<br/>AMIGO SEM IGUAL,<br/>AMIGO QUE LHES CONCEDERÁ<br/>FELICIDADE PERENAL.</lines>
    </verse>
  </lyrics>
</song>
