<?xml version='1.0' encoding='utf-8'?>
<song xmlns="http://openlyrics.info/namespace/2009/song" version="0.8" createdIn="OpenLP 1.9.9" modifiedIn="OpenLP 1.9.9" modifiedDate="2012-09-30T13:17:13">
  <properties>
    <titles>
      <title> CC 052 - JESUS GLORIOSO</title>
    </titles>
    <authors>
      <author>CANTOR CRISTÃO</author>
    </authors>
  </properties>
  <lyrics>
    <verse name="v1">
      <lines>OH, SIM, JESUS É TÃO MARAVILHOSO<br/>QUE DEUS LHE DEU O NOME: O SANTO DE ISRAEL!<br/>E O CHAMOU DE TODO-PODEROSO,<br/>E DEUS DA PAZ, SENHOR, EMANUEL.<br/>O CRISTO REI, QUE A SANTA LEI<br/>               CUMPRIU COM GOZO.<br/>É SOL DIVINO E SALVADOR FIEL!</lines>
    </verse>
    <verse name="v2">
      <lines>SÓ CRISTO, SALVADOR, EM TUDO É VENCEDOR;<br/>   POIS PADECEU, NA CRUZ SOFREU HUMILHAÇÃO!<br/>   Ó VINDE DESFRUTAR O SEU AMOR;<br/>   BUSCAI, COM GRANDE ARDOR, COM DEVOÇÃO,<br/>                O SEU FAVOR.<br/>   AMAI, IRMÃOS, A QUEM NOS DEU PERDÃO!</lines>
    </verse>
    <verse name="v3">
      <lines>JESUS, SENHOR ASSIM GLORIFICADO,<br/>DO CÉU NOTANDO O POVO ENTREGUE A TODO O MAL,<br/>QUIS VIR AQUI SALVÁ-LO DO PECADO.<br/>E O FEZ, PORÉM, COM GRANDE DOR MORAL.<br/>CUMPRIU A LEI, SALVOU A GREI<br/>                DO TRISTE ESTADO<br/>E ENCHEU-A DE FAVOR CELESTIAL.</lines>
    </verse>
    <verse name="v4">
      <lines>NOTAI, IRMÃOS, E VEDE QUE BONDADE!<br/>JAMAIS SE OUVIU DE ALGUÉM, QUE ASSIM PROVASSE AMAR,<br/>DEVEIS OUVIR JESUS COM LEALDADE,<br/>DIZER QUE DEUS POR CRISTO PODE DAR<br/>REAL PERDÃO, A SALVAÇÃO<br/>                 E LIBERDADE!<br/>OH! VINDE A CRISTO A VIDA CONSAGRAR!</lines>
    </verse>
  </lyrics>
</song>
