<?xml version='1.0' encoding='utf-8'?>
<song xmlns="http://openlyrics.info/namespace/2009/song" version="0.8" createdIn="OpenLP 1.9.9" modifiedIn="OpenLP 1.9.9" modifiedDate="2012-09-30T13:17:08">
  <properties>
    <titles>
      <title> CC 003 - LOUVOR AO SENHOR</title>
    </titles>
    <authors>
      <author>CANTOR CRISTÃO</author>
    </authors>
  </properties>
  <lyrics>
    <verse name="v1">
      <lines>Ó GRATOS AO SENHOR,<br/>AO VOSSO REI LOUVAI;<br/>COM ALEGRIA E COM FERVOR,<br/>COM ALEGRIA E COM FERVOR, <br/>SEU CULTO CELEBRAI!<br/>SEU CULTO CELEBRAI!</lines>
    </verse>
    <verse name="v2">
      <lines>A ELE PERTENCEM<br/>BÊNÇÃO E SABEDORIA,<br/>SIM, GLÓRIA E SOBERANIA,<br/>AGORA E PRA SEMPRE,<br/>SEM FIM.</lines>
    </verse>
  </lyrics>
</song>
