<?xml version='1.0' encoding='utf-8'?>
<song xmlns="http://openlyrics.info/namespace/2009/song" version="0.8" createdIn="OpenLP 1.9.9" modifiedIn="OpenLP 1.9.9" modifiedDate="2012-09-30T13:17:11">
  <properties>
    <titles>
      <title> CC 028 - NASCEU O REDENTOR</title>
    </titles>
    <authors>
      <author>CANTOR CRISTÃO</author>
    </authors>
  </properties>
  <lyrics>
    <verse name="v1">
      <lines>ALERTA, Ó TERRA, ENTOA O CANTO QUE RESSOA:<br/>O MUNDO PECADOR TEM PECADOR SORTE E BOA.<br/>A NOVA SE VOS DÁ, E QUÃO ALEGRE SOA:<br/>                NASCEU O REDENTOR!</lines>
    </verse>
    <verse name="v2">
      <lines>NASCEU O REDENTOR! NASCEU O REDENTOR!<br/>   O ETERNO PAI DO CÉU SEU FILHO AO MUNDO DEU.<br/>   ALERTA, Ó TERRA, ENTOA A NOVA ALEGRE E BOA:<br/>   NASCEU O REDENTOR!</lines>
    </verse>
    <verse name="v3">
      <lines>A NOITE JÁ PASSOU, A AURORA JÁ RAIOU;<br/>O NEGRO E DENSO VÉU DE TODO SE RASGOU.<br/>DOS MONTES ATRAVÉS O BRADO RESSOOU:<br/>                NASCEU O REDENTOR!</lines>
    </verse>
    <verse name="v4">
      <lines>NASCEU O REI DA PAZ, NUM BERÇO HUMILDE JAZ;<br/>NAS ASAS DESSE AMOR CONFORTO A TODOS TRAZ.<br/>DIZEI EM ALTA VOZ QUE CRISTO SATISFAZ:<br/>                NASCEU O REDENTOR!</lines>
    </verse>
    <verse name="v5">
      <lines>Ó GOZO DIVINAL, AMOR CELESTIAL,<br/>QUEM PODE TE SONDAR OU TER UM OUTRO IGUAL?<br/>POSSO EU, DA MORTE RÉU, GOZAR VENTURA TAL?<br/>                NASCEU O REDENTOR!</lines>
    </verse>
    <verse name="v6">
      <lines>Ó POVOS, EXULTAI! NAÇÕES, OH, JUBILAI!<br/>EIS FINDA TODA A DOR, JAMAIS SE DÁ UM AI;<br/>A VIRGEM DEU À LUZ; A DEUS GLORIFICAI!<br/>                NASCEU O REDENTOR!</lines>
    </verse>
  </lyrics>
</song>
