<?xml version='1.0' encoding='utf-8'?>
<song xmlns="http://openlyrics.info/namespace/2009/song" version="0.8" createdIn="OpenLP 1.9.9" modifiedIn="OpenLP 1.9.9" modifiedDate="2012-09-30T13:17:08">
  <properties>
    <titles>
      <title> CC 005 - PRESENÇA DIVINA</title>
    </titles>
    <authors>
      <author>CANTOR CRISTÃO</author>
    </authors>
  </properties>
  <lyrics>
    <verse name="v1">
      <lines>ONIPOTENTE REI,<br/>AQUI PRESENTE SÊ<br/>NO TEU PODER;<br/>EM TEU EXCELSO AMOR,<br/>INSPIRA-NOS LOUVOR;<br/>QUEREMOS-TE, SENHOR,<br/>ENGRANDECER.</lines>
    </verse>
    <verse name="v2">
      <lines>Ó PODEROSO DEUS, <br/>NOS OUVE LÁ DOS CÉUS<br/>A PETIÇÃO <br/>VEM-NOS ABENÇOAR, <br/>E VEM FAZER BROTAR<br/>O QUE SE SEMEAR<br/>NO CORAÇÃO.</lines>
    </verse>
    <verse name="v3">
      <lines>VEM TU, CONSOLADOR, <br/>SÊ TESTIFICADOR DA REDENÇÃO.<br/>NO TEMPLO VEM<br/>ENTRAR, A OBRA COMPLETAR, <br/>DAS MANCHAS VEM LIMPAR, <br/>O CORAÇÃO.</lines>
    </verse>
    <verse name="v4">
      <lines>Ó GRANDE TRINO DEUS, <br/>SIM, TE ADORAMOS NÓS, <br/>E SÓ A TI! SANTIFICAR-NOS-ÁS, <br/>AO CÉU NOS LEVARÁS, <br/>A GLÓRIA NOS DARÁS,<br/>CONTIGO AÍ.</lines>
    </verse>
  </lyrics>
</song>
