<?xml version='1.0' encoding='utf-8'?>
<song xmlns="http://openlyrics.info/namespace/2009/song" version="0.8" createdIn="OpenLP 1.9.9" modifiedIn="OpenLP 1.9.9" modifiedDate="2012-09-30T13:17:13">
  <properties>
    <titles>
      <title> CC 047 - ALEGRIA PERENE</title>
    </titles>
    <authors>
      <author>CANTOR CRISTÃO</author>
    </authors>
  </properties>
  <lyrics>
    <verse name="v1">
      <lines>DESPERTA E CANTA COM FERVOR,<br/>SIM, Ó MINHA ALMA, A TEU SENHOR;<br/>POIS MUITOS E PRECIOSOS BENS<br/>A TI TEM DADO COM AMOR.</lines>
    </verse>
    <verse name="v2">
      <lines>OH, QUE GRANDE AMOR!<br/>   OH, QUE IMENSO AMOR<br/>   DE CRISTO PELO PECADOR!</lines>
    </verse>
    <verse name="v3">
      <lines>PERDIDO, CRISTO ME ENCONTROU,<br/>E DISPENSOU-ME COMPAIXÃO;<br/>POR SEU TÃO GRANDE AMOR DE PAI<br/>TIROU-ME DESTA CONDIÇÃO.</lines>
    </verse>
    <verse name="v4">
      <lines>EU SEI QUE É MAU MEU CORAÇÃO;<br/>PROPENDE SEMPRE PARA O MAL,<br/>MAS ELE EM PAZ ME GUARDARÁ<br/>COM O SEU AMOR, QUE É PERENAL.</lines>
    </verse>
  </lyrics>
</song>
