<?xml version='1.0' encoding='utf-8'?>
<song xmlns="http://openlyrics.info/namespace/2009/song" version="0.8" createdIn="OpenLP 1.9.9" modifiedIn="OpenLP 1.9.9" modifiedDate="2012-09-30T13:17:14">
  <properties>
    <titles>
      <title> CC 066 - REI DOS CÉUS</title>
    </titles>
    <authors>
      <author>CANTOR CRISTÃO</author>
    </authors>
  </properties>
  <lyrics>
    <verse name="v1">
      <lines>EIS QUE CHEFE TÃO GLORIOSO<br/>É JESUS, O BOM SENHOR!<br/>QUE LUTOU MUI VITORIOSO<br/>PARA SER O SALVADOR.</lines>
    </verse>
    <verse name="v2">
      <lines>VINDE TODOS COROÁ-LO,<br/>QUE TROFÉUS BONS ELE TRAZ!<br/>NO PODER ENTRONIZÁ-LO,<br/>PRÍNCIPE DA NOSSA PAZ.</lines>
    </verse>
    <verse name="v3">
      <lines>OS JUDEUS O REJEITARAM,<br/>ESCOLHENDO UM OUTRO REI;<br/>ANJOS, SANTOS, POTESTADES,<br/>OBEDECEM SUA LEI.</lines>
    </verse>
    <verse name="v4">
      <lines>ESCUTAI O GRANDE APLAUSO:<br/>TRIUNFOU O BOM JESUS;<br/>ELE TOMA, POIS, SEU REINO,<br/>COROADO REI DOS CÉUS!</lines>
    </verse>
    <verse name="v5">
      <lines>COROAI-O, Ó REMIDOS;<br/>   COROAI-O REI DOS REIS! (BIS)</lines>
    </verse>
  </lyrics>
</song>
