<?xml version='1.0' encoding='utf-8'?>
<song xmlns="http://openlyrics.info/namespace/2009/song" version="0.8" createdIn="OpenLP 1.9.9" modifiedIn="OpenLP 1.9.9" modifiedDate="2012-09-30T13:17:08">
  <properties>
    <titles>
      <title> CC 010 - AUXÍLIO DIVINO</title>
    </titles>
    <authors>
      <author>CANTOR CRISTÃO</author>
    </authors>
  </properties>
  <lyrics>
    <verse name="v1">
      <lines>SANTO DEUS,<br/>VEM INFLAMAR<br/>NOSSOS DÉBEIS CORAÇÕES;<br/>VEM AS TREVAS DISSIPAR,<br/>LIVRA-NOS DE IMPERFEIÇÕES.</lines>
    </verse>
    <verse name="v2">
      <lines>SIM, Ó DEUS, VEM DIRIGIR<br/>ESTE CULTO A CELEBRAR;<br/>VEM, Ó VEM-NOS REVESTIR<br/>DE FERVOR PRA TE LOUVAR!</lines>
    </verse>
  </lyrics>
</song>
