<?xml version='1.0' encoding='utf-8'?>
<song xmlns="http://openlyrics.info/namespace/2009/song" version="0.8" createdIn="OpenLP 1.9.9" modifiedIn="OpenLP 1.9.9" modifiedDate="2012-09-30T13:17:11">
  <properties>
    <titles>
      <title> CC 030 - NOITE DE PAZ</title>
    </titles>
    <authors>
      <author>CANTOR CRISTÃO</author>
    </authors>
  </properties>
  <lyrics>
    <verse name="v1">
      <lines>DORMEM TODOS EM REDOR;<br/>EM BELÉM JESUS NASCEU,<br/>REI DA PAZ, DA TERRA E CÉU;<br/>NOSSO SALVADOR<br/>É JESUS, SENHOR.</lines>
    </verse>
    <verse name="v2">
      <lines>""""GLÓRIA A DEUS! GLÓRIA A DEUS!""""<br/>CANTAM ANJOS LÁ NOS CÉUS;<br/>BOAS-NOVAS DE PERDÃO,<br/>GRAÇA EXCELSA, SALVAÇÃO;<br/>PROVA DESTE AMOR<br/>DÁ O REDENTOR.</lines>
    </verse>
    <verse name="v3">
      <lines>REI DA PAZ, REI DE AMOR,<br/>DESTE MUNDO CRIADOR;<br/>VINDE TODOS LHE PEDIR<br/>QUE NOS VENHA CONDUZIR.<br/>DESTE MUNDO A LUZ<br/>É O SENHOR JESUS.</lines>
    </verse>
  </lyrics>
</song>
