<?xml version='1.0' encoding='utf-8'?>
<song xmlns="http://openlyrics.info/namespace/2009/song" version="0.8" createdIn="OpenLP 1.9.9" modifiedIn="OpenLP 1.9.9" modifiedDate="2012-09-30T13:17:10">
  <properties>
    <titles>
      <title> CC 021 - LOUVOR AO PAI E AO FILHO</title>
    </titles>
    <authors>
      <author>CANTOR CRISTÃO</author>
    </authors>
  </properties>
  <lyrics>
    <verse name="v1">
      <lines>DO MUNDO DEUS SE CONDOEU<br/>DE TAL MANEIRA QUE LHE DEU<br/>POR SALVADOR O FILHO SEU.<br/>LOUVOR AO PAI E AO FILHO DAI!</lines>
    </verse>
    <verse name="v2">
      <lines>JESUS SOFREU, SIM, COMO RÉU,<br/>A FIM DE NOS LEVAR AO CÉU,<br/>FOI QUEM RASGOU DA MORTE O VÉU.<br/>LOUVOR AO PAI E AO FILHO DAI!</lines>
    </verse>
    <verse name="v3">
      <lines>E CRISTO, POR MORRER NA CRUZ,<br/>OUTORGA VIDA, GOZO E LUZ;<br/>SIM, TUDO TEMOS EM JESUS.<br/>LOUVOR AO PAI E AO FILHO DAI!</lines>
    </verse>
    <verse name="v4">
      <lines>MORREU JESUS E NOS REMIU,<br/>FOI SEPULTADO E RESSURGIU,<br/>E PARA DEUS DEPOIS SUBIU.<br/>LOUVOR AO PAI E AO FILHO DAI!</lines>
    </verse>
  </lyrics>
</song>
