<?xml version='1.0' encoding='utf-8'?>
<song xmlns="http://openlyrics.info/namespace/2009/song" version="0.8" createdIn="OpenLP 1.9.9" modifiedIn="OpenLP 1.9.9" modifiedDate="2012-09-30T13:17:09">
  <properties>
    <titles>
      <title> CC 011 - AO DEUS TRINO</title>
    </titles>
    <authors>
      <author>CANTOR CRISTÃO</author>
    </authors>
  </properties>
  <lyrics>
    <verse name="v1">
      <lines>Ó DEUS, BOM PAI E BENFEITOR,<br/>A TI RENDEMOS COM ARDOR<br/>LOUVOR LEAL SEM FIM, SENHOR,<br/>DE TODOS NÓS SUSTENTADOR.<br/>E TU, DEUS FILHO, Ó BOM JESUS!<br/>POR NÓS SOFRESTE NUMA CRUZ;<br/>DE TI NOS VEM A CLARA LUZ<br/>QUE NOSSOS PÉS AOS CÉUS CONDUZ.</lines>
    </verse>
    <verse name="v2">
      <lines>TU, DEUS, ESPÍRITO VERAZ,<br/>OH! NOSSAS ALMAS SATISFAZ<br/>COM GOZO, COM DIVINA PAZ,<br/>E AS NOSSAS AFLIÇÕES DESFAZ.<br/>Ó INFINITO E EXCELSO DEUS<br/>AMPARA-NOS, EMBORA RÉUS,<br/>COM BÊNÇÃOS, LÁ DOS ALTOS CÉUS,<br/>A TODOS NÓS, OS FILHOS TEUS.</lines>
    </verse>
  </lyrics>
</song>
