<?xml version='1.0' encoding='utf-8'?>
<song xmlns="http://openlyrics.info/namespace/2009/song" version="0.8" createdIn="OpenLP 1.9.9" modifiedIn="OpenLP 1.9.9" modifiedDate="2012-09-30T13:17:15">
  <properties>
    <titles>
      <title> CC 074 - GRAÇAS A JESUS</title>
    </titles>
    <authors>
      <author>CANTOR CRISTÃO</author>
    </authors>
  </properties>
  <lyrics>
    <verse name="v1">
      <lines>GRAÇAS AO BOM SALVADOR,<br/>QUE ME LIVRA DO FUROR<br/>DO FEROZ DESTRUIDOR!<br/>GRAÇAS, GRAÇAS A JESUS!</lines>
    </verse>
    <verse name="v2">
      <lines>GRAÇAS AO FIEL PASTOR,<br/>QUE MORREU POR GRANDE AMOR<br/>DESTE POBRE PECADOR!<br/>GRAÇAS, GRAÇAS A JESUS!</lines>
    </verse>
  </lyrics>
</song>
