<?xml version='1.0' encoding='utf-8'?>
<song xmlns="http://openlyrics.info/namespace/2009/song" version="0.8" createdIn="OpenLP 1.9.9" modifiedIn="OpenLP 1.9.9" modifiedDate="2012-09-30T13:17:14">
  <properties>
    <titles>
      <title> CC 063 - JESUS, O SENHOR</title>
    </titles>
    <authors>
      <author>CANTOR CRISTÃO</author>
    </authors>
  </properties>
  <lyrics>
    <verse name="v1">
      <lines>JESUS, SANTO NOME DO CRISTO DE DEUS,<br/>POR DEUS POSTO ACIMA DE TODOS, NOS CÉUS!<br/>JESUS, O BENDITO E DIVINO SENHOR;<br/>JESUS, O BONDOSO, FIEL REDENTOR!</lines>
    </verse>
    <verse name="v2">
      <lines>JESUS NAZARENO, SEM HONRAS AQUI;<br/>JESUS, DEUS EXCELSO, COM GLÓRIA ALI;<br/>JESUS, QUE SAUDAMOS, REAL SALVADOR;<br/>JESUS, QUE ACLAMAMOS, DO MUNDO O SENHOR!</lines>
    </verse>
  </lyrics>
</song>
