<?xml version='1.0' encoding='utf-8'?>
<song xmlns="http://openlyrics.info/namespace/2009/song" version="0.8" createdIn="OpenLP 1.9.9" modifiedIn="OpenLP 1.9.9" modifiedDate="2012-09-30T13:17:18">
  <properties>
    <titles>
      <title> CC 098 - JESUS TRIUNFOU</title>
    </titles>
    <authors>
      <author>CANTOR CRISTÃO</author>
    </authors>
  </properties>
  <lyrics>
    <verse name="v1">
      <lines>JESUS CRISTO ESTÁ SENTADO<br/>NO SEU TRONO DE PODER;<br/>TUDO JÁ TEM CONSUMADO<br/>DO QUE QUIS AQUI FAZER.<br/>OH, QUE GLÓRIA, OH, QUE GLÓRIA<br/>NO SENHOR SE PODE VER!</lines>
    </verse>
    <verse name="v2">
      <lines>DESDE O SEU PRIMEIRO ADVENTO<br/>EM HUMANA ENCARNAÇÃO,<br/>TÉ O PLENO CUMPRIMENTO<br/>DESSA TERREAL MISSÃO,<br/>VEMOS GLÓRIA, VEMOS GLÓRIA<br/>QUE É DOS CÉUS ADMIRAÇÃO.</lines>
    </verse>
    <verse name="v3">
      <lines>NA AGONIA EXTREMA VEMOS<br/>QUE VITÓRIA ENTÃO GANHOU;<br/>POR MORRER, NÓS COMPREENDEMOS,<br/>ELE A VIDA NOS LEGOU;<br/>COM QUE GLÓRIA, COM QUE GLÓRIA<br/>SOBRE A MORTE TRIUNFOU!</lines>
    </verse>
  </lyrics>
</song>
