<?xml version='1.0' encoding='utf-8'?>
<song xmlns="http://openlyrics.info/namespace/2009/song" version="0.8" createdIn="OpenLP 1.9.9" modifiedIn="OpenLP 1.9.9" modifiedDate="2012-09-30T13:17:12">
  <properties>
    <titles>
      <title> CC 041 - RECONHECIMENTO</title>
    </titles>
    <authors>
      <author>CANTOR CRISTÃO</author>
    </authors>
  </properties>
  <lyrics>
    <verse name="v1">
      <lines>ATÉ A CRUZ O MEU JESUS FOI POR MIM,<br/>FOI POR MIM, FOI POR MIM;<br/>ATÉ A CRUZ O MEU JESUS FOI POR MIM,<br/>MINHA ALMA PRA SALVAR!</lines>
    </verse>
  </lyrics>
</song>
