<?xml version='1.0' encoding='utf-8'?>
<song xmlns="http://openlyrics.info/namespace/2009/song" version="0.8" createdIn="OpenLP 1.9.9" modifiedIn="OpenLP 1.9.9" modifiedDate="2012-09-30T13:17:15">
  <properties>
    <titles>
      <title> CC 076 - AMIGO VERDADEIRO</title>
    </titles>
    <authors>
      <author>CANTOR CRISTÃO</author>
    </authors>
  </properties>
  <lyrics>
    <verse name="v1">
      <lines>HÁ UM AMIGO VERDADEIRO,<br/>CRISTO, O SENHOR,<br/>QUE SOFREU SOBRE O MADEIRO<br/>A NOSSA DOR.<br/>ESTE AMIGO MORIBUNDO,<br/>PADECENDO PELO MUNDO,<br/>PATENTEIA AMOR PROFUNDO.<br/>QUE GRANDE AMOR!</lines>
    </verse>
    <verse name="v2">
      <lines>VIDA ETERNA É CONHECÊ-LO,<br/>CRISTO, O SENHOR.<br/>QUEM QUISER, DEPRESSA VENHA<br/>AO REDENTOR.<br/>POR NÓS OUTROS DERRAMAVA<br/>O SEU SANGUE, POIS AMAVA<br/>OS PERDIDOS QUE CHAMAVA.<br/>QUE GRANDE AMOR!</lines>
    </verse>
    <verse name="v3">
      <lines>ONTEM, HOJE E PARA SEMPRE<br/>CRISTO, O SENHOR,<br/>É O MESMO BOM AMIGO<br/>DO PECADOR.<br/>É MANÁ PARA O DESERTO,<br/>GUIA NO MAIOR APERTO;<br/>SEU SOCORRO SEMPRE É CERTO.<br/>QUE GRANDE AMOR!</lines>
    </verse>
  </lyrics>
</song>
