<?xml version='1.0' encoding='utf-8'?>
<song xmlns="http://openlyrics.info/namespace/2009/song" version="0.8" createdIn="OpenLP 1.9.9" modifiedIn="OpenLP 1.9.9" modifiedDate="2012-09-30T13:17:17">
  <properties>
    <titles>
      <title> CC 096 - DESLUMBRANTE</title>
    </titles>
    <authors>
      <author>CANTOR CRISTÃO</author>
    </authors>
  </properties>
  <lyrics>
    <verse name="v1">
      <lines>SE NOS CEGA O SOL ARDENTE,<br/>QUANDO VISTO EM SEU FULGOR,<br/>QUEM CONTEMPLARÁ AQUELE<br/>QUE DO SOL É CRIADOR?<br/>PATRIARCAS, NEM PROFETAS<br/>O CHEGARAM A AVISTAR,<br/>NEM ADÃO CHEGOU A VÊ-LO,<br/>ANTES MESMO DE PECAR.</lines>
    </verse>
    <verse name="v2">
      <lines>LUZ, PRA A QUAL O SOL É TREVAS,<br/>QUEM TE PODE CONTEMPLAR?<br/>NOSSOS OLHOS NUS, HUMANOS,<br/>NÃO TE PODEM ENCARAR.<br/>FOGO EM CIMA DA ARCA SANTA,<br/>SARÇA ARDENTE NO SINAI,<br/>SÃO FIGURAS SÓ DA GLÓRIA<br/>DO SENHOR, DO ETERNO PAI.</lines>
    </verse>
    <verse name="v3">
      <lines>PARA TERMOS NÓS COM ELE<br/>FRANCA E DOCE COMUNHÃO,<br/>CRISTO, O FILHO, FEZ-SE CARNE,<br/>FEZ-SE NOSSA REDENÇÃO.<br/>PARA QUE NA GLÓRIA ETERNA<br/>NÓS MIREMO-LO SEM VÉU,<br/>CRISTO PADECEU A MORTE,<br/>NOVA ENTRADA ABRINDO AO CÉU.</lines>
    </verse>
  </lyrics>
</song>
