<?xml version='1.0' encoding='utf-8'?>
<song xmlns="http://openlyrics.info/namespace/2009/song" version="0.8" createdIn="OpenLP 1.9.9" modifiedIn="OpenLP 1.9.9" modifiedDate="2012-09-30T13:17:11">
  <properties>
    <titles>
      <title> CC 032 - CRISTO EM BELÉM</title>
    </titles>
    <authors>
      <author>CANTOR CRISTÃO</author>
    </authors>
  </properties>
  <lyrics>
    <verse name="v1">
      <lines>ALTA NOITE ESTÃO PASTORES<br/>DE BELÉM NO DERREDOR;<br/>E OS CERCOU DE RESPLENDORES<br/>LUZ CELESTE DO SENHOR.</lines>
    </verse>
    <verse name="v2">
      <lines>GLÓRIA A DEUS E PAZ BENDITA,<br/>EIS O CANTO ANGELICAL<br/>PARA TODA A GENTE AFLITA!<br/>TÃO GLORIOSO E TRIUNFAL!</lines>
    </verse>
    <verse name="v3">
      <lines>VER JESUS NA MANJEDOURA,<br/>ONDE VEIO REPOUSAR,<br/>QUEREM ELES SEM DEMORA,<br/>PARA A NOVA CONFIRMAR.</lines>
    </verse>
    <verse name="v4">
      <lines>O SENHOR DE QUANTO EXISTE<br/>QUIS PASTORES PROCURAR,<br/>PARA DESTE BERÇO TRISTE<br/>SUAS NOVAS PROCLAMAR.</lines>
    </verse>
    <verse name="v5">
      <lines>""""NOVAS TENHO... DAR-VOS VENHO"""",<br/>   DISSE UM ANJO COM DULÇOR;<br/>   """"EIS QUE É NADO O BEM-AMADO,<br/>   JESUS CRISTO, O SALVADOR.""""</lines>
    </verse>
  </lyrics>
</song>
