<?xml version='1.0' encoding='utf-8'?>
<song xmlns="http://openlyrics.info/namespace/2009/song" version="0.8" createdIn="OpenLP 1.9.9" modifiedIn="OpenLP 1.9.9" modifiedDate="2012-09-30T13:17:10">
  <properties>
    <titles>
      <title> CC 027 - NATAL</title>
    </titles>
    <authors>
      <author>CANTOR CRISTÃO</author>
    </authors>
  </properties>
  <lyrics>
    <verse name="v1">
      <lines>EIS DOS ANJOS A HARMONIA,<br/>CANTAM GLÓRIA AO NOVO REI;<br/>PAZ AOS HOMENS E ALEGRIA,<br/>PAZ COM DEUS E SUAVE LEI.<br/>OUÇAM POVOS EXULTANTES,<br/>ERGAM SALMOS TRIUNFANTES,<br/>ACLAMANDO O SEU SENHOR;<br/>NASCE CRISTO, O REDENTOR.</lines>
    </verse>
    <verse name="v2">
      <lines>CANTE O POVO RESGATADO:<br/>""""GLÓRIA AO PRÍNCIPE DA PAZ.""""<br/>DEUS, EM CRISTO REVELADO,<br/>VIDA E LUZ AO MUNDO TRAZ.<br/>NASCE PRA QUE RENASÇAMOS;<br/>VIVE PARA QUE VIVAMOS;<br/>REI, PROFETA E SALVADOR!<br/>LOUVEM TODOS AO SENHOR!</lines>
    </verse>
    <verse name="v3">
      <lines>TODA A TERRA E ALTOS CÉUS<br/>   CANTEM GLÓRIA AO HOMEM-DEUS!</lines>
    </verse>
  </lyrics>
</song>
