<?xml version='1.0' encoding='utf-8'?>
<song xmlns="http://openlyrics.info/namespace/2009/song" version="0.8" createdIn="OpenLP 1.9.9" modifiedIn="OpenLP 1.9.9" modifiedDate="2012-09-30T13:17:09">
  <properties>
    <titles>
      <title> CC 012 - LOUVAMOS</title>
    </titles>
    <authors>
      <author>CANTOR CRISTÃO</author>
    </authors>
  </properties>
  <lyrics>
    <verse name="v1">
      <lines>LOUVAMOS, LOUVAMOS, <br/>SENHOR, E ADORAMOS<br/>A TI, Ó DEUS-HOMEM <br/>NO CÉU ASSENTADO,<br/>QUE EM TEMPO DEVIDO, <br/>NA TERRA HUMILHADO, <br/>POR NOSSOS PECADOS <br/>MORRESTE NA CRUZ.</lines>
    </verse>
    <verse name="v2">
      <lines>LOUVAMOS, LOUVAMOS, <br/>SENHOR, E ADORAMOS<br/>A TI QUE A JUSTIÇA <br/>DE DEUS SUSTENTASTE,<br/>A PENA SOFRENDO <br/>POR NÓS MERECIDA,<br/>A VIDA DEPONDO <br/>PRA ASSIM NOS REMIR.</lines>
    </verse>
    <verse name="v3">
      <lines>LOUVAMOS, LOUVAMOS, <br/>SENHOR, E ADORAMOS<br/>A GLÓRIA DIVINA <br/>POR TI REVELADA,<br/>QUE PARA NÓS BRILHA<br/>NA LUZ ESPLENDENTE,<br/>FAZENDO-NOS VER<br/>A REAL PERFEIÇÃO.</lines>
    </verse>
    <verse name="v4">
      <lines>EM TI CONCILIA-SE A <br/>SANTA JUSTIÇA, <br/>QUE NÃO PODE A CULPA <br/>DEIXAR SEM CASTIGO,<br/>COM A COMPAIXÃO Q<br/>UE POR GRAÇA RECEBE<br/>E EXIME DE CULPAS <br/>O RÉU PECADOR.</lines>
    </verse>
  </lyrics>
</song>
