<?xml version='1.0' encoding='utf-8'?>
<song xmlns="http://openlyrics.info/namespace/2009/song" version="0.8" createdIn="OpenLP 1.9.9" modifiedIn="OpenLP 1.9.9" modifiedDate="2012-09-30T13:17:09">
  <properties>
    <titles>
      <title> CC 015 - EXULTAÇÃO</title>
    </titles>
    <authors>
      <author>CANTOR CRISTÃO</author>
    </authors>
  </properties>
  <lyrics>
    <verse name="v1">
      <lines>A DEUS DEMOS GLÓRIA, COM GRANDE FERVOR;<br/>SEU FILHO BENDITO POR NÓS TODOS DEU;<br/>A GRAÇA CONCEDE AO MAIS VIL PECADOR,<br/>ABRINDO-LHE A PORTA DE ENTRADA NO CÉU.</lines>
    </verse>
    <verse name="v2">
      <lines>EXULTAI! EXULTAI! VINDE TODOS LOUVAR<br/>   A JESUS, SALVADOR, A JESUS, REDENTOR;<br/>   A DEUS DEMOS GLÓRIA, PORQUANTO DO CÉU<br/>   SEU FILHO BENDITO POR NÓS TODOS DEU.</lines>
    </verse>
    <verse name="v3">
      <lines>OH! GRAÇA REAL, FOI ASSIM QUE JESUS,<br/>MORRENDO, SEU SANGUE POR NÓS DERRAMOU!<br/>HERANÇA NOS CÉUS, COM OS SANTOS EM LUZ,<br/>COMPROU-NOS JESUS, POIS O PREÇO PAGOU.</lines>
    </verse>
    <verse name="v4">
      <lines>A CRER NOS CONVIDA TAL RASGO DE AMOR,<br/>NOS MERECIMENTOS DO FILHO DE DEUS;<br/>E QUEM, POIS, CONFIA NO SEU SALVADOR,<br/>VAI VÊ-LO SENTADO NA GLÓRIA DOS CÉUS.</lines>
    </verse>
  </lyrics>
</song>
