<?xml version='1.0' encoding='utf-8'?>
<song xmlns="http://openlyrics.info/namespace/2009/song" version="0.8" createdIn="OpenLP 1.9.9" modifiedIn="OpenLP 1.9.9" modifiedDate="2012-09-30T13:17:17">
  <properties>
    <titles>
      <title> CC 093 - SÓ NO SANGUE</title>
    </titles>
    <authors>
      <author>CANTOR CRISTÃO</author>
    </authors>
  </properties>
  <lyrics>
    <verse name="v1">
      <lines>QUEM ME PODERÁ SALVAR?<br/>CRISTO, QUE VERTEU SEU SANGUE.<br/>ONDE AS MANCHAS VOU LIMPAR?<br/>SÓ NO SEU PRECIOSO SANGUE.</lines>
    </verse>
    <verse name="v2">
      <lines>OH, QUE PRECIOSA PAZ,<br/>   QUE VEM DA SUA CRUZ!<br/>   A QUAL ME DÁ JESUS<br/>   PELO SEU PRECIOSO SANGUE!</lines>
    </verse>
    <verse name="v3">
      <lines>VEJO A MINHA SALVAÇÃO<br/>SÓ NO SEU PRECIOSO SANGUE.<br/>DEUS CONCEDE-ME PERDÃO<br/>SÓ NO SEU PRECIOSO SANGUE.</lines>
    </verse>
    <verse name="v4">
      <lines>DELE VEM PERFEITA PAZ<br/>PELO SEU PRECIOSO SANGUE;<br/>INFALÍVEL E EFICAZ,<br/>ESSE TÃO PRECIOSO SANGUE.</lines>
    </verse>
    <verse name="v5">
      <lines>MINHA JUSTIFICAÇÃO<br/>TENHO NO PRECIOSO SANGUE;<br/>GOZO TRAZ AO CORAÇÃO<br/>ESSE TÃO PRECIOSO SANGUE.</lines>
    </verse>
    <verse name="v6">
      <lines>ENTRAREI NO CÉU, ENFIM,<br/>PELO SEU PRECIOSO SANGUE;<br/>LOUVAREI, ENTÃO, SEM FIM,<br/>ESSE TÃO PRECIOSO SANGUE.</lines>
    </verse>
  </lyrics>
</song>
