<?xml version='1.0' encoding='utf-8'?>
<song xmlns="http://openlyrics.info/namespace/2009/song" version="0.8" createdIn="OpenLP 1.9.9" modifiedIn="OpenLP 1.9.9" modifiedDate="2012-09-30T13:17:10">
  <properties>
    <titles>
      <title> CC 024 - DEUS É AMOR</title>
    </titles>
    <authors>
      <author>CANTOR CRISTÃO</author>
    </authors>
  </properties>
  <lyrics>
    <verse name="v1">
      <lines>DEUS É AMOR. A SUA GRAÇA<br/>CONQUISTOU MEU CORAÇÃO;<br/>CONCEDEU-ME VIDA ETERNA,<br/>PAZ E LUZ E SALVAÇÃO.</lines>
    </verse>
    <verse name="v2">
      <lines>DEUS É AMOR. EIS TUDO ACABA<br/>NESTE MUNDO DE AMARGOR;<br/>SÓ PERDURA INALTERÁVEL<br/>SEU INFINDO E ETERNO AMOR.</lines>
    </verse>
    <verse name="v3">
      <lines>DEUS É AMOR. POIS CUIDA SEMPRE<br/>DO SEU FILHO BOM, FIEL.<br/>ELE INSPIRA, GUIA E LIVRA,<br/>COMO AO POVO DE ISRAEL.</lines>
    </verse>
    <verse name="v4">
      <lines>DEUS É AMOR. VEM, AUXILIA<br/>A ESTE POBRE PECADOR;<br/>PERDOADO, AGORA ALMEJA<br/>PROCLAMAR O TEU AMOR!</lines>
    </verse>
    <verse name="v5">
      <lines>DEUS É AMOR, SIM, DEUS É AMOR.<br/>   DEUS É AMOR, SIM, DEUS É AMOR.</lines>
    </verse>
  </lyrics>
</song>
