<?xml version='1.0' encoding='utf-8'?>
<song xmlns="http://openlyrics.info/namespace/2009/song" version="0.8" createdIn="OpenLP 1.9.9" modifiedIn="OpenLP 1.9.9" modifiedDate="2012-09-30T13:17:16">
  <properties>
    <titles>
      <title> CC 086 - SANGUE PRECIOSO</title>
    </titles>
    <authors>
      <author>CANTOR CRISTÃO</author>
    </authors>
  </properties>
  <lyrics>
    <verse name="v1">
      <lines>OH, QUE TÃO PRECIOSO SANGUE<br/>MEU SENHOR VERTEU,<br/>QUANDO, PARA RESGATAR-NOS,<br/>            PADECEU!</lines>
    </verse>
    <verse name="v2">
      <lines>OH, QUE TÃO PRECIOSO SANGUE!<br/>FALA-NOS DE PAZ;<br/>TUDO QUANTO A LEI EXIGE<br/>            SATISFAZ!</lines>
    </verse>
    <verse name="v3">
      <lines>OH, QUE TÃO PRECIOSO SANGUE!<br/>TRAZ-NOS SALVAÇÃO;<br/>DEUS POR ELE DÁ AOS CRENTES<br/>            O PERDÃO!</lines>
    </verse>
    <verse name="v4">
      <lines>OH, QUE TÃO PRECIOSO SANGUE<br/>DO MEU SALVADOR!<br/>POIS QUE A TODOS A MANIFESTA<br/>            SEU AMOR!</lines>
    </verse>
    <verse name="v5">
      <lines>OH, QUE TÃO PRECIOSO SANGUE,<br/>QUE LIBERTA OS RÉUS!<br/>PODEM TER PODE POR ELE ENTRADA<br/>            LÁ NOS CÉUS!</lines>
    </verse>
  </lyrics>
</song>
