<?xml version='1.0' encoding='utf-8'?>
<song xmlns="http://openlyrics.info/namespace/2009/song" version="0.8" createdIn="OpenLP 1.9.9" modifiedIn="OpenLP 1.9.9" modifiedDate="2012-09-30T13:17:16">
  <properties>
    <titles>
      <title> CC 084 - A CRUZ</title>
    </titles>
    <authors>
      <author>CANTOR CRISTÃO</author>
    </authors>
  </properties>
  <lyrics>
    <verse name="v1">
      <lines>CRISTO, EM TUA CRUZ HÁ GLÓRIA,<br/>DOMINANDO O CAOS MAIOR;<br/>TODA A LUZ DA SACRA HISTÓRIA<br/>SE CONCENTRA AO SEU REDOR.</lines>
    </verse>
    <verse name="v2">
      <lines>SE ME ABATEM VIS TEMORES,<br/>E A ESPERANÇA SE DESFAZ,<br/>É NA CRUZ QUE ENCONTRO FLORES;<br/>DELA VEM PRAZER E PAZ.</lines>
    </verse>
    <verse name="v3">
      <lines>SE O SOL BRILHA DA VENTURA,<br/>ALEGRANDO O MEU VIVER,<br/>LÁ DA CRUZ A LUZ FULGURA<br/>E ME TRAZ MAIOR PRAZER.</lines>
    </verse>
    <verse name="v4">
      <lines>POR IGUAL, JÁ SÃO BENDITAS<br/>A VENTURA E A DOR, NA CRUZ;<br/>ALEGRIAS INAUDITAS<br/>NELA TROUXE O BOM JESUS.</lines>
    </verse>
  </lyrics>
</song>
