<?xml version='1.0' encoding='utf-8'?>
<song xmlns="http://openlyrics.info/namespace/2009/song" version="0.8" createdIn="OpenLP 1.9.9" modifiedIn="OpenLP 1.9.9" modifiedDate="2012-09-30T13:17:12">
  <properties>
    <titles>
      <title> CC 042 - REALIZAÇÃO</title>
    </titles>
    <authors>
      <author>CANTOR CRISTÃO</author>
    </authors>
  </properties>
  <lyrics>
    <verse name="v1">
      <lines>JESUS, AGORA, SIM, EU SEI,<br/>QUÃO GRANDE É TEU AMOR,<br/>POIS SALVAÇÃO EM TI ACHEI!<br/>ACEITA O MEU LOUVOR.</lines>
    </verse>
    <verse name="v2">
      <lines>JAMAIS DESCANSO CONHECI,<br/>INÚTIL SEMPRE SOU;<br/>MAS CRISTO SE LEMBROU DE MIM,<br/>DE GRAÇA ME SALVOU.</lines>
    </verse>
    <verse name="v3">
      <lines>COMIGO, CRENTES, EXALTAI<br/>O GRANDE SALVADOR;<br/>POIS TUDO CRISTO ME SUPRIU,<br/>EMBORA PECADOR.</lines>
    </verse>
    <verse name="v4">
      <lines>LOUVOR, LOUVOR A TI DAREI,<br/>Ó CRISTO, MEU SENHOR;<br/>PROFETA, SACERDOTE E REI,<br/>DO MUNDO O SALVADOR.</lines>
    </verse>
    <verse name="v5">
      <lines>ÉS TU, JESUS, MEU SALVADOR,<br/>   POR TI EU TENHO PAZ;<br/>   JESUS, A TI LOUVOR DAREI,<br/>   POIS TUDO TU ME DÁS.</lines>
    </verse>
  </lyrics>
</song>
