<?xml version='1.0' encoding='utf-8'?>
<song xmlns="http://openlyrics.info/namespace/2009/song" version="0.8" createdIn="OpenLP 1.9.9" modifiedIn="OpenLP 1.9.9" modifiedDate="2012-09-30T13:17:09">
  <properties>
    <titles>
      <title> CC 014 - O DEUS DE ABRAÃO</title>
    </titles>
    <authors>
      <author>CANTOR CRISTÃO</author>
    </authors>
  </properties>
  <lyrics>
    <verse name="v1">
      <lines>AO DEUS DE ABRAÃO LOUVAI,<br/>DO VASTO CÉU SENHOR,<br/>ETERNO E PODEROSO PAI,<br/>E DEUS DE AMOR,<br/>AUGUSTO DEUS JEOVÁ,<br/>QUE TERRA E CÉU CRIOU,<br/>MINHA ALMA O NOME ABENÇOARÁ<br/>DO GRANDE EU-SOU.</lines>
    </verse>
    <verse name="v2">
      <lines>AO DEUS DE ABRAÃO LOUVAI;<br/>EIS, POR MANDADO SEU,<br/>MINHA ALMA DEIXA A TERRA E VAI<br/>GOZAR NO CÉU.<br/>O MUNDO DESPREZEI,<br/>SEU LUCRO E SEU LOUVOR,<br/>E DEUS POR MEU QUINHÃO TOMEI<br/>E PROTETOR.</lines>
    </verse>
    <verse name="v3">
      <lines>MEU GUIA DEUS SERÁ;<br/>SEU INFINITO AMOR<br/>FELIZ EM TUDO ME FARÁ<br/>POR ONDE EU FOR.<br/>TOMOU-ME PELA MÃO,<br/>EM TREVAS DEU-ME LUZ,<br/>E DÁ-ME ETERNA SALVAÇÃO<br/>POR MEU JESUS.</lines>
    </verse>
    <verse name="v4">
      <lines>MEU DEUS POR SI JUROU,<br/>E NELE CONFIEI,<br/>E PARA O CÉU QUE PREPAROU<br/>EU SUBIREI.<br/>SEU ROSTO IREI EU VER,<br/>FIADO EM SEU AMOR,<br/>E EU HEI DE SEMPRE ENGRANDECER<br/>MEU REDENTOR.</lines>
    </verse>
  </lyrics>
</song>
