<?xml version='1.0' encoding='utf-8'?>
<song xmlns="http://openlyrics.info/namespace/2009/song" version="0.8" createdIn="OpenLP 1.9.9" modifiedIn="OpenLP 1.9.9" modifiedDate="2012-09-30T13:17:15">
  <properties>
    <titles>
      <title> CC 075 - QUE GRANDE AMIGO</title>
    </titles>
    <authors>
      <author>CANTOR CRISTÃO</author>
    </authors>
  </properties>
  <lyrics>
    <verse name="v1">
      <lines>QUE GRANDE AMIGO É MEU JESUS,<br/>TÃO SANTO, BOM E TERNO!<br/>SEM OUTRO IGUAL, O SEU PODER,<br/>E O SEU AMOR, SUPERNO.<br/>PARA ESTA OVELHA SEM VIGOR<br/>OLHOU COM SIMPATIA,<br/>E SUA TÃO BONDOSA MÃO<br/>SERVIU-ME, ENTÃO, DE GUIA.</lines>
    </verse>
    <verse name="v2">
      <lines>QUE GRANDE AMIGO É MEU JESUS,<br/>DE LONGE QUIS BUSCAR-ME!<br/>DESCEU, CHEGOU, SOFREU, PENOU,<br/>MORREU PRA RESGATAR-ME!<br/>AS GLÓRIAS DO SEU SANTO LAR<br/>RENOVAM MEU ALENTO,<br/>POIS EM BREVE ESPERO RECEBER<br/>O SEU ACOLHIMENTO.</lines>
    </verse>
    <verse name="v3">
      <lines>QUE GRANDE AMIGO É MEU JESUS,<br/>MEU GUIA TÃO PRUDENTE,<br/>MEU PROTETOR TÃO IDEAL,<br/>E CAPITÃO VALENTE!<br/>SOU DE JESUS, JESUS É MEU,<br/>POR TEMPOS SEMPITERNOS,<br/>E GOZAREI DE DEUS NO CÉU<br/>FAVORES SEUS PATERNOS.</lines>
    </verse>
  </lyrics>
</song>
