<?xml version='1.0' encoding='utf-8'?>
<song xmlns="http://openlyrics.info/namespace/2009/song" version="0.8" createdIn="OpenLP 1.9.9" modifiedIn="OpenLP 1.9.9" modifiedDate="2013-11-10T21:45:11">
  <properties>
    <titles>
      <title> CC 089 - O PODER DO SANGUE</title>
    </titles>
    <verseOrder>v1 v2 v3 v2 v4 v2 v5 v2</verseOrder>
    <authors>
      <author>CANTOR CRISTÃO</author>
    </authors>
  </properties>
  <lyrics>
    <verse name="v1">
      <lines>DO TEU PECADO TE QUERES LIVRAR<br/>SEU SANGUE TEM PODER, SIM TEM PODER.<br/>ALMEJAS TU DO MALIGNO ESCAPAR?<br/>SEU SANGUE TEM ESTE PODER.</lines>
    </verse>
    <verse name="v2">
      <lines>HÁ PODER, SIM, FORÇA SEM IGUAL,<br/>   SÓ NO SANGUE DE JESUS;<br/>   HÁ PODER, SIM, PROVA-O, PECADOR,<br/>   OH, ACEITA O DOM DE JESUS!</lines>
    </verse>
    <verse name="v3">
      <lines>QUERES COM TUA VAIDADE ACABAR?<br/>SEU SANGUE HÁ PODER, SIM, TEM PODER.<br/>VÍCIOS, PAIXÕES, QUERES TU DOMINAR?<br/>SEU SANGUE TEM ESTE PODER.</lines>
    </verse>
    <verse name="v4">
      <lines>TEU CORAÇÃO QUERES PURIFICAR?<br/>SEU SANGUE TEM PODER, SIM, TEM PODER.<br/>TODAS AS MANCHAS TE PODE TIRAR;<br/>SEU SANGUE TEM ESTE PODER.</lines>
    </verse>
    <verse name="v5">
      <lines>QUERES ENTRAR NO SERVIÇO REAL?<br/>SEU SANGUE TEM PODER, SIM, TEM PODER.<br/>QUERES TEMBÉM SER UM SERVO LEAL?<br/>TERÁS NO SEU SANGUE O PODER.</lines>
    </verse>
  </lyrics>
</song>
