<?xml version='1.0' encoding='utf-8'?>
<song xmlns="http://openlyrics.info/namespace/2009/song" version="0.8" createdIn="OpenLP 1.9.9" modifiedIn="OpenLP 1.9.9" modifiedDate="2012-09-30T13:17:15">
  <properties>
    <titles>
      <title> CC 069 - ALELUIA</title>
    </titles>
    <authors>
      <author>CANTOR CRISTÃO</author>
    </authors>
  </properties>
  <lyrics>
    <verse name="v1">
      <lines>ALELUIA! ALELUIA!<br/>GRATOS HINOS ENTOAI!<br/>JUBILOSOS E CONTENTES<br/>HINOS A JESUS CANTAI!<br/>PRA LIVRAR-NOS DO PECADO<br/>TRISTE MORTE PADECEU,<br/>E DA MORTE TRIUNFANDO,<br/>ELE VIDA ETERNA DEU.</lines>
    </verse>
    <verse name="v2">
      <lines>JESUS CRISTO, O REI DA GLÓRIA,<br/>O PECADO ANIQUILOU!<br/>E ALCANÇOU A MESMA BÊNÇÃO<br/>PARA OS QUE ELE RESGATOU.<br/>EIS MILHARES DE MILHARES<br/>A PRESTAR-LHE ADORAÇÃO,<br/>DESCOBRINDO, NA SUA OBRA,<br/>VIDA, LUZ E SALVAÇÃO.</lines>
    </verse>
    <verse name="v3">
      <lines>ALELUIA! ALELUIA!<br/>A JESUS TODO O LOUVOR!<br/>ALELUIA ETERNAMENTE,<br/>AO BENDITO REDENTOR!<br/>ALELUIA AO ESPÍRITO SANTO,<br/>QUE NOS DÁ CONSOLO E PAZ;<br/>ALELUIA AO PAI ETERNO,<br/>DEUS DA GRAÇA, DEUS DA PAZ!</lines>
    </verse>
  </lyrics>
</song>
