<?xml version='1.0' encoding='utf-8'?>
<song xmlns="http://openlyrics.info/namespace/2009/song" version="0.8" createdIn="OpenLP 1.9.9" modifiedIn="OpenLP 1.9.9" modifiedDate="2012-09-30T13:17:12">
  <properties>
    <titles>
      <title> CC 046 - JESUS ME TRANSFORMOU</title>
    </titles>
    <authors>
      <author>CANTOR CRISTÃO</author>
    </authors>
  </properties>
  <lyrics>
    <verse name="v1">
      <lines>EU, PERDIDO PECADOR,<br/>LONGE DO MEU JESUS,<br/>JÁ ME ACHAVA SEM VIGOR,<br/>A PERECER SEM LUZ;<br/>MEU ESTADO CRISTO VIU,<br/>DANDO-ME SUA MÃO,<br/>E SALVAR-ME CONSEGUIU,<br/>DA PERDIÇÃO.</lines>
    </verse>
    <verse name="v2">
      <lines>MINHA VIDA, TODO O SER,<br/>QUERO-LHE CONSAGRAR;<br/>A SEU LADO VOU VIVER,<br/>O SEU AMOR SEM CANTAR,<br/>A MENSAGEM TRANSMITIR<br/>AOS QUE PERDIDOS SÃO.<br/>VENHAM TODOS JÁ FRUIR<br/>A SALVAÇÃO.</lines>
    </verse>
    <verse name="v3">
      <lines>CRISTO ME AMOU, E ME LIVROU;<br/>   O SEU IMENSO AMOR<br/>   ME TRANSFORMOU<br/>   FOI SEU PODER, O SEU QUERER,<br/>   SIM CRISTO, O SALVADOR,<br/>   ME TRANSFORMOU.</lines>
    </verse>
  </lyrics>
</song>
