<?xml version='1.0' encoding='utf-8'?>
<song xmlns="http://openlyrics.info/namespace/2009/song" version="0.8" createdIn="OpenLP 1.9.9" modifiedIn="OpenLP 1.9.9" modifiedDate="2012-09-30T13:17:13">
  <properties>
    <titles>
      <title> CC 048 - SALVAÇÃO</title>
    </titles>
    <authors>
      <author>CANTOR CRISTÃO</author>
    </authors>
  </properties>
  <lyrics>
    <verse name="v1">
      <lines>CANTAI A CRISTO, SALVADOR,<br/>QUE TANTO NOS AMOU;<br/>E, PARA NOSSA SALVAÇÃO,<br/>SEU SANGUE DERRAMOU.</lines>
    </verse>
    <verse name="v2">
      <lines>SALVAÇÃO! SALVAÇÃO!<br/>   QUE DIMANA DO FILHO DE DEUS!<br/>   SALVAÇÃO! SALVAÇÃO!<br/>   ALELUIA A JESUS, NOSSO DEUS!</lines>
    </verse>
    <verse name="v3">
      <lines>MIRAI O AMOR QUE É PERENAL,<br/>O AMOR DO GRANDE DEUS;<br/>TÃO VASTO, PURO, TÃO VERAZ,<br/>PERDOA OS ERROS MEUS.</lines>
    </verse>
    <verse name="v4">
      <lines>LOUVOR A CRISTO, REDENTOR,<br/>DEVEMOS ENTOAR,<br/>E DAR A TODOS CONHECER<br/>QUE CRISTO OS QUER SALVAR.</lines>
    </verse>
  </lyrics>
</song>
