<?xml version='1.0' encoding='utf-8'?>
<song xmlns="http://openlyrics.info/namespace/2009/song" version="0.8" createdIn="OpenLP 1.9.9" modifiedIn="OpenLP 1.9.9" modifiedDate="2012-09-30T13:17:16">
  <properties>
    <titles>
      <title> CC 080 - CORAÇÃO PURIFICADO</title>
    </titles>
    <authors>
      <author>CANTOR CRISTÃO</author>
    </authors>
  </properties>
  <lyrics>
    <verse name="v1">
      <lines>A JESUS COM FÉ CHEGANDO,<br/>ACHO PLENA SALVAÇÃO,<br/>E SEU SANGUE ME LEVANDO,<br/>TORNA PURO O CORAÇÃO.</lines>
    </verse>
  </lyrics>
</song>
