<?xml version='1.0' encoding='utf-8'?>
<song xmlns="http://openlyrics.info/namespace/2009/song" version="0.8" createdIn="OpenLP 1.9.9" modifiedIn="OpenLP 1.9.9" modifiedDate="2012-09-30T13:17:15">
  <properties>
    <titles>
      <title> CC 070 - NOME ADORÁVEL</title>
    </titles>
    <authors>
      <author>CANTOR CRISTÃO</author>
    </authors>
  </properties>
  <lyrics>
    <verse name="v1">
      <lines>MUI DOCE SOA AO CORAÇÃO<br/>DO POBRE PECADOR<br/>O NOME QUE LHE DÁ PERDÃO -<br/>JESUS, O SALVADOR.</lines>
    </verse>
    <verse name="v2">
      <lines>JESUS, MEU REI, MEU SALVADOR,<br/>MEU TERNO E BOM PASTOR,<br/>MEU ADVOGADO, MEU SENHOR,<br/>MEU FORTE REDENTOR.</lines>
    </verse>
    <verse name="v3">
      <lines>BENDITO O NOME DE JESUS,<br/>EM TI ESPERAREI;<br/>TU, QUE MORRESTE SOBRE A CRUZ,<br/>EM TI CONFIAREI.</lines>
    </verse>
    <verse name="v4">
      <lines>JESUS, É SÓ PENSAR EM TI<br/>MINHA AFLIÇÃO DESFAZ;<br/>E O VER-TE BEM MELHOR SERÁ;<br/>É DESCANSAR EM PAZ.</lines>
    </verse>
  </lyrics>
</song>
