<?xml version='1.0' encoding='utf-8'?>
<song xmlns="http://openlyrics.info/namespace/2009/song" version="0.8" createdIn="OpenLP 1.9.9" modifiedIn="OpenLP 1.9.9" modifiedDate="2012-09-30T13:17:09">
  <properties>
    <titles>
      <title> CC 019 - BOA NOVA</title>
    </titles>
    <authors>
      <author>CANTOR CRISTÃO</author>
    </authors>
  </properties>
  <lyrics>
    <verse name="v1">
      <lines>ALEGRE NOVA NOS CHEGOU:<br/>O GRANDE DEUS ASSIM AMOU<br/>A TODO O MUNDO PECADOR,<br/>QUE DEU SEU FILHO BENFEITOR<br/>EM SUA REDENÇÃO.</lines>
    </verse>
    <verse name="v2">
      <lines>AQUELE, POIS, QUE EM CRISTO CRER,<br/>A VIDA ETERNA PASSA A TER;<br/>JAMAIS A MORTE VAI PROVAR;<br/>NO CÉU, PORÉM, IRÁ GOZAR<br/>A PLENA SALVAÇÃO.</lines>
    </verse>
    <verse name="v3">
      <lines>MISTER É CRISTO CONHECER,<br/>E DELE EM TUDO DEPENDER,<br/>GUARDAR A SUA SANTA LEI,<br/>E COROÁ-LO NOSSO REI<br/>DE TODO O CORAÇÃO.</lines>
    </verse>
    <verse name="v4">
      <lines>Ó MUNDO TODO, A CRISTO VEM,<br/>AO QUE CONCEDE TODO O BEM,<br/>QUE PODERÁ TORNAR FELIZ<br/>A CADA POVO E SEU PAÍS,<br/>COM SUA PROVAÇÃO!</lines>
    </verse>
  </lyrics>
</song>
