<?xml version='1.0' encoding='utf-8'?>
<song xmlns="http://openlyrics.info/namespace/2009/song" version="0.8" createdIn="OpenLP 1.9.9" modifiedIn="OpenLP 1.9.9" modifiedDate="2012-09-30T13:17:17">
  <properties>
    <titles>
      <title> CC 091 - SANGUE DE JESUS</title>
    </titles>
    <authors>
      <author>CANTOR CRISTÃO</author>
    </authors>
  </properties>
  <lyrics>
    <verse name="v1">
      <lines>O SANGUE TÃO PRECIOSO DE JESUS<br/>DO PECADO PURIFICA;<br/>O SANGUE DE JESUS ME PURIFICA;<br/>MESMO, MESMO A MIM.</lines>
    </verse>
  </lyrics>
</song>
