<?xml version='1.0' encoding='utf-8'?>
<song xmlns="http://openlyrics.info/namespace/2009/song" version="0.8" createdIn="OpenLP 1.9.9" modifiedIn="OpenLP 1.9.9" modifiedDate="2012-09-30T13:17:15">
  <properties>
    <titles>
      <title> CC 078 - TUDO DE GRAÇA</title>
    </titles>
    <authors>
      <author>CANTOR CRISTÃO</author>
    </authors>
  </properties>
  <lyrics>
    <verse name="v1">
      <lines>SIM, DE GRAÇA, CRISTO DÁ-ME PAZ E PERDÃO,<br/>INEFÁVEL ALEGRIA, PLENA SALVAÇÃO.</lines>
    </verse>
  </lyrics>
</song>
