<?xml version='1.0' encoding='utf-8'?>
<song xmlns="http://openlyrics.info/namespace/2009/song" version="0.8" createdIn="OpenLP 1.9.9" modifiedIn="OpenLP 1.9.9" modifiedDate="2012-09-30T13:17:11">
  <properties>
    <titles>
      <title> CC 029 - NASCE JESUS</title>
    </titles>
    <authors>
      <author>CANTOR CRISTÃO</author>
    </authors>
  </properties>
  <lyrics>
    <verse name="v1">
      <lines>O POVO, SIM, COBERTO<br/>DE DENSAS TREVAS, PERTO<br/>DO ABISMO E NÃO DESPERTO,<br/>VÊ, SURPRESO, UM GRANDE E<br/>DIVINAL CLARÃO!</lines>
    </verse>
    <verse name="v2">
      <lines>CUMPRINDO AS PROFECIAS<br/>NOS NASCE O REI MESSIAS;<br/>EM HORAS TÃO SOMBRIAS<br/>CADA POVO EM TREVAS VÊ O SEU CLARÃO!</lines>
    </verse>
    <verse name="v3">
      <lines>JESUS, O REI DA GLÓRIA,<br/>HUMILDE EM SUA HISTÓRIA,<br/>A TODOS DÁ VITÓRIA;<br/>VINDE VER O CRISTO EM SUA HUMILHAÇÃO!</lines>
    </verse>
    <verse name="v4">
      <lines>Ó NOVA ALEGRE E BOA!<br/>NO CÉU AZUL RESSOA<br/>QUE CRISTO NOS PERDOA.<br/>ACEITAI-O, Ó POVOS; DAI-LHE O CORAÇÃO!</lines>
    </verse>
    <verse name="v5">
      <lines>É JESUS QUE NASCE, AUTOR DA SALVAÇÃO!<br/>   CRISTO AMADO A TODOS TRAZ A REDENÇÃO!<br/>   O CORO ANGELICAL, NUM HINO TRIUNFAL,<br/>   PROCLAMA O CRISTO, COM ADORAÇÃO!</lines>
    </verse>
  </lyrics>
</song>
