<?xml version='1.0' encoding='utf-8'?>
<song xmlns="http://openlyrics.info/namespace/2009/song" version="0.8" createdIn="OpenLP 1.9.9" modifiedIn="OpenLP 1.9.9" modifiedDate="2012-09-30T13:17:15">
  <properties>
    <titles>
      <title> CC 072 - AMIGO SEM IGUAL</title>
    </titles>
    <authors>
      <author>CANTOR CRISTÃO</author>
    </authors>
  </properties>
  <lyrics>
    <verse name="v1">
      <lines>AMIGO SEM IGUAL! AMIGO SEM IGUAL!<br/>O MEU JESUS EM MEU LUGAR<br/>MORREU PRA ME SALVAR!<br/>AMIGO SEM IGUAL! AMIGO SEM IGUAL!<br/>SEU GRANDE AMOR NÃO MUDARÁ,<br/>E NUNCA FALHARÁ!</lines>
    </verse>
    <verse name="v2">
      <lines>AMIGO SEM IGUAL! AMIGO SEM IGUAL!<br/>PERTO ELE ESTÁ E QUER SALVAR<br/>QUEM NELE CONFIAR.<br/>AMIGO SEM IGUAL! AMIGO SEM IGUAL!<br/>CONVIDA COM IMENSO AMOR<br/>A TODO PECADOR!</lines>
    </verse>
  </lyrics>
</song>
