<?xml version='1.0' encoding='utf-8'?>
<song xmlns="http://openlyrics.info/namespace/2009/song" version="0.8" createdIn="OpenLP 1.9.9" modifiedIn="OpenLP 1.9.9" modifiedDate="2012-12-02T21:46:50">
  <properties>
    <titles>
      <title> CC 085 - CANTAI LOUVORES</title>
    </titles>
    <verseOrder>v1 v2 v3 v2 v4 v2</verseOrder>
    <authors>
      <author>CANTOR CRISTÃO</author>
    </authors>
  </properties>
  <lyrics>
    <verse name="v1">
      <lines>OH, VINDE, CRENTES, E ENTOAI<br/>LOUVORES A JESUS,<br/>QUE, PARA A NOSSA SALVAÇÃO,<br/>FOI MORTO NUMA CRUZ;<br/>SEU SANGUE DERRAMOU, DE TUDO ME LAVOU,<br/>MAIS ALVO DO QUE A NEVE ME TORNOU!</lines>
    </verse>
    <verse name="v2">
      <lines>O SANGUE DE JESUS ME LAVOU, ME LAVOU;<br/>   O SANGUE DE JESUS ME LAVOU, ME LAVOU;<br/>   ALEGRE CANTAREI LOUVORES A MEU REI,<br/>   A MEU SENHOR JESUS QUE ME SALVOU.</lines>
    </verse>
    <verse name="v3">
      <lines>CONOSCO VINDE VOS UNIR<br/>NA GUERRA CONTRA O MAL,<br/>E, COM O NOSSO SALVADOR,<br/>EM MARCHA TRIUNFAL,<br/>A TODOS PROCLAMAR A GRAÇA E SEU PODER;<br/>SEU SANGUE DERRAMOU PRA NOS SALVAR!</lines>
    </verse>
    <verse name="v4">
      <lines>O CAPITÃO DA SALVAÇÃO<br/>É CRISTO, O SALVADOR;<br/>O REI DOS REIS, O REDENTOR,<br/>JESUS, O BOM SENHOR;<br/>POIS TUDO VENCERÁ; VITÓRIA NOS DARÁ;<br/>À GLÓRIA, SALVOS, NOS CONDUZIRÁ.</lines>
    </verse>
  </lyrics>
</song>
