<?xml version='1.0' encoding='utf-8'?>
<song xmlns="http://openlyrics.info/namespace/2009/song" version="0.8" createdIn="OpenLP 1.9.9" modifiedIn="OpenLP 1.9.9" modifiedDate="2012-09-30T13:17:17">
  <properties>
    <titles>
      <title> CC 090 - CONTEMPLAÇÃO</title>
    </titles>
    <authors>
      <author>CANTOR CRISTÃO</author>
    </authors>
  </properties>
  <lyrics>
    <verse name="v1">
      <lines>OLHANDO O LENHO CRUCIAL<br/>EM QUE MORREU DA GLÓRIA O REI,<br/>ÀS HONRAS, VIDA MUNDANAL<br/>DESPREZO ETERNO VOTAREI.</lines>
    </verse>
    <verse name="v2">
      <lines>E NÃO PERMITAS, MEU SENHOR,<br/>QUE ME GLORIE EU SENÃO<br/>NA MORTE DO MEU REDENTOR,<br/>QUE ME SALVOU DA PERDIÇÃO.</lines>
    </verse>
    <verse name="v3">
      <lines>OLHAI! DA ENSANGÜENTADA CRUZ,<br/>TORRENTES DE TRISTEZA E AMOR!<br/>QUE DOR, QUE AMOR DO MEU JESUS,<br/>POR MIM, SEU VIL PERSEGUIDOR!</lines>
    </verse>
    <verse name="v4">
      <lines>SE O MUNDO INTEIRO FOSSE MEU,<br/>SERIA OFERTA SEM VALOR;<br/>TUDO O QUE SOU, SENHOR, É TEU -<br/>MINHA ALMA E TODO O MEU AMOR.</lines>
    </verse>
  </lyrics>
</song>
