<?xml version='1.0' encoding='utf-8'?>
<song xmlns="http://openlyrics.info/namespace/2009/song" version="0.8" createdIn="OpenLP 1.9.9" modifiedIn="OpenLP 1.9.9" modifiedDate="2012-09-30T13:17:08">
  <properties>
    <titles>
      <title> CC 002 - JUSTO ÉS, SENHOR</title>
    </titles>
    <authors>
      <author>CANTOR CRISTÃO</author>
    </authors>
  </properties>
  <lyrics>
    <verse name="v1">
      <lines>JUSTO ÉS,  SENHOR, <br/>NOS TEUS SANTOS CAMINHOS;<br/>ÉS  DIGNO EM TODAS  <br/>AS TUAS OBRAS;<br/>EIS, PERTO ESTÁS <br/>DE TODOS QUE TE INVOCAM, <br/>DE TODOS QUE TE INVOCAM EM<br/>VERDADE!<br/>ALELUIA! ALELUIA!</lines>
    </verse>
  </lyrics>
</song>
