<?xml version='1.0' encoding='utf-8'?>
<song xmlns="http://openlyrics.info/namespace/2009/song" version="0.8" createdIn="OpenLP 1.9.9" modifiedIn="OpenLP 1.9.9" modifiedDate="2012-09-30T13:17:14">
  <properties>
    <titles>
      <title> CC 061 - GLÓRIA A JESUS</title>
    </titles>
    <authors>
      <author>CANTOR CRISTÃO</author>
    </authors>
  </properties>
  <lyrics>
    <verse name="v1">
      <lines>GLÓRIA, GLÓRIA, ALELUIA!<br/>GLÓRIA, GLÓRIA AO NOSSO SALVADOR!<br/>GLÓRIA A JESUS, GLÓRIA A JESUS,<br/>NOSSO GRANDE REDENTOR!</lines>
    </verse>
  </lyrics>
</song>
