<?xml version='1.0' encoding='utf-8'?>
<song xmlns="http://openlyrics.info/namespace/2009/song" version="0.8" createdIn="OpenLP 1.9.9" modifiedIn="OpenLP 1.9.9" modifiedDate="2012-09-30T13:17:12">
  <properties>
    <titles>
      <title> CC 040 - AMOR DE CRISTO</title>
    </titles>
    <authors>
      <author>CANTOR CRISTÃO</author>
    </authors>
  </properties>
  <lyrics>
    <verse name="v1">
      <lines>QUAL GRANDE VAGA<br/>DE UM IMENSO MAR,<br/>VEM O AMOR DE CRISTO<br/>MINHA ALMA TRANSBORDAR.</lines>
    </verse>
  </lyrics>
</song>
