<?xml version='1.0' encoding='utf-8'?>
<song xmlns="http://openlyrics.info/namespace/2009/song" version="0.8" createdIn="OpenLP 1.9.9" modifiedIn="OpenLP 1.9.9" modifiedDate="2012-09-30T13:17:13">
  <properties>
    <titles>
      <title> CC 054 - GLÓRIA E HONRA</title>
    </titles>
    <authors>
      <author>CANTOR CRISTÃO</author>
    </authors>
  </properties>
  <lyrics>
    <verse name="v1">
      <lines>GLÓRIA, HONRA E PODERIO<br/>SEMPRE SEJAM AO CORDEIRO,<br/>JESUS CRISTO, NOSSO MESTRE!<br/>                 ALELUIA! ALELUIA!<br/>         VINDE TODOS O ADORAR!</lines>
    </verse>
  </lyrics>
</song>
