<?xml version='1.0' encoding='utf-8'?>
<song xmlns="http://openlyrics.info/namespace/2009/song" version="0.8" createdIn="OpenLP 1.9.9" modifiedIn="OpenLP 1.9.9" modifiedDate="2012-09-30T13:17:15">
  <properties>
    <titles>
      <title> CC 068 - BEM-AVENTURADOS</title>
    </titles>
    <authors>
      <author>CANTOR CRISTÃO</author>
    </authors>
  </properties>
  <lyrics>
    <verse name="v1">
      <lines>GLÓRIA SEJA DADA A CRISTO,<br/>FILHO ETERNO DO BOM DEUS,<br/>POIS REMIU-NOS PELA GRAÇA<br/>E NOS FEZ HERDEIROS SEUS.</lines>
    </verse>
    <verse name="v2">
      <lines>SALVOS PELA FÉ EM CRISTO,<br/>   SALVOS, SIM, NO SANGUE SEU;<br/>   TENDO NELE SEGURANÇA,<br/>   CAMINHEMOS PARA O CÉU.</lines>
    </verse>
    <verse name="v3">
      <lines>JÁ SE FOI O TEMPO TRISTE<br/>EM QUE PROCURAMOS LUZ!<br/>EIS QUE LONGE DE NÓS FICA,<br/>CRISTO AGORA NOS CONDUZ.</lines>
    </verse>
    <verse name="v4">
      <lines>SIM, GUARDADOS NÓS POR ELE,<br/>VIVEREMOS EM AMOR;<br/>BEM-AVENTURADOS SOMOS;<br/>ENTOEMOS-LHE LOUVOR.</lines>
    </verse>
  </lyrics>
</song>
