<?xml version='1.0' encoding='utf-8'?>
<song xmlns="http://openlyrics.info/namespace/2009/song" version="0.8" createdIn="OpenLP 1.9.9" modifiedIn="OpenLP 1.9.9" modifiedDate="2012-09-30T13:17:09">
  <properties>
    <titles>
      <title> CC 017 - O AMOR DE DEUS</title>
    </titles>
    <authors>
      <author>CANTOR CRISTÃO</author>
    </authors>
  </properties>
  <lyrics>
    <verse name="v1">
      <lines>DECORRIDAS ERAS SÃO,<br/>DESDE QUE OS JUDEUS<br/>CRISTO FEZ PROCLAMAÇÃO<br/>DO GRANDE AMOR DE DEUS.</lines>
    </verse>
    <verse name="v2">
      <lines>VEIO AOS CEGOS VISTA DAR,<br/>LUZ NAS TREVAS SER;<br/>PECADORES QUIS SALVAR,<br/>PERDIDOS RECOLHER.</lines>
    </verse>
    <verse name="v3">
      <lines>NUNCA OS POBRES DESPREZOU,<br/>SEMPRE OS RECEBEU;<br/>PAGA SEMPRE RECUSOU;<br/>DE GRAÇA TUDO DEU.</lines>
    </verse>
    <verse name="v4">
      <lines>TEMPOS JÁ PASSADOS SÃO,<br/>CRISTO O MESMO É;<br/>VIDA, VISTA, SALVAÇÃO,<br/>OBTÊM-SE PELA FÉ.</lines>
    </verse>
    <verse name="v5">
      <lines>QUE PROFUNDO AMOR SE VIA<br/>   QUANDO AQUI ANDOU!<br/>   TERNA, SANTA SIMPATIA<br/>   ELE NOS MOSTROU!</lines>
    </verse>
  </lyrics>
</song>
