<?xml version='1.0' encoding='utf-8'?>
<song xmlns="http://openlyrics.info/namespace/2009/song" version="0.8" createdIn="OpenLP 1.9.9" modifiedIn="OpenLP 1.9.9" modifiedDate="2012-09-30T13:17:16">
  <properties>
    <titles>
      <title> CC 087 - CALVÁRIO</title>
    </titles>
    <authors>
      <author>CANTOR CRISTÃO</author>
    </authors>
  </properties>
  <lyrics>
    <verse name="v1">
      <lines>OH, COMO FOI QUE MEU JESUS<br/>ASSIM SOFREU NA TRISTE CRUZ?!<br/>NÃO SÓ NA CRUZ, MAS NO JARDIM<br/>AGONIZOU, E FOI POR MIM!</lines>
    </verse>
    <verse name="v2">
      <lines>ALI NA CRUZ, ALI NA CRUZ,<br/>   OH, SIM, JESUS POR MIM SOFREU!<br/>   ALI NA CRUZ, ALI NA CRUZ,<br/>   OH, SIM, JESUS POR MIM MORREU!</lines>
    </verse>
    <verse name="v3">
      <lines>O GRANDE HORROR DA ESCURIDÃO<br/>APAVAROU A MULTIDÃO;<br/>RASGADO O VÉU LHES FEZ SABER<br/>QUE TERMINOU O SEU SOFRER.</lines>
    </verse>
    <verse name="v4">
      <lines>QUE DOR CRUEL NA CRUZ SOFREU!<br/>SEU SANGUE ALI JESUS VERTEU;<br/>SIM, FOI POR MIM, PRA ME SALVAR,<br/>PARA EU, ENFIM, NO CÉU MORAR.</lines>
    </verse>
  </lyrics>
</song>
