<?xml version='1.0' encoding='utf-8'?>
<song xmlns="http://openlyrics.info/namespace/2009/song" version="0.8" createdIn="OpenLP 1.9.9" modifiedIn="OpenLP 1.9.9" modifiedDate="2012-09-30T13:17:08">
  <properties>
    <titles>
      <title> CC 006 - GLÓRIA AO SENHOR</title>
    </titles>
    <authors>
      <author>CANTOR CRISTÃO</author>
    </authors>
  </properties>
  <lyrics>
    <verse name="v1">
      <lines>A NOSSO PAI DO CÉU,<br/>TRIBUTA LÁBIO MEU <br/>GLÓRIA E LOUVOR!<br/>A QUEM SEU FILHO DEU, <br/>O QUAL POR NÓS MORREU!<br/>A QUEM ME PROSTRO EU:     <br/>GLÓRIA AO SENHOR!</lines>
    </verse>
    <verse name="v2">
      <lines>LOUVEMOS AO SENHOR,<br/>O SANTO REDENTOR, <br/>O REI JESUS!<br/>SUA MORTE ME REMIU, <br/>A MIM TÃO PECADOR, <br/>E ASSIM O CÉU ME ABRIU:<br/>GLÓRIA A JESUS!</lines>
    </verse>
    <verse name="v3">
      <lines>ESPÍRITO DE DEUS,<br/>MANDADO POR JESUS, <br/>LOUVOR A TI!<br/>DE CRISTO O GRANDE <br/>AMOR REVELA, INSTRUIDOR!<br/>SÊ MEU RENOVADOR! <br/>LOUVOR A TI!</lines>
    </verse>
    <verse name="v4">
      <lines>LOUVEMOS COM ARDOR,<br/>COM GOZO E COM FERVOR<br/>O TRINO DEUS!<br/>ETERNAMENTE ALI,<br/>EM CANTO ABRASADOR, <br/>TRINDADE SANTA, <br/>A TI LOUVOR NOS CÉUS!</lines>
    </verse>
  </lyrics>
</song>
