<?xml version='1.0' encoding='utf-8'?>
<song xmlns="http://openlyrics.info/namespace/2009/song" version="0.8" createdIn="OpenLP 1.9.9" modifiedIn="OpenLP 1.9.9" modifiedDate="2012-09-30T13:17:08">
  <properties>
    <titles>
      <title> CC 008 - ADORAÇÃO</title>
    </titles>
    <authors>
      <author>CANTOR CRISTÃO</author>
    </authors>
  </properties>
  <lyrics>
    <verse name="v1">
      <lines>A DEUS, SUPREMO BENFEITOR,<br/>VÓS ANJOS E HOMENS <br/>DAÍ LOUVOR;<br/>A DEUS O FILHO, <br/>A DEUS O PAI,<br/>A DEUS ESPÍRITO <br/>GLÓRIA DAI.</lines>
    </verse>
  </lyrics>
</song>
