<?xml version='1.0' encoding='utf-8'?>
<song xmlns="http://openlyrics.info/namespace/2009/song" version="0.8" createdIn="OpenLP 1.9.9" modifiedIn="OpenLP 1.9.9" modifiedDate="2012-09-30T13:17:18">
  <properties>
    <titles>
      <title> CC 097 - JESUS VEIO AQUI</title>
    </titles>
    <authors>
      <author>CANTOR CRISTÃO</author>
    </authors>
  </properties>
  <lyrics>
    <verse name="v1">
      <lines>OH, COMO É TÃO SINGULAR JESUS,<br/>ESBELTO E MUI GENTIL!<br/>NO ROSTO TRAZ UMA RARA LUZ,<br/>FANAL NO MUNDO VIL!</lines>
    </verse>
    <verse name="v2">
      <lines>A SUA VIDA GASTOU AQUI<br/>PERDIDOS PRA SALVAR;<br/>NA CRUZ SANGRENTA SE DEU A SI,<br/>A FIM DE OS RESGATAR.</lines>
    </verse>
    <verse name="v3">
      <lines>O POVO, COM APATIA, VIU<br/>A PROVA DESSE AMOR;<br/>E SUA GRAÇA JAMAIS MEDIU<br/>UM MUNDO PECADOR.</lines>
    </verse>
    <verse name="v4">
      <lines>NO CÉU AGORA JESUS ESTÁ,<br/>MAS BREVE HÁ DE VOLTAR,<br/>E À GLÓRIA OS SALVOS TRANSPORTARÁ,<br/>ONDE HÃO DE DESCANSAR.</lines>
    </verse>
    <verse name="v5">
      <lines>DA SUA GLÓRIA CELESTIAL<br/>   VEIO JESUS AQUI;<br/>   A SUA GRAÇA DIVINAL<br/>   FÊ-LO AO MUNDO VIR!</lines>
    </verse>
  </lyrics>
</song>
