<?xml version='1.0' encoding='utf-8'?>
<song xmlns="http://openlyrics.info/namespace/2009/song" version="0.8" createdIn="OpenLP 1.9.9" modifiedIn="OpenLP 1.9.9" modifiedDate="2012-09-30T13:17:11">
  <properties>
    <titles>
      <title> CC 034 - PLENA GRAÇA</title>
    </titles>
    <authors>
      <author>CANTOR CRISTÃO</author>
    </authors>
  </properties>
  <lyrics>
    <verse name="v1">
      <lines>PLENA GRAÇA PARA ME SALVAR,<br/>SANGUE PURO PARA ME LAVAR<br/>E PODER PRA SEMPRE ME GUARDAR<br/>TEM MEU SENHOR.</lines>
    </verse>
  </lyrics>
</song>
