<?xml version='1.0' encoding='utf-8'?>
<song xmlns="http://openlyrics.info/namespace/2009/song" version="0.8" createdIn="OpenLP 1.9.9" modifiedIn="OpenLP 1.9.9" modifiedDate="2012-09-30T13:17:20">
  <properties>
    <titles>
      <title> CC 121 - ECOS DE LOUVOR</title>
    </titles>
    <authors>
      <author>CANTOR CRISTÃO</author>
    </authors>
  </properties>
  <lyrics>
    <verse name="v1">
      <lines>AQUELE QUE, DE AMOR POR NÓS,<br/>À MORTE SE ENTREGOU<br/>E, PELA MÃO TOMANDO-NOS,<br/>DO MAL NOS LIBERTOU;<br/>QUE NOS LEVOU DE NOVO A DEUS,<br/>O DEUS DE TODO O AMOR,<br/>A CRISTO SOEM, PELOS CÉUS,<br/>OS ECOS DE LOUVOR.</lines>
    </verse>
    <verse name="v2">
      <lines>LOUVADO SEJA QUEM NOS QUIS<br/>DE DEUS APROXIMAR,<br/>E EM REINO E SACERDOTES SEUS<br/>COM SANGUE CONSAGRAR.<br/>LOUVADO SEJA QUEM O DOM<br/>DO ESPÍRITO NOS DEU;<br/>LOUVADO SEJA, POIS QUE ABRIU<br/>A ENTRADA PARA O CÉU.</lines>
    </verse>
    <verse name="v3">
      <lines>AOS TEUS OUVIDOS, SANTO PAI,<br/>ELEVE-SE O LOUVOR,<br/>QUE DESTES FRACOS LÁBIOS SAI,<br/>A CRISTO, SALVADOR,<br/>POIS MUITO NOS APRAZ SABER<br/>QUE A TI, NO SANTO LAR,<br/>LOUVOR A CRISTO AGRADA OUVIR<br/>NA TERRA CELEBRAR.</lines>
    </verse>
  </lyrics>
</song>
