<?xml version='1.0' encoding='utf-8'?>
<song xmlns="http://openlyrics.info/namespace/2009/song" version="0.8" createdIn="OpenLP 1.9.9" modifiedIn="OpenLP 1.9.9" modifiedDate="2012-09-30T13:17:25">
  <properties>
    <titles>
      <title> CC 172 - CADA DIA</title>
    </titles>
    <authors>
      <author>CANTOR CRISTÃO</author>
    </authors>
  </properties>
  <lyrics>
    <verse name="v1">
      <lines>CADA DIA TINHAM PÃO,<br/>DADO PELA ETERNA MÃO<br/>DO SUSTENTADOR FIEL<br/>DA FAMÍLIA DE ISRAEL.</lines>
    </verse>
    <verse name="v2">
      <lines>TU, JESUS, TAMBÉM ASSIM,<br/>PAZ E GOZO DÁ-ME A MIM;<br/>CADA DIA EM PROFUSÃO<br/>ENCHE TU MEU CORAÇÃO.</lines>
    </verse>
    <verse name="v3">
      <lines>SEMPRE TU MEU GUIA SÊ,<br/>CADA DIA DÁ-ME FÉ;<br/>CADA DIA, Ó BOM SENHOR,<br/>TUDO SUPRE COM AMOR.</lines>
    </verse>
  </lyrics>
</song>
