<?xml version='1.0' encoding='utf-8'?>
<song xmlns="http://openlyrics.info/namespace/2009/song" version="0.8" createdIn="OpenLP 1.9.9" modifiedIn="OpenLP 1.9.9" modifiedDate="2013-03-24T13:39:59">
  <properties>
    <titles>
      <title> CC 171 - AVIVAMENTO</title>
    </titles>
    <verseOrder>v1 v2 v3 v2 v4 v2</verseOrder>
    <authors>
      <author>CANTOR CRISTÃO</author>
    </authors>
  </properties>
  <lyrics>
    <verse name="v1">
      <lines>AVIVA-NOS, SENHOR!<br/>OH, DÁ-NOS TEU PODER!<br/>DE SANTIDADE, FÉ E AMOR<br/>REVESTE O NOSSO SER!</lines>
    </verse>
    <verse name="v2">
      <lines>AVIVA-NOS, SENHOR!<br/>   EIS NOSSA PETIÇÃO.<br/>   ATEIA O FOGO DO ALTO CÉU<br/>   EM CADA CORAÇÃO!</lines>
    </verse>
    <verse name="v3">
      <lines>DESPERTA-NOS, SENHOR!<br/>OH, FAZE-NOS FRUIR<br/>AS RICAS BÊNÇÃOS DIVINAIS,<br/>PRIMÍCIAS DO PORVIR!</lines>
    </verse>
    <verse name="v4">
      <lines>RENOVA-ME, SENHOR,<br/>INSPIRA MAIS AMOR,<br/>MAIS ZELO, GRAÇA E ABNEGAÇÃO,<br/>A BEM DO PECADOR!</lines>
    </verse>
  </lyrics>
</song>
