<?xml version='1.0' encoding='utf-8'?>
<song xmlns="http://openlyrics.info/namespace/2009/song" version="0.8" createdIn="OpenLP 1.9.9" modifiedIn="OpenLP 1.9.9" modifiedDate="2012-09-30T13:17:19">
  <properties>
    <titles>
      <title> CC 111 - NÃO TARDARÁ</title>
    </titles>
    <verseOrder>v1 v2 v3 v2 v4 v2 v5 v2</verseOrder>
    <authors>
      <author>CANTOR CRISTAO</author>
    </authors>
  </properties>
  <lyrics>
    <verse name="v1">
      <lines>CRISTO DO CÉU<br/>EM BREVE VIRÁ,<br/>ELE AFIRMOU-NOS E<br/>NÃO TARDARÁ.<br/>OH! QUE ALEGRIA,<br/>QUE GLÓRIA SERÁ,<br/>QUANDO JESUS<br/>REGRESSAR!</lines>
    </verse>
    <verse name="v2">
      <lines>CRISTO NÃO TARDA,<br/>NÃO TARDA A VOLTAR;<br/>CRISTO NÃO TARDA<br/>A VOLTAR!<br/>OH! QUE ALEGRIA,<br/>QUE GLÓRIA SERÁ,<br/>QUANDO JESUS</lines>
    </verse>
    <verse name="v3">
      <lines>EM BREVE OS MORTOS<br/>RESSURGIRÃO,<br/>TODOS OS CRENTES,<br/>OH! SE<br/>ENCONTRARÃO!<br/>JUNTOS, ALEGRES, AO<br/>CÉU SUBIRÃO,</lines>
    </verse>
    <verse name="v4">
      <lines>BREVE ESTA TERRA<br/>GOZARÁ PAZ,<br/>PRESO, ENCERRADO<br/>SERÁ SATANÁS<br/>TUDO O QUE É VIL<br/>DEIXAREMOS ATRÁS,<br/>QUANDO JESUS</lines>
    </verse>
    <verse name="v5">
      <lines>CRISTO NÃO TARDA,<br/>NÃO TARDA EM VIR.<br/>QUANDO SERÁ,<br/>NO GLORIOSO<br/>PORVIR?<br/>OH! QUE ALEGRIA<br/>TEREMOS EM IR,</lines>
    </verse>
  </lyrics>
</song>
