<?xml version='1.0' encoding='utf-8'?>
<song xmlns="http://openlyrics.info/namespace/2009/song" version="0.8" createdIn="OpenLP 1.9.9" modifiedIn="OpenLP 1.9.9" modifiedDate="2012-09-30T13:17:24">
  <properties>
    <titles>
      <title> CC 160 - A FÉ CONTEMPLADA</title>
    </titles>
    <authors>
      <author>CANTOR CRISTÃO</author>
    </authors>
  </properties>
  <lyrics>
    <verse name="v1">
      <lines>DEUS PROMETE GRANDES COISAS CONCEDER<br/>A QUALQUER QUE PEÇA, CRENDO QUE HÁ DE OBTER<br/>A RESPOSTA, SEM NA FÉ ENFRAQUECER.<br/>SUA FÉ JESUS CONTEMPLARÁ.</lines>
    </verse>
    <verse name="v2">
      <lines>SUA FÉ JESUS CONTEMPLARÁ;<br/>   SIM, O QUE JESUS PROMETE, DÁ.<br/>   ELE VÊ O CORAÇÃO<br/>   E RESPONDE A PETIÇÃO;<br/>   SUA FÉ JESUS CONTEMPLARÁ.</lines>
    </verse>
    <verse name="v3">
      <lines>DEUS TEM PROMETIDO A QUEM NÃO DUVIDAR<br/>DAR-LHE TUDO QUANTO A ELE SUPLICAR;<br/>ELE O PROMETEU E NÃO IRÁ NEGAR!<br/>SUA FÉ JESUS CONTEMPLARÁ.</lines>
    </verse>
    <verse name="v4">
      <lines>DEUS JÁ GRANDES MARAVILHAS OPEROU<br/>POR ALGUÉM QUE, FIRME, NELE CONFIOU,<br/>E QUE DA PROMESSA EM NADA DUVIDOU!<br/>JESUS CRISTO A FÉ CONTEMPLARÁ.</lines>
    </verse>
    <verse name="v5">
      <lines>SIM, CREIAMOS NO QUE DEUS NOS PROMETEU,<br/>POIS JAMAIS DESONRARÁ O NOME SEU;<br/>ELE CUMPRIRÁ PROMESSAS QUE NOS DEU!<br/>JESUS CRISTO A FÉ CONTEMPLARÁ.</lines>
    </verse>
  </lyrics>
</song>
