<?xml version='1.0' encoding='utf-8'?>
<song xmlns="http://openlyrics.info/namespace/2009/song" version="0.8" createdIn="OpenLP 1.9.9" modifiedIn="OpenLP 1.9.9" modifiedDate="2012-09-30T13:17:23">
  <properties>
    <titles>
      <title> CC 150 - PAI NOSSO</title>
    </titles>
    <authors>
      <author>CANTOR CRISTÃO</author>
    </authors>
  </properties>
  <lyrics>
    <verse name="v1">
      <lines>NOSSO PAI, QUE ESTÁS NOS CÉUS,<br/>QUE ÉS RODEADO DE ESPLENDOR,<br/>NOME TEU SANTIFICAR<br/>VIMOS COM ARDENTE AMOR  (BIS)</lines>
    </verse>
    <verse name="v2">
      <lines>O TEU REINO VENHA A NÓS;<br/>NELE BRILHA A LUZ SEM VÉU;<br/>SEJA FEITO O TEU QUERER<br/>TANTO AQUI COMO É NO CÉU  (BIS)</lines>
    </verse>
    <verse name="v3">
      <lines>CADA DIA O NOSSO PÃO,<br/>QUE A NÓS TODOS DÁ VIGOR,<br/>DÁ-NOS HOJE, NOSSO DEUS,<br/>PELO TEU BENIGNO AMOR.       (BIS)</lines>
    </verse>
    <verse name="v4">
      <lines>VEM, SENHOR, NOS PERDOAR<br/>COMO NÓS, COM TODO AMOR,<br/>DESEJAMOS DESCULPAR<br/>NOSSO DEVEDOR MAIOR.</lines>
    </verse>
    <verse name="v5">
      <lines>NO FUROR DA TENTAÇÃO,<br/>QUE NOS PODE SER FATAL,<br/>NÃO NOS DEIXES, POIS, CAIR.<br/>LIVRA-NOS DE TODO MAL.       (BIS)</lines>
    </verse>
  </lyrics>
</song>
