<?xml version='1.0' encoding='utf-8'?>
<song xmlns="http://openlyrics.info/namespace/2009/song" version="0.8" createdIn="OpenLP 1.9.9" modifiedIn="OpenLP 1.9.9" modifiedDate="2012-09-30T13:17:18">
  <properties>
    <titles>
      <title> CC 105 - FELIZ</title>
    </titles>
    <authors>
      <author>CANTOR CRISTÃO</author>
    </authors>
  </properties>
  <lyrics>
    <verse name="v1">
      <lines>JESUS SENDO MEU, SOU MUITO FELIZ!<br/>EU VOU PARA O CÉU, MEU LINDO PAÍS;<br/>EU NÃO MEREÇO, SOU VIL PECADOR,<br/>MAS, CRENDO, CONHEÇO MEU BOM SALVADOR!</lines>
    </verse>
  </lyrics>
</song>
