<?xml version='1.0' encoding='utf-8'?>
<song xmlns="http://openlyrics.info/namespace/2009/song" version="0.8" createdIn="OpenLP 1.9.9" modifiedIn="OpenLP 1.9.9" modifiedDate="2012-09-30T13:17:27">
  <properties>
    <titles>
      <title> CC 190 - PARA SALVAR-TE</title>
    </titles>
    <authors>
      <author>CANTOR CRISTÃO</author>
    </authors>
  </properties>
  <lyrics>
    <verse name="v1">
      <lines>VEIO JESUS A ESTE MUNDO VIL<br/>PARA BUSCAR-TE A TI;<br/>FOI REJEITADO POR GENTE HOSTIL<br/>PARA SALVAR-TE A TI.<br/>GLÓRIAS ALI NO CÉU DEIXOU,<br/>INGRATIDÃO NO MUNDO ACHOU,<br/>TUDO ELE FEZ PORQUE TE AMOU,<br/>PARA SALVAR-TE A TI.</lines>
    </verse>
    <verse name="v2">
      <lines>O TEU CASTIGO JESUS LEVOU<br/>PARA SALVAR-TE A TI;<br/>TUDO NA CRUZ ELE CONSUMOU<br/>PARA REMIR-TE A TI;<br/>QUEM DENTRE OS HOMENS COMPREENDEU<br/>TODAS AS DORES QUE SOFREU,<br/>A CONDIÇÃO EM QUE MORREU<br/>PARA SALVAR-TE A TI?</lines>
    </verse>
    <verse name="v3">
      <lines>GLÓRIA, GLÓRIA DEMOS AO SALVADOR!<br/>   GLÓRIA, GLÓRIA, POR SEU TÃO GRANDE AMOR!<br/>   GLÓRIA, GLÓRIA, TEMOS A PAZ COM DEUS!<br/>   GLÓRIA, GLÓRIA, VAMOS CANTAR NOS CÉUS!</lines>
    </verse>
    <verse name="v4">
      <lines>TUDO ISTO DEUS FEZ EM TEU FAVOR<br/>PARA SALVAR-TE A TI;<br/>CHAMA-TE AGORA COM TERNO AMOR<br/>PARA PERDOAR-TE A TI.<br/>DEVES CHEGAR EM CONTRIÇÃO,<br/>TENDO CERTEZA DO PERDÃO;<br/>CRISTO TE ESTENDE A SUA MÃO<br/>PARA SALVAR-TE A TI.</lines>
    </verse>
    <verse name="v5">
      <lines>OH, QUE ALEGRIA, QUE GOZO E PAZ<br/>TER SALVAÇÃO DE DEUS<br/>E NOVA VIDA QUE SATISFAZ<br/>A ALMA QUE BUSCA OS CÉUS!<br/>LIVRE DAS CULPAS DO PECAR,<br/>LONGE DA DOR E DO CHORAR,<br/>TENDO CERTEZA E DE GOZAR<br/>A REDENÇÃO DE DEUS!</lines>
    </verse>
  </lyrics>
</song>
