<?xml version='1.0' encoding='utf-8'?>
<song xmlns="http://openlyrics.info/namespace/2009/song" version="0.8" createdIn="OpenLP 1.9.9" modifiedIn="OpenLP 1.9.9" modifiedDate="2012-09-30T13:17:21">
  <properties>
    <titles>
      <title> CC 128 - A REDENÇÃO</title>
    </titles>
    <authors>
      <author>CANTOR CRISTÃO</author>
    </authors>
  </properties>
  <lyrics>
    <verse name="v1">
      <lines>ETERNO DEUS, QUEREMOS NÓS<br/>LOUVORES A JESUS CANTAR;<br/>O SEU AMOR, A SUA CRUZ,<br/>AJUDA-NOS A CELEBRAR.</lines>
    </verse>
    <verse name="v2">
      <lines>A GRAÇA VINDA DO ALTO CÉU,<br/>   QUE O SALVADOR NOS CONCEDEU,<br/>   DESCANSO TRAZ AO CORAÇÃO,<br/>   VIGOR E PAZ E SALVAÇÃO.</lines>
    </verse>
    <verse name="v3">
      <lines>DA VIDA ÉS O CRIADOR,<br/>DE TI PROVÉM INSPIRAÇÃO;<br/>ABRASA-NOS COM MAIS ARDOR<br/>PRA DIVULGAR A REDENÇÃO.</lines>
    </verse>
    <verse name="v4">
      <lines>DE CRISTO A CAUSA DEFENDER,<br/>O REINO SEU ANUNCIAR,<br/>A FAMA DELE PROMOVER-<br/>EIS NOSSA GLÓRIA SINGULAR!</lines>
    </verse>
  </lyrics>
</song>
