<?xml version='1.0' encoding='utf-8'?>
<song xmlns="http://openlyrics.info/namespace/2009/song" version="0.8" createdIn="OpenLP 1.9.9" modifiedIn="OpenLP 1.9.9" modifiedDate="2012-09-30T13:17:18">
  <properties>
    <titles>
      <title> CC 104 - O BOM PORVIR</title>
    </titles>
    <authors>
      <author>CANTOR CRISTÃO</author>
    </authors>
  </properties>
  <lyrics>
    <verse name="v1">
      <lines>O DIA ALEGRE CHEGA,<br/>RADIANTE EM SANTA LUZ,<br/>QUANDO, AFINAL, VENCIDO O MAL,<br/>VIER REINAR JESUS.<br/>O SALVADOR DOMÍNIO<br/>TERÁ DE MAR A MAR,<br/>E SOB A SUA PROTEÇÃO<br/>OS SEUS VEM CONGREGAR.</lines>
    </verse>
    <verse name="v2">
      <lines>BREVE O DIA VEM; BREVE O DIA VEM.<br/>   O DIA ALEGRE CHEGA,<br/>   BEM PERTO A AURORA ESTÁ;<br/>   BREVE O DIA VEM; BREVE O DIA VEM<br/>   EM QUE ESSA PAZ, QUE CRISTO TRAZ,<br/>   SEU POVO GOZARÁ.</lines>
    </verse>
    <verse name="v3">
      <lines>JAMAIS A VOZ DO ENGANO<br/>NO MUNDO SE OUVIRÁ;<br/>JAMAIS O HORROR DO TENTADOR<br/>O POVO AFLIGIRÁ;<br/>MAS TODOS A VERDADE<br/>SOMENTE FALARÃO,<br/>E AO GRANDE DEUS OS SANTOS SEUS<br/>COM GOZO ADORARÃO.</lines>
    </verse>
    <verse name="v4">
      <lines>POR ESSE DIA ALEGRE<br/>SUSPIRA A CRIAÇÃO,<br/>EM DOR, AQUI, OCULTA EM SI,<br/>SOB DURA ESCRAVIDÃO;<br/>MAS DAS TRISTEZAS, DORES,<br/>ENTÃO SE LIVRARÁ,<br/>AO REFULGIR, NO BOM PORVIR,<br/>A LUZ QUE BÊNÇÃO DÁ.</lines>
    </verse>
  </lyrics>
</song>
