<?xml version='1.0' encoding='utf-8'?>
<song xmlns="http://openlyrics.info/namespace/2009/song" version="0.8" createdIn="OpenLP 1.9.9" modifiedIn="OpenLP 1.9.9" modifiedDate="2012-09-30T13:17:19">
  <properties>
    <titles>
      <title> CC 109 - POR POUCO TEMPO</title>
    </titles>
    <authors>
      <author>CANTOR CRISTÃO</author>
    </authors>
  </properties>
  <lyrics>
    <verse name="v1">
      <lines>ANSEIO A PAZ, QUE QUAL UM RIO CORRE,<br/>E NO DESERTO FAZ BROTAR A FLOR;<br/>ANSEIO A FÉ QUE, NESTE POUCO TEMPO,<br/>DESCANSA NO BENDITO SALVADOR.</lines>
    </verse>
    <verse name="v2">
      <lines>HÁ POUCO TEMPO PRA VELAR, ORANDO,<br/>E CONTRA O INIMIGO BATALHAR;<br/>HÁ POUCO TEMPO PARA AQUI, CHORANDO,<br/>LANÇAR SEMENTE, PRA DEPOIS CEIFAR.</lines>
    </verse>
    <verse name="v3">
      <lines>POR POUCO TEMPO, AS LÂMPADAS ZELANDO,<br/>DEVEMOS, BEM DESPERTOS, ESPERAR;<br/>ASSIM, POIS, PRESSUROSO O NOIVO VINDO,<br/>COM ELE NÓS IREMOS PRA SEU LAR.</lines>
    </verse>
  </lyrics>
</song>
