<?xml version='1.0' encoding='utf-8'?>
<song xmlns="http://openlyrics.info/namespace/2009/song" version="0.8" createdIn="OpenLP 1.9.9" modifiedIn="OpenLP 1.9.9" modifiedDate="2012-09-30T13:17:25">
  <properties>
    <titles>
      <title> CC 173 - MAIS AMOR</title>
    </titles>
    <authors>
      <author>CANTOR CRISTÃO</author>
    </authors>
  </properties>
  <lyrics>
    <verse name="v1">
      <lines>Ó MEU DEUS, TE PEÇO: DÁ-ME MAIS AMOR,<br/>POIS NO TEU SERVIÇO QUERO TER FERVOR!<br/>EM TEU FILHO CREIO, NELE ESPERAREI;<br/>CUMPRE O QUE TE ROGO, MEU BENDITO REI.</lines>
    </verse>
    <verse name="v2">
      <lines>EM JESUS CONFIO, POIS QUE ME SALVOU;<br/>DERRAMOU SEU SANGUE, SEU AMOR MOSTROU,<br/>E DAS DENSAS TREVAS PARA A SUA LUZ<br/>ME TIROU, E AGORA SEMPRE ME CONDUZ.</lines>
    </verse>
    <verse name="v3">
      <lines>SEMPRE HEI DE SEGUI-LO, SIM, DE CORAÇÃO,<br/>POIS QUE ME PROTEGE SUA FORTE MÃO;<br/>ELE É PODEROSO PARA ME GUIAR<br/>SEMPRE NO CAMINHO EM QUE CONVÉM ANDAR.</lines>
    </verse>
  </lyrics>
</song>
