<?xml version='1.0' encoding='utf-8'?>
<song xmlns="http://openlyrics.info/namespace/2009/song" version="0.8" createdIn="OpenLP 1.9.9" modifiedIn="OpenLP 1.9.9" modifiedDate="2012-09-30T13:17:27">
  <properties>
    <titles>
      <title> CC 187 - TEUS PECADOS</title>
    </titles>
    <authors>
      <author>CANTOR CRISTÃO</author>
    </authors>
  </properties>
  <lyrics>
    <verse name="v1">
      <lines>PECADOR, TEUS PECADOS<br/>BRANCOS, BRANCOS SE FARÃO;    (BIS)<br/>INDA QUE SEJAM VERMELHOS,<br/>COMO LÃ SERÃO;<br/>INDA QUE SEUS PECADOS<br/>SEJAM COMO A ESCARLATA,<br/>BRANCOS, BRANCOS SE FARÃO,<br/>COMO LÃ SE TORNARÃO!</lines>
    </verse>
    <verse name="v2">
      <lines>PECADOR, DEUS TE CHAMA:<br/>OUVE JÁ A VOZ DOS CÉUS!        (BIS)<br/>ELE É TÃO BOM QUÃO AMÁVEL,<br/>COMPASSÍVEL É,<br/>COM ARDOR TE CONVIDA,<br/>COM AMOR, SIM, TE ABRIGA!<br/>CHEGA, POIS, AO SALVADOR;<br/>OUVE JÁ A VOZ DE AMOR!</lines>
    </verse>
    <verse name="v3">
      <lines>DESFARÁ TUAS CULPAS;<br/>DELAS NÃO SE LEMBRA MAIS!     (BIS)<br/>""""OH, VINDE A MIM, VÓS CANSADOS!""""<br/>DIZ JESUS, SENHOR.<br/>MAU EMBORA TU SEJAS,<br/>MAU EMBORA TU SEJAS<br/>SEU DESCANSO TE DARÁ<br/>E FELIZ TE TORNARÁ!</lines>
    </verse>
  </lyrics>
</song>
