<?xml version='1.0' encoding='utf-8'?>
<song xmlns="http://openlyrics.info/namespace/2009/song" version="0.8" createdIn="OpenLP 1.9.9" modifiedIn="OpenLP 1.9.9" modifiedDate="2012-09-30T13:17:26">
  <properties>
    <titles>
      <title> CC 177 - ALVORADA</title>
    </titles>
    <authors>
      <author>CANTOR CRISTÃO</author>
    </authors>
  </properties>
  <lyrics>
    <verse name="v1">
      <lines>APENAS ROMPE A AURORA,<br/>EM TI EU PENSO, Ó DEUS,<br/>E A TI LEVANTO LOGO<br/>OS LASSOS OLHOS MEUS;<br/>MINHA ALMA TÃO SEQUIOSA<br/>POR SEU DEUS SUSPIROU;<br/>ATÉ MEU SER INTEIRO<br/>COM ÂNSIA O DESEJOU.</lines>
    </verse>
    <verse name="v2">
      <lines>EM TERRA MUI DESERTA<br/>E CHEIA DE ARIDEZ,<br/>EM QUE NÃO HÁ ESTRADA<br/>E EM QUE NEM ÁGUA VÊS,<br/>A TUA FORTALEZA<br/>DESEJO VER AQUI,<br/>E TEU PODER E GLÓRIA,<br/>COMO EU NO TEMPLO VI.</lines>
    </verse>
    <verse name="v3">
      <lines>TU TENS MISERICÓRIDA<br/>QUE EXCEDE A TUDO QUE HÁ;<br/>POR ISSO A MINHA BOCA<br/>TEU NOME LOUVARÁ.<br/>DURANTE A VIDA INTEIRA<br/>TE QUERO ENGRANDECER,<br/>E AO CÉU, PARA INVOCAR-TE,<br/>HUMILDES MÃOS ERGUER.</lines>
    </verse>
  </lyrics>
</song>
