<?xml version='1.0' encoding='utf-8'?>
<song xmlns="http://openlyrics.info/namespace/2009/song" version="0.8" createdIn="OpenLP 1.9.9" modifiedIn="OpenLP 1.9.9" modifiedDate="2012-09-30T13:17:21">
  <properties>
    <titles>
      <title> CC 127 - JESUS BONDOSO</title>
    </titles>
    <authors>
      <author>CANTOR CRISTÃO</author>
    </authors>
  </properties>
  <lyrics>
    <verse name="v1">
      <lines>JESUS, TEU NOME É SANTO,<br/>AMÁVEL TEU QUERER;<br/>LOUVOR REAL, COM PURO AMOR,<br/>QUEREMOS-TE RENDER.<br/>PODER E HONRA E GLÓRIA A TI<br/>NÓS VIMOS TRIBUTAR;<br/>COM GRATIDÃO E DEVOÇÃO<br/>TEU CULTO CELEBRAR.</lines>
    </verse>
    <verse name="v2">
      <lines>JESUS, TEU NOME É SANTO,<br/>MERECE O NOSSO AMOR;<br/>NOS ALTOS CÉUS ÉS NOSSO DEUS,<br/>O NOSSO PROTETOR;<br/>INCOMPARÁVEL SEMPRE ÉS TU<br/>EM TUA COMPAIXÃO,<br/>POIS TU VIESTE AO MUNDO VIL<br/>FAZER-TE NOSSO IRMÃO!</lines>
    </verse>
    <verse name="v3">
      <lines>JESUS, TEU NOME É SANTO,<br/>AMARGA FOI A CRUZ:<br/>O TEU SOFRER, O TEU PENAR<br/>A VIDA NOS PRODUZ;<br/>NA GLÓRIA JÁ SENTADO ESTÁS,<br/>ATENTO À ADORAÇÃO<br/>QUE TEUS FIÉIS TE VÊM PRESTAR<br/>COM GRATO CORAÇÃO.</lines>
    </verse>
  </lyrics>
</song>
