<?xml version='1.0' encoding='utf-8'?>
<song xmlns="http://openlyrics.info/namespace/2009/song" version="0.8" createdIn="OpenLP 1.9.9" modifiedIn="OpenLP 1.9.9" modifiedDate="2012-09-30T13:17:21">
  <properties>
    <titles>
      <title> CC 134 - REINO UNIVERSAL</title>
    </titles>
    <authors>
      <author>CANTOR CRISTÃO</author>
    </authors>
  </properties>
  <lyrics>
    <verse name="v1">
      <lines>Ó LÍNGUAS, POVOS E NAÇÕES,<br/>LOUVOR A CRISTO CELEBRAI;<br/>EM ALTA VOZ, Ó CORAÇÕES,<br/>O NOME DE JESUS CANTAI!<br/>MISERICÓRDIA DIVINAL,<br/>JUSTIÇA ETERNA, ETERNO AMOR,<br/>DE LITORAL A LITORAL<br/>APREGOAI COM TODO ARDOR.</lines>
    </verse>
    <verse name="v2">
      <lines>COM REVERÊNCIA, COM FERVOR,<br/>O INCENSO DO LOUVOR LEVAI;<br/>SINCEROS, GRATOS AO SENHOR,<br/>OH, VINDE, ALEGRES, E EXULTAI!<br/>COM TODO ARDOR, OH, EXALTAI!<br/>A CRISTO, AUTOR DA REDENÇÃO;<br/>EM TODA LÍNGUA PROCLAMAI<br/>QUE REINO DELE OS POVOS SÃO.</lines>
    </verse>
  </lyrics>
</song>
