<?xml version='1.0' encoding='utf-8'?>
<song xmlns="http://openlyrics.info/namespace/2009/song" version="0.8" createdIn="OpenLP 1.9.9" modifiedIn="OpenLP 1.9.9" modifiedDate="2012-09-30T13:17:19">
  <properties>
    <titles>
      <title> CC 107 - ESPERANDO</title>
    </titles>
    <authors>
      <author>CANTOR CRISTÃO</author>
    </authors>
  </properties>
  <lyrics>
    <verse name="v1">
      <lines>BEM ANSIOSOS AGUARDAMOS<br/>TUA VINDA, Ó BOM JESUS,<br/>QUANDO EM MAJESTADE E GLÓRIA<br/>TU VOLTARES LÁ DOS CÉUS!<br/>REMOVIDA, ENTÃO, VEREMOS<br/>TODA DOR, TODA AFLIÇÃO;<br/>EXULTANDO, APLAUDIREMOS<br/>TUA GLORIFICAÇÃO!</lines>
    </verse>
    <verse name="v2">
      <lines>BEM ANSIOSOS AGUARDAMOS<br/>TUA VINDA, Ó BOM JESUS;<br/>POIS, ASSIM COMO  SUBISTE,<br/>VOLTARÁS DO ALTOS CÉUS.<br/>E NÓS, TUAS TESTEMUNHAS,<br/>COM PRAZER E EXALTAÇÃO,<br/>EXULTANDO, APLAUDIREMOS<br/>TUA GLORIFICAÇÃO!</lines>
    </verse>
    <verse name="v3">
      <lines>BEM ANSIOSOS AGUARDAMOS<br/>TUA VINDA, Ó BOM JESUS;<br/>COM OS NOSSOS BEM AMADOS<br/>GOZAREMOS TUA LUZ.<br/>QUANDO TU, JESUS, VOLTARES,<br/>DESFARÁS TODA OPRESSÃO;<br/>EXULTANDO, APLAUDIREMOS<br/>TUA GLORIFICAÇÃO!</lines>
    </verse>
  </lyrics>
</song>
