<?xml version='1.0' encoding='utf-8'?>
<song xmlns="http://openlyrics.info/namespace/2009/song" version="0.8" createdIn="OpenLP 1.9.9" modifiedIn="OpenLP 1.9.9" modifiedDate="2012-09-30T13:17:18">
  <properties>
    <titles>
      <title> CC 101 - RESSURGIU</title>
    </titles>
    <authors>
      <author>CANTOR CRISTÃO</author>
    </authors>
  </properties>
  <lyrics>
    <verse name="v1">
      <lines>CRISTO JÁ RESSUSCITOU; ALELUIA!<br/>SOBRE A MORTE TRIUNFOU; ALELUIA!<br/>TUDO CONSUMADO ESTÁ; ALELUIA!<br/>SALVAÇÃO DE GRAÇA DÁ; ALELUIA!</lines>
    </verse>
    <verse name="v2">
      <lines>UMA VEZ NA CRUZ SOFREU; ALELUIA!<br/>UMA VEZ POR NÓS MORREU; ALELUIA!<br/>MAS AGORA VIVO ESTÁ; ALELUIA!<br/>E PRA SEMPRE REINARÁ; ALELUIA!</lines>
    </verse>
    <verse name="v3">
      <lines>GRATOS HINOS ENTOAI; ALELUIA!<br/>A JESUS, O GRANDE REI; ALELUIA!<br/>POIS À MORTE QUIS BAIXAR; ALELUIA!<br/>PECADORES PRA SALVAR; ALELUIA!</lines>
    </verse>
  </lyrics>
</song>
