<?xml version='1.0' encoding='utf-8'?>
<song xmlns="http://openlyrics.info/namespace/2009/song" version="0.8" createdIn="OpenLP 1.9.9" modifiedIn="OpenLP 1.9.9" modifiedDate="2012-09-30T13:17:22">
  <properties>
    <titles>
      <title> CC 144 - VERA PÁSCOA</title>
    </titles>
    <authors>
      <author>CANTOR CRISTÃO</author>
    </authors>
  </properties>
  <lyrics>
    <verse name="v1">
      <lines>Ó JESUS! Ó VERA PÁSCOA,<br/>SUSPIRADA DOS ANTIGOS!<br/>Ó CORDEIRO ETERNO E MEIGO,<br/>DIGNA-TE ASSISTIR AQUI!</lines>
    </verse>
    <verse name="v2">
      <lines>BOM JESUS, Ó PÃO DIVINO!<br/>PELA FÉ TE APROPRIAMOS;<br/>ÉS NAS ALMAS O ALIMENTO<br/>QUE SUSTENTA O NOSSO AMOR.</lines>
    </verse>
    <verse name="v3">
      <lines>BOM JESUS, Ó VINHO PURO,<br/>FONTE DE PERENE GOZO!<br/>FAZE QUE NOSSA ALMA VIVA<br/>PARA TI, DE TI, EM TI.</lines>
    </verse>
  </lyrics>
</song>
