<?xml version='1.0' encoding='utf-8'?>
<song xmlns="http://openlyrics.info/namespace/2009/song" version="0.8" createdIn="OpenLP 1.9.9" modifiedIn="OpenLP 1.9.9" modifiedDate="2012-09-30T13:17:20">
  <properties>
    <titles>
      <title> CC 125 - REDENÇÃO</title>
    </titles>
    <authors>
      <author>CANTOR CRISTÃO</author>
    </authors>
  </properties>
  <lyrics>
    <verse name="v1">
      <lines>MINHA ALMA, CANTA AO SALVADOR,<br/>QUE TE REMIU COM TANTO AMOR,<br/>QUE TE LIVROU DA ESCRAVIDÃO,<br/>SEU SANGUE DANDO EM REDENÇÃO!</lines>
    </verse>
    <verse name="v2">
      <lines>NA REDENÇÃO FIRMADO ESTOU,<br/>   MEU CATIVEIRO JÁ FINDOU,<br/>   CONTENTE, CANTAREI LOUVOR<br/>   A MEU GLORIOSO REDENTOR.</lines>
    </verse>
    <verse name="v3">
      <lines>LONGE EU ANDAVA DO MEU DEUS,<br/>SEGUINDO NOS CAMINHOS MEUS;<br/>O SALVADOR ME DESCOBRIU<br/>E COM SEU SANGUE ME REMIU.</lines>
    </verse>
    <verse name="v4">
      <lines>FELIZ MOMENTO QUANDO VI,<br/>NA TRISTE CRUZ, MORRER POR MIM,<br/>PRA LIBERTAR-ME DO OPRESSOR,<br/>MEU SANTO E JUSTO REDENTOR.</lines>
    </verse>
    <verse name="v5">
      <lines>PRA MINHA JUSTIFICAÇÃO<br/>O ESFORÇO MEU FOI TODO VÃO;<br/>PERANTE DEUS SÓ TEM VALOR<br/>O SANGUE DO MEU REMIDOR.</lines>
    </verse>
    <verse name="v6">
      <lines>VEM, ALMA OPRESSA, DESCANSAR<br/>NA REDENÇÃO TÃO SINGULAR;<br/>JESUS GARANTE A SALVAÇÃO,<br/>SEU SANGUE VALE A REDENÇÃO.</lines>
    </verse>
  </lyrics>
</song>
