<?xml version='1.0' encoding='utf-8'?>
<song xmlns="http://openlyrics.info/namespace/2009/song" version="0.8" createdIn="OpenLP 1.9.9" modifiedIn="OpenLP 1.9.9" modifiedDate="2012-09-30T13:17:19">
  <properties>
    <titles>
      <title> CC 112 - VENCENDO VEM JESUS</title>
    </titles>
    <verseOrder>v1 v2 v3 v2 v4 v2 v5 v6</verseOrder>
    <authors>
      <author>CANTOR CRISTÃO</author>
    </authors>
  </properties>
  <lyrics>
    <verse name="v1">
      <lines>JÁ REFULGE A GLÓRIA ETERNA<br/>DE JESUS O REI DOS REIS;<br/>BREVE OS REINOS DESTE MUNDO<br/>SEGUIRÃO AS SUAS LEIS!<br/>OS SINAIS DA SUA VINDA<br/>MAIS SE MOSTRAM CADA VEZ.<br/>VENCENDO VEM JESUS!</lines>
    </verse>
    <verse name="v2">
      <lines>GLÓRIA, GLÓRIA! ALELUIA!<br/>GLÓRIA, GLÓRIA! ALELUIA!<br/>GLÓRIA, GLÓRIA! ALELUIA!<br/>   VENCENDO VEM JESUS!</lines>
    </verse>
    <verse name="v3">
      <lines>O CLARIM QUE CHAMA OS CRENTES<br/>A BATALHA JÁ SOOU;<br/>CRISTO, À FRENTE DO SEU POVO,<br/>MULTIDÕES JÁ CONQUISTOU.<br/>O INIMIGO, EM RETIRADA,<br/>SEU FUROR PATENTEOU.<br/>VENCENDO VEM JESUS!</lines>
    </verse>
    <verse name="v4">
      <lines>EIS QUE EM GLÓRIA REFULGENTE<br/>SOBRE AS NUVENS DESCERÁ,<br/>E AS NAÇÕES E OS REIS DA TERRA<br/>COM PODER GOVERNARÁ.<br/>SIM, EM PAZ E SANTIDADE<br/>TODA A TERRA REGERÁ<br/>VENCENDO VEM JESUS!</lines>
    </verse>
    <verse name="v5">
      <lines>E POR FIM, ENTRONIZADO,<br/>AS NAÇÕES HÁ DE JULGAR;<br/>TODOS, GRANDE E PEQUENOS,<br/>O JUIZ HÃO DE ENCARAR;<br/>E OS REMIDOS, TRIUNFANTES,<br/>EM FULGOR HÃO DE CANTAR:<br/>VENCIDO TEM JESUS!</lines>
    </verse>
    <verse name="v6">
      <lines>GLÓRIA, GLÓRIA! ALELUIA!<br/>GLÓRIA, GLÓRIA! ALELUIA!<br/>GLÓRIA, GLÓRIA! ALELUIA!<br/>VENCIDO TEM JESUS!</lines>
    </verse>
  </lyrics>
</song>
