<?xml version='1.0' encoding='utf-8'?>
<song xmlns="http://openlyrics.info/namespace/2009/song" version="0.8" createdIn="OpenLP 1.9.9" modifiedIn="OpenLP 1.9.9" modifiedDate="2012-09-30T13:17:18">
  <properties>
    <titles>
      <title> CC 102 - CRISTO VOLTA</title>
    </titles>
    <authors>
      <author>CANTOR CRISTÃO</author>
    </authors>
  </properties>
  <lyrics>
    <verse name="v1">
      <lines>CRISTO VOLTA BREVEMENTE,<br/>PARA AQUI NO MUNDO TER,<br/>EM LUGAR DE SOFRIMENTO,<br/>MAJESTADE COM PODER.<br/>ELE VOLTA, E EM SUA GLÓRIA<br/>BRILHA A REFULGENTE LUZ<br/>DESSE DIA TÃO QUERIDO<br/>DOS REMIDOS DE JESUS.</lines>
    </verse>
    <verse name="v2">
      <lines>CRISTO VOLTA! CRISTO VOLTA!<br/>   PARA O POVO SEU BUSCAR;<br/>   CRISTO VOLTA TRIUNFANTE,<br/>   PARA COM PODER REINAR,<br/>   CRISTO VOLTA! CRISTO VOLTA!<br/>   NOSSO AMADO SALVADOR.<br/>OH, QUE REGOZIJO AO VÊ-LO<br/>SOBRE TODOS SER SENHOR!</lines>
    </verse>
    <verse name="v3">
      <lines>CRISTO VOLTA! NEM MAIS PENAS,<br/>NEM MAIS PRANTO, NEM MAIS DOR,<br/>NEM MAIS SOMBRA DE PECADO,<br/>NEM MAIS FALTA DE VIGOR.<br/>ELE VOLTA PARA À GLÓRIA<br/>SUA IGREJA CONDUZIR,<br/>PARA TÊ-LA, ENTÃO, CONSIGO<br/>NO CELESTIAL PORVIR.</lines>
    </verse>
    <verse name="v4">
      <lines>CRISTO VOLTA! NÃO SABEMOS<br/>EM QUE DIA TEM DE SER,<br/>MAS ESTAMOS CONFIADOS<br/>QUE SEU ROSTO IREMOS VER.<br/>A PALAVRA SANTA O AFIRMA,<br/>E NÃO PODERÁ FALHAR,<br/>E POR ISSO ESPERAREMOS<br/>VER JESUS AQUI VOLTAR.</lines>
    </verse>
  </lyrics>
</song>
