<?xml version='1.0' encoding='utf-8'?>
<song xmlns="http://openlyrics.info/namespace/2009/song" version="0.8" createdIn="OpenLP 1.9.9" modifiedIn="OpenLP 1.9.9" modifiedDate="2014-01-12T22:58:43">
  <properties>
    <titles>
      <title> CC 123 - BENDITO CORDEIRO</title>
    </titles>
    <verseOrder>v1 v2 v3 v2 v4 v2 v5</verseOrder>
    <authors>
      <author>CANTOR CRISTÃO</author>
    </authors>
  </properties>
  <lyrics>
    <verse name="v1">
      <lines>SEJA BENDITO O CORDEIRO<br/>QUE NA CRUZ POR NÓS PADECEU!<br/>SEJA BENDITO O SEU SANGUE<br/>QUE POR NÓS, PECADORES, VERTEU!<br/>EIS NESSE SANGUE LAVADOS,<br/>COM ROUPAS QUE TÃO ALVAS SÃO,<br/>OS PECADORES REMIDOS,<br/>QUE PERANTE SEU DEUS HOJE ESTÃO!</lines>
    </verse>
    <verse name="v2">
      <lines>ALVO MAIS QUE A NEVE!<br/>   ALVO MAIS QUE A NEVE!<br/>   SIM, NESSE SANGUE LAVADO,<br/>   MAIS ALVO QUE A NEVE SEREI!</lines>
    </verse>
    <verse name="v3">
      <lines>QUÃO ESPINHOSA A COROA<br/>QUE JESUS POR NÓS SUPORTOU!<br/>OH, QUÃO PROFUNDAS AS CHAGAS<br/>QUE NOS PROVAM O QUANTO ELE AMOU!<br/>EIS, NESSAS CHAGAS PUREZA<br/>PARA O MAIS TORPE PECADOR,<br/>POIS QUE MAIS ALVOS QUE A NEVE<br/>O TEU SANGUE NOS TORNA, SENHOR!</lines>
    </verse>
    <verse name="v4">
      <lines>SE NÓS ATI CONFESSARMOS,<br/>E SEGUIRMOS NA TUA LUZ,<br/>TU NÃO SOMENTE PERDOAS,<br/>PURIFICAS TAMBÉM, Ó JESUS,<br/>SIM, E DE TODO PECADO!<br/>QUE MARAVILHA DESSE AMOR!<br/>POIS QUE MAIS ALVOS QUE A NEVE<br/>O TEU SANGUE NOS TORNA, SENHOR!</lines>
    </verse>
    <verse name="v5">
      <lines>TOCOU-ME<br/>JESUS TOCOU-ME<br/>DE PAZ ELE ENCHEU<br/>MEU CORAÇÃO<br/>QUANDO O SENHOR JESUS<br/>ME TOCOU<br/>LIVROU-ME<br/>DA ESCURIDÃO</lines>
    </verse>
  </lyrics>
</song>
