<?xml version='1.0' encoding='utf-8'?>
<song xmlns="http://openlyrics.info/namespace/2009/song" version="0.8" createdIn="OpenLP 1.9.9" modifiedIn="OpenLP 1.9.9" modifiedDate="2012-09-30T13:17:20">
  <properties>
    <titles>
      <title> CC 120 - LOUVAI AO SENHOR</title>
    </titles>
    <authors>
      <author>CANTOR CRISTÃO</author>
    </authors>
  </properties>
  <lyrics>
    <verse name="v1">
      <lines>LOUVAI AO SENHOR, O DEUS ONIPOTENTE,<br/>LOUVAI, Ó REMIDOS, LOUVAI AO SENHOR!<br/>Ó HOMENS, DEUS AMA-VOS ETERNAMENTE,<br/>POIS PROVAS NOS DEU POR JESUS, SALVADOR.</lines>
    </verse>
    <verse name="v2">
      <lines>LOUVAI, LOUVAI, LOUVAI NOSSO REDENTOR!<br/>   CANTAI, CANTAI, CANTAI SEMPRE EM SEU LOUVOR.<br/>   JESUS SOFREU POR NÓS NA CRUZ,<br/>   LOUVAI, EXALTAI NOSSO SENHOR!</lines>
    </verse>
    <verse name="v3">
      <lines>PERDÃO VOS CONCEDE O SENHOR PODEROSO,<br/>QUE CRISTO POR NÓS NO MADEIRO ALCANÇOU;<br/>DEIXAI VOSSOS VÍCIOS E O MUNDO ENGANOSO,<br/>FUGI PARA CRISTO, QUE VOS LIBERTOU!</lines>
    </verse>
    <verse name="v4">
      <lines>SIM, CRISTO VOS SALVA DE TODA A MALDADE,<br/>VOS LIVRA DOS VÍCIOS, DA CARNE E DO MAL,<br/>VOS TIRA DAS TREVAS, VOS DÁ LIBERDADE<br/>E SALVA PRA SEMPRE! QUE AMOR SEM IGUAL!</lines>
    </verse>
  </lyrics>
</song>
