<?xml version='1.0' encoding='utf-8'?>
<song xmlns="http://openlyrics.info/namespace/2009/song" version="0.8" createdIn="OpenLP 1.9.9" modifiedIn="OpenLP 1.9.9" modifiedDate="2012-09-30T13:17:20">
  <properties>
    <titles>
      <title> CC 124 - CANTAREI</title>
    </titles>
    <authors>
      <author>CANTOR CRISTÃO</author>
    </authors>
  </properties>
  <lyrics>
    <verse name="v1">
      <lines>CANTAREI DO AMOR DE CRISTO,<br/>NUNCA HOUVE AMOR IGUAL;<br/>DEU A VIDA PRA SALVAR-NOS<br/>DA CONDENAÇÃO FATAL.</lines>
    </verse>
    <verse name="v2">
      <lines>CANTAREI DAS SUAS PALAVRAS,<br/>TÃO REPLETAS DE PODER,<br/>QUE CONSOLAM E ME INSPIRAM<br/>A JESUS OBEDECER.</lines>
    </verse>
    <verse name="v3">
      <lines>CANTAREI DA IMENSA GRAÇA<br/>DO SEU TERNO CORAÇÃO;<br/>PELA FÉ QUE TENHO NELE<br/>ME GARANTE O MEU PERDÃO.</lines>
    </verse>
    <verse name="v4">
      <lines>O SEU NOME TÃO GLORIOSO<br/>COM FERVOR PROCLAMAREI;<br/>JUNTO COM OS SEUS REMIDOS<br/>ESSE NOME EXALTAREI.</lines>
    </verse>
    <verse name="v5">
      <lines>CANTAREI DE JESUS CRISTO,<br/>   PODEROSO SALVADOR;<br/>   POIS TRANSFORMA, REGENERA<br/>   O PERDIDO, INDIGNO MALFEITOR.</lines>
    </verse>
  </lyrics>
</song>
