<?xml version='1.0' encoding='utf-8'?>
<song xmlns="http://openlyrics.info/namespace/2009/song" version="0.8" createdIn="OpenLP 1.9.9" modifiedIn="OpenLP 1.9.9" modifiedDate="2012-09-30T13:17:28">
  <properties>
    <titles>
      <title> CC 199 - CORDEIRO DIVINO</title>
    </titles>
    <authors>
      <author>CANTOR CRISTÃO</author>
    </authors>
  </properties>
  <lyrics>
    <verse name="v1">
      <lines>SACRIFÍCIOS IMOLADOS<br/>SOBRE O SANGUINOSO ALTAR<br/>NÃO TIRAVAM OS PECADOS;<br/>NÃO PODIAM EXPIAR<br/>NOSSAS CULPAS, NOSSAS CULPAS,<br/>NEM REMORSOS DISSIPAR.</lines>
    </verse>
    <verse name="v2">
      <lines>TEMOS SANGUE MUI PRECIOSO<br/>DE UM DIVINO REMIDOR;<br/>EFICAZ E TÃO GLORIOSO<br/>É O GRANDE EXPIADOR;<br/>PURIFICA, PURIFICA<br/>O MAIS ÍMPIO PECADOR.</lines>
    </verse>
    <verse name="v3">
      <lines>TRISTE, CHORO O MEU PECADO;<br/>DE JESUS ME VEM PERDÃO;<br/>NO CORDEIRO CONFIADO,<br/>NÃO HÁ MAIS CONDENAÇÃO!<br/>O CORDEIRO, O CORDEIRO<br/>DÁ COMPLETA REMISSÃO.</lines>
    </verse>
    <verse name="v4">
      <lines>TODO O PESO DO CASTIGO,<br/>PUNIÇÃO QUE MERECI,<br/>LÁ NA CRUZ, SUPREMO AMIGO,<br/>FOI LANÇADA SOBRE TI!<br/>VOU CANTANDO, VOU CANTANDO:<br/>MINHA CULPA ESTAVA ALI.</lines>
    </verse>
  </lyrics>
</song>
