<?xml version='1.0' encoding='utf-8'?>
<song xmlns="http://openlyrics.info/namespace/2009/song" version="0.8" createdIn="OpenLP 1.9.9" modifiedIn="OpenLP 1.9.9" modifiedDate="2012-09-30T13:17:26">
  <properties>
    <titles>
      <title> CC 181 - BÊNÇÃO</title>
    </titles>
    <authors>
      <author>CANTOR CRISTÃO</author>
    </authors>
  </properties>
  <lyrics>
    <verse name="v1">
      <lines>A GRAÇA DE NOSSO SENHOR,<br/>E O AMOR DE DEUS,<br/>E A COMUNHÃO DO ESPÍRITO SANTO,<br/>CONOSCO SEJAM. AMÉM! AMÉM!</lines>
    </verse>
  </lyrics>
</song>
