<?xml version='1.0' encoding='utf-8'?>
<song xmlns="http://openlyrics.info/namespace/2009/song" version="0.8" createdIn="OpenLP 1.9.9" modifiedIn="OpenLP 1.9.9" modifiedDate="2012-09-30T13:17:28">
  <properties>
    <titles>
      <title> CC 198 - ALELUIA</title>
    </titles>
    <authors>
      <author>CANTOR CRISTÃO</author>
    </authors>
  </properties>
  <lyrics>
    <verse name="v1">
      <lines>A MENSAGEM DO SENHOR; ALELUIA!<br/>É CHEIA DE PERDÃO E AMOR!<br/>CRISTO SALVA O PECADOR; ALELUIA!<br/>SALVA ATÉ POR MEIO DE UM OLHAR!</lines>
    </verse>
    <verse name="v2">
      <lines>VOSSA CULPA JÁ LEVOU; ALELUIA!<br/>JESUS A SATISFEZ NA CRUZ;<br/>SUA VIDA JÁ ENTREGOU, ALELUIA!<br/>PARA VOS APRESENTAR A DEUS.</lines>
    </verse>
    <verse name="v3">
      <lines>OH, OLHAI, POIS, E VIVEI!<br/>   CONFIAI SÓ EM JESUS!<br/>   ELE SALVA O PECADOR; ALELUIA!<br/>   SALVA ATÉ POR MEIO DE UM OLHAR!</lines>
    </verse>
    <verse name="v4">
      <lines>SUA GRAÇA NOS LEGOU; ALELUIA!<br/>ETERNA VIDA LÁ NOS CÉUS;<br/>CONFIAI SÓ EM JESUS; ALELUIA!<br/>CONVERTEI-VOS HOJE MESMO A DEUS!</lines>
    </verse>
    <verse name="v5">
      <lines>ACEITAI A SALVAÇÃO; ALELUIA!<br/>SEGUI OS PASSOS DO SENHOR;<br/>PROCLAMAI O SEU PERDÃO; ALELUIA!<br/>EXALTAI O GRANDE REDENTOR!</lines>
    </verse>
  </lyrics>
</song>
