<?xml version='1.0' encoding='utf-8'?>
<song xmlns="http://openlyrics.info/namespace/2009/song" version="0.8" createdIn="OpenLP 1.9.9" modifiedIn="OpenLP 1.9.9" modifiedDate="2012-09-30T13:17:24">
  <properties>
    <titles>
      <title> CC 156 - ORANDO SEMPRE</title>
    </titles>
    <authors>
      <author>CANTOR CRISTÃO</author>
    </authors>
  </properties>
  <lyrics>
    <verse name="v1">
      <lines>Ó DEUS BENDITO, ATENDE O NOSSO ROGO<br/>E DÁ-NOS GRAÇA E VIDA DE PODER;<br/>NA TENTAÇÃO, QUE INFLAMA COMO FOGO,<br/>SÓ TU OUTORGAS FORÇA DE VENCER.<br/>NOSSA ORAÇÃO RESPONDE, Ó PAI DE AMOR,<br/>E, NESTE MUNDO, DÁ-NOS TEU FAVOR!    (BIS)</lines>
    </verse>
    <verse name="v2">
      <lines>PERDOA AS NOSSAS CULPAS E PECADOS,<br/>QUE MUITOS SÃO, POIS DÉBEIS SOMOS NÓS;<br/>DE TI, ÀS VEZES, VAMOS AFASTADOS,<br/>REBELDES, NÃO OUVINDO TUA VOZ.<br/>A TI CLAMAMOS, CERTOS DO PERDÃO;<br/>A ARREPENDIDOS, MOSTRA COMPAIXÃO!   (BIS)</lines>
    </verse>
    <verse name="v3">
      <lines>QUE PRIVILÉGIO SANTO E DOCE TEMOS<br/>DE TER A PAZ DE CRISTO, O SALVADOR;<br/>E, EM SEU BENDITO NOME, A DEUS LOUVEMOS,<br/>ALEGRES, FORTES, CHEIOS DE FERVOR!<br/>OH, QUE PRAZER GLORIOSO, A DEUS ORAR,<br/>POIS É QUEIMAR INCENSO SOBRE O ALTAR!   (BIS)</lines>
    </verse>
    <verse name="v4">
      <lines>ORAI, NOS DIZ JESUS, TEU FILHO AMADO;<br/>SIM, TUDO A TI LEVAMOS NA ORAÇÃO;<br/>AQUI ESTAMOS FIRMES AO MANDADO,<br/>COM FÉ FAZENDO A NOSSA PETIÇÃO!<br/>OH, VEM, SENHOR, AGORA TRANSMITIR<br/>PODER E GRAÇA, VEM NOS ASSISTIR!             (BIS)</lines>
    </verse>
  </lyrics>
</song>
