<?xml version='1.0' encoding='utf-8'?>
<song xmlns="http://openlyrics.info/namespace/2009/song" version="0.8" createdIn="OpenLP 1.9.9" modifiedIn="OpenLP 1.9.9" modifiedDate="2012-09-30T13:17:27">
  <properties>
    <titles>
      <title> CC 193 - PROCLAMAÇÃO</title>
    </titles>
    <authors>
      <author>CANTOR CRISTÃO</author>
    </authors>
  </properties>
  <lyrics>
    <verse name="v1">
      <lines>PROCLAMAI A TODO O MUNDO QUE JESUS É REI!<br/>PROCLAMAI! PROCLAMAI!<br/>PROCLAMAI QUE SUAVE E SANTA É SUA MAGNA LEI!<br/>PROCLAMAI! PROCLAMAI!<br/>PROCLAMAI QUE ELE É NOSSO SALVADOR JESUS,<br/>POIS SOFREU POR NÓS, PREGANDO NA SANGRENTA CRUZ;<br/>QUE ELE AO REINO ETERNO OS SALVOU EM AMOR CONDUZ!<br/>PROCLAMAI! PROCLAMAI!</lines>
    </verse>
    <verse name="v2">
      <lines>PROCLAMAI QUE REINA SEMPRE NOSSO SALVADOR!<br/>PROCLAMAI! PROCLAMAI!<br/>QUE POR CETRO DE SEU REINO TEM O SANTO AMOR!<br/>PROCLAMAI! PROCLAMAI!<br/>PROCLAMAI AOS INFELIZES QUE ELE VIVE LÁ,<br/>E, AOS CANSADOS E CONTRITOS, QUE DESCANSO DÁ;<br/>PROCLAMAI AOS PECADORES QUE ELE OS SALVARÁ!<br/>PROCLAMAI! PROCLAMAI!</lines>
    </verse>
    <verse name="v3">
      <lines>PROCLAMAI QUE EM BREVE SOBRE AS NUVENS DESCERÁ!<br/>PROCLAMAI! PROCLAMAI!<br/>E COM TODOS OS SEUS SANTOS EM FULGOR VIRÁ!<br/>PROCLAMAI! PROCLAMAI!<br/>E QUEM SEM DEMORA VENHAM TODOS SE RENDER,<br/>E FIÉIS E DEDICADOS SERVOS DELE SER;<br/>SIM, ESTEJAM PRONTOS QUANDO O REI DOS REIS VIER!<br/>PROCLAMAI! PROCLAMAI!</lines>
    </verse>
  </lyrics>
</song>
