<?xml version='1.0' encoding='utf-8'?>
<song xmlns="http://openlyrics.info/namespace/2009/song" version="0.8" createdIn="OpenLP 1.9.9" modifiedIn="OpenLP 1.9.9" modifiedDate="2012-09-30T13:17:24">
  <properties>
    <titles>
      <title> CC 155 - O GRANDE AMIGO</title>
    </titles>
    <authors>
      <author>CANTOR CRISTÃO</author>
    </authors>
  </properties>
  <lyrics>
    <verse name="v1">
      <lines>EM JESUS AMIGO TEMOS,<br/>MAIS CHEGADO QUE UM IRMÃO;<br/>ELE MANDA QUE LEVEMOS<br/>TUDO A DEUS EM ORAÇÃO!<br/>OH, QUE PAZ PERDEMOS SEMPRE,<br/>OH, QUE DOR NO CORAÇÃO,<br/>SÓ PORQUE NÓS NÃO LEVAMOS<br/>TUDO A DEUS EM ORAÇÃO!</lines>
    </verse>
    <verse name="v2">
      <lines>TEMOS LIDAS E PESARES<br/>E NA VIDA TENTAÇÃO;<br/>NÃO FICAMOS SEM CONFORTO,<br/>INDO A CRISTO EM ORAÇÃO.<br/>HAVERÁ UM OUTRO AMIGO<br/>DE TÃO GRANDE COMPAIXÃO?<br/>OS CONTRITOS JESUS CRISTO<br/>SEMPRE ATENDE EM ORAÇÃO.</lines>
    </verse>
    <verse name="v3">
      <lines>E SE NÓS DESFALECEMOS,<br/>CRISTO ESTENDE-NOS A MÃO,<br/>POIS É SEMPRE A NOSSA FORÇA<br/>E REFÚGIO EM ORAÇÃO.<br/>SE ESTE MUNDO EM ORAÇÃO.<br/>SE ESTE MUNDO NOS DEPREZA,<br/>CRISTO É NOSSO EM ORAÇÃO;<br/>EM SEUS BRAÇOS NOS ACOLHE<br/>E NOS DÁ CONSOLAÇÃO.</lines>
    </verse>
  </lyrics>
</song>
