<?xml version='1.0' encoding='utf-8'?>
<song xmlns="http://openlyrics.info/namespace/2009/song" version="0.8" createdIn="OpenLP 1.9.9" modifiedIn="OpenLP 1.9.9" modifiedDate="2012-09-30T13:17:28">
  <properties>
    <titles>
      <title> CC 195 - VIDA POR UM OLHAR</title>
    </titles>
    <authors>
      <author>CANTOR CRISTÃO</author>
    </authors>
  </properties>
  <lyrics>
    <verse name="v1">
      <lines>TERÁS VIDA EM OLHAR PRA JESUS, SALVADOR;<br/>ELE DIZ: VIDA ETERNA EU TE DOU;<br/>POIS, ENTÃO, PECADOR, CONSIDERA ESSE AMOR;<br/>VÊ JESUS QUE NA CRUZ EXPIROU.</lines>
    </verse>
    <verse name="v2">
      <lines>VÊ, VÊ, VIVERÁS!<br/>   TERÁS, VIDA EM OLHAR PRA JESUS, SALVADOR;<br/>   ELE DIZ: VIDA EM MIM ACHARÁS!</lines>
    </verse>
    <verse name="v3">
      <lines>TERÁS VIDA EM OLHAR PRA JESUS, SALVADOR;<br/>SANGUE SEU DERRAMADO ELE TEM;<br/>PAGA ESTÁ NOSSA FALTA; NÃO HAJA TEMOR;<br/>POR OLHAR, PECADOR, VIDA VEM.</lines>
    </verse>
    <verse name="v4">
      <lines>TERÁS VIDA EM OLHAR PRA JESUS, SALVADOR;<br/>NÃO HÁ CHORO, REMORSO, NEM DOR<br/>QUE CONSIGA REMIR A QUALQUER PECADOR;<br/>SÓ O SANGUE DO BOM REDENTOR.</lines>
    </verse>
    <verse name="v5">
      <lines>TERÁS VIDA EM OLHAR PRA JESUS, SALVADOR;<br/>ELE TUDO POR TI JÁ SOFREU.<br/>DEUS ESTENDE O CONVITE AO MAIOR TRANSGRESSOR;<br/>VÊ JESUS, QUE POR TI PADECEU!</lines>
    </verse>
    <verse name="v6">
      <lines>TERÁS VIDA EM OLHAR PRA JESUS, SALVADOR;<br/>ELE DIZ: VIDA ETERNA EU TE DOU.<br/>NUNCA PERECERÁS, CRENDO EM CRISTO, O SENHOR;<br/>SEGURANÇA EM JESUS GOZARÁS.</lines>
    </verse>
  </lyrics>
</song>
