<?xml version='1.0' encoding='utf-8'?>
<song xmlns="http://openlyrics.info/namespace/2009/song" version="0.8" createdIn="OpenLP 1.9.9" modifiedIn="OpenLP 1.9.9" modifiedDate="2012-09-30T13:17:18">
  <properties>
    <titles>
      <title> CC 106 - O DESEJADO</title>
    </titles>
    <authors>
      <author>CANTOR CRISTÃO</author>
    </authors>
  </properties>
  <lyrics>
    <verse name="v1">
      <lines>VEM, Ó CRISTO DESEJADO!<br/>VEM DEPRESSA, REDENTOR!<br/>SALVE O DIA ESPLENDOROSO<br/>DO REGRESSO TEU, SENHOR!</lines>
    </verse>
    <verse name="v2">
      <lines>VEM, Ó CRISTO DESEJADO!<br/>VEM O MUNDO LIBERTAR<br/>DESSAS DORES EM QUE GEME!<br/>TEU PODER VEM DEMONSTRAR!</lines>
    </verse>
    <verse name="v3">
      <lines>VEM Ó CRISTO DESEJADO!<br/>VEM O MUNDO DOMINAR,<br/>DISPENSANDO AMOR, JUSTIÇA!<br/>VEM TEU REINO DILATAR!</lines>
    </verse>
    <verse name="v4">
      <lines>VEM, Ó CRISTO DESEJADO,<br/>TUA GLÓRIA REVELAR!<br/>VEM, SENHOR JESUS, NOS ARES<br/>PARA NOS ARREBATAR!</lines>
    </verse>
    <verse name="v5">
      <lines>VEM, ESPERANÇA DESTE MUNDO!<br/>   VEM O MILÊNIO INAUGURAR!<br/>   VEM TEUS REMIDOS DESPERTAR DO SONO!<br/>   OH, VEM TEU REINO CONFIRMAR!</lines>
    </verse>
  </lyrics>
</song>
