<?xml version='1.0' encoding='utf-8'?>
<song xmlns="http://openlyrics.info/namespace/2009/song" version="0.8" createdIn="OpenLP 1.9.9" modifiedIn="OpenLP 1.9.9" modifiedDate="2012-09-30T13:17:22">
  <properties>
    <titles>
      <title> CC 138 - A LEI DO SENHOR</title>
    </titles>
    <authors>
      <author>CANTOR CRISTÃO</author>
    </authors>
  </properties>
  <lyrics>
    <verse name="v1">
      <lines>SÁBIA, JUSTA, SANTA E PURA<br/>É A LEI DO MEU SENHOR,<br/>QUE CORRIGE A VIDA IMPURA<br/>DO PERDIDO PECADOR.<br/>DO SENHOR O ENSINAMENTO<br/>NELA TÃO PERFEITO ESTÁ;<br/>É TÃO CHEIA DE PRECEITOS<br/>E CONSELHOS SANTOS DÁ!</lines>
    </verse>
    <verse name="v2">
      <lines>DO SENHOR OS BONS CONSELHOS<br/>JUSTOS E BENIGNOS SÃO;<br/>NELES VEJO, QUAIS ESPELHOS,<br/>QUANTO É MAU MEU CORAÇÃO.<br/>MAIS QUE O SOL, RESPLANDECENTES,<br/>OS PRECEITOS DO SENHOR<br/>ILUMINAM NOSSAS MENTES<br/>COM DIVINO RESPLENDOR.</lines>
    </verse>
  </lyrics>
</song>
