<?xml version='1.0' encoding='utf-8'?>
<song xmlns="http://openlyrics.info/namespace/2009/song" version="0.8" createdIn="OpenLP 1.9.9" modifiedIn="OpenLP 1.9.9" modifiedDate="2012-09-30T13:17:25">
  <properties>
    <titles>
      <title> CC 165 - ORAÇÃO</title>
    </titles>
    <authors>
      <author>CANTOR CRISTÃO</author>
    </authors>
  </properties>
  <lyrics>
    <verse name="v1">
      <lines>PAI CELESTE, DEUS BENDITO,<br/>MANISFESTA TEU AMOR!<br/>A TEUS PÉS EIS-NOS PROSTRADOS,<br/>IMPLORANDO TEU FAVOR!<br/>AOS QUE JAZEM NO PECADO,<br/>MOSTRA A LUZ DA SALVAÇÃO.<br/>VEM BRILHAR EM NOSSAS ALMAS,<br/>TU, Ó SOL DA RETIDÃO!</lines>
    </verse>
    <verse name="v2">
      <lines>NESTA VIDA TÃO PENOSA,<br/>VEM, SENHOR, NOS CONSOLAR;<br/>AOS AFLITOS E CANSADOS,<br/>MOSTRA SEU AMOR SEM PAR!<br/>NAS FRAQUEZAS DÁ CONFORTO,<br/>AUMENTANDO NOSSA FÉ,<br/>E FIRMANDO, COM BONDADE,<br/>SOBRE A ROCHA NOSSO PÉ!</lines>
    </verse>
    <verse name="v3">
      <lines>NOSSAS CULPAS E DELITOS<br/>TU NOS PODES PERDOAR!<br/>VEM GUIAR-NOS NO CAMINHO<br/>QUE CONDUZ AO SANTO LAR!<br/>POR JESUS, TEU FILHO AMADO,<br/>NOSSO ETERNO SUMO BEM,<br/>TUDO NÓS TE SUPLICAMOS,<br/>GLÓRIA A TI, SENHOR, AMÉM!</lines>
    </verse>
  </lyrics>
</song>
