<?xml version='1.0' encoding='utf-8'?>
<song xmlns="http://openlyrics.info/namespace/2009/song" version="0.8" createdIn="OpenLP 1.9.9" modifiedIn="OpenLP 1.9.9" modifiedDate="2012-09-30T13:17:23">
  <properties>
    <titles>
      <title> CC 149 - PERSISTÊNCIA EM ORAÇÃO</title>
    </titles>
    <authors>
      <author>CANTOR CRISTÃO</author>
    </authors>
  </properties>
  <lyrics>
    <verse name="v1">
      <lines>EIS QUE, Ó PAI, PROSTRADOS, TE ROGAMOS NÓS:<br/>DÁ-NOS A VITÓRIA, NESTA LUTA ATROZ;<br/>DÁ-NOS FÉ ROBUSTA PARA RESISTIR -<br/>É O QUE TEUS SERVOS VIMOS TE PEDIR!</lines>
    </verse>
    <verse name="v2">
      <lines>DÁ-NOS PERSISTÊNCIA COMO A DE JACÓ,<br/>PRA LUTAR ORANDO, NUM DESEJO SÓ,<br/>SUPLICANDO GRAÇA, SEM DESANIMAR,<br/>TÉ QUE RECEBAMOS TEU FAVOR SEM PAR!</lines>
    </verse>
    <verse name="v3">
      <lines>E, SE DEMORARES EM NOS RESPONDER,<br/>FIRMES FICAREMOS, SEM DESFALECER;<br/>TU POR GRAÇA TUDO NOS DARÁS, SENHOR,<br/>QUANDO FOR PROVADA NOSSA FÉ E AMOR!</lines>
    </verse>
    <verse name="v4">
      <lines>DE SALVAR PERDIDOS, POBRES SOCORRER<br/>E DE DAR-NOS BÊNÇÃOS TENS REAL PRAZER.<br/>QUE ALCANCEMOS SEMPRE TUA COMPAIXÃO!<br/>DÁ-NOS FÉ MAIS FORTE, DÁ-NOS TUA MÃO!</lines>
    </verse>
  </lyrics>
</song>
