<?xml version='1.0' encoding='utf-8'?>
<song xmlns="http://openlyrics.info/namespace/2009/song" version="0.8" createdIn="OpenLP 1.9.9" modifiedIn="OpenLP 1.9.9" modifiedDate="2012-09-30T13:17:25">
  <properties>
    <titles>
      <title> CC 164 - REVIVIFICAÇÃO</title>
    </titles>
    <authors>
      <author>CANTOR CRISTÃO</author>
    </authors>
  </properties>
  <lyrics>
    <verse name="v1">
      <lines>TU, QUE SOBRE A AMARGA CRUZ<br/>REVELASTE TEU AMOR,<br/>TU, QUE VIVES, Ó JESUS,<br/>VIVIFICA-NOS, SENHOR!</lines>
    </verse>
    <verse name="v2">
      <lines>EIS O MUNDO TENTADOR<br/>PROCURANDO NOS TRAIR!<br/>SEM TEU FOGO ABRASADOR<br/>PRESTO ESTAMOS A CAIR.</lines>
    </verse>
    <verse name="v3">
      <lines>QUANTOS QUE CORRIAM BEM<br/>JÁ NÃO MAIS CONTIGO VÃO!<br/>OUTROS SEGUEM, MAS TAMBÉM<br/>FRIOS, SEM AMOR ESTÃO.</lines>
    </verse>
    <verse name="v4">
      <lines>VEM AGORA CONSUMIR<br/>TUDO QUANTO, Ó SALVADOR,<br/>QUER, ALTIVO, RESISTIR<br/>AO TEU BRANDO E DOCE AMOR!</lines>
    </verse>
    <verse name="v5">
      <lines>VEM, OH, VEM, JESUS, SENHOR,<br/>   NOSSAS ALMAS DESPERTAR!<br/>   COM TEU PURO E SANTO AMOR,<br/>   VEM, OH, VEM NOS INFLAMAR,<br/>   OH, VEM, OH,VEM<br/>   NOSSAS ALMAS INFLAMAR!</lines>
    </verse>
  </lyrics>
</song>
