<?xml version='1.0' encoding='utf-8'?>
<song xmlns="http://openlyrics.info/namespace/2009/song" version="0.8" createdIn="OpenLP 1.9.9" modifiedIn="OpenLP 1.9.9" modifiedDate="2012-09-30T13:17:21">
  <properties>
    <titles>
      <title> CC 131 - BENDIZE</title>
    </titles>
    <authors>
      <author>CANTOR CRISTÃO</author>
    </authors>
  </properties>
  <lyrics>
    <verse name="v1">
      <lines>BENDIZE, Ó TU, MEU CORAÇÃO,<br/>BENDIZE AO SALVADOR,<br/>E TUDO QUANTO HOUVER EM MIM,<br/>CONSAGRA-LHE LOUVOR.  (BIS)</lines>
    </verse>
    <verse name="v2">
      <lines>BENDIZE, Ó TU, MEU CORAÇÃO,<br/>BENDIZE AO SALVADOR;<br/>NÃO FIQUES ESQUECIDO, POIS,<br/>DO SEU DIVINO AMOR.  (BIS)</lines>
    </verse>
    <verse name="v3">
      <lines>ELE OS DELITOS COM AMOR<br/>E GRAÇA PERDOOU,<br/>E COM DIVINA COMPAIXÃO<br/>JESUS TE ALIVIOU.  (BIS)</lines>
    </verse>
    <verse name="v4">
      <lines>O TEU DESEJO SATISFAZ<br/>COM VERDADEIROS BENS;<br/>A VIDA RENOVADA, ASSIM,<br/>TU, COMO AS ÁGUAS, TENS.  (BIS)</lines>
    </verse>
  </lyrics>
</song>
