<?xml version='1.0' encoding='utf-8'?>
<song xmlns="http://openlyrics.info/namespace/2009/song" version="0.8" createdIn="OpenLP 1.9.9" modifiedIn="OpenLP 1.9.9" modifiedDate="2012-09-30T13:17:27">
  <properties>
    <titles>
      <title> CC 191 - EIS A NOVA</title>
    </titles>
    <authors>
      <author>CANTOR CRISTÃO</author>
    </authors>
  </properties>
  <lyrics>
    <verse name="v1">
      <lines>OH, QUE MENSAGEM CHEIA<br/>DA COMPAIXÃO DE DEUS,<br/>A DO EVANGELHO SANTO<br/>QUE NOS CONDUZ AOS CÉUS!</lines>
    </verse>
    <verse name="v2">
      <lines>INCOMPARÁVEL GRAÇA,<br/>CHEIA DE SANTO AMOR,<br/>QUE AO PECADOR PERDIDO<br/>TROUXE O BOM SALVADOR!</lines>
    </verse>
    <verse name="v3">
      <lines>EIS A NOVA:<br/>   QUEM EM JESUS CONFIA,<br/>   DELE HÁ DE TER VERDADEIRA LUZ,<br/>   VIDA, PERDÃO E ALEGRIA!</lines>
    </verse>
    <verse name="v4">
      <lines>POIS O PECADO AVILTA,<br/>ENCHE DE ESCURIDÃO<br/>A ALMA REBELDE E ERRADA<br/>SOB SUA MALDIÇÃO!</lines>
    </verse>
    <verse name="v5">
      <lines>TEMOS NA CRUZ DE CRISTO<br/>BÊNÇÃO E SALVAÇÃO;<br/>PORTA DA VIDA ABERTA,<br/>ÚNICA REDENÇÃO!</lines>
    </verse>
  </lyrics>
</song>
