<?xml version='1.0' encoding='utf-8'?>
<song xmlns="http://openlyrics.info/namespace/2009/song" version="0.8" createdIn="OpenLP 1.9.9" modifiedIn="OpenLP 1.9.9" modifiedDate="2012-09-30T13:17:25">
  <properties>
    <titles>
      <title> CC 167 - VEM, INFLAMA</title>
    </titles>
    <authors>
      <author>CANTOR CRISTÃO</author>
    </authors>
  </properties>
  <lyrics>
    <verse name="v1">
      <lines>MEU PECADO RESGATADO<br/>FOI NA CRUZ POR TEU AMOR,<br/>E DA MORTE, TRISTE SORTE,<br/>ME LIVRASTE, TU, SENHOR.</lines>
    </verse>
    <verse name="v2">
      <lines>VEM, INFLAMA A VIVA CHAMA<br/>   EM MEU PEITO, BEM SEM FIM!<br/>   EU TE ADORO, SEMPRE IMPLORO:<br/>   Ó JESUS, HABITA EM MIM!</lines>
    </verse>
    <verse name="v3">
      <lines>SE HESITANTE, VACILANTE,<br/>OUÇO A VOZ DO TENTADOR,<br/>TU ME GUIAS, ME AUXILIAS<br/>E ME TORNAS VENCEDOR.</lines>
    </verse>
    <verse name="v4">
      <lines>REDIMIDA, SÓ TEM VIDA<br/>A MINHA ALMA EM TEU AMOR;<br/>COM APREÇO RECONHEÇO<br/>QUANTO DEVO A TI, SENHOR!</lines>
    </verse>
  </lyrics>
</song>
