<?xml version='1.0' encoding='utf-8'?>
<song xmlns="http://openlyrics.info/namespace/2009/song" version="0.8" createdIn="OpenLP 1.9.9" modifiedIn="OpenLP 1.9.9" modifiedDate="2012-09-30T13:17:19">
  <properties>
    <titles>
      <title> CC 116 - DESEJO DA ALMA</title>
    </titles>
    <authors>
      <author>CANTOR CRISTÃO</author>
    </authors>
  </properties>
  <lyrics>
    <verse name="v1">
      <lines>VEM, ESPÍRITO DIVINO,<br/>GRANDE ENSINADOR!<br/>VEM! DESCOBRE ÀS NOSSAS ALMAS<br/>CRISTO, O SALVADOR!</lines>
    </verse>
    <verse name="v2">
      <lines>VEM! DEMOLE OS ALICERCES<br/>DA ENGANOSA PAZ,<br/>AOS ERRADOS CONCEDENDO<br/>SALVAÇÃO VERAZ!</lines>
    </verse>
    <verse name="v3">
      <lines>VEM! REVESTE A TUA IGREJA<br/>DE PODER E LUZ!<br/>VEM! ATRAI OS PECADORES<br/>AO SENHOR JESUS!</lines>
    </verse>
    <verse name="v4">
      <lines>MARAVILHAS SOBERANAS<br/>OUTROS POVOS VÊEM;<br/>OH, DERRAMA A MESMA BÊNÇÃO<br/>SOBRE NÓS TAMBÉM!</lines>
    </verse>
    <verse name="v5">
      <lines>CRISTO, MESTRE,<br/>   OUVE COM FAVOR!<br/>   EM PODER E GRAÇA INSIGNE<br/>   OBRE O TEU AMOR!</lines>
    </verse>
  </lyrics>
</song>
