<?xml version='1.0' encoding='utf-8'?>
<song xmlns="http://openlyrics.info/namespace/2009/song" version="0.8" createdIn="OpenLP 1.9.9" modifiedIn="OpenLP 1.9.9" modifiedDate="2012-09-30T13:17:25">
  <properties>
    <titles>
      <title> CC 169 - MAIS DE CRISTO</title>
    </titles>
    <authors>
      <author>CANTOR CRISTÃO</author>
    </authors>
  </properties>
  <lyrics>
    <verse name="v1">
      <lines>MAIS DE CRISTO EU QUERO VER,<br/>MAIS DO SEU AMOR OBTER,<br/>MAIS DA SUA COMPAIXÃO,<br/>MAIS DA SUA MANSIDÃO.</lines>
    </verse>
    <verse name="v2">
      <lines>MAIS, MAIS DE CRISTO!<br/>   MAIS, MAIS DE CRISTO!<br/>   MAIS DO SEU PURO E SANTO AMOR,<br/>   MAIS DE TI MESMO, Ó SALVADOR!</lines>
    </verse>
    <verse name="v3">
      <lines>MAIS DE CRISTO COMPREENDER,<br/>QUERO A CRISTO OBEDECER,<br/>SEMPRE PERTO DELE ANDAR,<br/>SEU AMOR MANISFESTAR.</lines>
    </verse>
  </lyrics>
</song>
