<?xml version='1.0' encoding='utf-8'?>
<song xmlns="http://openlyrics.info/namespace/2009/song" version="0.8" createdIn="OpenLP 1.9.9" modifiedIn="OpenLP 1.9.9" modifiedDate="2012-09-30T13:17:26">
  <properties>
    <titles>
      <title> CC 180 - DESPEDIDA</title>
    </titles>
    <authors>
      <author>CANTOR CRISTÃO</author>
    </authors>
  </properties>
  <lyrics>
    <verse name="v1">
      <lines>GRANDE DEUS, EM PAZ, AGORA,<br/>VEM, DESPEDE-NOS, SENHOR;<br/>CERTOS DE FRUIR AS BÊNÇÃOS,<br/>QUE PROVÊM DO TEU AMOR.<br/>DÁ-NOS FORÇAS, NESTE MUNDO DE AMARGOR!</lines>
    </verse>
    <verse name="v2">
      <lines>GRAÇAS, GRAÇAS TE RENDEMOS<br/>PELA TUA REDENÇÃO;<br/>E ROGAMOS, FERVOROSOS,<br/>TUA FIRME PROTEÇÃO;<br/>TEU ESPÍRITO DOMINE O CORAÇÃO.</lines>
    </verse>
  </lyrics>
</song>
