<?xml version='1.0' encoding='utf-8'?>
<song xmlns="http://openlyrics.info/namespace/2009/song" version="0.8" createdIn="OpenLP 1.9.9" modifiedIn="OpenLP 1.9.9" modifiedDate="2013-04-10T22:51:21">
  <properties>
    <titles>
      <title> CC 135 - LOUVOR</title>
    </titles>
    <verseOrder>v1 v5 v2 v5 v3 v5 v4 v5</verseOrder>
    <authors>
      <author>CANTOR CRISTÃO</author>
    </authors>
  </properties>
  <lyrics>
    <verse name="v1">
      <lines>LOUVAMOS-TE, Ó DEUS,<br/>PELO DOM DE JESUS,<br/>QUE POR NÓS PECADORES<br/>FOI MORTO NA CRUZ.</lines>
    </verse>
    <verse name="v2">
      <lines>LOUVAMOS-TE, Ó DEUS,<br/>E AO TEU FILHO DE AMOR,<br/>QUE FOI MORTO, MAS VIVE,<br/>SUPREMO SENHOR.</lines>
    </verse>
    <verse name="v3">
      <lines>LOUVAMOS-TE, Ó DEUS,<br/>PELO ESPÍRITO, LUZ<br/>QUE NOS TIRA DAS TREVAS<br/>E A CRISTO CONDUZ.</lines>
    </verse>
    <verse name="v4">
      <lines>OH, VEM NOS ENCHER<br/>DE CELESTE FERVOR,<br/>E FAZER-NOS FRUIR<br/>TEU AFÁVEL AMOR!</lines>
    </verse>
    <verse name="v5">
      <lines>ALELUIA, TODA GLÓRIA<br/>   TE RENDEMOS, SEM FIM;<br/>   ALELUIA, TUA GRAÇA<br/>   IMPLORAMOS. AMÉM!</lines>
    </verse>
  </lyrics>
</song>
