<?xml version='1.0' encoding='utf-8'?>
<song xmlns="http://openlyrics.info/namespace/2009/song" version="0.8" createdIn="OpenLP 1.9.9" modifiedIn="OpenLP 1.9.9" modifiedDate="2012-09-30T13:17:25">
  <properties>
    <titles>
      <title> CC 166 - AS PROMESSAS DE DEUS</title>
    </titles>
    <authors>
      <author>CANTOR CRISTÃO</author>
    </authors>
  </properties>
  <lyrics>
    <verse name="v1">
      <lines>ACASO PODÍAMOS NÓS CONSEGUIR<br/>MAIOR SEGURANÇA DO QUE POSSUIR<br/>AS LINDAS PROMESSAS DO NOSSO BOM DEUS,<br/>FIRMADAS NA BÍBLIA PRA TODOS OS SEUS?</lines>
    </verse>
    <verse name="v2">
      <lines>OH, NUNCA TEMAIS! ELE ASSIM NOS FALOU;<br/>SIM, TODOS OS DIAS CONVOSCO EU ESTOU;<br/>O VOSSO SUSTENTO SEREI, E DEVEIS<br/>EM MIM CONFIAR; SEMPRE SEDE FIÉIS.</lines>
    </verse>
    <verse name="v3">
      <lines>POR DIFICULDADES TEREIS DE PASSAR,<br/>NENHUM EMBARAÇO VOS DEVE ESPANTAR;<br/>CONVOSCO EU ESTOU PARA VOS PROTEGER<br/>E O MAL EU FAREI PARA O BEM CONCORRER.</lines>
    </verse>
    <verse name="v4">
      <lines>SIM, A ALMA QUE EM CRISTO SE REFUGIOU,<br/>OH, TODOS OS DIAS COM ELA EU ESTOU!<br/>POR MAIS QUE O INFERNO A PROCURE PERDER,<br/>JAMAIS PODERÁ, POIS EU VOU SOCORRER.</lines>
    </verse>
  </lyrics>
</song>
