<?xml version='1.0' encoding='utf-8'?>
<song xmlns="http://openlyrics.info/namespace/2009/song" version="0.8" createdIn="OpenLP 1.9.9" modifiedIn="OpenLP 1.9.9" modifiedDate="2012-09-30T13:17:19">
  <properties>
    <titles>
      <title> CC 113 - O DIA GLORIOSO</title>
    </titles>
    <authors>
      <author>CANTOR CRISTÃO</author>
    </authors>
  </properties>
  <lyrics>
    <verse name="v1">
      <lines>REGOZIJAI-VOS, SIM, Ó CRENTES,<br/>O SENHOR NÃO TARDARÁ!<br/>JÁ VEM O DIA MUI GLORIOSO<br/>EM QUE CRISTO VOLTARÁ!</lines>
    </verse>
    <verse name="v2">
      <lines>Ó DIA TRIUNFAL DE CRISTO,<br/>   QUANDO LÁ DO CÉU DESCER!<br/>   ESTEJAMOS PRONTOS, JUBILOSOS,<br/>   O SENHOR A RECEBER!<br/>   REGOZIJAI-VOS, SIM, Ó CRENTES!<br/>   O SENHOR NÃO TARDARÁ!<br/>   JÁ VEM O DIA MUI GLORIOSO<br/>   EM QUE CRISTO VOLTARÁ!</lines>
    </verse>
    <verse name="v3">
      <lines>EIS, COM MILHARES DE MILHARES,<br/>SOBRE AS NUVENS ELE VEM;<br/>E TODOS JUNTOS ENTRAREMOS<br/>COM JESUS NA GLÓRIA ALÉM!</lines>
    </verse>
    <verse name="v4">
      <lines>E ENTÃO SERÁ GLORIFICADO<br/>NOS REMIDOS O SENHOR;<br/>E O MUNDO FICARÁ PASMADO,<br/>VENDO A CRISTO EM SEU FULGOR!</lines>
    </verse>
  </lyrics>
</song>
