<?xml version='1.0' encoding='utf-8'?>
<song xmlns="http://openlyrics.info/namespace/2009/song" version="0.8" createdIn="OpenLP 1.9.9" modifiedIn="OpenLP 1.9.9" modifiedDate="2012-09-30T13:17:26">
  <properties>
    <titles>
      <title> CC 179 - FIM DO CULTO</title>
    </titles>
    <authors>
      <author>CANTOR CRISTÃO</author>
    </authors>
  </properties>
  <lyrics>
    <verse name="v1">
      <lines>TEU CULTO FINDO AQUI,<br/>DESPEDE-NOS, SENHOR;<br/>DIRIGI-NOS, ATÉ O FIM,<br/>POR TEU EXCELSO AMOR.</lines>
    </verse>
    <verse name="v2">
      <lines>QUEREMOS EM AMOR<br/>DE TEU FAVOR VIVER.<br/>DE TEU ESPÍRITO GOZAR,<br/>E A GRAÇA RECEBER.</lines>
    </verse>
  </lyrics>
</song>
