<?xml version='1.0' encoding='utf-8'?>
<song xmlns="http://openlyrics.info/namespace/2009/song" version="0.8" createdIn="OpenLP 1.9.9" modifiedIn="OpenLP 1.9.9" modifiedDate="2012-09-30T13:17:27">
  <properties>
    <titles>
      <title> CC 188 - O EVANGELHO</title>
    </titles>
    <authors>
      <author>CANTOR CRISTÃO</author>
    </authors>
  </properties>
  <lyrics>
    <verse name="v1">
      <lines>A NOVA DO EVANGELHO<br/>JÁ SE FEZ OUVIR AQUI;<br/>BOAS-NOVAS TÃO ALEGRES,<br/>ELAS SÃO PRA QUEM OUVIR:<br/>ASSIM DEUS NOS AMOR,<br/>SIM, A CADA PECADOR,<br/>QUEM NOS DEU SEU FILHO AMADO<br/>PRA SOFRER A NOSSA DOR.</lines>
    </verse>
    <verse name="v2">
      <lines>A NOVA DO EVANGELHO<br/>DÁ-NOS TODOS A SABER<br/>QUE FARTURA HÁ PARA TODOS,<br/>SIM, PRA QUEM COM FÉ COMER:<br/>DA VIDA O PÃO EU SOU;<br/>SATISFEITO FICARÁS;<br/>TEUS PECADOS E TUA ALMA<br/>LEVAREI, E PAZ TERÁS.</lines>
    </verse>
    <verse name="v3">
      <lines>SANTA PAZ E PERDÃO<br/>   SÃO AS NOVAS LÁ DOS CÉUS!<br/>   SANTA PAZ E PERDÃO!<br/>   É BENDITO O NOSSO DEUS!</lines>
    </verse>
    <verse name="v4">
      <lines>A NOVA DO EVANGELHO<br/>ORA VEM NOS AVISAR<br/>DO PERIGO GRANDE E GRAVE<br/>PARA QUEM SE DESCUIDAR.<br/>SALVAI-NOS DESDE JÁ;<br/>NÃO VOS DEMOREIS, ENTÃO,<br/>NÃO VIREIS OS VOSSOS OLHOS,<br/>OH, FUGI DA PERDIÇÃO!</lines>
    </verse>
    <verse name="v5">
      <lines>A NOVA DO EVANGELHO<br/>JUBILOSO SOM NOS É,<br/>POIS O AMOR DE JESUS CRISTO<br/>DÁ PERDÃO MEDIANTE A FÉ.<br/>AS NOVAS SE VOS DÃO<br/>QUE JÁ VEIO O SALVADOR,<br/>TÃO BONDOSO E PODEROSO,<br/>QUE PERDOA AO PECADOR.</lines>
    </verse>
  </lyrics>
</song>
