<?xml version='1.0' encoding='utf-8'?>
<song xmlns="http://openlyrics.info/namespace/2009/song" version="0.8" createdIn="OpenLP 1.9.9" modifiedIn="OpenLP 1.9.9" modifiedDate="2012-09-30T13:17:24">
  <properties>
    <titles>
      <title> CC 157 - VIVIFICA-NOS, SENHOR</title>
    </titles>
    <authors>
      <author>CANTOR CRISTÃO</author>
    </authors>
  </properties>
  <lyrics>
    <verse name="v1">
      <lines>MANDA, OH, MANDA AS RICAS CHUVAS,<br/>TUA BÊNÇÃO, SALVADOR!<br/>IMPLORAMOS, ESPERAMOS,<br/>VIVIFICA-NOS, SENHOR!</lines>
    </verse>
  </lyrics>
</song>
