<?xml version='1.0' encoding='utf-8'?>
<song xmlns="http://openlyrics.info/namespace/2009/song" version="0.8" createdIn="OpenLP 1.9.9" modifiedIn="OpenLP 1.9.9" modifiedDate="2012-09-30T13:17:26">
  <properties>
    <titles>
      <title> CC 183 - A LUZ DO MUNDO</title>
    </titles>
    <authors>
      <author>CANTOR CRISTÃO</author>
    </authors>
  </properties>
  <lyrics>
    <verse name="v1">
      <lines>PRA TODO PERDIDO NAS TREVAS DO MAL,<br/>JESUS É A LUZ DO MUNDO!<br/>DO SOL NO ESPLENDOR NÃO ENCONTRA RIVAL;<br/>JESUS É A LUZ DO MUNDO!</lines>
    </verse>
    <verse name="v2">
      <lines>VEM PARA A LUZ, POIS BRILHA POR TI;<br/>   DENTRO DO PEITO, ALEGRE, A SENTI;<br/>   VENDO-A, DO MAL A DEUS EU CORRI;<br/>   JESUS É A LUZ DO MUNDO!</lines>
    </verse>
    <verse name="v3">
      <lines>DO REINO DAS TREVAS NÓS VIMOS JESUS;<br/>JESUS É A LUZ DO MUNDO!<br/>ANDAMOS SEGUROS NA TRILHA DA CRUZ;<br/>JESUS É A LUZ DO MUNDO!</lines>
    </verse>
    <verse name="v4">
      <lines>Ó CEGOS, QUE A TERRA DO MAL HABITAIS,<br/>JESUS É A LUZ DO MUNDO!<br/>NA BÍBLIA SE ENCONTRA ESSA LUZ QUE BUSCAIS;<br/>JESUS É A LUZ DO MUNDO!</lines>
    </verse>
    <verse name="v5">
      <lines>DO BRILHO DO SOL NÃO CARECEM OS CÉUS;<br/>JESUS É A LUZ DO MUNDO!<br/>POIS BRILHA O CORDEIRO NO TEMPLO DE DEUS;<br/>JESUS É A LUZ DO MUNDO!</lines>
    </verse>
  </lyrics>
</song>
