<?xml version='1.0' encoding='utf-8'?>
<song xmlns="http://openlyrics.info/namespace/2009/song" version="0.8" createdIn="OpenLP 1.9.9" modifiedIn="OpenLP 1.9.9" modifiedDate="2012-09-30T13:17:26">
  <properties>
    <titles>
      <title> CC 178 - O CULTO FINDOU</title>
    </titles>
    <authors>
      <author>CANTOR CRISTÃO</author>
    </authors>
  </properties>
  <lyrics>
    <verse name="v1">
      <lines>O CULTO SAGRADO FINDOU,<br/>NO DIA BENDITO DE DEUS:<br/>NOSSO ÚLTIMO CANTO SOOU<br/>E AS PRECES SUBIRAM AOS CÉUS.</lines>
    </verse>
    <verse name="v2">
      <lines>DAS FALTAS CONCEDE PERDÃO,<br/>ACEITA EM JESUS O LOUVOR;<br/>E, COM A DIVINA SANÇÃO,<br/>DESPEDE-NOS, GRANDE SENHOR!</lines>
    </verse>
  </lyrics>
</song>
