<?xml version='1.0' encoding='utf-8'?>
<song xmlns="http://openlyrics.info/namespace/2009/song" version="0.8" createdIn="OpenLP 1.9.9" modifiedIn="OpenLP 1.9.9" modifiedDate="2012-09-30T13:17:22">
  <properties>
    <titles>
      <title> CC 139 - DIA DO SENHOR</title>
    </titles>
    <authors>
      <author>CANTOR CRISTÃO</author>
    </authors>
  </properties>
  <lyrics>
    <verse name="v1">
      <lines>A SEMANA JÁ PASSOU,<br/>O SENHOR GUIOU-NOS BEM;<br/>O SEU POVO SE LEMBROU<br/>QUE, REUNIDO, BÊNÇÃOS TEM.<br/>É DOS SETE O DIA MELHOR,<br/>DE DESCANSO E DE LOUVOR.</lines>
    </verse>
    <verse name="v2">
      <lines>VIMOS TE PEDIR PERDÃO,<br/>Ó AMADO REDENTOR;<br/>MOSTRA TUA COMPAIXÃO,<br/>NOSSAS CULPAS TIRA E A DOR!<br/>DÁ-NOS, HOJE, A TUA PAZ,<br/>BÊNÇÃO QUE NOS SATISFAZ!</lines>
    </verse>
    <verse name="v3">
      <lines>DESEJAMOS TE LOUVAR,<br/>TUA GRAÇA AQUI SENTIR;<br/>NESTE CULTO REFORÇAR<br/>ESPERANÇAS DO PORVIR;<br/>PAZ E GLÓRIA, LÁ DOS CÉUS,<br/>MANIFESTA JÁ, Ó DEUS!</lines>
    </verse>
    <verse name="v4">
      <lines>O EVANGELHO TEM PODER<br/>PARA O CRENTE CONSOLAR,<br/>PARA O VÍCIO SEU VENCER,<br/>TODO O MAL ABANDONAR.<br/>QUE HOJE DÊ A PREGAÇÃO<br/>GOZO E PAZ AO CORAÇÃO.</lines>
    </verse>
  </lyrics>
</song>
