<?xml version='1.0' encoding='utf-8'?>
<song xmlns="http://openlyrics.info/namespace/2009/song" version="0.8" createdIn="OpenLP 1.9.9" modifiedIn="OpenLP 1.9.9" modifiedDate="2012-09-30T13:17:22">
  <properties>
    <titles>
      <title> CC 142 - PÃO DA VIDA</title>
    </titles>
    <authors>
      <author>CANTOR CRISTÃO</author>
    </authors>
  </properties>
  <lyrics>
    <verse name="v1">
      <lines>PÃO DA VIDA, PÃO DOS CÉUS,<br/>PÃO DE DEUS É MEU JESUS;<br/>PÃO QUE DÁ AO CORAÇÃO          (BIS)<br/>ALEGRIA, PAZ E LUZ.</lines>
    </verse>
    <verse name="v2">
      <lines>SANGUE QUE JESUS VERTEU<br/>É DIVINO, É EFICAZ;<br/>ESTE SANGUE AO CORAÇÃO         (BIS)<br/>FORÇA, AMOR E VIDA TRAZ.</lines>
    </verse>
    <verse name="v3">
      <lines>VEM, JESUS, ME ABENÇOAR;<br/>ENCHE-ME DE TI, SENHOR,<br/>POIS ALMEJO TE SERVIR<br/>E TE HONRAR, MEU SALVADOR.    (BIS)</lines>
    </verse>
  </lyrics>
</song>
