<?xml version='1.0' encoding='utf-8'?>
<song xmlns="http://openlyrics.info/namespace/2009/song" version="0.8" createdIn="OpenLP 1.9.9" modifiedIn="OpenLP 1.9.9" modifiedDate="2012-09-30T13:17:30">
  <properties>
    <titles>
      <title> CC 213 - QUEM QUISER</title>
    </titles>
    <authors>
      <author>CANTOR CRISTÃO</author>
    </authors>
  </properties>
  <lyrics>
    <verse name="v1">
      <lines>QUEM OUVIR AS NOVAS, VÁ PROCLAMAR:<br/>SALVAÇÃO DE GRAÇA VINDE DESFRUTAR!<br/>OH, QUE O MUNDO INTEIRO OUÇA ANUNCIAR:<br/>TODO QUE QUISER, É VIR!</lines>
    </verse>
    <verse name="v2">
      <lines>TODO QUE QUISER, VENHA RECEBER!<br/>   POSSAM TODOS ESSA BOA-NOVA OUVIR!<br/>   É O PAI CELESTE QUE CONVIDA ASSIM:<br/>   TODO QUE QUISER, É VIR!</lines>
    </verse>
    <verse name="v3">
      <lines>QUEM QUISER AGORA, VENHA ACEITAR;<br/>EIS A PORTA ABERTA, JÁ PODEIS ENTRAR;<br/>É JESUS CAMINHO PARA AO CÉU CHEGAR;<br/>TODO QUE QUISER, É VIR!</lines>
    </verse>
    <verse name="v4">
      <lines>QUE FIEL PROMESSA TENS, PECADOR!<br/>QUERES TU A VIDA?  VEM AO SALVADOR!<br/>ELE A TODOS FALA COM MUI TERNO AMOR:<br/>TODO QUE QUISER, É VIR!</lines>
    </verse>
  </lyrics>
</song>
