<?xml version='1.0' encoding='utf-8'?>
<song xmlns="http://openlyrics.info/namespace/2009/song" version="0.8" createdIn="OpenLP 1.9.9" modifiedIn="OpenLP 1.9.9" modifiedDate="2012-09-30T13:17:36">
  <properties>
    <titles>
      <title> CC 254 - NÃO VENHAS TARDE</title>
    </titles>
    <authors>
      <author>CANTOR CRISTÃO</author>
    </authors>
  </properties>
  <lyrics>
    <verse name="v1">
      <lines>DEPRESSA VEM, AMIGO,<br/>POIS É BEM TARDE JÁ;<br/>NAS BODAS PREPARADAS<br/>LUGAR PRA TODOS HÁ.<br/>TALVEZ TU, DEMORANDO,<br/>O ESPOSO VÁ CHEGAR,<br/>E QUANDO ENTÃO BATERES<br/>NÃO PODERÁS ENTRAR.</lines>
    </verse>
    <verse name="v2">
      <lines>ENTÃO COM QUE TRISTEZA,<br/>   Ó ALMA, HÁS DE CHORAR,<br/>   OUVINDO A VOZ DE CRISTO:<br/>   É TARDE PARA ENTRAR.</lines>
    </verse>
    <verse name="v3">
      <lines>SE SÓ SE DESPERTARES<br/>NA VINDA DE JESUS,<br/>TU NÃO TERÁS ENTRADA,<br/>POR TE FALHAR A LUZ.<br/>OH, CONSIDERA A MÁGOA<br/>QUE TU TERÁS ENTÃO!<br/>A PORTA JÁ FECHADA<br/>E TU BATENDO EM VÃO!</lines>
    </verse>
    <verse name="v4">
      <lines>PREPARA-TE, Ó AMIGO,<br/>PRA A VINDA DO SENHOR,<br/>SE CRENTE, POIS, TU FORES,<br/>TERÁS O SEU FAVOR;<br/>NO CÉU, ENTÃO, CANTANDO,<br/>IRÁS DECERTO ENTRAR;<br/>MAS SE TE DESCUIDARES<br/>NÃO HÁS DE ALI CHEGAR.</lines>
    </verse>
  </lyrics>
</song>
