<?xml version='1.0' encoding='utf-8'?>
<song xmlns="http://openlyrics.info/namespace/2009/song" version="0.8" createdIn="OpenLP 1.9.9" modifiedIn="OpenLP 1.9.9" modifiedDate="2012-09-30T13:17:35">
  <properties>
    <titles>
      <title> CC 242 - VINDE JÁ</title>
    </titles>
    <authors>
      <author>CANTOR CRISTÃO</author>
    </authors>
  </properties>
  <lyrics>
    <verse name="v1">
      <lines>VINDE JÁ, VINDE JÁ,<br/>AO BENDITO SALVADOR;<br/>CONFIAI, POIS ELE VOS SALVARÁ,<br/>E A TODO PECADOR.</lines>
    </verse>
    <verse name="v2">
      <lines>OH! NÃO CRÊS? OH! NÃO CRÊS<br/>NESTE GRANDE, IMENSO BEM?<br/>O SENHOR JESUS TE DARÁ PERDÃO;<br/>ACEITA POIS, E VEM.</lines>
    </verse>
    <verse name="v3">
      <lines>MEU JESUS, MEU JESUS,<br/>QUERO EM TI SÓ CONFIAR;<br/>EU TE PEÇO SÓ TEU AMOR E LUZ;<br/>DESEJO-ME SALVAR!</lines>
    </verse>
    <verse name="v4">
      <lines>CREIO EM TI, CREIO EM TI;<br/>POIS TU ÉS MEU REDENTOR!<br/>EU A MINHA GRANDE MISÉRIA VI.<br/>OH! VALE-ME, SENHOR!</lines>
    </verse>
    <verse name="v5">
      <lines>MEU SENHOR, MEU SENHOR,<br/>JÁ CONHEÇO O TEU AMOR;<br/>GRAÇAS EU TE DOU, Ó MEU BENFEITOR,<br/>POR TODO O TEU FAVOR!</lines>
    </verse>
  </lyrics>
</song>
