<?xml version='1.0' encoding='utf-8'?>
<song xmlns="http://openlyrics.info/namespace/2009/song" version="0.8" createdIn="OpenLP 1.9.9" modifiedIn="OpenLP 1.9.9" modifiedDate="2012-09-30T13:17:39">
  <properties>
    <titles>
      <title> CC 278 - CANTAI</title>
    </titles>
    <authors>
      <author>CANTOR CRISTÃO</author>
    </authors>
  </properties>
  <lyrics>
    <verse name="v1">
      <lines>O MEU CORAÇÃO SOFREDOR<br/>DESCANSO SEGURO ENCONTROU,<br/>SEGUIDO OS CONSELHOS DE AMOR<br/>DO PAI QUE DO MAL ME CHAMOU.</lines>
    </verse>
    <verse name="v2">
      <lines>NOS ASTROS ESPARSOS NOS CÉUS,<br/>DA LUA NO BRANDO CLARÃO,<br/>EU LEIO POEMAS DE DEUS<br/>QUE OUTORGA AOS CONTRITOS PERDÃO.</lines>
    </verse>
    <verse name="v3">
      <lines>NO LIVRO BENDITO ENCONTREI<br/>PALAVRAS DE AMOR E DE LUZ;<br/>E CANTO CELESTE ESCUTEI<br/>DOS ANJOS, SAUDANDO JESUS.</lines>
    </verse>
    <verse name="v4">
      <lines>OS MALES DO MUNDO OLVIDEI,<br/>POR ISSO ME PUS A CANTAR;<br/>COM DEUS PARA SEMPRE ESTAREI,<br/>IREI COM JESUS AO SEU LAR.</lines>
    </verse>
    <verse name="v5">
      <lines>CANTAI, CANTAI<br/>   NO TEMPLO DE NOSSO SENHOR!<br/>   CANTAI, CANTAI!<br/>   AO MUNDO MOSTRAI SEU AMOR!</lines>
    </verse>
  </lyrics>
</song>
