<?xml version='1.0' encoding='utf-8'?>
<song xmlns="http://openlyrics.info/namespace/2009/song" version="0.8" createdIn="OpenLP 1.9.9" modifiedIn="OpenLP 1.9.9" modifiedDate="2012-09-30T13:17:38">
  <properties>
    <titles>
      <title> CC 272 - SÓ UM PASSO</title>
    </titles>
    <authors>
      <author>CANTOR CRISTÃO</author>
    </authors>
  </properties>
  <lyrics>
    <verse name="v1">
      <lines>MUI TERNA E MUI DOCE DO MESTRE É A VOZ,<br/>CHAMANDO-ME COM AMOR;<br/>DE BRAÇOS ABERTOS TE ESPERO, VEM JÁ;<br/>OH, VEM AO TEU REDENTOR!</lines>
    </verse>
    <verse name="v2">
      <lines>CRISTO ME CHAMA, ME QUER SALVAR,<br/>   É SÓ UM PASSO QUE TENHO DE DAR;<br/>   QUERO ACHEGAR-ME, SENHOR, A TI,<br/>   PARA NUNCA TE ABANDONAR.</lines>
    </verse>
    <verse name="v3">
      <lines>""""TENS MUITOS PECADOS E VIVES SEM FÉ"""",<br/>SUGERE-ME O TENTADOR.<br/>""""EU TUDO JÁ FIZ"""", ME SEGREDA OUTRA VOZ,<br/>""""CONFIA EM TEU SALVADOR"""".</lines>
    </verse>
    <verse name="v4">
      <lines>""""MUI FRÁGIL ME SINTO, RECEIO CAIR!""""<br/>COM MEDO AINDA ALEGUEI:<br/>""""Ó ALMA, NÃO TEMAS, POIS CRISTO TE DIZ:<br/>EU NÃO TE ABANDONAREI.""""</lines>
    </verse>
    <verse name="v5">
      <lines>O MUNDO PERDIDO NAS TREVAS ESTÁ,<br/>SEU GOZO É SÓ ILUSÃO,<br/>AMOR, VIDA E PAZ ME CONCEDE JESUS,<br/>SOU DELE DE CORAÇÃO.</lines>
    </verse>
  </lyrics>
</song>
