<?xml version='1.0' encoding='utf-8'?>
<song xmlns="http://openlyrics.info/namespace/2009/song" version="0.8" createdIn="OpenLP 1.9.9" modifiedIn="OpenLP 1.9.9" modifiedDate="2012-09-30T13:17:31">
  <properties>
    <titles>
      <title> CC 227 - DESPERTADO CORAÇÃO</title>
    </titles>
    <authors>
      <author>CANTOR CRISTÃO</author>
    </authors>
  </properties>
  <lyrics>
    <verse name="v1">
      <lines>DESPERTADO CORAÇÃO,<br/>EM JESUS HÁ SALVAÇÃO;<br/>EIS-NOS TODOS A ROGAR<br/>PARA CRISTO TE SALVAR.</lines>
    </verse>
    <verse name="v2">
      <lines>BASTA JÁ DE REBELIÃO,<br/>DE VEXAME E PERDIÇÃO;<br/>COM PACIÊNCIA, COM AMOR,<br/>JÁ TE ESPERA O REDENTOR.</lines>
    </verse>
    <verse name="v3">
      <lines>VEM AMIGO, OH, VEM JÁ,<br/>   A JESUS TE DEDICAR!<br/>   VEM AMIGO, OH, VEM JÁ!<br/>   ELE, POIS, TE QUER SALVAR!</lines>
    </verse>
    <verse name="v4">
      <lines>O QUE O MUNDO PROMETEU<br/>SABES QUE NÃO CONCEDEU;<br/>EM JESUS TU ACHARÁS<br/>SALVAÇÃO, AMOR E PAZ.</lines>
    </verse>
    <verse name="v5">
      <lines>SEM DEMORA, AMIGO, VEM;<br/>DE JESUS ACEITA O BEM,<br/>NELE SEMPRE ENCONTRARÁS<br/>VIDA INFINITA, GOZO E PAZ.</lines>
    </verse>
  </lyrics>
</song>
