<?xml version='1.0' encoding='utf-8'?>
<song xmlns="http://openlyrics.info/namespace/2009/song" version="0.8" createdIn="OpenLP 1.9.9" modifiedIn="OpenLP 1.9.9" modifiedDate="2012-09-30T13:17:37">
  <properties>
    <titles>
      <title> CC 264 - DAS TREVAS</title>
    </titles>
    <authors>
      <author>CANTOR CRISTÃO</author>
    </authors>
  </properties>
  <lyrics>
    <verse name="v1">
      <lines>ENVOLVIDO EM DENSAS TREVAS,<br/>ALMEJAVA A LUZ DO CÉU,<br/>BEM SENTINDO MEUS PECADOS,<br/>MINHA CONDIÇÃO DE RÉU.</lines>
    </verse>
    <verse name="v2">
      <lines>Ó MEU MESTRE PODEROSO,<br/>   FORTE E TERNO SALVADOR,<br/>   ROMPE OS LAÇOS QUE ARRUÍNAM<br/>   MINHA VIDA, Ó MEU SENHOR!</lines>
    </verse>
    <verse name="v3">
      <lines>MEUS TALENTOS TENHO GASTO,<br/>TUAS LEIS EU DESPREZEI;<br/>MAS SE TU COMIGO FORES,<br/>TEU PRAZER EU CUMPRIREI.</lines>
    </verse>
    <verse name="v4">
      <lines>NOS TEUS BRAÇOS, BEM SEGURO,<br/>GUARDA-ME, MEU BOM JESUS,<br/>NA VERDADE JUSTA E SANTA<br/>QUE ME LEVA AO CÉU DE LUZ.</lines>
    </verse>
  </lyrics>
</song>
