<?xml version='1.0' encoding='utf-8'?>
<song xmlns="http://openlyrics.info/namespace/2009/song" version="0.8" createdIn="OpenLP 1.9.9" modifiedIn="OpenLP 1.9.9" modifiedDate="2012-09-30T13:17:34">
  <properties>
    <titles>
      <title> CC 238 - A ÁGUA DA VIDA</title>
    </titles>
    <authors>
      <author>CANTOR CRISTÃO</author>
    </authors>
  </properties>
  <lyrics>
    <verse name="v1">
      <lines>A ÁGUA DA VIDA JESUS NOS DÁ<br/>FRANCA E LIVREMENTE!<br/>QUEM BEBER DELA NÃO MORRERÁ,<br/>NUNCA, NUNCA, NUNCA!<br/>Ó PECADORES, SEM EXCEÇÃO,<br/>VINDE, VINDE, VINDE!<br/>CRISTO OFERECE-VOS SALVAÇÃO,<br/>GRÁTIS, A TODOS QUE A BUSCAM!</lines>
    </verse>
    <verse name="v2">
      <lines>O ESPÍRITO E A ESPOSA DIZEM: """"VEM!<br/>   VEM, BEBE DESSA ÁGUA DA VIDA!""""<br/>   RESPONDA, POIS, QUEM SEDE TEM:<br/>   """"À FONTE DE CRISTO JÁ VOU.""""<br/>   SIM, A ÁGUA DA VIDA CORRE<br/>   SEMPRE, SEMPRE, SEMPRE!<br/>   SIM, A ÁGUA DA VIDA CORRE,<br/>   OH, SIM, CORRE AO NOSSO DISPOR!</lines>
    </verse>
    <verse name="v3">
      <lines>CRISTO PREPARA A MANSÃO NOS CÉUS<br/>FRANCA E LIVREMENTE,<br/>ONDE ESTAREMOS COM NOSSO DEUS<br/>SEMPRE, SEMPRE, SEMPRE!<br/>LÁ NÃO HÁ MORTE, PECADO OU DOR -<br/>NUNCA, NUNCA, NUNCA!<br/>SÓ HÁ RIQUEZAS DE REAL VALOR:<br/>CRISTO AS PROMETE AOS QUE O AMAM.</lines>
    </verse>
    <verse name="v4">
      <lines>CRISTO VOS DÁ VESTE NUPCIAL<br/>FRANCA E LIVREMENTE!<br/>ELE VOS CHAMA AO FESTIM REAL,<br/>CEDO, CEDO, CEDO!<br/>É PARA AQUELES QUE NELE CRÊEM<br/>HOJE, HOJE, HOJE!<br/>TODAS AS GLÓRIAS DO MUNDO ALÉM,<br/>CRISTO AS REVELA AOS QUE O AMAM.</lines>
    </verse>
  </lyrics>
</song>
