<?xml version='1.0' encoding='utf-8'?>
<song xmlns="http://openlyrics.info/namespace/2009/song" version="0.8" createdIn="OpenLP 1.9.9" modifiedIn="OpenLP 1.9.9" modifiedDate="2012-09-30T13:17:37">
  <properties>
    <titles>
      <title> CC 269 - CONFISSÃO</title>
    </titles>
    <authors>
      <author>CANTOR CRISTÃO</author>
    </authors>
  </properties>
  <lyrics>
    <verse name="v1">
      <lines>EU AOS TEUS PÉS, JESUS,<br/>COM CONTRIÇÃO,<br/>PROCURO A TUA LUZ;<br/>DÁ-ME PERDÃO!<br/>SIM, VEM ME PERDOAR,<br/>VEM TEU FAVOR MOSTRAR!<br/>OH, QUEIRAS ME ESCUTAR<br/>EM ORAÇÃO!</lines>
    </verse>
    <verse name="v2">
      <lines>CANSADO E TRISTE ESTOU,<br/>MEU REDENTOR.<br/>UM PECADOR EU SOU,<br/>CRISTO, SENHOR!<br/>PORTANTO, VENHO A TI;<br/>OH, DÁ-ME ALÍVIO AQUI,<br/>POIS JÁ ME ARREPENDI,<br/>MEU SALVADOR!</lines>
    </verse>
    <verse name="v3">
      <lines>EIS DO MEU DEUS A VOZ,<br/>VEM ME CHAMAR;<br/>JESUS COMIGO A SÓS<br/>QUER ME FALAR!<br/>JÁ CREIO, SALVADOR,<br/>NO TEU PERDÃO E AMOR,<br/>E QUERO A TI, SENHOR,<br/>ME CONSAGRAR!</lines>
    </verse>
    <verse name="v4">
      <lines>ESTOU INDA AOS TEUS PÉS<br/>COM GRATIDÃO!<br/>MEU SALVADOR TU ÉS!<br/>DESTE O PERDÃO!<br/>EU CREIO EM TI, MEU DEUS,<br/>SOU UM DOS SERVOS TEUS,<br/>CONDUZE OS PASSOS MEUS,<br/>Ó TU, JEOVÁ!</lines>
    </verse>
  </lyrics>
</song>
