<?xml version='1.0' encoding='utf-8'?>
<song xmlns="http://openlyrics.info/namespace/2009/song" version="0.8" createdIn="OpenLP 1.9.9" modifiedIn="OpenLP 1.9.9" modifiedDate="2012-09-30T13:17:39">
  <properties>
    <titles>
      <title> CC 287 - COM JESUS</title>
    </titles>
    <authors>
      <author>CANTOR CRISTÃO</author>
    </authors>
  </properties>
  <lyrics>
    <verse name="v1">
      <lines>TRISTE E SOMBRIO FOI MEU VIVER,<br/>LONGE DE TI, MEU SALVADOR;<br/>PAZ E PERDÃO DE TI VENHO OBTER,<br/>JUNTO DE TI, SENHOR.<br/>FOI GRANDE A LUTA DA PROVAÇÃO,<br/>TENHO SOFRIDO MUITA AFLIÇÃO;<br/>PRA CONFORTAR O MEU CORAÇÃO,<br/>EU VENHO A TI, SENHOR!</lines>
    </verse>
    <verse name="v2">
      <lines>MINHAS VAIDADES ATIRAREI<br/>LONGE DE MIM, Ó SALVADOR;<br/>POIS TEU QUERER SERÁ MINHA LEI,<br/>SERVIR-TE-EI, SENHOR.<br/>O TEU AMOR DESEJO PROVAR,<br/>A TUA GRAÇA QUERO GOZAR.<br/>SEMPRE CONTIGO ALMEJO FICAR,<br/>TEU SEMPRE QUERO SER.</lines>
    </verse>
    <verse name="v3">
      <lines>MEDO DA MORTE NUNCA TEREI;<br/>PERTO DE MIM TU SEMPRE ESTÁS,<br/>POIS AO TEU LAR DECERTO EU IREI,<br/>TU ME RECEBERÁS.<br/>JUNTO A TI, POIS, QUERO VIVER,<br/>JUNTO A TI EU VOU COMBATER,<br/>JUNTO A TI VENCER OU MORRER,<br/>CRISTO, MEU SALVADOR.</lines>
    </verse>
  </lyrics>
</song>
