<?xml version='1.0' encoding='utf-8'?>
<song xmlns="http://openlyrics.info/namespace/2009/song" version="0.8" createdIn="OpenLP 1.9.9" modifiedIn="OpenLP 1.9.9" modifiedDate="2012-09-30T13:17:30">
  <properties>
    <titles>
      <title> CC 215 - FONTE BENDITA</title>
    </titles>
    <authors>
      <author>CANTOR CRISTÃO</author>
    </authors>
  </properties>
  <lyrics>
    <verse name="v1">
      <lines>OH, VINDE A FONTE DE SANGUE;<br/>VINDE, SIM, VINDE A JESUS!<br/>PAZ E PERDÃO VOS OUTORGA;<br/>VINDE ALCANÇÁ-LOS NA CRUZ.</lines>
    </verse>
    <verse name="v2">
      <lines>VINDE, POIS, VINDE DEPRESSA!<br/>CRISTO VOS QUER RECEBER!<br/>OH, VINDE À FONTE DE SANGUE,<br/>VINDE VOS SATISFAZER!</lines>
    </verse>
    <verse name="v3">
      <lines>TAIS COMO SOIS, VINDE À FONTE;<br/>ELE VOS RECEBERÁ;<br/>TODOS OS VOSSOS PECADOS<br/>CRISTO JESUS LIMPARÁ.</lines>
    </verse>
    <verse name="v4">
      <lines>EIS A PROMESSA DO MESTRE,<br/>FEITA AO QUE QUEIRA ACEITAR;<br/>VIDA NA GLÓRIA CELESTE,<br/>JUNTO DE DEUS VAI GOZAR.</lines>
    </verse>
    <verse name="v5">
      <lines>VINDE A JESUS!  VINDE A JESUS!<br/>   NÃO DEMOREIS; VINDE JÁ, VINDE JÁ!<br/>   PAZ E PERDÃO VOS OUTORGA;<br/>   VINDE ALCANÇÁ-LOS NA CRUZ.</lines>
    </verse>
  </lyrics>
</song>
