<?xml version='1.0' encoding='utf-8'?>
<song xmlns="http://openlyrics.info/namespace/2009/song" version="0.8" createdIn="OpenLP 1.9.9" modifiedIn="OpenLP 1.9.9" modifiedDate="2012-09-30T13:17:37">
  <properties>
    <titles>
      <title> CC 260 - AGORA</title>
    </titles>
    <authors>
      <author>CANTOR CRISTÃO</author>
    </authors>
  </properties>
  <lyrics>
    <verse name="v1">
      <lines>OH, QUANTOS ENGANADOS,<br/>FIADOS NO PORVIR!<br/>E QUANTOS CONDENADOS,<br/>POR SEMPRE REPELIR<br/>A SALVAÇÃO DE GRAÇA<br/>QUE DEUS TEM PARA DAR!<br/>À NOITE ETERNA DESCEM,<br/>EM TREVAS VÃO PENAR!</lines>
    </verse>
    <verse name="v2">
      <lines>DEIXAI ENTRAR A GRAÇA<br/>EM VOSSOS CORAÇÕES;<br/>DEIXAI QUE DEUS DESFAÇA<br/>OS VOSSOS VIS GRILHÕES.<br/>COM VOSSA RESISTÊNCIA<br/>MAIS DUROS VOS TORNAIS;<br/>TOMAI, POIS, CONSCIÊNCIA<br/>DO QUANTO PERIGAIS.</lines>
    </verse>
    <verse name="v3">
      <lines>AINDA QUE TIVÉSSEIS<br/>O MUNDO E SEU FAVOR,<br/>QUE GALARDÃO TERÍEIS<br/>SEM TER O SALVADOR?<br/>POIS CEDO CHEGA A HORA<br/>DE CONTAS DAR A DEUS;<br/>TORNAI-VOS DESDE AGORA<br/>AMADOS FILHOS SEUS!</lines>
    </verse>
  </lyrics>
</song>
