<?xml version='1.0' encoding='utf-8'?>
<song xmlns="http://openlyrics.info/namespace/2009/song" version="0.8" createdIn="OpenLP 1.9.9" modifiedIn="OpenLP 1.9.9" modifiedDate="2012-09-30T13:17:38">
  <properties>
    <titles>
      <title> CC 271 - SUBSTITUIÇÃO</title>
    </titles>
    <authors>
      <author>CANTOR CRISTÃO</author>
    </authors>
  </properties>
  <lyrics>
    <verse name="v1">
      <lines>TODO O MEU TÃO VIL PECADO<br/>LANÇO, CRISTO, SOBRE TI;<br/>Ó CORDEIRO IMACULADO,<br/>PADECESTE TU POR MIM!</lines>
    </verse>
    <verse name="v2">
      <lines>SOU INDIGNO, ESTOU MANCHADO,<br/>VENHO, POIS, JESUS, A TI;<br/>O TEU SANGUE DERRAMADO<br/>PODE BEM LAVAR-ME A MIM.</lines>
    </verse>
    <verse name="v3">
      <lines>POBRE E JÁ DESESPERADO,<br/>Ó JESUS, CONFIO EM TI;<br/>SÓ POR TI ABENÇOADO,<br/>TUDO ENCONTRO PARA MIM.</lines>
    </verse>
    <verse name="v4">
      <lines>TRISTE ESTOU, MUI CARREGADO,<br/>QUERO DESCANSAR EM TI;<br/>DESTE MODO ALIVIADO,<br/>ME CONSOLAS TU A MIM.</lines>
    </verse>
  </lyrics>
</song>
