<?xml version='1.0' encoding='utf-8'?>
<song xmlns="http://openlyrics.info/namespace/2009/song" version="0.8" createdIn="OpenLP 1.9.9" modifiedIn="OpenLP 1.9.9" modifiedDate="2012-09-30T13:17:28">
  <properties>
    <titles>
      <title> CC 201 - O NOVO NASCIMENTO</title>
    </titles>
    <authors>
      <author>CANTOR CRISTÃO</author>
    </authors>
  </properties>
  <lyrics>
    <verse name="v1">
      <lines>UM RICO, DE NOITE, CHEGOU A JESUS,<br/>A FIM DE SABER O CAMINHO DA LUZ;<br/>O MESTRE BEM CLARO LHE FEZ ENTENDER;<br/>             IMPORTA RENASCER!</lines>
    </verse>
    <verse name="v2">
      <lines>IMPORTA RENASCER!<br/>   IMPORTA RENASCER!<br/>   COM VOZ INFALÍVEL O DISSE JESUS:<br/>   IMPORTA RENASCER!</lines>
    </verse>
    <verse name="v3">
      <lines>VÓS, FILHOS DO MUNDO, ESCUTAI AO SENHOR,<br/>QUE SEMPRE VOS CHAMA COM MUI TERNO AMOR;<br/>OUVI QUE O SENHOR NUNCA CESSA EM DIZER:<br/>             IMPORTA RENASCER!</lines>
    </verse>
    <verse name="v4">
      <lines>Ó VÓS, QUE NO SANTO DESCANSO DE DEUS<br/>QUEREIS TER ENTRADA E VIVER COM OS SEUS,<br/>DEVEIS À PALAVRA DE CRISTO ATENDER:<br/>            IMPORTA RENASCER!</lines>
    </verse>
    <verse name="v5">
      <lines>SE AMADOS NO CÉU DESEJAIS ENCONTRAR,<br/>DEVEIS VOSSSAS CULPAS A DEUS CONFESSAR<br/>E A ORDEM DE CRISTO COM FÉ ACOLHER;<br/>           IMPORTA RENASCER!</lines>
    </verse>
  </lyrics>
</song>
