<?xml version='1.0' encoding='utf-8'?>
<song xmlns="http://openlyrics.info/namespace/2009/song" version="0.8" createdIn="OpenLP 1.9.9" modifiedIn="OpenLP 1.9.9" modifiedDate="2013-12-15T12:44:04">
  <properties>
    <titles>
      <title> CC 289 - AO PÉ DA CRUZ</title>
    </titles>
    <verseOrder>v1 v5 v2 v5 v3 v5 v4 v5</verseOrder>
    <authors>
      <author>CANTOR CRISTÃO</author>
    </authors>
  </properties>
  <lyrics>
    <verse name="v1">
      <lines>QUERO ESTAR AO PÉ DA CRUZ,<br/>DE ONDE RICA FONTE<br/>CORRE FRANCA, SALUTAR,<br/>DO CALVÁRIO MONTE.</lines>
    </verse>
    <verse name="v2">
      <lines>A TREMER AO PÉ DA CRUZ,<br/>GRAÇA ETERNA ACHOU-ME;<br/>MATUTINA ESTRELA ALI<br/>RAIOS SEUS MANDOU-ME.</lines>
    </verse>
    <verse name="v3">
      <lines>SEMPRE A CRUZ, JESUS, MEU DEUS,<br/>QUEIRAS RECORDAR-ME;<br/>DELA À SOMBRA, SALVADOR,<br/>QUEIRAS ABRIGAR-ME.</lines>
    </verse>
    <verse name="v4">
      <lines>JUNTO A CRUZ, ARDENDO EM FÉ.<br/>SEM TEMOR VIGIO,<br/>POIS À TERRA SANTA IREI,<br/>SALVO, ALÉM DO RIO.</lines>
    </verse>
    <verse name="v5">
      <lines>SIM, NA CRUZ, SIM, NA CRUZ,<br/>   SEMPRE ME GLORIO,<br/>   E NO FIM VOU DESCANSAR,<br/>   SALVO, ALÉM DO RIO.</lines>
    </verse>
  </lyrics>
</song>
