<?xml version='1.0' encoding='utf-8'?>
<song xmlns="http://openlyrics.info/namespace/2009/song" version="0.8" createdIn="OpenLP 1.9.9" modifiedIn="OpenLP 1.9.9" modifiedDate="2012-09-30T13:17:38">
  <properties>
    <titles>
      <title> CC 275 - CONTENTAMENTO</title>
    </titles>
    <authors>
      <author>CANTOR CRISTÃO</author>
    </authors>
  </properties>
  <lyrics>
    <verse name="v1">
      <lines>EU JÁ CONTENTE ESTOU; TENHO JESUS!<br/>COM ALEGRIA VOU; TENHO JESUS!<br/>GOZO QUE O MUNDO TRAZ<br/>BEM CEDO SE DESFAZ;<br/>TENHO PERFEITA PAZ, PAZ EM JESUS.</lines>
    </verse>
    <verse name="v2">
      <lines>EU POSSO ENVELHECER, NUNCA JESUS!<br/>EU POSSO EMPOBRECER, NUNCA JESUS!<br/>TUDO ME SUPRIRÁ,<br/>SEMPRE ME VALERÁ,<br/>NADA ME FALTARÁ, TENHO JESUS.</lines>
    </verse>
    <verse name="v3">
      <lines>VAI TUDO AQUI FINDAR, MENOS JESUS!<br/>QUANDO O JUIZ CHEGAR, É MEU JESUS!<br/>BEM GRATO ME HÁ DE SER<br/>QUANDO MEU REI DESCER;<br/>CERTO, ELE IRÁ DIZER: """"SOU TEU JESUS.""""</lines>
    </verse>
  </lyrics>
</song>
