<?xml version='1.0' encoding='utf-8'?>
<song xmlns="http://openlyrics.info/namespace/2009/song" version="0.8" createdIn="OpenLP 1.9.9" modifiedIn="OpenLP 1.9.9" modifiedDate="2012-09-30T13:17:40">
  <properties>
    <titles>
      <title> CC 291 - COMUNHÃO CELESTE</title>
    </titles>
    <authors>
      <author>CANTOR CRISTÃO</author>
    </authors>
  </properties>
  <lyrics>
    <verse name="v1">
      <lines>COMIGO ASSISTE, Ó DEUS! A NOITE VEM,<br/>AS TREVAS CRESCEM, EIS, SENHOR, CONVÉM<br/>QUE ME SOCORRA A TUA PROTEÇÃO;<br/>OH, VEM FAZER COMIGO HABITAÇÃO!</lines>
    </verse>
    <verse name="v2">
      <lines>DEPRESSA ENCONTRAREI O FIM MORTAL;<br/>DESAPARECE O GOZO TERREAL;<br/>MUDANÇA VEJO EM TUDO E CORRUPÇÃO;<br/>COMIGO FAZE ETERNA HABITAÇÃO!</lines>
    </verse>
    <verse name="v3">
      <lines>VEM REVELAR-ME TEU QUERER, SENHOR!<br/>DIVINO MESTRE, REI, CONSOLADOR!<br/>MEU GUIA FORTE, AMPARO EM TENTAÇÃO!<br/>VEM, VEM FAZER COMIGO HABITAÇÃO!</lines>
    </verse>
    <verse name="v4">
      <lines>PRESENTE ESTÁS NAS TREVAS E NA LUZ;<br/>NÃO HÁ PERIGO, ANDANDO COM JESUS;<br/>A MORTE E A TUMBA NÃO ATERRARÃO<br/>ÀQUELE EM QUEM FIZER HABITAÇÃO!</lines>
    </verse>
    <verse name="v5">
      <lines>Ó MORTE, EM CRISTO GOZO A REDENÇÃO!<br/>SEPULCRO, O PÓ VERÁ RESSUREIÇÃO!<br/>NO REINO ALÉM NÃO HÁ PERTUBAÇÃO.<br/>COM DEUS EU HERDO ETERNA HABITAÇÃO.</lines>
    </verse>
  </lyrics>
</song>
