<?xml version='1.0' encoding='utf-8'?>
<song xmlns="http://openlyrics.info/namespace/2009/song" version="0.8" createdIn="OpenLP 1.9.9" modifiedIn="OpenLP 1.9.9" modifiedDate="2012-09-30T13:17:39">
  <properties>
    <titles>
      <title> CC 283 - MAIS PERTO</title>
    </titles>
    <authors>
      <author>CANTOR CRISTÃO</author>
    </authors>
  </properties>
  <lyrics>
    <verse name="v1">
      <lines>MAIS PERTO QUERO ESTAR, MEU DEUS, DE TI,<br/>INDA QUE SEJA A DOR QUE ME UNA A TI!<br/>SEMPRE HEI DE SUPLICAR:<br/>MAIS PERTO QUERO ESTAR,       ( BIS )<br/>MEU DEUS, DE TI!</lines>
    </verse>
    <verse name="v2">
      <lines>ANDANDO TRISTE AQUI, NA SOLIDÃO,<br/>PAZ E DESCANSO A MIM TEUS BRAÇOS DÃO.<br/>SEMPRE HEI DE SUPLICAR:<br/>MAIS PERTO QUERO ESTAR,       ( BIS )<br/>MEU DEUS, DE TI!</lines>
    </verse>
    <verse name="v3">
      <lines>MINHA ALMA CANTARÁ A TI, SENHOR,<br/>CHEIA DE GRATIDÃO POR TEU AMOR.<br/>SEMPRE HEI DE SUPLICAR:<br/>MAIS PERTO QUERO ESTAR,       ( BIS )<br/>MEU DEUS, DE TI!</lines>
    </verse>
    <verse name="v4">
      <lines>E QUANDO A MORTE, ENFIM, ME VIER CHAMAR,<br/>COM SERAFINS NOS CÉUS IREI MORAR.<br/>ENTÃO ME ALEGRAREI,<br/>PERTO DE TI, MEU REI,          ( BIS )<br/>MEU DEUS, DE TI!</lines>
    </verse>
  </lyrics>
</song>
