<?xml version='1.0' encoding='utf-8'?>
<song xmlns="http://openlyrics.info/namespace/2009/song" version="0.8" createdIn="OpenLP 1.9.9" modifiedIn="OpenLP 1.9.9" modifiedDate="2012-09-30T13:17:39">
  <properties>
    <titles>
      <title> CC 282 - MARAVILHA</title>
    </titles>
    <authors>
      <author>CANTOR CRISTÃO</author>
    </authors>
  </properties>
  <lyrics>
    <verse name="v1">
      <lines>CHEGADO Á CRUZ DO MEU SALVADOR,<br/>PROSTRADO AOS PÉS DO MEU REDENTOR,<br/>ELE ATENDEU LOGO A MEU CLAMOR;<br/>GLÓRIA AO SALVADOR!</lines>
    </verse>
    <verse name="v2">
      <lines>QUE MARAVILHA, JESUS ME AMOU!<br/>TUDO DE GRAÇA ME PERDOOU!<br/>QUEBROU MEUS LAÇOS E ME LIVROU!<br/>GLÓRIA AO SALVADOR!</lines>
    </verse>
    <verse name="v3">
      <lines>GLÓRIA AO SALVADOR!       ( BIS )<br/>AGORA SEI QUE ELE ME SALVOU.<br/>GLÓRIA AO SALVADOR!</lines>
    </verse>
  </lyrics>
</song>
