<?xml version='1.0' encoding='utf-8'?>
<song xmlns="http://openlyrics.info/namespace/2009/song" version="0.8" createdIn="OpenLP 1.9.9" modifiedIn="OpenLP 1.9.9" modifiedDate="2012-09-30T13:17:40">
  <properties>
    <titles>
      <title> CC 293 - DESEJOS ESPIRITUAIS</title>
    </titles>
    <authors>
      <author>CANTOR CRISTÃO</author>
    </authors>
  </properties>
  <lyrics>
    <verse name="v1">
      <lines>EM MIM VEM HABITAR, OH, VEM, JESUS,<br/>EM MIM FAZER BRILHAR A TUA LUZ!<br/>EIS A MINHA AMBIÇÃO: TER E SENTIR, SENHOR,<br/>MAIS GRATIDÃO E MAIS AMOR.</lines>
    </verse>
    <verse name="v2">
      <lines>OS PASSOS TEUS SEGUIR EU QUERO, SIM;<br/>SERVIR E BENDIZER ATÉ O FIM;<br/>EIS O MEU ANELAR, MEU IDEAL MAIOR:<br/>CONTIGO ANDAR, Ó SALVADOR!</lines>
    </verse>
    <verse name="v3">
      <lines>EM MEU INTERIOR, VEM TU BRILHAR;<br/>FAZ-ME, COM MAIS ARDOR, DA CRUZ FALAR.<br/>REVESTE O CORAÇÃO DE TEU EXCELSO AMOR,<br/>DE RETIDÃO E DE FERVOR!</lines>
    </verse>
    <verse name="v4">
      <lines>OH, QUE CONSOLAÇÃO A CRISTO AMAR,<br/>POIS QUE COM TANTO AMOR ME QUIS SALVAR!<br/>NADA ME ALEGRA MAIS, GOZO NÃO HÁ MAIOR<br/>QUE TUA PAZ, Ó SALVADOR!</lines>
    </verse>
  </lyrics>
</song>
