<?xml version='1.0' encoding='utf-8'?>
<song xmlns="http://openlyrics.info/namespace/2009/song" version="0.8" createdIn="OpenLP 1.9.9" modifiedIn="OpenLP 1.9.9" modifiedDate="2012-09-30T13:17:31">
  <properties>
    <titles>
      <title> CC 225 - VOZ DE TERNURA</title>
    </titles>
    <authors>
      <author>CANTOR CRISTÃO</author>
    </authors>
  </properties>
  <lyrics>
    <verse name="v1">
      <lines>A TERNA VOZ DO SALVADOR<br/>A TODOS NOS CONVIDA,<br/>CHAMANDO-NOS POR SEU AMOR,<br/>QUERENDO DAR-NOS VIDA.</lines>
    </verse>
    <verse name="v2">
      <lines>QUER NO PRESENTE OU NO PORVIR,<br/>   NUNCA NA TERRA OU CÉU DE LUZ<br/>   MAIS DOCE NOTA SE HÁ DE OUVIR<br/>   QUE O NOME DE JESUS.</lines>
    </verse>
    <verse name="v3">
      <lines>O CÁLIX CHEIO DE AMARGOR<br/>JESUS TEM ESGOTADO,<br/>A FIM DE DAR AO PECADOR<br/>PERDÃO DO SEU PECADO.</lines>
    </verse>
    <verse name="v4">
      <lines>POR ESSA GRANDE SALVAÇÃO<br/>DÊ GRAÇAS TODO CRENTE;<br/>É DIGNA DE CELEBRAÇÃO<br/>AGORA E ETERNAMENTE.</lines>
    </verse>
  </lyrics>
</song>
