<?xml version='1.0' encoding='utf-8'?>
<song xmlns="http://openlyrics.info/namespace/2009/song" version="0.8" createdIn="OpenLP 1.9.9" modifiedIn="OpenLP 1.9.9" modifiedDate="2012-09-30T13:17:29">
  <properties>
    <titles>
      <title> CC 209 - VENHAM ESCUTAR</title>
    </titles>
    <authors>
      <author>CANTOR CRISTÃO</author>
    </authors>
  </properties>
  <lyrics>
    <verse name="v1">
      <lines>DESPREZADO FOI O VERBO<br/>POR AQUELES QUE CRIOU;<br/>NÃO OBSTANTE, AS NOSSAS DORES<br/>ELE FOI QUEM AS LEVOU;<br/>FOI POR ESSES SOFRIMENTOS<br/>QUE ALCANÇAMOS NÓS A PAZ;<br/>SUA MORTE NO CALVÁRIO<br/>PARA NÓS A VIDA TRAZ.</lines>
    </verse>
    <verse name="v2">
      <lines>ELE FOI DESAMPARADO<br/>PARA TERMOS PROTEÇÃO,<br/>E POR NÓS SE FEZ PECADO<br/>PARA DAR-NOS RETIDÃO;<br/>SIM, DO SEU QUERIDO FILHO<br/>DEUS O ROSTO DESVIOU,<br/>NESSA OCASIÃO SOLENE<br/>QUANDO CRISTO NOS SALVOU.</lines>
    </verse>
    <verse name="v3">
      <lines>PARA NÓS TEM COMEÇADO<br/>NOVO, REFULGENTE DIA;<br/>EM LUGAR DE TRISTE CHORO,<br/>DESFRUTAMOS ALEGRIA;<br/>E PROVAMOS HOJE AS BÊNÇÃOS<br/>DESSE LAR ALÉM, NOS CÉUS,<br/>ONDE MORAREMOS JUNTOS<br/>COM JESUS E NOSSO DEUS.</lines>
    </verse>
    <verse name="v4">
      <lines>PROVAÇÕES DE TODA SORTE<br/>NÃO NOS DEVEM ASSUSTAR.<br/>NEM APERTOS, NEM PERIGOS<br/>NOSSA FÉ PREJUDICAR;<br/>POIS QUE DEUS TEM PROMETIDO<br/>O SEU POVO PROTEGER;<br/>POR AQUELE QUE NOS AMA<br/>SEMPRE HAVEMOS DE VENCER.</lines>
    </verse>
    <verse name="v5">
      <lines>VENHAM TODOS ESCUTAR:<br/>   SALVAÇÃO DEUS QUER-VOS DAR,<br/>   ENTREGANDO O FILHO AMADO,<br/>   DEUS MOSTROU-NOS SEU AMOR,<br/>   SEU PROPÓSITO BENIGNO<br/>   DE SALVAR O PECADOR.</lines>
    </verse>
  </lyrics>
</song>
