<?xml version='1.0' encoding='utf-8'?>
<song xmlns="http://openlyrics.info/namespace/2009/song" version="0.8" createdIn="OpenLP 1.9.9" modifiedIn="OpenLP 1.9.9" modifiedDate="2012-09-30T13:17:35">
  <properties>
    <titles>
      <title> CC 248 - O FILHO PRÓDIGO</title>
    </titles>
    <authors>
      <author>CANTOR CRISTÃO</author>
    </authors>
  </properties>
  <lyrics>
    <verse name="v1">
      <lines>IDE MEU FILHO PROCURAR,<br/>JÁ PRESTES A PERECER<br/>NO MEIO DOS MALES, NO PECAR,<br/>SUA ALMA A SE CORROMPER.</lines>
    </verse>
    <verse name="v2">
      <lines>OH, IDE BUSCÁ-LO JÁ!       ( BIS )<br/>   OH, COM AMOR, COM INTENSO FERVOR,<br/>   OH, IDE BUSCÁ-LO JÁ!</lines>
    </verse>
    <verse name="v3">
      <lines>OH, QUEM ME DERA CONTEMPLAR<br/>AGORA ESSE FILHO MEU!<br/>OH, COMO DESEJO-VÊ-LO ENTRAR<br/>NA SENDA QUE VAI AO CÉU!</lines>
    </verse>
    <verse name="v4">
      <lines>IDE BUSCAR MEU FILHO JÁ,<br/>TÃO VIL É O SEU VIVER;<br/>TRAZEI-ME MEU FILHO COMO ESTÁ,<br/>POIS TANTO O DESEJO TER!</lines>
    </verse>
  </lyrics>
</song>
