<?xml version='1.0' encoding='utf-8'?>
<song xmlns="http://openlyrics.info/namespace/2009/song" version="0.8" createdIn="OpenLP 1.9.9" modifiedIn="OpenLP 1.9.9" modifiedDate="2012-09-30T13:17:30">
  <properties>
    <titles>
      <title> CC 217 - SEGUE-ME</title>
    </titles>
    <authors>
      <author>CANTOR CRISTÃO</author>
    </authors>
  </properties>
  <lyrics>
    <verse name="v1">
      <lines>ESCUTA A VOZ DO BOM JESUS:<br/>""""SEGUE-ME, VEM, SEGUE-ME.<br/>GUIAR-TE-EI À ETERNA LUZ;<br/>SEGUE-ME, VEM, SEGUE-ME.<br/>POR TI EU TODA LEI CUMPRI;<br/>POR TI O AMARGO FEL BEBI;<br/>POR TI A MORTE JÁ SOFRI;<br/>SEGUE-ME, VEM, SEGUE-ME.""""</lines>
    </verse>
    <verse name="v2">
      <lines>""""LIBERTO DOS PECADOS TEUS,<br/>SEGUE-ME, VEM, SEGUE-ME.<br/>GUIAR-TE-EI AOS ALTOS CÉUS;<br/>SEGUE-ME, VEM, SEGUE-ME.<br/>OH, QUANTAS VEZES TE CHAMEI,<br/>E TU QUEBRASTE A MINHA LEI;<br/>MAS FIADOR TEU EU FIQUEI;<br/>SEGUE-ME, VEM, SEGUE-ME.""""</lines>
    </verse>
    <verse name="v3">
      <lines>""""EM MIM TU PODES DESCANSAR;<br/>SEGUE-ME, VEM, SEGUE-ME.<br/>VEM TEUS CUIDADOS ME ENTREGAR;<br/>SEGUE-ME, VEM, SEGUE-ME.<br/>EU SOU TEU DEUS, TEU SALVADOR;<br/>EU TE AMO MUITO, Ó PECADOR;<br/>OH, DEIXA TODO O TEU TEMOR;<br/>SEGUE-ME, VEM, SEGUE-ME.""""</lines>
    </verse>
    <verse name="v4">
      <lines>""""SIM, MEU JESUS, TE SEGUIREI;<br/>SEGUIREI, SIM, SEGUIREI;<br/>POR TI EU TUDO DEIXAREI;<br/>DEIXAREI, SIM, DEIXAREI;<br/>MUI DÉBIL SOU, E SEM VALOR;<br/>SEM TI NÃO POSSO ANDAR, SENHOR;<br/>MAS ENCHE-ME DO TEU VIGOR!<br/>SEGUIREI, SIM, SEGUIREI.""""</lines>
    </verse>
  </lyrics>
</song>
