<?xml version='1.0' encoding='utf-8'?>
<song xmlns="http://openlyrics.info/namespace/2009/song" version="0.8" createdIn="OpenLP 1.9.9" modifiedIn="OpenLP 1.9.9" modifiedDate="2012-09-30T13:17:38">
  <properties>
    <titles>
      <title> CC 273 - SALVADOR BENIGNO</title>
    </titles>
    <authors>
      <author>CANTOR CRISTÃO</author>
    </authors>
  </properties>
  <lyrics>
    <verse name="v1">
      <lines>SALVADOR BENIGNO, ATENDE,<br/>POIS ME QUERES BEM!<br/>VAIS ABENÇOANDO A OUTROS,<br/>SALVA-ME TAMBÉM.</lines>
    </verse>
    <verse name="v2">
      <lines>A TEUS PÉS ESTOU PROSTRADO,<br/>SIM, EM CONTRIÇÃO;<br/>PEÇO-TE QUE ME CONSOLES<br/>ESTE CORAÇÃO.</lines>
    </verse>
    <verse name="v3">
      <lines>JÁ CONFIO NO TEU SANGUE,<br/>BUSCO TEU FAVOR;<br/>QUE MINHA ALMA ATRIBULADA<br/>GOZE TEU AMOR.</lines>
    </verse>
    <verse name="v4">
      <lines>ÉS A FONTE DE CONFORTO,<br/>DE ONDE A VIDA VEM;<br/>DÁ-ME ALÍVIO MESMO AGORA,<br/>E PERDÃO TAMBÉM.</lines>
    </verse>
    <verse name="v5">
      <lines>CRISTO! CRISTO!<br/>   QUE ME QUERES BEM!<br/>   VAIS ABENÇOANDO A OUTROS,<br/>   SALVA-ME TAMBÉM.</lines>
    </verse>
  </lyrics>
</song>
