<?xml version='1.0' encoding='utf-8'?>
<song xmlns="http://openlyrics.info/namespace/2009/song" version="0.8" createdIn="OpenLP 1.9.9" modifiedIn="OpenLP 1.9.9" modifiedDate="2012-09-30T13:17:39">
  <properties>
    <titles>
      <title> CC 285 - O ALVO SUPREMO</title>
    </titles>
    <authors>
      <author>CANTOR CRISTÃO</author>
    </authors>
  </properties>
  <lyrics>
    <verse name="v1">
      <lines>O MUNDO VIL JÁ DESPREZEI,<br/>E SEU CAMINHO ABOMINEI;<br/>MES TE SUPLICO, Ó SALVADOR:<br/>A TI ME ELEVA, REDENTOR!</lines>
    </verse>
    <verse name="v2">
      <lines>NO MUNDO NÃO ENCONTRO PAZ,<br/>POIS ELE NÃO ME SATISFAZ;<br/>AQUI SÓ TENHO QUE SOFRER;<br/>CONTIGO QUERO, POIS, VIVER.</lines>
    </verse>
    <verse name="v3">
      <lines>DESEJO, SIM, AQUI VIVER,<br/>POR TUA CAUSA ME BATER;<br/>JÁ PELA FÉ EU AVISTEI<br/>O LAR EM QUE DESCANSAREI.</lines>
    </verse>
    <verse name="v4">
      <lines>À TUA GLÓRIA, JÁ NO FIM,<br/>Ó MEU JESUS, ME LEVA, SIM,<br/>E ME SUSTENTA ATÉ CHEGAR<br/>ÀS PORTAS DO CELESTE LAR!</lines>
    </verse>
    <verse name="v5">
      <lines>MAIS PERTO, SIM, MAIS PERTO, SIM,<br/>   OH, JUNTO A TI ME ELEVA A MIM,<br/>   AO CÉU EM QUE, MEU SALVADOR,<br/>   CONTIGO ESTEJA SEM TEMOR!</lines>
    </verse>
  </lyrics>
</song>
