<?xml version='1.0' encoding='utf-8'?>
<song xmlns="http://openlyrics.info/namespace/2009/song" version="0.8" createdIn="OpenLP 1.9.9" modifiedIn="OpenLP 1.9.9" modifiedDate="2012-09-30T13:17:29">
  <properties>
    <titles>
      <title> CC 210 - CRISTO TE CHAMA</title>
    </titles>
    <authors>
      <author>CANTOR CRISTÃO</author>
    </authors>
  </properties>
  <lyrics>
    <verse name="v1">
      <lines>CRISTO TE CHAMA COM MUI TERNO AMOR;<br/>Ó PECADOR, VEM ATENDER!<br/>DELE NÃO FUJAS COM FÚTIL TEMOR;<br/>VEM A JESUS TE RENDER!</lines>
    </verse>
    <verse name="v2">
      <lines>CRISTO TE CHAMA PRA VIR DESCANSAR;<br/>Ó PECADOR, VEM ATENDER!<br/>TEU GRANDE PESO TE QUER MINORAR;<br/>VEM A JESUS TE RENDER!</lines>
    </verse>
    <verse name="v3">
      <lines>CRISTO DESEJA, POIS, TE PERDOAR;<br/>Ó PECADOR, VEM ATENDER!<br/>TUDO ELE FEZ PARA TE RESGATAR;<br/>VEM A JESUS TE RENDER!</lines>
    </verse>
    <verse name="v4">
      <lines>CRISTO DE NOVO SE PÕE A CHAMAR;<br/>Ó PECADOR, VEM ATENDER!<br/>CORRE DEPRESSA, SIM, VEM TE ENTREGAR;<br/>NADA TE DEVE DETER!</lines>
    </verse>
    <verse name="v5">
      <lines>Ó PECADOR, EIS O SENHOR!<br/>   VEM, ATENDE COM FÉ A CHAMADA DE AMOR!</lines>
    </verse>
  </lyrics>
</song>
