<?xml version='1.0' encoding='utf-8'?>
<song xmlns="http://openlyrics.info/namespace/2009/song" version="0.8" createdIn="OpenLP 1.9.9" modifiedIn="OpenLP 1.9.9" modifiedDate="2012-09-30T13:17:34">
  <properties>
    <titles>
      <title> CC 234 - CRISTO SALVA</title>
    </titles>
    <authors>
      <author>CANTOR CRISTÃO</author>
    </authors>
  </properties>
  <lyrics>
    <verse name="v1">
      <lines>CRISTO SALVA O PECADOR,<br/>LAVA O NEGRO CORAÇÃO;<br/>AO CONTRITO, COM AMOR,<br/>OFERECE SALVAÇÃO.</lines>
    </verse>
    <verse name="v2">
      <lines>CONFIAI EM SEU PODER;<br/>   CONFIAI EM SEU AMOR;<br/>   CREDE, POIS, QUE CRISTO QUER<br/>   LIBERTAR O PECADOR.</lines>
    </verse>
    <verse name="v3">
      <lines>CRISTO SALVA O PECADOR<br/>E CONCEDE-LHE PERDÃO.<br/>ACEITAI O BOM SENHOR,<br/>ACEITAI DE CORAÇÃO.</lines>
    </verse>
    <verse name="v4">
      <lines>VINDE TODOS, E ACHAREIS<br/>PAZ E LUZ NO REDENTOR;<br/>VINDE, E ENTÃO RECEBEREIS<br/>VIDA ETERNA DO SENHOR.</lines>
    </verse>
  </lyrics>
</song>
