<?xml version='1.0' encoding='utf-8'?>
<song xmlns="http://openlyrics.info/namespace/2009/song" version="0.8" createdIn="OpenLP 1.9.9" modifiedIn="OpenLP 1.9.9" modifiedDate="2012-09-30T13:17:40">
  <properties>
    <titles>
      <title> CC 294 - NECESSITADO</title>
    </titles>
    <authors>
      <author>CANTOR CRISTÃO</author>
    </authors>
  </properties>
  <lyrics>
    <verse name="v1">
      <lines>DE TI, JESUS, SENHOR,<br/>EU TENHO PRECISÃO;<br/>SÓ TEU DIVINO AMOR<br/>DÁ PAZ AO CORAÇÃO.</lines>
    </verse>
    <verse name="v2">
      <lines>Ó MEU JESUS, COMIGO<br/>   VEM ESTAR AGORA,<br/>   TÉ QUE NO CÉU CONTIGO<br/>   EU VÁ MORAR.</lines>
    </verse>
    <verse name="v3">
      <lines>OH, DÁ-ME, MEU JESUS,<br/>FRUIR TEU RICO AMOR,<br/>E ANDAR EM TUA LUZ,<br/>SUBMISSO A TI, SENHOR!</lines>
    </verse>
    <verse name="v4">
      <lines>VENCENDO A TENTAÇÃO,<br/>CONTENTE VIVEREI<br/>SOB TUA PROTEÇÃO,<br/>Ó MEU BENDITO REI!</lines>
    </verse>
  </lyrics>
</song>
