<?xml version='1.0' encoding='utf-8'?>
<song xmlns="http://openlyrics.info/namespace/2009/song" version="0.8" createdIn="OpenLP 1.9.9" modifiedIn="OpenLP 1.9.9" modifiedDate="2012-09-30T13:17:39">
  <properties>
    <titles>
      <title> CC 284 - COMPANHIA DIVINA</title>
    </titles>
    <authors>
      <author>CANTOR CRISTÃO</author>
    </authors>
  </properties>
  <lyrics>
    <verse name="v1">
      <lines>Ó MEU QUERIDO SALVADOR,<br/>VEM CONCEDER-ME TEU FAVOR;<br/>NUVEM NENHUMA TERREAL<br/>TIRE-ME A LUZ CELESTIAL.</lines>
    </verse>
    <verse name="v2">
      <lines>QUANDO EU NO LEITO DESPERTAR<br/>TUA PRESENÇA QUERO ACHAR;<br/>AO DAR COMEÇO AO MEU LABOR,<br/>SÊ TU MEU GUIA E PROTETOR.</lines>
    </verse>
    <verse name="v3">
      <lines>VEM CONCEDER-ME TEU PODER;<br/>SÓ PODEREI ASSIM VENCER<br/>AS SEDUÇÕES DO TENTADOR;<br/>FICA COMIGO, SALVADOR.</lines>
    </verse>
  </lyrics>
</song>
