<?xml version='1.0' encoding='utf-8'?>
<song xmlns="http://openlyrics.info/namespace/2009/song" version="0.8" createdIn="OpenLP 1.9.9" modifiedIn="OpenLP 1.9.9" modifiedDate="2012-09-30T13:17:35">
  <properties>
    <titles>
      <title> CC 243 - VIDA ETERNA</title>
    </titles>
    <authors>
      <author>CANTOR CRISTÃO</author>
    </authors>
  </properties>
  <lyrics>
    <verse name="v1">
      <lines>OH, VINDE VER JESUS, O SALVADOR!<br/>DA MORTE ETERNA SALVA O PECADOR;<br/>A TODO QUE CONFIA EM SEU AMOR,<br/>SIM, VIDA ETERNA DÁ!</lines>
    </verse>
    <verse name="v2">
      <lines>NECESSITADO FUI TER COM JESUS,<br/>MINHAS FRAQUEZAS TODAS EU LHE EXPUS;<br/>ELE APONTOU-ME PARA OS ALTOS CÉUS,<br/>POIS VIDA ETERNA DÁ.</lines>
    </verse>
    <verse name="v3">
      <lines>DAS MINHAS CULPAS ELE ME LIVROU,<br/>POIS QUE NA CRUZ RESGATE CONSUMOU;<br/>TODO O PECADO MEU ME PERDOOU,<br/>E VIDA ETERNA DÁ.</lines>
    </verse>
    <verse name="v4">
      <lines>BEM SEI QUE NADA POSSO MERECER;<br/>CUMPRI TÃO POUCAS VEZES MEU DEVER;<br/>A CRISTO, POIS, EU VOU ME SUBMETER,<br/>POIS VIDA ETERNA DÁ.</lines>
    </verse>
    <verse name="v5">
      <lines>GOZO, PAZ, SALVAÇÃO, VIDA ETERNA DÁ!<br/>   LUZ, AMOR E PERDÃO, VIDA ETERNA DÁ!<br/>   A TODO QUE CONFIA EM SEU AMOR,<br/>   SIM, VIDA ETERNA DÁ!</lines>
    </verse>
  </lyrics>
</song>
