<?xml version='1.0' encoding='utf-8'?>
<song xmlns="http://openlyrics.info/namespace/2009/song" version="0.8" createdIn="OpenLP 1.9.9" modifiedIn="OpenLP 1.9.9" modifiedDate="2012-09-30T13:17:36">
  <properties>
    <titles>
      <title> CC 257 - QUEM É QUE VAI</title>
    </titles>
    <authors>
      <author>CANTOR CRISTÃO</author>
    </authors>
  </properties>
  <lyrics>
    <verse name="v1">
      <lines>QUEM É QUE VAI COM JESUS ESTAR<br/>LÁ NO CÉU? LÁ NO CÉU?<br/>QUEM DESSA GRAÇA VAI DESFRUTAR?<br/>VAIS TU? VOU EU? VAIS TU? VOU EU?<br/>QUEM VAI PROVAR ESSE SANTO AMOR,<br/>LONGE DE TODA A TRISTEZA E DOR,<br/>JUNTO COM CRISTO, SEU SALVADOR?<br/>VAIS TU? VOU EU? VAIS TU? VOU EU?</lines>
    </verse>
    <verse name="v2">
      <lines>LOGO O CRISTÃO VAI DEIXAR A CRUZ<br/>LÁ NO CÉU, LÁ NO CÉU,<br/>TER A COROA DE GLÓRIA E LUZ -<br/>VAIS TU? VOU EU? VAIS TU? VOU EU?<br/>VAI, SIM, DE CRISTO O SEMBLANTE VER,<br/>SUAS PALAVRAS OUVIR, E TER<br/>GOZO DE CELESTIAL PRAZER?<br/>VAIS TU? VOU EU? VAIS TU? VOU EU?</lines>
    </verse>
    <verse name="v3">
      <lines>QUEM VAI AINDA QUERER ENTRAR<br/>LÁ NO CÉU? LÁ NO CÉU?<br/>POIS SE DIRÁ: """"NÃO HÁ MAIS LUGAR.""""<br/>VAIS TU? VOU EU? VAIS TU? VOU EU?<br/>QUEM VAI PARAR NA MISÉRIA ATROZ,<br/>SEM MAIS OUVIR A CELESTE VOZ?<br/>VAI, POR DESGRAÇA, QUALQUER DE NÓS?<br/>VAIS TU? VOU EU? VAIS TU? VOU EU?</lines>
    </verse>
    <verse name="v4">
      <lines>QUEM VAI TER PARTE NA ADORAÇÃO,<br/>LÁ NO CÉU? LÁ NO CÉU?<br/>QUE OS REDIMIDOS A DEUS DARÃO?<br/>VAIS TU? VOU EU? VAIS TU? VOU EU?<br/>QUEM, COM O CORO CELESTIAL,<br/>PARTE TERÁ NO LOUVOR REAL,<br/>LIVRE DE TODO O PODER DO MAL?<br/>VAIS TU? VOU EU? VAIS TU? VOU EU?</lines>
    </verse>
  </lyrics>
</song>
