<?xml version='1.0' encoding='utf-8'?>
<song xmlns="http://openlyrics.info/namespace/2009/song" version="0.8" createdIn="OpenLP 1.9.9" modifiedIn="OpenLP 1.9.9" modifiedDate="2012-09-30T13:17:29">
  <properties>
    <titles>
      <title> CC 211 - VEM, PECADOR</title>
    </titles>
    <authors>
      <author>CANTOR CRISTÃO</author>
    </authors>
  </properties>
  <lyrics>
    <verse name="v1">
      <lines>EIS, CRISTO TE CONVIDA:  VEM, PECADOR!<br/>POIS DÁ ETERNA VIDA; VEM, PECADOR!<br/>TUDO É TÃO FAVORÁVEL; VEM, PECADOR!<br/>CRISTO É TÃO ADMIRÁVEL; VEM, PECADOR!</lines>
    </verse>
    <verse name="v2">
      <lines>POIS HOJE TENS O ENSEJO; VEM, PECADOR!<br/>E TU NÃO TENS DESEJO? VEM, PECADOR!<br/>SE TU NÃO MAIS DUVIDAS, VEM, PECADOR!<br/>SIM, URGE QUE DECIDAS! VEM, PECADOR!</lines>
    </verse>
  </lyrics>
</song>
