<?xml version='1.0' encoding='utf-8'?>
<song xmlns="http://openlyrics.info/namespace/2009/song" version="0.8" createdIn="OpenLP 1.9.9" modifiedIn="OpenLP 1.9.9" modifiedDate="2012-09-30T13:17:39">
  <properties>
    <titles>
      <title> CC 286 - JUNTO A TI</title>
    </titles>
    <authors>
      <author>CANTOR CRISTÃO</author>
    </authors>
  </properties>
  <lyrics>
    <verse name="v1">
      <lines>MINHA POSSESSÃO ETERNA,<br/>ÉS O MEU MAIOR AMOR;<br/>BEM MAIOR QUE O BEM DA VIDA,<br/>ÉS, MEU DEUS, MEU SALVADOR.</lines>
    </verse>
    <verse name="v2">
      <lines>O PRAZER OU O DESCANSO<br/>NÃO TE VENHO SUPLICAR;<br/>QUERO TRABALHAR SOFRENDO,<br/>MAS CONTIGO SEMPRE ANDAR.</lines>
    </verse>
    <verse name="v3">
      <lines>PELO VALE TÃO SOMBRIO<br/>E TAMBÉM TERRÍVEL MAR<br/>QUEIRA TUA MÃO DIVINA<br/>SEMPRE, SEMPRE ME GUIAR.</lines>
    </verse>
    <verse name="v4">
      <lines>QUANDO PELAS SANTAS PORTAS<br/>DA FELIZ JERUSALÉM<br/>EU PUDER ENTRAR NA GLÓRIA,<br/>GOZAREI O ETERNO BEM.</lines>
    </verse>
    <verse name="v5">
      <lines>JUNTO A TI, JUNTO A TI,       ( BIS )<br/>   QUERO ANDAR CONTIGO SEMPRE<br/>   NA JORNADA MINHA AQUI.</lines>
    </verse>
  </lyrics>
</song>
