<?xml version='1.0' encoding='utf-8'?>
<song xmlns="http://openlyrics.info/namespace/2009/song" version="0.8" createdIn="OpenLP 1.9.9" modifiedIn="OpenLP 1.9.9" modifiedDate="2013-06-16T13:51:47">
  <properties>
    <titles>
      <title> CC 235 - CHAMADA</title>
    </titles>
    <verseOrder>v1 v2 v3 v2 v4 v2</verseOrder>
    <authors>
      <author>CANTOR CRISTÃO</author>
    </authors>
  </properties>
  <lyrics>
    <verse name="v1">
      <lines>CRISTO TE CHAMA, CHAMA, CHAMA<br/>DAS DENSAS TREVAS, Ó PECADOR!<br/>ELE TE SALVA, SALVA, SALVA;<br/>VEM SEM DEMORA A JESUS, REDENTOR.</lines>
    </verse>
    <verse name="v2">
      <lines>CRISTO TE SALVA! CRISTO TE SALVA!<br/>   JÁ, SEM DEMORA, VEM, VEM, PECADOR!<br/>   CHEGA-TE AGORA, DIZE A TEU MESTRE:<br/>   TU ME SALVASTE, MEU REDENTOR!</lines>
    </verse>
    <verse name="v3">
      <lines>INDA TE ESPERA, ESPERA, ESPERA -<br/>TÃO COMPASSÍVEL É O SALVADOR!<br/>É CRISTO MESMO, MESMO, MESMO,<br/>QUEM TE CONVIDA COM TÃO GRANDE AMOR.</lines>
    </verse>
    <verse name="v4">
      <lines>COM AMOR GRANDE, GRANDE, GRANDE,<br/>JÁ VEIO AO MUNDO TEU SALVADOR!<br/>VEM TU A CRISTO, CRISTO, CRISTO;<br/>HÁ SALVAÇÃO PARA O VIL PECADOR!</lines>
    </verse>
  </lyrics>
</song>
