<?xml version='1.0' encoding='utf-8'?>
<song xmlns="http://openlyrics.info/namespace/2009/song" version="0.8" createdIn="OpenLP 1.9.9" modifiedIn="OpenLP 1.9.9" modifiedDate="2012-09-30T13:17:30">
  <properties>
    <titles>
      <title> CC 218 - VINDE A MIM</title>
    </titles>
    <authors>
      <author>CANTOR CRISTÃO</author>
    </authors>
  </properties>
  <lyrics>
    <verse name="v1">
      <lines>OH, VINDE A MIM, O VOSSO SALVADOR,<br/>VOSSO ADVOGADO, VOSSO REDENTOR,<br/>O BOM PASTOR, E VOSSO ETERNO REI!<br/>OH, VINDE A MIM!  DESCANSO VOS DAREI!</lines>
    </verse>
    <verse name="v2">
      <lines>GOZO ETERNAL EU VOS FAREI FRUIR.<br/>VINDE!  POR QUE RAZÃO DEIXAIS DE VIR?<br/>VINDE, FUGI DO ENGANADOR SAGAZ!<br/>OH, VINDE A MIM!  EU VOS DAREI A PAZ!</lines>
    </verse>
    <verse name="v3">
      <lines>OH, VINDE A MIM, GENTIOS E JUDEUS!<br/>NÃO HÁ LIMITE À SALVAÇÃO DE DEUS.<br/>OH, VINDE A MIM!  EU VOS DAREI PERDÃO,<br/>POIS SÓ POR MIM TEREIS A SALVAÇÃO!</lines>
    </verse>
    <verse name="v4">
      <lines>VIDA DE PAZ, DESCANSO E GOZO, ALÉM,<br/>CONCEDEREI A TODOS OS QUE CRÊEM.<br/>SOIS CONVIDADOS AO FESTIM REAL!<br/>OH, VINDE AO LAR, À CASA PATERNAL!</lines>
    </verse>
    <verse name="v5">
      <lines>OH, VINDE A MIM! (3X)<br/>DESCANSO VOS DAREI! (3X)</lines>
    </verse>
  </lyrics>
</song>
