<?xml version='1.0' encoding='utf-8'?>
<song xmlns="http://openlyrics.info/namespace/2009/song" version="0.8" createdIn="OpenLP 1.9.9" modifiedIn="OpenLP 1.9.9" modifiedDate="2012-09-30T13:17:35">
  <properties>
    <titles>
      <title> CC 247 - VEM, FILHO PERDIDO</title>
    </titles>
    <authors>
      <author>CANTOR CRISTÃO</author>
    </authors>
  </properties>
  <lyrics>
    <verse name="v1">
      <lines>VEM, FILHO PERDIDO,<br/>Ó PRÓDIGO, VEM!<br/>RUÍNA TE ESPERA<br/>NAS TREVAS ALÉM.<br/>TU, DE MEDO TREMENDO,<br/>E DE FOME GEMENDO.</lines>
    </verse>
    <verse name="v2">
      <lines>VEM, FILHO PERDIDO,<br/>Ó PRÓDIGO, VEM!<br/>TEU PAI TE CONVIDA,<br/>QUERENDO-TE BEM!<br/>VESTES HÁ PARA ORNAR-TE,<br/>RICOS DONS, VEM FARTAR-TE!</lines>
    </verse>
    <verse name="v3">
      <lines>VEM, FILHO PERDIDO,<br/>SIM, VOLTA A JESUS!<br/>BONDADE INFINITA<br/>SE AVISTA NA CRUZ.<br/>EM MISÉRIA VAGANDO,<br/>TUAS CULPAS CHORANDO!</lines>
    </verse>
    <verse name="v4">
      <lines>Ó PRÓDIGO, ESCUTA<br/>AS VOZES DE AMOR!<br/>OH, ROMPE AS CILADAS<br/>DO VIL TENTADOR,<br/>POIS EM CASA HÁ BASTANTE,<br/>E TU ANDAS ERRANTE!</lines>
    </verse>
    <verse name="v5">
      <lines>Ó FILHO PERDIDO,<br/>   VEM, PRÓDIGO, VEM!<br/>   VEM! VEM! PRÓDIGO, VEM!</lines>
    </verse>
  </lyrics>
</song>
