<?xml version='1.0' encoding='utf-8'?>
<song xmlns="http://openlyrics.info/namespace/2009/song" version="0.8" createdIn="OpenLP 1.9.9" modifiedIn="OpenLP 1.9.9" modifiedDate="2012-09-30T13:17:38">
  <properties>
    <titles>
      <title> CC 276 - CORO CELESTE</title>
    </titles>
    <authors>
      <author>CANTOR CRISTÃO</author>
    </authors>
  </properties>
  <lyrics>
    <verse name="v1">
      <lines>CELESTE, ESTRANHO CORO,<br/>JAMAIS OUVIDO AQUI,<br/>COM SEU PODER EXCELSO,<br/>AGORA, ALEGRE, OUVI;<br/>É O CANTO DOS ARCANJOS,<br/>LOUVANDO O SALVADOR,<br/>DIZENDO QUE NA TERRA<br/>FOI SALVO UM PECADOR.</lines>
    </verse>
    <verse name="v2">
      <lines>TÃO LENTA E BRANDA SOA,<br/>AO PEITO DANDO PAZ,<br/>A VOZ DE DEUS, AQUELA<br/>QUE AS ÂNSIAS VÂS DESFAZ!<br/>ESCUTA, IRMÃO, ESCUTA,<br/>O DOCE CANTO SEU,<br/>QUE VIBRA PELO ESPAÇO,<br/>E ECOA LÁ NO CÉU.</lines>
    </verse>
    <verse name="v3">
      <lines>DA VAGA O SOM BRAVIO,<br/>DA BRISA A CICIAR<br/>NA MATA O PASSAREDO,<br/>CANTANDO AO DESPERTAR,<br/>A MÃE EM DOCE CANTO,<br/>AO PÉ DO FILHO SEU,<br/>NÃO TEM AQUELE ENCANTO<br/>DA LINDA VOZ DO CÉU.</lines>
    </verse>
    <verse name="v4">
      <lines>AO MEU OUVIDO CHEGA<br/>O CANTO SEM IGUAL;<br/>TÃO BELO EM SONHO OUVIRA<br/>JAMAIS QUALQUER MORTAL.<br/>MEU CANTO EXTASIADO,<br/>ESPERA, SEM CESSAR,<br/>UNIR-SE À VOZ DOS ANJOS<br/>ALI NO ETERNO LAR.</lines>
    </verse>
    <verse name="v5">
      <lines>SUBLIME E DOCE CANTO<br/>   DA NOSSA PÁTRIA ALÉM<br/>   SÓ OUVE O QUE, CONTRITO,<br/>   A DEUS POR CRISTO VEM.</lines>
    </verse>
  </lyrics>
</song>
