<?xml version='1.0' encoding='utf-8'?>
<song xmlns="http://openlyrics.info/namespace/2009/song" version="0.8" createdIn="OpenLP 1.9.9" modifiedIn="OpenLP 1.9.9" modifiedDate="2012-09-30T13:17:36">
  <properties>
    <titles>
      <title> CC 259 - A ÚLTIMA HORA</title>
    </titles>
    <authors>
      <author>CANTOR CRISTÃO</author>
    </authors>
  </properties>
  <lyrics>
    <verse name="v1">
      <lines>AO FINDAR O LABOR DESTA VIDA,<br/>QUANDO A MORTE A TEU LADO CHEGAR,<br/>QUE DESTINO HÁ DE TER A TUA ALMA?<br/>QUAL SERÁ NO FUTURO O TEU LAR?</lines>
    </verse>
    <verse name="v2">
      <lines>MEU AMIGO, HOJE TU TENS A ESCOLHA:<br/>   VIDA OU MORTE, QUAL VAIS ACEITAR?<br/>   AMANHÃ PODE SER MUITO TARDE,<br/>   HOJE CRISTO TE QUER LIBERTAR.</lines>
    </verse>
    <verse name="v3">
      <lines>TU PROCURAS A PAZ NESTE MUNDO,<br/>EM PRAZERES QUE PASSAM EM VÃO,<br/>MAS NA ÚLTIMA HORA DA VIDA<br/>ELES JÁ NÃO TE SATISFARÃO.</lines>
    </verse>
    <verse name="v4">
      <lines>POR ACASO TU RISTE, Ó AMIGO,<br/>QUANDO OUVISTE FALAR EM JESUS?<br/>MAS É SÓ ELE O ÚNICO MEIO<br/>DE SALVAR PELA MORTE NA CRUZ.</lines>
    </verse>
    <verse name="v5">
      <lines>TENS MANCHADA TUA ALMA E NÃO PODES,<br/>NUNCA, VER O SEMBLANTE DE DEUS;<br/>SÓ OS CRENTES COM CORAÇÕES LIMPOS<br/>PODERÃO TER O GOZO NOS CÉUS.</lines>
    </verse>
    <verse name="v6">
      <lines>SE DECIDES DEIXAR TEUS PECADOS,<br/>E ENTREGAR TUA VIDA A JESUS,<br/>TRILHARÁS, SIM, NA ÚLTIMA HORA,<br/>UM CAMINHO BRILHANTE DE LUZ.</lines>
    </verse>
  </lyrics>
</song>
