<?xml version='1.0' encoding='utf-8'?>
<song xmlns="http://openlyrics.info/namespace/2009/song" version="0.8" createdIn="OpenLP 1.9.9" modifiedIn="OpenLP 1.9.9" modifiedDate="2012-09-30T13:17:39">
  <properties>
    <titles>
      <title> CC 279 - A DOCE LUZ</title>
    </titles>
    <authors>
      <author>CANTOR CRISTÃO</author>
    </authors>
  </properties>
  <lyrics>
    <verse name="v1">
      <lines>EU NAS TREVAS VAGUEAVA<br/>SEM A LUZ DA RETIDÃO;<br/>A MINHA ALMA ESTAVA MORTA,<br/>E EU, SEM FÉ NO CORAÇÃO.</lines>
    </verse>
    <verse name="v2">
      <lines>MAS UM DIA A SUA GRAÇA<br/>DEUS MANDOU E A DOCE LUZ;<br/>VI ENTÃO CAMINHO CLARO,<br/>SIM, OUVI O MEU JESUS.</lines>
    </verse>
    <verse name="v3">
      <lines>DENTRO EM MIM MEU """"HOMEM VELHO""""<br/>CONTRA A RETIDÃO LUTOU;<br/>MAS JESUS COMIGO ESTAVA,<br/>SANTAMENTE ME GUIOU.</lines>
    </verse>
    <verse name="v4">
      <lines>FOI UM NOVO NASCIMENTO,<br/>HONRA E GLÓRIA AO REDENTOR!<br/>ELE DEU-ME LUZ E VIDA,<br/>SANTIDADE E SEU AMOR.</lines>
    </verse>
    <verse name="v5">
      <lines>COMO É TRISTE ANDAR EM TREVAS,<br/>   SEM PERDÃO DO SALVADOR!<br/>   BELA É A VIDA, MAS A VIDA<br/>   DOMINADA PELO AMOR.</lines>
    </verse>
  </lyrics>
</song>
