<?xml version='1.0' encoding='utf-8'?>
<song xmlns="http://openlyrics.info/namespace/2009/song" version="0.8" createdIn="OpenLP 1.9.9" modifiedIn="OpenLP 1.9.9" modifiedDate="2012-09-30T13:17:35">
  <properties>
    <titles>
      <title> CC 241 - PALAVRA ABENÇOADA</title>
    </titles>
    <authors>
      <author>CANTOR CRISTÃO</author>
    </authors>
  </properties>
  <lyrics>
    <verse name="v1">
      <lines>PALAVRA ABENÇOADA,<br/>CONVITE QUE CONTÉM<br/>PROMESSA E CUMPRIMENTO,<br/>COM INFINITO BEM.<br/>EIS, CHEIO DE TERNURA,<br/>JESUS VOS CHAMA A SI,<br/>ESCRAVOS DO PECADO,<br/>E DIZ-VOS: """"VINDE A MIM!""""</lines>
    </verse>
    <verse name="v2">
      <lines>POR QUE VIVER TÃO LONGE<br/>DOS BRAÇOS DE JESUS?<br/>POR QUE VAGAR NAS TREVAS,<br/>PODENDO ANDAR NA LUZ?<br/>DA VIDA SEM PROVEITO,<br/>DA CULPA E DA AFLIÇÃO,<br/>CORRAMOS PARA A SENDA<br/>DA ETERNA SALVAÇÃO.</lines>
    </verse>
    <verse name="v3">
      <lines>VINDE, VINDE A MIM!       ( BIS )<br/>   TRISTES, CARREGADOS,<br/>   VINDE, VINDE A MIM!<br/>   VINDE, VINDE A MIM!       ( BIS )<br/>   FRACOS E CANSADOS,<br/>   VINDE, VINDE A MIM!</lines>
    </verse>
    <verse name="v4">
      <lines>EM TEMPOS DE AMARGURA,<br/>DE DESALENTO E DOR,<br/>OU QUANDO NOS PERSEGUE<br/>DOLOSO TENTADOR,<br/>JESUS, COM VOZ MAVIOSA,<br/>NOS DÁ ABRIGO EM SI,<br/>E, DISSIPANDO O MEDO,<br/>SEGREDA: """"VINDE A MIM!""""</lines>
    </verse>
    <verse name="v5">
      <lines>EM TUDO E PARA SEMPRE<br/>OUÇAMOS AO SENHOR,<br/>ACHANDO DOCE ALÍVIO<br/>NO SEU PROFUNDO AMOR.<br/>ASSIM CONHECEREMOS<br/>O GOZO QUE PRODUZ,<br/>NO CORAÇÃO SUBMISSO,<br/>O """"VINDE"""" DE JESUS.</lines>
    </verse>
  </lyrics>
</song>
