<?xml version='1.0' encoding='utf-8'?>
<song xmlns="http://openlyrics.info/namespace/2009/song" version="0.8" createdIn="OpenLP 1.9.9" modifiedIn="OpenLP 1.9.9" modifiedDate="2012-09-30T13:17:34">
  <properties>
    <titles>
      <title> CC 233 - POR QUE NÃO JÁ?</title>
    </titles>
    <verseOrder>v1 v2 v3 v2 v4 v2</verseOrder>
    <authors>
      <author>CANTOR CRISTÃO</author>
    </authors>
  </properties>
  <lyrics>
    <verse name="v1">
      <lines>1. Ó CORAÇÕES, CONSIDERAI<br/>A VOZ DE AMOR DO VOSSO<br/>DEUS!<br/>AS VOSSAS CULPAS,<br/>OH CHORAI!<br/>QUEREIS PERDÃO?<br/>POR QUE NÃO JÁ?</lines>
    </verse>
    <verse name="v2">
      <lines>POR QUE NÃO JÁ?<br/>POR QUE NÃO JÁ?<br/>QUEREIS PERDÃO?<br/>POR QUE NÃO JÁ?</lines>
    </verse>
    <verse name="v3">
      <lines>POIS O AMANHÃ<br/>NÃO SEI SE VEM,<br/>TAMBÉM NÃO SEI<br/>O QUE TRARÁ;<br/>A VIDA É INCERTA<br/>A VÓS TAMBÉM.<br/>QUEREIS PERDÃO?<br/>POR QUE NÃO JÁ?</lines>
    </verse>
    <verse name="v4">
      <lines>3. O BOM SENHOR AO PECADOR<br/>A GRAÇA NÃO RECUSARÁ;<br/>UNI-VOS, POIS,<br/>AO SALVADOR.<br/>QUEREIS PERDÃO?<br/>POR QUE NÃO JÁ?</lines>
    </verse>
  </lyrics>
</song>
