<?xml version='1.0' encoding='utf-8'?>
<song xmlns="http://openlyrics.info/namespace/2009/song" version="0.8" createdIn="OpenLP 1.9.9" modifiedIn="OpenLP 1.9.9" modifiedDate="2012-09-30T13:17:29">
  <properties>
    <titles>
      <title> CC 205 - JESUS CRUCIFICADO</title>
    </titles>
    <authors>
      <author>CANTOR CRISTÃO</author>
    </authors>
  </properties>
  <lyrics>
    <verse name="v1">
      <lines>Ó MINHA ALMA, SEM DEMORA<br/>ERGUE-TE PARA ENTOAR<br/>OS LOUVORES DO TEU CRISTO<br/>E SEU NOME CELEBRAR!<br/>PRA REMIR-TE,<br/>SUA VIDA TE QUIS DAR!     (BIS)</lines>
    </verse>
    <verse name="v2">
      <lines>MINHA CONDIÇÃO TÃO TRISTE<br/>CONHECEU MEU SALVADOR,<br/>E DOS CÉUS DESCEU À TERRA<br/>PARA SER MEU REDENTOR.<br/>OH, QUÃO GRANDE<br/>É O AMOR DO MEU SENHOR!    (BIS)</lines>
    </verse>
    <verse name="v3">
      <lines>CONDENADO JUSTAMENTE,<br/>QUE PODIA EU FAZER<br/>PRA LIVRAR-ME DESSA PENA,<br/>O PERDÃO PRA MERECER?<br/>O SEU SANGUE<br/>QUIS JESUS POR MIM VERTER!  (BIS)</lines>
    </verse>
    <verse name="v4">
      <lines>DE MEUS CRIMES CARREGANDO,<br/>LÁ NA CRUZ, EM MEU LUGAR,<br/>FOI JESUS CRUSCIFICADO<br/>A MINHA ALMA PRA SALVAR!<br/>VINDE TODOS                        (BIS)<br/>JÁ COMIGO ADORAR!</lines>
    </verse>
  </lyrics>
</song>
