<?xml version='1.0' encoding='utf-8'?>
<song xmlns="http://openlyrics.info/namespace/2009/song" version="0.8" createdIn="OpenLP 1.9.9" modifiedIn="OpenLP 1.9.9" modifiedDate="2012-09-30T13:17:30">
  <properties>
    <titles>
      <title> CC 216 - DESCANSO EM JESUS</title>
    </titles>
    <authors>
      <author>CANTOR CRISTÃO</author>
    </authors>
  </properties>
  <lyrics>
    <verse name="v1">
      <lines>""""VEM, VEM A MIM, SE CANSADO ESTÁS"""",<br/>DIZ O FILHO DO SANTO DEUS;<br/>""""COM FÉ VEM A MIM E DESFRUTARÁS<br/>O DESCANSO QUE DOU AOS MEUS.""""</lines>
    </verse>
    <verse name="v2">
      <lines>DEUS O PROCLAMA, CRISTO TE CHAMA:<br/>""""VEM, PECADOR, VEM A MIM!""""<br/>A VOZ TE FALA COM TERNO AMOR:<br/>""""COM FÉ HOJE VEM AMIM!""""</lines>
    </verse>
    <verse name="v3">
      <lines>""""VEM, VEM A MIM"""", DIZ O SALVADOR<br/>AO PIOR QUE NO MUNDO HOUVER;<br/>A GRAÇA DE DEUS CHAMA O PECADOR<br/>PARA PLENO PERDÃO OBTER.</lines>
    </verse>
    <verse name="v4">
      <lines>NÃO NOS PODEMOS JAMAIS GABAR<br/>DE FAZER NOSSA PAZ COM DEUS;<br/>JESUS ESSA PAZ VEIO CONSUMAR<br/>SOBRE A CRUZ A FAVOR DOS SEUS.</lines>
    </verse>
  </lyrics>
</song>
