<?xml version='1.0' encoding='utf-8'?>
<song xmlns="http://openlyrics.info/namespace/2009/song" version="0.8" createdIn="OpenLP 1.9.9" modifiedIn="OpenLP 1.9.9" modifiedDate="2012-09-30T13:17:37">
  <properties>
    <titles>
      <title> CC 267 - QUALQUER QUE CRER</title>
    </titles>
    <authors>
      <author>CANTOR CRISTÃO</author>
    </authors>
  </properties>
  <lyrics>
    <verse name="v1">
      <lines>QUALQUER QUE CRER, JESUS O DIZ,<br/>CERTO, TEM A SALVAÇÃO.<br/>EU CREIO EM TI, Ó MEU SENHOR,<br/>E CRENDO TENHO A SALVAÇÃO!</lines>
    </verse>
  </lyrics>
</song>
