<?xml version='1.0' encoding='utf-8'?>
<song xmlns="http://openlyrics.info/namespace/2009/song" version="0.8" createdIn="OpenLP 1.9.9" modifiedIn="OpenLP 1.9.9" modifiedDate="2012-09-30T13:17:37">
  <properties>
    <titles>
      <title> CC 261 - ALMA ANSIOSA</title>
    </titles>
    <authors>
      <author>CANTOR CRISTÃO</author>
    </authors>
  </properties>
  <lyrics>
    <verse name="v1">
      <lines>SÓ VEJO TREVAS E FUROR,<br/>DA TEMPESTADE O FURAÇÃO;<br/>SÓ VEJO, CHEIO DE PAVOR,<br/>PERIGO, MORTE, ASSOLAÇÃO.</lines>
    </verse>
    <verse name="v2">
      <lines>AFLITO, ESTOU A PROCURAR,<br/>PARA MINHA ALMA UM SALVADOR;<br/>CORRIDO TENHO TERRA E MAR,<br/>NENHUM ACHEI EU DE VALOR.</lines>
    </verse>
    <verse name="v3">
      <lines>MEUS OLHOS ELEVEI AO CÉU,<br/>CLAMEI AOS ANJOS COM ARDOR;<br/>DA LEI EU, UM MALDITO RÉU,<br/>PEDI PERDÃO PRA O PECADOR.</lines>
    </verse>
    <verse name="v4">
      <lines>RESPOSTA EM CORO PUDE OUVIR:<br/>""""PERDÃO PRA TI AQUI NÃO HÁ;<br/>SÓ CRISTO PODE TE REMIR,<br/>E SALVAÇÃO SÓ ELE DÁ.""""</lines>
    </verse>
    <verse name="v5">
      <lines>AO PÉ DA CRUZ ESTOU, SENHOR!<br/>CONTRITO, ROGO A TI PERDÃO;<br/>E, POR TEU SANGUE REMIDOR,<br/>EU PEÇO MINHA SALVAÇÃO.</lines>
    </verse>
  </lyrics>
</song>
