<?xml version='1.0' encoding='utf-8'?>
<song xmlns="http://openlyrics.info/namespace/2009/song" version="0.8" createdIn="OpenLP 1.9.9" modifiedIn="OpenLP 1.9.9" modifiedDate="2012-09-30T13:17:30">
  <properties>
    <titles>
      <title> CC 221 - CONVITE</title>
    </titles>
    <authors>
      <author>CANTOR CRISTÃO</author>
    </authors>
  </properties>
  <lyrics>
    <verse name="v1">
      <lines>""""VINDE TODOS SEM DEMORA""""<br/>DIZ O AMADO REDENTOR;<br/>ELE SALVA, E MESMO AGORA<br/>VOS CONVIDA COM AMOR</lines>
    </verse>
    <verse name="v2">
      <lines>SEU CONVITE É ADMIRÁVEL,<br/>   VINDE A CRISTO, O BOM SENHOR!<br/>   SEU CONVITE É ACEITÁVEL,<br/>   VINDE AO VOSSO SALVADOR!</lines>
    </verse>
    <verse name="v3">
      <lines>ELE ESTÁ VOS CONVIDANDO<br/>PARA O DIVINAL FESTIM;<br/>VOZ ETERNA VOS CHAMANDO:<br/>""""PECADORES, VINDE A MIM!""""</lines>
    </verse>
    <verse name="v4">
      <lines>AOS CONTRITOS PECADORES<br/>VESTES BRANCAS ELE DÁ;<br/>AFLIÇÕES, TRISTEZAS, DORES,<br/>LÁ NO CÉU NÃO HAVERÁ.</lines>
    </verse>
  </lyrics>
</song>
