<?xml version='1.0' encoding='utf-8'?>
<song xmlns="http://openlyrics.info/namespace/2009/song" version="0.8" createdIn="OpenLP 1.9.9" modifiedIn="OpenLP 1.9.9" modifiedDate="2012-09-30T13:17:31">
  <properties>
    <titles>
      <title> CC 223 - ABRIGO</title>
    </titles>
    <authors>
      <author>CANTOR CRISTÃO</author>
    </authors>
  </properties>
  <lyrics>
    <verse name="v1">
      <lines>ÓH, VINDE, VÓS AFLITOS, JÁ,<br/>A CRISTO O REDENTOR!<br/>ABRIGO CERTO VOS DARÁ,<br/>REFÚGIO EM SEU AMOR.</lines>
    </verse>
    <verse name="v2">
      <lines>SEU SANGUE DERRAMOU POR NÓS,<br/>E ASSIM NOS VEIO ABRIR<br/>ESTRADA RETA, QUE CONDUZ<br/>AO CÉU, O BOM PORVIR.</lines>
    </verse>
    <verse name="v3">
      <lines>EM CRISTO HÁ VIDA, PAZ E LUZ,<br/>SÓ NELE EXISTE AMOR;<br/>DÁ TUDO, ENFIM, O BOM JESUS<br/>AO POBRE PECADOR.</lines>
    </verse>
    <verse name="v4">
      <lines>OH, VINDE, POIS, E VINDE JÁ<br/>A CRISTO VOS UNIR!<br/>PERDÃO JESUS CONCEDERÁ<br/>ÀQUELE QUE O SEGUIR.</lines>
    </verse>
    <verse name="v5">
      <lines>CRISTO SALVA, CRISTO SALVA,<br/>   SALVA O PECADOR.        ( BIS )</lines>
    </verse>
  </lyrics>
</song>
