<?xml version='1.0' encoding='utf-8'?>
<song xmlns="http://openlyrics.info/namespace/2009/song" version="0.8" createdIn="OpenLP 1.9.9" modifiedIn="OpenLP 1.9.9" modifiedDate="2012-09-30T13:17:35">
  <properties>
    <titles>
      <title> CC 240 - VEM A CRISTO</title>
    </titles>
    <verseOrder>v1 v2 v3 v2 v4 v2 v5 v2</verseOrder>
    <authors>
      <author>CANTOR CRISTÃO</author>
    </authors>
  </properties>
  <lyrics>
    <verse name="v1">
      <lines>JESUS, LÁ NA GLÓRIA, DE RETIDÃO VESTIDO,<br/>POR MEU ADVOGADO SE CONSTITUIU;<br/>E SEMPRE SUSTENTA E DEFENDE O REDIMIDO.<br/>OH! PODES DIZER QUE TAMBÉM TE REMIU?</lines>
    </verse>
    <verse name="v2">
      <lines>OH! VEM A JESUS!<br/>OH! VEM A JESUS!<br/>ETERNA VENTURA<br/>TERÁS PELA CRUZ!</lines>
    </verse>
    <verse name="v3">
      <lines>MINHA ALMA TEM PAZ; TUDO É CALMO COMO UM RIO;<br/>É A PAZ QUE NO CÉU TEM O SEU MANANCIAL;<br/>É DEUS QUEM A DEU POR JESUS, EM QUEM CONFIO.<br/>E TU INDA NÃO TENS A PAZ DIVINAL?</lines>
    </verse>
    <verse name="v4">
      <lines>VESTIDOS TÃO ALVOS EU TENHO, JÁ LAVADOS<br/>NO SANGUE TÃO PURO DO MEU REDENTOR;<br/>OS CRENTES EM CRISTO POR DEUS SÃO PERDOADOS,<br/>TAMBÉM TU SERÁS, CRENDO JÁ NO SENHOR!</lines>
    </verse>
    <verse name="v5">
      <lines>MORADA JÁ TENHO COM TODOS OS REMIDOS,<br/>POR CRISTO APRONTADA NA CASA DE DEUS;<br/>ALI NÃO HÁ MORTE, NEM MÁGOA, NEM GEMIDOS,<br/>TAMBÉM TU TERÁS UM LUGAR LÁ NOS CÉUS.</lines>
    </verse>
  </lyrics>
</song>
