<?xml version='1.0' encoding='utf-8'?>
<song xmlns="http://openlyrics.info/namespace/2009/song" version="0.8" createdIn="OpenLP 1.9.9" modifiedIn="OpenLP 1.9.9" modifiedDate="2012-09-30T13:17:37">
  <properties>
    <titles>
      <title> CC 262 - CONTRIÇÃO</title>
    </titles>
    <authors>
      <author>CANTOR CRISTÃO</author>
    </authors>
  </properties>
  <lyrics>
    <verse name="v1">
      <lines>A TEUS PÉS PROSTRADOS<br/>EIS-NOS, SALVADOR!<br/>VEM AGORA MESMO ENCHER-NOS<br/>DO TEU GRANDE AMOR!</lines>
    </verse>
  </lyrics>
</song>
