<?xml version='1.0' encoding='utf-8'?>
<song xmlns="http://openlyrics.info/namespace/2009/song" version="0.8" createdIn="OpenLP 1.9.9" modifiedIn="OpenLP 1.9.9" modifiedDate="2012-09-30T13:17:52">
  <properties>
    <titles>
      <title> CC 371 - ROCHA ETERNA</title>
    </titles>
    <authors>
      <author>CANTOR CRISTÃO</author>
    </authors>
  </properties>
  <lyrics>
    <verse name="v1">
      <lines>ROCHA ETERNA, FOI NA CRUZ<br/>QUE MORRESTE TU, JESUS;<br/>VEM DE TI UM SANGUE TAL<br/>QUE ME LIMPA TODO MAL;<br/>TRAZ AS BÊNÇÃOS DO PERDÃO:<br/>GOZO, PAZ E SALVAÇÃO.</lines>
    </verse>
    <verse name="v2">
      <lines>NEM TRABALHO, NEM PENAR<br/>PODE O PECADOR SALVAR;<br/>SÓ TU PODES, BOM JESUS,<br/>DAR-ME VIDA, PAZ E LUZ.<br/>PEÇO-TE PERDÃO, SENHOR,<br/>POIS CONFIO EM TEU AMOR.</lines>
    </verse>
    <verse name="v3">
      <lines>EIS QUE VEM A MORTE ATRÁS<br/>DESTA VIDA TÃO FUGAZ;<br/>QUANDO EU AO MEU LAR SUBIR,<br/>E TEU ROSTO EM GLÓRIA VIR,<br/>ROCHA ETERNA QUE PRAZER<br/>EU TEREI DE EM TI VIVER!</lines>
    </verse>
  </lyrics>
</song>
