<?xml version='1.0' encoding='utf-8'?>
<song xmlns="http://openlyrics.info/namespace/2009/song" version="0.8" createdIn="OpenLP 1.9.9" modifiedIn="OpenLP 1.9.9" modifiedDate="2013-03-03T13:34:30">
  <properties>
    <titles>
      <title> CC 310 - EM TEUS BRAÇOS</title>
    </titles>
    <verseOrder>v1 v2 v3 v2 v4 v2</verseOrder>
    <authors>
      <author>CANTOR CRISTÃO</author>
    </authors>
  </properties>
  <lyrics>
    <verse name="v1">
      <lines>EM TEUS BRAÇOS EU ME ESCONDO,<br/>ONDE SEMPRE QUERO ESTAR;<br/>AO TEU LADO, PROTEGIDO,<br/>EU DESEJO CAMINHAR.<br/>INIMIGOS ME PERSEGUEM,<br/>EU SUCUMBO, Ó SALVADOR!<br/>MUITO AFLITO TE SUPLICO:<br/>AUXILIA-ME, SENHOR!</lines>
    </verse>
    <verse name="v2">
      <lines>EM TEUS BRAÇOS EU ME ESCONDO,<br/>   ONDE SEMPRE QUERO ESTAR;<br/>   AO TEU LADO, PROTEGIDO,<br/>   EU DESEJO CAMINHAR.</lines>
    </verse>
    <verse name="v3">
      <lines>EM TEUS BRAÇOS EU ME ESCONDO,<br/>POIS SEM TI NÃO POSSO ANDAR;<br/>COM O CORAÇÃO AFLITO<br/>VENHO A TI PARA IMPLORAR:<br/>OH, ESCUTA, CRISTO, OS ROGOS<br/>QUE TE FAÇO COM FERVOR!<br/>DÁ-ME ABRIGO NOS TEUS BRAÇOS,<br/>E PROTEGE-ME, SENHOR!</lines>
    </verse>
    <verse name="v4">
      <lines>EM TEUS BRAÇOS EU ME ESCONDO,<br/>ONDE POSSA REPOUSAR<br/>A MINHA ALMA TÃO CANSADA<br/>E UM ABRIGO POSSA ACHAR.<br/>JÁ EU CREIO QUE ME ATENDES,<br/>EU CONFIO EM TI, SENHOR;<br/>NOS TEUS BRAÇOS ABRIGADO,<br/>BEM SEGURO ESTOU, SENHOR!</lines>
    </verse>
  </lyrics>
</song>
