<?xml version='1.0' encoding='utf-8'?>
<song xmlns="http://openlyrics.info/namespace/2009/song" version="0.8" createdIn="OpenLP 1.9.9" modifiedIn="OpenLP 1.9.9" modifiedDate="2012-09-30T13:17:52">
  <properties>
    <titles>
      <title> CC 369 - SÓ JESUS</title>
    </titles>
    <authors>
      <author>CANTOR CRISTÃO</author>
    </authors>
  </properties>
  <lyrics>
    <verse name="v1">
      <lines>QUEM TENHO EU NO CÉU, SENHOR?<br/>SÓ JESUS, SÓ JESUS.<br/>É SÓ JESUS MEU SALVADOR,<br/>SÓ JESUS, SÓ JESUS.<br/>ELE O LAGAR POR MIM PISOU,<br/>DE SOFRIMENTO ME LIVROU,<br/>ELE A MINHA ALMA FASCINOU,<br/>MEU JESUS, MEU JESUS.</lines>
    </verse>
    <verse name="v2">
      <lines>EU NÃO ALMEJO MAIS PRAZER;<br/>SÓ JESUS, SÓ JESUS.<br/>GOZO SÓ NELE POSSO TER,<br/>EM JESUS, EM JESUS.<br/>POIS A JESUS EU VOU SEGUIR,<br/>TODA A MINHA ALMA VOU ABRIR<br/>A JESUS, JESUS.</lines>
    </verse>
    <verse name="v3">
      <lines>E, SE VIER PERSEGUIÇÃO?<br/>COM JESUS, COM JESUS.<br/>ELE SERÁ O MEU QUINHÃO,<br/>SÓ JESUS, SÓ JESUS.<br/>NADA ME PODERÁ FALTAR;<br/>QUEM É QUE O PODE CONTESTAR?<br/>POIS PROMETEU BEM ME GUARDAR,<br/>MEU JESUS, MEU JESUS.</lines>
    </verse>
    <verse name="v4">
      <lines>QUANDO ESTA VIDA TERMINAR,<br/>SÓ JESUS, SÓ JESUS.<br/>VOU EM SEUS BRAÇOS DESCANÇAR,<br/>DE JESUS, DE JESUS.<br/>DORES ME PODEM RETALHAR,<br/>OU MEUS AMIGOS ME DEIXAR,<br/>EU, NÃO OBSTANTE, VOU CANTAR:<br/>SÓ JESUS, SÓ JESUS.</lines>
    </verse>
  </lyrics>
</song>
