<?xml version='1.0' encoding='utf-8'?>
<song xmlns="http://openlyrics.info/namespace/2009/song" version="0.8" createdIn="OpenLP 1.9.9" modifiedIn="OpenLP 1.9.9" modifiedDate="2012-09-30T13:17:52">
  <properties>
    <titles>
      <title> CC 370 - CRENDO EM CRISTO</title>
    </titles>
    <authors>
      <author>CANTOR CRISTÃO</author>
    </authors>
  </properties>
  <lyrics>
    <verse name="v1">
      <lines>MESTRE DIVINO, Ó JESUS, MEU SENHOR,<br/>EU CREIO EM TI, SIM, CREIO EM TI;<br/>FORÇA RECEBO, SUSTENTO E VIGOR,<br/>QUANDO, SENHOR, CREIO EM TI!</lines>
    </verse>
    <verse name="v2">
      <lines>QUANDO ME CERCAM AS ONDAS DO MAR,<br/>EU CREIO EM TI, SIM, CREIO EM TI;<br/>GOZO E PRAZER TENHO E GRAÇA SEM-PAR,<br/>QUANDO, SENHOR, CREIO EM TI!</lines>
    </verse>
    <verse name="v3">
      <lines>INDA QUE AS TREVAS ENCUBRAM O CÉU,<br/>EU CREIO EM TI, SIM, CREIO EM TI;<br/>PAZ, GOZO EU TENHO ATRAVÉS DESSE VÉU,<br/>QUANDO, SENHOR, CREIO EM TI!</lines>
    </verse>
    <verse name="v4">
      <lines>CRISTO JESUS, MEU AMIGO LEAL,<br/>EU CREIO EM TI, SIM, CREIO EM TI;<br/>SEMPRE REFÚGIO, DEFESA REAL,<br/>CRISTO JESUS, CREIO EM TI!</lines>
    </verse>
    <verse name="v5">
      <lines>CREIO, CREIO,<br/>   CRISTO JESUS, CREIO EM TI!<br/>   GOZO CONCEDES-ME, FORÇA, VIGOR,<br/>   QUANDO, SENHOR, CREIO EM TI.</lines>
    </verse>
  </lyrics>
</song>
