<?xml version='1.0' encoding='utf-8'?>
<song xmlns="http://openlyrics.info/namespace/2009/song" version="0.8" createdIn="OpenLP 1.9.9" modifiedIn="OpenLP 1.9.9" modifiedDate="2012-09-30T13:17:53">
  <properties>
    <titles>
      <title> CC 380 - AMOR</title>
    </titles>
    <authors>
      <author>CANTOR CRISTÃO</author>
    </authors>
  </properties>
  <lyrics>
    <verse name="v1">
      <lines>QUAL O ADORNO DESTA VIDA? É O AMOR.<br/>ALEGRIA É CONCEDIDA PELO AMOR.<br/>É BENIGNO, É PACIENTE,<br/>NÃO SE TORNA MALDIZENTE                    (BIS)<br/>ESTE MEIGO AMOR.</lines>
    </verse>
    <verse name="v2">
      <lines>COM SUSPEITAS NÃO SE ALCANÇA DOCE AMOR.<br/>ONDE HOUVER DESCONFIANÇA, AI DO AMOR.<br/>POIS MOSTREMOS TOLERÂNCIA;<br/>MUITAS VEZES A ARROGÂNCIA                  (BIS)<br/>MURCHA E MATA O AMOR.</lines>
    </verse>
    <verse name="v3">
      <lines>INDA QUANDO FOR CUSTOSO, NUTRE AMOR,<br/>AO IRADO E MUI FURIOSO MOSTRA AMOR.<br/>NÃO TE DÊS POR INSULTADO,<br/>MAS RESPONDE COM AGRADO,               (BIS)<br/>VENCE PELO AMOR.</lines>
    </verse>
    <verse name="v4">
      <lines>NÃO TE IRRITES, MAS TOLERA, COM AMOR.<br/>TUDO SOFRE, TUDO ESPERA PELO AMOR.<br/>DESAVENÇAS E RANCORES<br/>NÃO CONVÉM A PECADORES                  (BIS)<br/>SALVOS PELO AMOR.</lines>
    </verse>
    <verse name="v5">
      <lines>POIS, IRMÃO, AO TEU VIZINHO MOSTRA AMOR.<br/>O VALOR NÃO É MESQUINHO DESTE AMOR,<br/>O SUPREMO DEUS NOS AMA,<br/>CRISTO PARA OS CÉUS NOS CHAMA,         (BIS)<br/>ONDE REINA O AMOR.</lines>
    </verse>
  </lyrics>
</song>
