<?xml version='1.0' encoding='utf-8'?>
<song xmlns="http://openlyrics.info/namespace/2009/song" version="0.8" createdIn="OpenLP 1.9.9" modifiedIn="OpenLP 1.9.9" modifiedDate="2012-09-30T13:17:51">
  <properties>
    <titles>
      <title> CC 368 - CONFIANÇA</title>
    </titles>
    <authors>
      <author>CANTOR CRISTÃO</author>
    </authors>
  </properties>
  <lyrics>
    <verse name="v1">
      <lines>SALVADOR BENDITO, TERNO E BOM SENHOR<br/>SÓ EM TI CONFIO, GRANDE SALVADOR!<br/>SOBRE A CRUZ MORRESTE PARA ME SALVAR;<br/>TUDO PADECESTE PARA ME LIVRAR.</lines>
    </verse>
    <verse name="v2">
      <lines>Ó JESUS BENDITO, TERNO E BOM SENHOR,<br/>   SÓ EM TI CONFIO, GRANDE SALVADOR!</lines>
    </verse>
    <verse name="v3">
      <lines>SÓ EM TI CONFIO, GRANDE É TEU AMOR;<br/>NUNCA DESPREZASTE NENHUM PECADOR;<br/>TODO O QUE CONTRITO JÁ TE PROCUROU<br/>PELA TUA GRAÇA SALVAÇÃO ACHOU.</lines>
    </verse>
    <verse name="v4">
      <lines>SIM, EM TI CONFIO, SALVADOR FIEL,<br/>NUNCA ABANDONASTE, POIS, TEU ISRAEL;<br/>TUA EXCELSA GRAÇA NUNCA FALTARÁ,<br/>O QUE EM TI CONFIA NÃO PERECERÁ.</lines>
    </verse>
    <verse name="v5">
      <lines>SEMPRE EM TI CONFIO, GRANDE É TEU PODER,<br/>TU OS INIMIGOS PODES BEM VENCER;<br/>SALVO E BEM SEGURO LEVA-ME, SENHOR,<br/>SEMPRE PROTEGIDO PELO TEU AMOR.</lines>
    </verse>
  </lyrics>
</song>
