<?xml version='1.0' encoding='utf-8'?>
<song xmlns="http://openlyrics.info/namespace/2009/song" version="0.8" createdIn="OpenLP 1.9.9" modifiedIn="OpenLP 1.9.9" modifiedDate="2012-09-30T13:17:48">
  <properties>
    <titles>
      <title> CC 333 - DEUS É SABEDOR</title>
    </titles>
    <authors>
      <author>CANTOR CRISTÃO</author>
    </authors>
  </properties>
  <lyrics>
    <verse name="v1">
      <lines>EU SEI QUE DEUS É SABEDOR<br/>DO MEU SOFRER, DA MINHA DOR;<br/>MAS SEI TAMBÉM QUE O MEU PENAR<br/>EM GOZO PODE TRANSFORMAR.</lines>
    </verse>
    <verse name="v2">
      <lines>MEU DEUS, MEU PAI,<br/>   MEU DEUS DE TUDO É SABEDOR.<br/>   SIM, DEUS, MEU PAI,<br/>   VEM MINORAR A MINHA DOR.</lines>
    </verse>
    <verse name="v3">
      <lines>EU SEI QUE DEUS É SABEDOR<br/>QUE FUI UM GRANDE PECADOR;<br/>MAS COM PODER E COMPAIXÃO<br/>LIVROU-ME DA DESTRUIÇÃO.</lines>
    </verse>
    <verse name="v4">
      <lines>EU SEI QUE DEUS É SABEDOR<br/>DAS MINHAS FALTAS, MEU TEMOR;<br/>MAS PRONTO ESTÁ PRA ME VALER,<br/>DE TODO O MAL ME PROTEGE.</lines>
    </verse>
  </lyrics>
</song>
