<?xml version='1.0' encoding='utf-8'?>
<song xmlns="http://openlyrics.info/namespace/2009/song" version="0.8" createdIn="OpenLP 1.9.9" modifiedIn="OpenLP 1.9.9" modifiedDate="2012-09-30T13:17:42">
  <properties>
    <titles>
      <title> CC 300 - TUDO POR CRISTO</title>
    </titles>
    <authors>
      <author>CANTOR CRISTÃO</author>
    </authors>
  </properties>
  <lyrics>
    <verse name="v1">
      <lines>DO SALVADOR BENDITO<br/>SEMPRE DESEJO SER;<br/>LIVRE DO MUNDO INÍGUO<br/>QUERO TAMBÉM VIVER.</lines>
    </verse>
    <verse name="v2">
      <lines>QUERO SERVIR A CRISTO,<br/>DE PRONTIDÃO ESTAR;<br/>ÚTIL NA PAZ, NA LUTA,<br/>PRONTO PRA TRABALHAR.</lines>
    </verse>
    <verse name="v3">
      <lines>QUERO FICAR COM CRISTO,<br/>SEMPRE COM ELE ANDAR;<br/>SEJA NA VIDA OU MORTE,<br/>SEJA NO ETERNO LAR.</lines>
    </verse>
    <verse name="v4">
      <lines>QUERES, POIS, ACEITAR-ME<br/>TAL COMO SOU, SENHOR?<br/>VENHO ENTREGAR-ME AGORA;<br/>SOU TEU, MEU REDENTOR.</lines>
    </verse>
    <verse name="v5">
      <lines>QUERO VIVER PRA CRISTO,<br/>   TUDO LHE DEDICAR;<br/>   TUDO POR CRISTO, TUDO, TUDO<br/>   QUERO RENUNCIAR.</lines>
    </verse>
  </lyrics>
</song>
