<?xml version='1.0' encoding='utf-8'?>
<song xmlns="http://openlyrics.info/namespace/2009/song" version="0.8" createdIn="OpenLP 1.9.9" modifiedIn="OpenLP 1.9.9" modifiedDate="2013-04-07T23:11:54">
  <properties>
    <titles>
      <title> CC 308 - PARA ONDE FOR, IREI</title>
    </titles>
    <verseOrder>v1 v5 v2 v5 v3 v5 v6 v7</verseOrder>
    <authors>
      <author>CANTOR CRISTÃO</author>
    </authors>
  </properties>
  <lyrics>
    <verse name="v1">
      <lines>SE EU TIVER JESUS AO LADO,<br/>E POR ELE AUXILIADO,<br/>SE POR ELE FOR MANDADO,<br/>A QUALQUER LUGAR, IREI.</lines>
    </verse>
    <verse name="v2">
      <lines>SEJA MEU CAMINHO DURO,<br/>ESPINHOSO OU INSEGURO,<br/>EM SEUS BRAÇOS BEM SEGURO,<br/>AONDE ME MANDAR, IREI.</lines>
    </verse>
    <verse name="v3">
      <lines>MALES PODERÃO CERCAR-ME,<br/>OU PERIGOS ASSUSTAR-ME,<br/>MAS SE CRISTO SEGURAR-ME,<br/>AONDE ME MANDAR, IREI.</lines>
    </verse>
    <verse name="v4">
      <lines>QUANDO TERMINAR A VIDA,<br/>FINDA MINHA TRISTE LIDA,<br/>TENHO A GLÓRIA PROMETIDA,<br/>EU PRA MEU SENHOR IREI.</lines>
    </verse>
    <verse name="v5">
      <lines>SEGUIREI A MEU BOM MESTRE,<br/>SEGUIREI A MEU BOM MESTRE,<br/>SEGUIREI A MEU BOM MESTRE,<br/>ONDE QUER QUE FOR, IREI.</lines>
    </verse>
    <verse name="v6">
      <lines>QUANDO TERMINAR A VIDA<br/>FINDA MINHA TRISTE LIDA,<br/>TENHO A GLÓRIA PROMETIDA<br/>EU PRA MEU SENHOR IREI</lines>
    </verse>
    <verse name="v7">
      <lines>SEGUIREI A MEU BOM MESTRE,<br/>SEGUIREI A MEU BOM MESTRE,<br/>SEGUIREI A MEU BOM MESTRE,<br/>ONDE QUER QUE FOR, IREI.</lines>
    </verse>
  </lyrics>
</song>
