<?xml version='1.0' encoding='utf-8'?>
<song xmlns="http://openlyrics.info/namespace/2009/song" version="0.8" createdIn="OpenLP 1.9.9" modifiedIn="OpenLP 1.9.9" modifiedDate="2012-09-30T13:17:52">
  <properties>
    <titles>
      <title> CC 376 - SALVAÇÃO PERFEITA</title>
    </titles>
    <authors>
      <author>CANTOR CRISTÃO</author>
    </authors>
  </properties>
  <lyrics>
    <verse name="v1">
      <lines>LIVRES DO MEDO TEMOS FICADO;<br/>CRISTO MORREU, LEVANDO O PECADO;<br/>EIS O RESGATE: O PACTO SE FEZ;<br/>FOMOS REMIDOS DE UMA VEZ!</lines>
    </verse>
    <verse name="v2">
      <lines>AO MALFEITOR, QUE A PENA MERECE,<br/>VIDA E PERDÃO JESUS OFERECE;<br/>CLAMA POR GRAÇA, COM AVIDEZ,<br/>CRISTO TE ACOLHE DE UMA VEZ!</lines>
    </verse>
    <verse name="v3">
      <lines>GRAÇA REAL! NÃO HÁ MAIS CASTIGO!<br/>TEMOS A PAZ SEM MEDO E PERIGO!<br/>VESTE REAIS, NÃO TRISTE NUDEZ;<br/>CRISTO ENRIQUECE DE UMA VEZ!</lines>
    </verse>
    <verse name="v4">
      <lines>""""FILHOS DE DEUS!"""" FAVOR INAUDITO!<br/>DEUS NOS AMOU EM GRAU INFINITO!<br/>NESTA CLEMÊNCIA NÃO HÁ DOBREZ;<br/>HÁ SEGURANÇA DE UMA VEZ!</lines>
    </verse>
    <verse name="v5">
      <lines>DE UMA VEZ! OH, SIM, ACREDITA!<br/>   Ó PECADOR, TENS SORTE BENDITA!<br/>   TUDO JESUS, POR NÓS, SATISFEZ!<br/>   CRISTO SALVOU-NOS DE UMA VEZ!</lines>
    </verse>
  </lyrics>
</song>
