<?xml version='1.0' encoding='utf-8'?>
<song xmlns="http://openlyrics.info/namespace/2009/song" version="0.8" createdIn="OpenLP 1.9.9" modifiedIn="OpenLP 1.9.9" modifiedDate="2012-09-30T13:17:53">
  <properties>
    <titles>
      <title> CC 388 - O HOMEM FELIZ</title>
    </titles>
    <authors>
      <author>CANTOR CRISTÃO</author>
    </authors>
  </properties>
  <lyrics>
    <verse name="v1">
      <lines>FELIZ É O HOMEM QUE NÃO VAI<br/>CONFORME OS ÍMPIOS VÃO,<br/>NEM COM OS PECADORES TEM<br/>ALGUMA COMUNHÃO. (BIS)</lines>
    </verse>
    <verse name="v2">
      <lines>PORÉM NA LEI, NA SANTA LEI<br/>DE DEUS SE ALEGRA BEM;<br/>E POSTO SEMPRE O CORAÇÃO<br/>NA LEI DIVINA TEM. (BIS)</lines>
    </verse>
    <verse name="v3">
      <lines>TAL HOMEM FLORESCENDO VAI<br/>QUAL PLANTAÇÃO QUE ESTÁ<br/>AO PÉ DE UM RIO, E FRUTO BOM<br/>EM TEMPO PRÓPRIO DÁ. (BIS)</lines>
    </verse>
    <verse name="v4">
      <lines>JAMAIS A SUA FOLHA CAI,<br/>NEM MURCHA VEM A SER,<br/>E BEM MADURO SE FARÁ<br/>O FRUTO QUE ELE DER. (BIS)</lines>
    </verse>
    <verse name="v5">
      <lines>OS ÍMPIOS NÃO SERÃO ASSIM;<br/>JAMAIS FELIZES SÃO;<br/>PORÉM PARECEM COM O PÓ<br/>QUE OS VENTOS LEVARÃO. (BIS)</lines>
    </verse>
    <verse name="v6">
      <lines>NO JUÍZO NÃO SUBSISTIRÃO,<br/>NO DIA DO SENHOR;<br/>DOS JUSTOS LONGE FICARÃO,<br/>CURTINDO ETERNA DOR. (BIS)</lines>
    </verse>
  </lyrics>
</song>
