<?xml version='1.0' encoding='utf-8'?>
<song xmlns="http://openlyrics.info/namespace/2009/song" version="0.8" createdIn="OpenLP 1.9.9" modifiedIn="OpenLP 1.9.9" modifiedDate="2012-09-30T13:17:51">
  <properties>
    <titles>
      <title> CC 363 - SÊ TU MEU GUIA</title>
    </titles>
    <authors>
      <author>CANTOR CRISTÃO</author>
    </authors>
  </properties>
  <lyrics>
    <verse name="v1">
      <lines>SÊ TU MEU GUIA, Ó CRISTO; ESTOU MEDROSO<br/>DE ANDAR SOZINHO PELA SOLIDÃO;<br/>SÊ TU MEU GUIA, E O ERMO PAVOROSO<br/>JÁ NÃO SERÁ LUGAR DE ESCURIDÃO.</lines>
    </verse>
    <verse name="v2">
      <lines>SÊ TU MEU GUIA; LEVA-ME A TEU LADO,<br/>POIS JUNTO A TI DESEJO ESTAR, SENHOR;<br/>QUE POR TEU BRAÇO ESTANDO ASSIM FIRMADO<br/>NÃO HEI DE TROPEÇAR NEM TER TEMOR.</lines>
    </verse>
    <verse name="v3">
      <lines>SÊ TU MEU GUIA, EM TEMPO RADIANTE,<br/>OU NA BONANÇA, OU MESMO EM TEMPORAL;<br/>SÊ TU MEU GUIA, QUE EU PROSSIGA AVANTE<br/>SEM ME AFASTAR DO RUMO DIVINAL.</lines>
    </verse>
    <verse name="v4">
      <lines>SÊ TU MEU GUIA, ATÉ QUE TENHA ENTRADA<br/>NA CASA PATERNAL, NO CÉU ALÉM;<br/>ALI, SEM FIM, MINHA ALMA DESCANSADA<br/>TERÁ CONTIGO SEU ETERNO BEM.</lines>
    </verse>
  </lyrics>
</song>
