<?xml version='1.0' encoding='utf-8'?>
<song xmlns="http://openlyrics.info/namespace/2009/song" version="0.8" createdIn="OpenLP 1.9.9" modifiedIn="OpenLP 1.9.9" modifiedDate="2012-09-30T13:17:47">
  <properties>
    <titles>
      <title> CC 330 - O SEGREDO DO VIVER</title>
    </titles>
    <authors>
      <author>CANTOR CRISTÃO</author>
    </authors>
  </properties>
  <lyrics>
    <verse name="v1">
      <lines>QUANDO NOS CERCAR O MAL,<br/>AO RUGIR O TEMPORAL,<br/>EM JESUS É CONFIAR,<br/>NUNCA PODERÁ FALHAR.</lines>
    </verse>
    <verse name="v2">
      <lines>QUANDO A DOR OU AFLIÇÃO<br/>VEM TURBAR O CORAÇÃO,<br/>É PRECISO CONFIAR,<br/>A JESUS TUDO ENTREGAR.</lines>
    </verse>
    <verse name="v3">
      <lines>QUANDO FRACO ME SENTIR,<br/>QUANDO O MUNDO ME OPRIMIR,<br/>E PESAR A MINHA CRUZ,<br/>""""CRÊ SOMENTE!"""" - DIZ JESUS.</lines>
    </verse>
    <verse name="v4">
      <lines>QUER NAS TREVAS, QUER NA LUZ,<br/>SEMPRE PERTO ESTÁ JESUS,<br/>PERTO E PRONTO PRA SALVAR<br/>QUEM SOMENTE CONFIAR.</lines>
    </verse>
    <verse name="v5">
      <lines>O SEGREDO DO VIVER,<br/>   O SEGREDO DO VENCER,<br/>   É EM CRISTO CONFIAR!<br/>   NUNCA, NUNCA DUVIDAR!</lines>
    </verse>
  </lyrics>
</song>
