<?xml version='1.0' encoding='utf-8'?>
<song xmlns="http://openlyrics.info/namespace/2009/song" version="0.8" createdIn="OpenLP 1.9.9" modifiedIn="OpenLP 1.9.9" modifiedDate="2012-11-18T21:48:44">
  <properties>
    <titles>
      <title> CC 398 - SOU FELIZ</title>
    </titles>
    <verseOrder>v1 v2 v3 v2 v4 v2 v5 v2</verseOrder>
    <authors>
      <author>CANTOR CRISTÃO</author>
    </authors>
  </properties>
  <lyrics>
    <verse name="v1">
      <lines>SE PAZ A MAIS DOCE ME DERES GOZAR,<br/>SE DOR A MAIS FORTE SOFRER,<br/>OH, SEJA O QUE FOR, TU ME FAZES SABER<br/>QUE FELIZ COM JESUS SEMPRE SOU!</lines>
    </verse>
    <verse name="v2">
      <lines>SOU FELIZ COM JESUS!<br/>   SOU FELIZ COM JESUS, MEU SENHOR!</lines>
    </verse>
    <verse name="v3">
      <lines>EMBORA ME ASSALTE O CRUEL SATANÁS,<br/>E ATAQUE COM VIS TENTAÇÕES,<br/>OH, CERTO EU ESTOU, APESAR DE AFLIÇÕES,<br/>QUE FELIZ EU SEREI COM JESUS!</lines>
    </verse>
    <verse name="v4">
      <lines>MEU TRISTE PECADO POR MEU SALVADOR,<br/>FOI PAGO DE UM MODO CABAL;<br/>VALEU-ME O SENHOR, OH, MERCÊ SEM IGUAL!<br/>SOU FELIZ!  GRAÇAS DOU A JESUS!</lines>
    </verse>
    <verse name="v5">
      <lines>A VINDA EU ANSEIO DO MEU SALVADOR;<br/>EM BREVE VIRÁ ME LEVAR<br/>AO CÉU, ONDE VOU PARA SEMPRE MORAR<br/>COM REMIDOS NA LUZ DO SENHOR!</lines>
    </verse>
  </lyrics>
</song>
