<?xml version='1.0' encoding='utf-8'?>
<song xmlns="http://openlyrics.info/namespace/2009/song" version="0.8" createdIn="OpenLP 1.9.9" modifiedIn="OpenLP 1.9.9" modifiedDate="2012-09-30T13:17:47">
  <properties>
    <titles>
      <title> CC 326 - REFÚGIO</title>
    </titles>
    <authors>
      <author>CANTOR CRISTÃO</author>
    </authors>
  </properties>
  <lyrics>
    <verse name="v1">
      <lines>MEU DIVINO PROTETOR.<br/>QUERO EM TI ME REFUGIAR;<br/>POIS A ONDAS DE TERROR<br/>AMEAÇAM ME TRAGAR!<br/>QUASE ESTOU A PERECER!<br/>DÁ-ME A TUA PROTEÇÃO;<br/>POIS GUARDADO EM TEU PODER<br/>NÃO RECEIO O FURACÃO.</lines>
    </verse>
    <verse name="v2">
      <lines>OUTRO AMPARO NÃO ACHEI;<br/>SEM ALENTO VENHO A TI;<br/>SE ME NEGAS MORREREI;<br/>VOZ DA MORTE EU JÁ OUVI.<br/>EU CONFIO EM TEU AMOR<br/>E NA TUA COMPAIXÃO;<br/>ÉS MEU FORTE DEFENSOR;<br/>NÃO ME LARGUE A TUA MÃO.</lines>
    </verse>
    <verse name="v3">
      <lines>TUDO O QUE EU DESEJO DÁS,<br/>CRISTO MEU, E AINDA MAIS;<br/>DÁS-ME FORÇA E TUA PAZ,<br/>SEMPRE TU COMIGO VAIS.<br/>O TEU NOME SANTO É<br/>E EU INJUSTO E FRACO SOU;<br/>PONHO EM TI A MINHA FÉ,<br/>SEI QUE EM TI SEGURO ESTOU.</lines>
    </verse>
    <verse name="v4">
      <lines>GRAÇA IMENSA EM TI SE ACHOU<br/>PARA TUDO PERDOAR;<br/>SANGUE TEU SE DERRAMOU,<br/>NELE QUERO ME SALVAR,<br/>FONTE TU DE TODO BEM,<br/>DÁ-ME SEMPRE DE BEBER!<br/>CONFORTA MINHA ALMA VEM;<br/>QUEIRAS SEMPRE ME VALER.</lines>
    </verse>
  </lyrics>
</song>
