<?xml version='1.0' encoding='utf-8'?>
<song xmlns="http://openlyrics.info/namespace/2009/song" version="0.8" createdIn="OpenLP 1.9.9" modifiedIn="OpenLP 1.9.9" modifiedDate="2012-09-30T13:17:49">
  <properties>
    <titles>
      <title> CC 345 - CONTAR A JESUS</title>
    </titles>
    <authors>
      <author>CANTOR CRISTÃO</author>
    </authors>
  </properties>
  <lyrics>
    <verse name="v1">
      <lines>A JESUS CRISTO CONTAREI TUDO<br/>QUE HAJA EM MEU PEITO A ME PERTURBAR;<br/>OS MEUS CUIDADOS, MEUS SOFRIMENTOS,<br/>SÓ ELE OS PODE SUAVIZAR.</lines>
    </verse>
    <verse name="v2">
      <lines>A JESUS CRISTO, MEU BEM-AMADO,<br/>   NARRAREI SEMPRE MINHA AFLIÇÃO;<br/>   AOS MEUS CUIDADOS, AOS MEUS TORMENTOS,<br/>   SÓ ELE PODE DAR SOLUÇÃO.</lines>
    </verse>
    <verse name="v3">
      <lines>A JESUS CRISTO CONTAREI TUDO;<br/>ELE É AMIGO FIRME E LEAL.<br/>BASTA PEDIR-LHE, QUE, SEM DEMORA,<br/>AOS MEUS PESARES DÁ FIM CABAL.</lines>
    </verse>
    <verse name="v4">
      <lines>SEMPRE TENTADO, SEI QUE PRECISO<br/>DE UM PROTETOR QUE POSSA VALER;<br/>SÓ MEU AMADO, QUE É INVENCÍVEL,<br/>PODE, PORTANTO, ME PROTEGER.</lines>
    </verse>
    <verse name="v5">
      <lines>DESTE CAMINHO OS MAUS ME DESEJAM,<br/>POIS, DESVIAR E ME DEMOVER;<br/>MAS JESUS CRISTO, FORTE E ZELOSO,<br/>SEMPRE ME AJUDA A PERMANECER.</lines>
    </verse>
  </lyrics>
</song>
