<?xml version='1.0' encoding='utf-8'?>
<song xmlns="http://openlyrics.info/namespace/2009/song" version="0.8" createdIn="OpenLP 1.9.9" modifiedIn="OpenLP 1.9.9" modifiedDate="2012-09-30T13:17:54">
  <properties>
    <titles>
      <title> CC 392 - EXTRAVIADO</title>
    </titles>
    <authors>
      <author>CANTOR CRISTÃO</author>
    </authors>
  </properties>
  <lyrics>
    <verse name="v1">
      <lines>BEM LONGE DE DEUS EU ANDAVA,<br/>UM POBRE PERDIDO FUI EU;<br/>PENSAVA QUE FOSSE IMPOSSÍVEL<br/>ENTRAR A MINHA ALMA NO CÉU.</lines>
    </verse>
    <verse name="v2">
      <lines>VAGUEI TÃO ERRANTE NAS TREVAS,<br/>NEM RAIO DE LUZ VINHA A MIM,<br/>E TRISTE, CANSADA A MINHA ALMA,<br/>NÃO VIA PERDÃO PARA MIM.</lines>
    </verse>
    <verse name="v3">
      <lines>ESTANDO NO MEIO DAS TREVAS,<br/>BEM CLARA UMA VOZ EU OUVI,<br/>DIZENDO-ME: """"SOU PODEROSO<br/>PRA DAR SALVAÇÃO HOJE A TI.""""</lines>
    </verse>
    <verse name="v4">
      <lines>PAREI; ERA A VOZ DO MEU MESTRE,<br/>FALANDO PALAVRAS DE AMOR;<br/>CLAMEI: """"SOU UM POBRE PERDIDO;<br/>OH, TEM COMPAIXÃO, SALVADOR!""""</lines>
    </verse>
    <verse name="v5">
      <lines>ENTÃO ME ENTREGUEI A MEU MESTRE;<br/>FELIZ JESUS CRISTO ME FEZ.<br/>A TODOS EU VOU PROCLAMANDO:<br/>FOI ELE QUE ME SATISFEZ.</lines>
    </verse>
    <verse name="v6">
      <lines>E QUANDO, POR GRAÇA DE CRISTO,<br/>O CÉU ALCANÇAR AFINAL,<br/>LOUVORES DAREI PARA SEMPRE<br/>A QUEM ME DEU VIDA ETERNAL</lines>
    </verse>
  </lyrics>
</song>
