<?xml version='1.0' encoding='utf-8'?>
<song xmlns="http://openlyrics.info/namespace/2009/song" version="0.8" createdIn="OpenLP 1.9.9" modifiedIn="OpenLP 1.9.9" modifiedDate="2013-12-29T22:02:33">
  <properties>
    <titles>
      <title> CC 375 - SEGURANÇA</title>
    </titles>
    <verseOrder>v1 v2 v3 v2 v4 v2</verseOrder>
    <authors>
      <author>CANTOR CRISTÃO</author>
    </authors>
  </properties>
  <lyrics>
    <verse name="v1">
      <lines>VIVO FELIZ, POIS SOU DE JESUS,<br/>E JÁ DESFRUTO O GOZO DA LUZ!<br/>SOU POR JESUS HERDEIROS DE DEUS,<br/>ELE ME LEVA À GLÓRIA DOS CÉUS.</lines>
    </verse>
    <verse name="v2">
      <lines>CANTA, MINHA ALMA!<br/>CANTA AO SENHOR!<br/>RENDE-LHE SEMPRE <br/>ARDENTE LOUVOR!</lines>
    </verse>
    <verse name="v3">
      <lines>AO SEU AMOR EU ME SUBMETI,<br/>E EXTASIADO ENTÃO ME SENTI.<br/>ANJOS, DESCENDO, TRAZEM DOS CÉUS<br/>ECOS DA EXCELSA GRAÇA DE DEUS.</lines>
    </verse>
    <verse name="v4">
      <lines>SEMPRE VIVENDO<br/>EM SEU GRANDE AMOR,<br/>ME REGOZIJO EM MEU SALVADOR;<br/>ESPERANÇOSO, VIVO NA LUZ,<br/>PELA BONDADE DO MEU JESUS!</lines>
    </verse>
  </lyrics>
</song>
