<?xml version='1.0' encoding='utf-8'?>
<song xmlns="http://openlyrics.info/namespace/2009/song" version="0.8" createdIn="OpenLP 1.9.9" modifiedIn="OpenLP 1.9.9" modifiedDate="2012-09-30T13:17:48">
  <properties>
    <titles>
      <title> CC 335 - O GOZO DA VIDA</title>
    </titles>
    <authors>
      <author>CANTOR CRISTÃO</author>
    </authors>
  </properties>
  <lyrics>
    <verse name="v1">
      <lines>CRISTO AMADO, SEI QUE NA FORÇA DO MAL<br/>TU, MEU MESTRE, SEMPRE SERÁS PROTETOR.<br/>TU ME GUARDAS, DANDO-ME PAZ DIVINAL;<br/>EU CONTIGO SEMPRE SEREI VENCEDOR!</lines>
    </verse>
    <verse name="v2">
      <lines>CRISTO, MESTRE,<br/>SEI QUE CONTIGO SOU VENCEDOR;<br/>DÁ-ME GRAÇA,<br/>DÁ-ME DO TEU PODER, REDENTOR.</lines>
    </verse>
    <verse name="v3">
      <lines>QUE ALEGRIA TENHO NO MEU SALVADOR;<br/>TENHO GRAÇA, VIDA DE AMOR PATERNAL!<br/>TUDO POSSO, TUDO, POR TI, MEU SENHOR;<br/>DESTE MUNDO SOU VENCEDOR AFINAL!</lines>
    </verse>
    <verse name="v4">
      <lines>NÃO DUVIDO, CRISTO, MEU MESTRE, DE TI;<br/>CREIO EM TUA RICA PROMESSA, JESUS;<br/>NÃO ME DEIXES, NEM ME REJEITES AQUI,<br/>QUERO SEMPRE VER TUA FACE DE LUZ!</lines>
    </verse>
    <verse name="v5">
      <lines>OH, QUE BÊNÇÃO TER A CERTEZA DO BEM,<br/>TER NA VIDA PAZ E PERDÃO DO SENHOR!<br/>MUI ALEGRE, BUSCO ESSA PÁTRIA DE ALÉM,<br/>ONDE REINA CRISTO JESUS, REI DE AMOR!</lines>
    </verse>
  </lyrics>
</song>
