<?xml version='1.0' encoding='utf-8'?>
<song xmlns="http://openlyrics.info/namespace/2009/song" version="0.8" createdIn="OpenLP 1.9.9" modifiedIn="OpenLP 1.9.9" modifiedDate="2012-09-30T13:17:44">
  <properties>
    <titles>
      <title> CC 311 - CONFIANÇA</title>
    </titles>
    <authors>
      <author>CANTOR CRISTÃO</author>
    </authors>
  </properties>
  <lyrics>
    <verse name="v1">
      <lines>SOBRE A CRUZ, POR MEUS PECADOS,<br/>QUIS JESUS POR MIM MORRER.<br/>EM JESUS REFUGIADO,<br/>NADA TENHO QUE TEMER.</lines>
    </verse>
  </lyrics>
</song>
