<?xml version='1.0' encoding='utf-8'?>
<song xmlns="http://openlyrics.info/namespace/2009/song" version="0.8" createdIn="OpenLP 1.9.9" modifiedIn="OpenLP 1.9.9" modifiedDate="2012-09-30T13:17:45">
  <properties>
    <titles>
      <title> CC 322 - CRISTO VALERÁ</title>
    </titles>
    <verseOrder>v1 v2 v3 v2 v4 v2</verseOrder>
    <authors>
      <author>CANTOR CRISTÃO</author>
    </authors>
  </properties>
  <lyrics>
    <verse name="v1">
      <lines>OSCILANDO MINHA FÉ,<br/>CRISTO VALERÁ;<br/>PERSEGUIDO, SEM MERCÊ,<br/>ELE VALERÁ.</lines>
    </verse>
    <verse name="v2">
      <lines>ELE VALERÁ!<br/>ELE VALERÁ!<br/>SEU AMOR POR MIM<br/>NÃO MUDA,<br/>SIM ME VALERÁ.</lines>
    </verse>
    <verse name="v3">
      <lines>CRENTE INÚTIL EU SEREI<br/>SE ME NÃO VALER;<br/>NEM SERVIÇO PRESTAREI<br/>SEM O SEU PODER.</lines>
    </verse>
    <verse name="v4">
      <lines>COM SEU SANGUE<br/>ME COMPROU,<br/>NÃO ME DEIXARÁ;<br/>VIDA ETERNA ME<br/>OUTORGOU, SIM,<br/>ME VALERÁ.</lines>
    </verse>
  </lyrics>
</song>
