<?xml version='1.0' encoding='utf-8'?>
<song xmlns="http://openlyrics.info/namespace/2009/song" version="0.8" createdIn="OpenLP 1.9.9" modifiedIn="OpenLP 1.9.9" modifiedDate="2012-09-30T13:17:51">
  <properties>
    <titles>
      <title> CC 364 - FILHOS DE DEUS</title>
    </titles>
    <authors>
      <author>CANTOR CRISTÃO</author>
    </authors>
  </properties>
  <lyrics>
    <verse name="v1">
      <lines>DO DEUS SANTO SOMOS FILHOS,<br/>CO-HERDEIROS DE JESUS!<br/>EM SEU FILHO O PAI NOS OLHA<br/>E NOS LEVA À SUA LUZ.</lines>
    </verse>
    <verse name="v2">
      <lines>AMADOS, FILHOS SOMOS JÁ DE DEUS,<br/>   E HÁ DE REVELAR-SE O QUE NÓS SEREMOS<br/>   QUANDO O DIA DE CRISTO RAIAR.<br/>   HAVEMOS DE NOS TRANSFORMAR<br/>   NA SEMELHANÇA DE NOSSO MESTRE,<br/>   E VÊ-LO-EMOS COMO É.</lines>
    </verse>
    <verse name="v3">
      <lines>QUE ESPERANÇA TÃO GLORIOSA,<br/>A DE VERMOS NOSSO DEUS!<br/>OH, QUE GRAÇA INCOMPARÁVEL<br/>HABITAR NOS ALTOS-CÉUS!</lines>
    </verse>
    <verse name="v4">
      <lines>VEM, JESUS, QUERIDO MESTRE,<br/>VEM OS TEUS DO MAL TIRAR,<br/>COMPLETAR A TUA OBRA;<br/>VEM, OH, VEM-NOS LIBERTAR!</lines>
    </verse>
  </lyrics>
</song>
