<?xml version='1.0' encoding='utf-8'?>
<song xmlns="http://openlyrics.info/namespace/2009/song" version="0.8" createdIn="OpenLP 1.9.9" modifiedIn="OpenLP 1.9.9" modifiedDate="2013-11-03T12:55:46">
  <properties>
    <titles>
      <title> CC 301 - CRER E OBSERVAR</title>
    </titles>
    <verseOrder>v1 v2 v3 v2 v4 v2 v5 v2</verseOrder>
    <authors>
      <author>CANTOR CRISTÃO</author>
    </authors>
  </properties>
  <lyrics>
    <verse name="v1">
      <lines>EM JESUS CONFIAR, SUA LEI OBSERVAR,<br/>OH, QUE GOZO, QUE BÊNÇÃO, QUE PAZ!<br/>SATISFEITOS GUARDAR TUDO QUANDO ORDENAR<br/>ALEGRIA PERENE NOS TRAZ.</lines>
    </verse>
    <verse name="v2">
      <lines>CRER E OBSERVAR<br/>   TUDO QUANTO ORDENAR;<br/>   O FIEL OBEDECE<br/>   AO QUE CRISTO MANDAR!</lines>
    </verse>
    <verse name="v3">
      <lines>O INIMIGO FALAZ E A CALÚNIA MORDAZ<br/>CRISTO PODE DESPRESTIGIAR;<br/>NEM TRISTEZA, NEM DOR, NEM INTRIGA MAIOR<br/>PODERÃO AO FIEL ABALAR.</lines>
    </verse>
    <verse name="v4">
      <lines>QUE DELÍCIA DE AMOR, COMUNHÃO COM O SENHOR<br/>TEM O CRENTE ZELOSO E LEAL;<br/>O SEU ROSTO MIRAR, SEUS SEGREDOS PRIVAR,<br/>SEU CONSOLO CONSTANTE E REAL.</lines>
    </verse>
    <verse name="v5">
      <lines>RESOLUTOS, SENHOR, E COM FÉ, ZELO E ARDOR,<br/>OS TEUS PASSOS QUEREMOS SEGUIR;<br/>TEUS PRECEITOS GUARDAR, O TEU NOME EXALTAR,<br/>SEMPRE A TUA VONTADE CUMPRIR.</lines>
    </verse>
  </lyrics>
</song>
