<?xml version='1.0' encoding='utf-8'?>
<song xmlns="http://openlyrics.info/namespace/2009/song" version="0.8" createdIn="OpenLP 1.9.9" modifiedIn="OpenLP 1.9.9" modifiedDate="2012-09-30T13:17:52">
  <properties>
    <titles>
      <title> CC 372 - SALVO ESTOU</title>
    </titles>
    <authors>
      <author>CANTOR CRISTÃO</author>
    </authors>
  </properties>
  <lyrics>
    <verse name="v1">
      <lines>GLÓRIA A JESUS, SIM, AO FILHO DE DEUS,<br/>O BOM SALVADOR QUE NOS VEIO DOS CÉUS!<br/>ESTÁVAMOS MORTOS, MAS ELE CHEGOU<br/>E DO PECADO NOS RESSUSCITOU.</lines>
    </verse>
    <verse name="v2">
      <lines>SALVO! SALVO!<br/>   EU SALVO DAS PENAS ETERNAS JÁ SOU!<br/>   SALVO! SALVO!<br/>   PELA GRAÇA DE CRISTO JESUS SALVO ESTOU!</lines>
    </verse>
    <verse name="v3">
      <lines>NA CORRUPÇÃO NÃO PODIA VIVER,<br/>A VIDA ERA ASSIM UM CONSTANTE SOFRER,<br/>ATÉ QUE NUM DIA JESUS ME ENCONTROU<br/>E ELE MINHA ALMA DE NOVO GEROU.</lines>
    </verse>
    <verse name="v4">
      <lines>LONGE DE CRISTO TÃO CEGO EU ANDEI;<br/>EM TREVAS VIVIA, PERDIDO, BEM SEI,<br/>MAS ELE COM SEU GRANDE AMOR ME BUSCOU,<br/>LOGO MINHA ALMA DA MORTE LIVROU.</lines>
    </verse>
    <verse name="v5">
      <lines>SALVO PRA SEMPRE EU AGORA JÁ SOU,<br/>JESUS COM SEU SANGUE MINHA ALMA LAVOU.<br/>LOUVORES PRA SEMPRE AO SENHOR EU DAREI.<br/>AO SEU TRABALHO ME CONSAGRAREI.</lines>
    </verse>
  </lyrics>
</song>
