<?xml version='1.0' encoding='utf-8'?>
<song xmlns="http://openlyrics.info/namespace/2009/song" version="0.8" createdIn="OpenLP 1.9.9" modifiedIn="OpenLP 1.9.9" modifiedDate="2012-11-16T21:53:06">
  <properties>
    <titles>
      <title> CC 329 - CONTA AS BÊNÇÃOS</title>
    </titles>
    <verseOrder>v1 v2 v3 v2 v4 v2 v5 v2</verseOrder>
    <authors>
      <author>CANTOR CRISTÃO</author>
    </authors>
  </properties>
  <lyrics>
    <verse name="v1">
      <lines>SE DA VIDA AS VAGAS <br/>PROCELOSAS SÃO,<br/>SE COM DESALENTO <br/>JULGAS TUDO VÃO,<br/>CONTA AS MUITAS BÊNÇÃOS, <br/>DIZE-AS DE UMA VEZ,<br/>HÁS DE VER, SURPRESO, <br/>QUANTO DEUS JÁ FEZ.</lines>
    </verse>
    <verse name="v2">
      <lines>CONTA AS BÊNÇÃOS, <br/>CONTA QUANTAS SÃO,<br/>RECEBIDAS DA DIVINA MÃO;<br/>UMA A UMA, DIZE-AS<br/>DE UMA VEZ,<br/>HÁS DE VER, SURPRESO, <br/>QUANTO DEUS JÁ FEZ.</lines>
    </verse>
    <verse name="v3">
      <lines>TENS, ACASO, MÁGOAS, <br/>TRISTE É TEU LIDAR?<br/>É A CRUZ PESADA <br/>QUE TENS DE LEVAR?<br/>CONTA AS MUITAS BÊNÇÃOS, <br/>NÃO DUVIDARÁS,<br/>E EM CANÇÃO ALEGRE <br/>OS DIAS PASSARÁS.</lines>
    </verse>
    <verse name="v4">
      <lines>QUANDO VIRES OUTROS <br/>COM SEU OURO E BENS,<br/>LEMBRA QUE TESOURO<br/> PROMETIDOS TENS;<br/>NUNCA OS BENS DA TERRA <br/>PODERÃO COMPRAR<br/>A MANSÃO CELESTE <br/>EM QUE TU VAIS MORAR.</lines>
    </verse>
    <verse name="v5">
      <lines>SEJA TEU CONFLITO <br/>FRACO OU FORTE CÁ,<br/>NÃO TE DESANIMES, <br/>DEUS POR CIMA ESTÁ;<br/>SEU DIVINO AUXÍLIO, <br/>MINORANDO O MAL,<br/>TE DARÁ CONSOLO<br/> E PAZ CELESTIAL.</lines>
    </verse>
  </lyrics>
</song>
