<?xml version='1.0' encoding='utf-8'?>
<song xmlns="http://openlyrics.info/namespace/2009/song" version="0.8" createdIn="OpenLP 1.9.9" modifiedIn="OpenLP 1.9.9" modifiedDate="2012-09-30T13:17:51">
  <properties>
    <titles>
      <title> CC 365 - FÉ PERSISTENTE</title>
    </titles>
    <authors>
      <author>CANTOR CRISTÃO</author>
    </authors>
  </properties>
  <lyrics>
    <verse name="v1">
      <lines>ALMEJO A FÉ QUE FORTE É<br/>DIANTE DO TERROR,<br/>QUE, CALMA, NÃO RECUARÁ<br/>DO MUNDO ATERRADOR.</lines>
    </verse>
    <verse name="v2">
      <lines>A FÉ QUE NÃO ME FAZ QUEIXAR<br/>NA DOR DA CORREÇÃO;<br/>MAS, QUANDO O FOGO MAIS ARDER,<br/>MAIS FIRMA O CORAÇÃO.</lines>
    </verse>
    <verse name="v3">
      <lines>A FÉ QUE SEMPRE BRILHA MAIS<br/>NO NEGRO FURACÃO;<br/>QUE NO PERIGO SENTE PAZ,<br/>AUDAZ NA ESCURIDÃO.</lines>
    </verse>
    <verse name="v4">
      <lines>Ó DEUS, ME DÁ TAMANHA FÉ,<br/>QUE, VENHA O QUE VIER<br/>AQUI NA LIDE PROVAREI<br/>CELESTIAL PRAZER.</lines>
    </verse>
  </lyrics>
</song>
