<?xml version='1.0' encoding='utf-8'?>
<song xmlns="http://openlyrics.info/namespace/2009/song" version="0.8" createdIn="OpenLP 1.9.9" modifiedIn="OpenLP 1.9.9" modifiedDate="2012-09-30T13:17:50">
  <properties>
    <titles>
      <title> CC 357 - GUIA-ME</title>
    </titles>
    <authors>
      <author>CANTOR CRISTÃO</author>
    </authors>
  </properties>
  <lyrics>
    <verse name="v1">
      <lines>GUIA-ME, MEU SALVADOR;<br/>SEMPRE ME CONDUZ, SENHOR;<br/>CERTO, FIRME E FORTE ESTOU,<br/>POIS CONTIGO ANDANDO VOU.</lines>
    </verse>
    <verse name="v2">
      <lines>GUIA, GUIA,<br/>   SEMPRE GUIA, SALVADOR;<br/>   COM TERNURA, COM AMOR,<br/>   GUIA-ME, MEU REDENTOR.</lines>
    </verse>
    <verse name="v3">
      <lines>CONFIANDO SEMPRE EM TI,<br/>BOM AUXÍLIO CONSEGUI;<br/>OH, DIRIGE-ME, SENHOR,<br/>NESTE MUNDO ENGANADOR!</lines>
    </verse>
    <verse name="v4">
      <lines>TU ME GUIARÁS A MIM,<br/>TÉ CHEGAR DA VIDA O FIM,<br/>PARA A TERRA DO FULGOR,<br/>NA PRESENÇA DO SENHOR.</lines>
    </verse>
  </lyrics>
</song>
