<?xml version='1.0' encoding='utf-8'?>
<song xmlns="http://openlyrics.info/namespace/2009/song" version="0.8" createdIn="OpenLP 1.9.9" modifiedIn="OpenLP 1.9.9" modifiedDate="2012-09-30T13:17:53">
  <properties>
    <titles>
      <title> CC 379 - LAÇOS BENDITOS</title>
    </titles>
    <authors>
      <author>CANTOR CRISTÃO</author>
    </authors>
  </properties>
  <lyrics>
    <verse name="v1">
      <lines>BENDITOS LAÇOS SÃO<br/>OS DO FRATERNO AMOR,<br/>QUE NESTA SANTA COMUNHÃO<br/>NOS UNEM AO SENHOR.</lines>
    </verse>
    <verse name="v2">
      <lines>AO MESMO TRONO VÃO<br/>AS NOSSAS PETIÇÕES;<br/>É MÚTUO O GOZO, OU A AFLIÇÃO<br/>DOS NOSSOS CORAÇÕES.</lines>
    </verse>
    <verse name="v3">
      <lines>AQUI TUDO É COMUM,<br/>O RIR E O PRANTEAR;<br/>EM CRISTO SOMOS TODOS UM,<br/>NO GOZO E NO LIDAR.</lines>
    </verse>
    <verse name="v4">
      <lines>SE DESTA SANTA UNIÃO<br/>NOS VAMOS SEPARAR,<br/>NO CÉU ETERNA COMUNHÃO<br/>HAVEMOS DE GOZAR.</lines>
    </verse>
  </lyrics>
</song>
