<?xml version='1.0' encoding='utf-8'?>
<song xmlns="http://openlyrics.info/namespace/2009/song" version="0.8" createdIn="OpenLP 1.9.9" modifiedIn="OpenLP 1.9.9" modifiedDate="2012-09-30T13:17:43">
  <properties>
    <titles>
      <title> CC 305 - CONSAGRAR TUDO</title>
    </titles>
    <authors>
      <author>CANTOR CRISTÃO</author>
    </authors>
  </properties>
  <lyrics>
    <verse name="v1">
      <lines>TEU DIVINAL AMOR VEIO ME BUSCAR;<br/>TUDO COM GRATIDÃO QUERO CONSAGRAR.<br/>ACEITA, MEU SENHOR, DE UM GRATO PECADOR<br/>TRIBUTO DE LOUVOR, DADO COM FERVOR.</lines>
    </verse>
    <verse name="v2">
      <lines>ATENDE, MEU JESUS, ESSA PETIÇÃO;<br/>TÃO DÉBIL SOU, E MAU É MEU CORAÇÃO.<br/>TEU NOME A EXALTAR, A NOVA A PUBLICAR,<br/>TEU REINO A DILATAR, VEM-ME HABILITAR.</lines>
    </verse>
    <verse name="v3">
      <lines>OH, DÁ-ME MAIS PAIXÃO DE UM AMOR REAL,<br/>PRA TE SERVIR E SER MUITO MAIS LEAL!<br/>AS ALMAS A GANHAR, SEMPRE NA LUZ A ANDAR,<br/>E OS FILHOS TEUS A AMAR, VEM-ME HABILITAR.</lines>
    </verse>
    <verse name="v4">
      <lines>TUDO O QUE SOU, SENHOR, EU TE VOTAREI;<br/>DO MUNDO VIL E MAU NUNCA MAIS SEREI;<br/>TEU ROSTO QUANDO VIR, AMOR NO CÉU LUZIR,<br/>A GLÓRIA DO PORVIR VOU ENFIM FRUIR.</lines>
    </verse>
  </lyrics>
</song>
