<?xml version='1.0' encoding='utf-8'?>
<song xmlns="http://openlyrics.info/namespace/2009/song" version="0.8" createdIn="OpenLP 1.9.9" modifiedIn="OpenLP 1.9.9" modifiedDate="2012-09-30T13:17:47">
  <properties>
    <titles>
      <title> CC 325 - NAUFRÁGIO</title>
    </titles>
    <authors>
      <author>CANTOR CRISTÃO</author>
    </authors>
  </properties>
  <lyrics>
    <verse name="v1">
      <lines>UMA BARCA NAUFRAGANDO,<br/>QUEM A VALERÁ?<br/>AFUNDANDO ESTÁ NO ABISMO,<br/>QUEM A SALVARÁ?</lines>
    </verse>
    <verse name="v2">
      <lines>JÁ DESFALECEU O NAUTA,<br/>VÊ-SE A PERECER,<br/>E SUPLICA MUITO ANSIOSO:<br/>""""VENHAM ME VALER!""""</lines>
    </verse>
    <verse name="v3">
      <lines>É REVOLTO O MAR DA VIDA<br/>PARA O VIAJOR;<br/>AO CLAMAR, PORÉM, SOCORRE-O<br/>CRISTO, O SALVADOR.</lines>
    </verse>
    <verse name="v4">
      <lines>ENFRENTANDO A NEGRA MORTE,<br/>CHEIO DE PAVOR,<br/>FOI QUE CRISTO QUIS SALVAR-TE,<br/>POBRE PECADOR.</lines>
    </verse>
    <verse name="v5">
      <lines>NAUFRAGANTE, ESCUTA<br/>   TEU BOM SALVADOR:<br/>   """"EIS-ME PRONTO PRA SALVAR-TE;<br/>   CONFIA, E DEIXA TEU TEMOR.""""</lines>
    </verse>
  </lyrics>
</song>
