<?xml version='1.0' encoding='utf-8'?>
<song xmlns="http://openlyrics.info/namespace/2009/song" version="0.8" createdIn="OpenLP 1.9.9" modifiedIn="OpenLP 1.9.9" modifiedDate="2012-09-30T13:17:44">
  <properties>
    <titles>
      <title> CC 315 - MEU CLAMOR</title>
    </titles>
    <authors>
      <author>CANTOR CRISTÃO</author>
    </authors>
  </properties>
  <lyrics>
    <verse name="v1">
      <lines>NESTE MUNDO, MAR PROFUNDO,<br/>NÃO ME DEIXES PERECER;<br/>SÊ COMIGO, BOM AMIGO,<br/>Ó JESUS, ETERNO SER!<br/>DESTA VIDA MINHA IDA<br/>POUCO TARDARÁ A CHEGAR;<br/>E, ENTRETANTO, CRISTO SANTO,<br/>GUARDA-ME PRA NÃO PECAR.</lines>
    </verse>
    <verse name="v2">
      <lines>DEUS CLEMENTE, ONIPOTENTE,<br/>LIVRA-ME DA PERDIÇÃO,<br/>E QUE GOZE ETERNAMENTE<br/>DA CELESTE HABITAÇÃO;<br/>QUE MINHA ALMA EM DOCE CALMA,<br/>FRUA TEU IMENSO AMOR;<br/>E, EXALTANDO-TE, LOUVANDO,<br/>VIVA SEMPRE, REDENTOR.</lines>
    </verse>
    <verse name="v3">
      <lines>MEU JESUS, Ó MEU BOM MESTRE,<br/>SÊ MEU GUIA E PROTETOR;<br/>NESTA VIDA, TRISTE LIDA,<br/>DÁ AMPARO AO PECADOR!<br/>HUMILHADO, CONSTERNADO,<br/>TE DIRIJO O MEU CLAMOR;<br/>EM TORMENTOS, MEUS LAMENTOS<br/>OH, ESCUTA BOM SENHOR!</lines>
    </verse>
  </lyrics>
</song>
