<?xml version='1.0' encoding='utf-8'?>
<song xmlns="http://openlyrics.info/namespace/2009/song" version="0.8" createdIn="OpenLP 1.9.9" modifiedIn="OpenLP 1.9.9" modifiedDate="2012-09-30T13:17:50">
  <properties>
    <titles>
      <title> CC 350 - QUERO O SALVADOR</title>
    </titles>
    <authors>
      <author>CANTOR CRISTÃO</author>
    </authors>
  </properties>
  <lyrics>
    <verse name="v1">
      <lines>QUERO O SALVADOR COMIGO;<br/>SÓ COM ELE EU POSSO ANDAR;<br/>QUERO CONHECÊ-LO PERTO,<br/>NO SEU BRAÇO DESCANÇAR.</lines>
    </verse>
    <verse name="v2">
      <lines>QUERO O SALVADOR COMIGO,<br/>POIS TÃO FRACA É MINHA FÉ;<br/>SUA VOZ ME DÁ CONFORTO,<br/>QUANDO ME VACILA O PÉ.</lines>
    </verse>
    <verse name="v3">
      <lines>QUERO O SALVADOR COMIGO,<br/>DIA A DIA EM MEU VIVER,<br/>NA TRISTEZA, NO TRABALHO,<br/>NO CONFLITO E NO PRAZER.</lines>
    </verse>
    <verse name="v4">
      <lines>QUERO O SALVADOR COMIGO,<br/>SÁBIO GUIA E BOM PASTOR,<br/>TÉ PASSAR ALÉM DA MORTE,<br/>LONGE DO PERIGO E DOR.</lines>
    </verse>
    <verse name="v5">
      <lines>CONFIADO NO SENHOR,<br/>   CONSOLADO EM SEU AMOR,<br/>   SEGUIREI NO MEU CAMINHO,<br/>   SEM TRISTEZA E SEM TEMOR.</lines>
    </verse>
  </lyrics>
</song>
