<?xml version='1.0' encoding='utf-8'?>
<song xmlns="http://openlyrics.info/namespace/2009/song" version="0.8" createdIn="OpenLP 1.9.9" modifiedIn="OpenLP 1.9.9" modifiedDate="2012-09-30T13:17:50">
  <properties>
    <titles>
      <title> CC 352 - SEGUINDO A CRISTO</title>
    </titles>
    <authors>
      <author>CANTOR CRISTÃO</author>
    </authors>
  </properties>
  <lyrics>
    <verse name="v1">
      <lines>SEMPRE, SEMPRE SEGUIREI A CRISTO;<br/>SEJA POR ONDE FOR, EU O SEGUIREI.<br/>SEMPRE, SEMPRE SEGUIREI A CRISTO;<br/>SEJA, POIS, POR ONDE FOR EU SEGUIREI.</lines>
    </verse>
  </lyrics>
</song>
