<?xml version='1.0' encoding='utf-8'?>
<song xmlns="http://openlyrics.info/namespace/2009/song" version="0.8" createdIn="OpenLP 1.9.9" modifiedIn="OpenLP 1.9.9" modifiedDate="2012-09-30T13:17:55">
  <properties>
    <titles>
      <title> CC 399 - CANTAREI DE CRISTO</title>
    </titles>
    <authors>
      <author>CANTOR CRISTÃO</author>
    </authors>
  </properties>
  <lyrics>
    <verse name="v1">
      <lines>CANTAREI DE JESUS CRISTO,<br/>QUE SOFREU PRA ME SALVAR;<br/>ELE SOBRE A CRUZ FOI MORTO<br/>PRA DA PENA ME LIVRAR.</lines>
    </verse>
    <verse name="v2">
      <lines>CANTAREI DE JESUS CRISTO,<br/>SUA GRAÇA EXALTAREI;<br/>ENCONTROU-ME MUITO AFLITO,<br/>E DESCANSO NELE ACHEI.</lines>
    </verse>
    <verse name="v3">
      <lines>CANTAREI QUE JESUS CRISTO<br/>   COM AMOR ME RESGATOU;<br/>   ELE SOBRE A CRUZ FOI MORTO;<br/>   MEUS PECADOS APAGOU.</lines>
    </verse>
    <verse name="v4">
      <lines>CANTAREI DE SUA GRAÇA<br/>QUE REBELDE ME ENCONTROU;<br/>COM AMOR E PIEDADE<br/>ELE ME REGENEROU.</lines>
    </verse>
    <verse name="v5">
      <lines>CANTAREI NO CÉU A CRISTO,<br/>BENDIREI SEU GRANDE AMOR;<br/>HUMILHOU-SE PRA SALVAR-ME;<br/>LOUVAREI COM ZELO E ARDOR.</lines>
    </verse>
  </lyrics>
</song>
