<?xml version='1.0' encoding='utf-8'?>
<song xmlns="http://openlyrics.info/namespace/2009/song" version="0.8" createdIn="OpenLP 1.9.9" modifiedIn="OpenLP 1.9.9" modifiedDate="2012-09-30T13:17:48">
  <properties>
    <titles>
      <title> CC 337 - NADA DE DESÂNIMO</title>
    </titles>
    <authors>
      <author>CANTOR CRISTÃO</author>
    </authors>
  </properties>
  <lyrics>
    <verse name="v1">
      <lines>QUERES DESANIMAR-TE?<br/>JÁ NÃO TENS TEU FERVOR?<br/>DE CORAÇÃO PESADO,<br/>NÃO CRÊS EM TEU SENHOR?<br/>POIS CRISTO É TEU AMIGO,<br/>TEU GUIA E PROTETOR;<br/>DE TUDO QUE CERECES<br/>TE SUPRE SEU FAVOR.</lines>
    </verse>
    <verse name="v2">
      <lines>EXULTA, Ó CRENTE, EXULTA!<br/>   AO SALVADOR BENDIZ!<br/>   POR ELE PROTEGIDO,<br/>   ÉS LIVRE E ÉS FELIZ.</lines>
    </verse>
    <verse name="v3">
      <lines>SENDO, PORÉM, TENTADO,<br/>PRESTES A SUCUMBIR,<br/>TURVO O TEU HORIZONTE,<br/>MUI FEIO O TEU PORVIR,<br/>PROCURA JÁ CHEGAR-TE<br/>BEM JUNTO AO SALVADOR,<br/>POIS TUDO TE GARANTE<br/>TEU GUIA E PROTETOR.</lines>
    </verse>
    <verse name="v4">
      <lines>""""NUNCA SE TURBE, Ó CRENTE,<br/>TEU TRISTE CORAÇÃO!""""<br/>EIS COM TERNURA EXCLAMA<br/>QUEM TE DEU SALVAÇÃO:<br/>""""CONFIA EM MIM SOMENTE,<br/>SOMENTE EM MEU PODER;<br/>E NAS MANSÕES ETERNAS<br/>COMIGO IRÁS VIVER.""""</lines>
    </verse>
  </lyrics>
</song>
