<?xml version='1.0' encoding='utf-8'?>
<song xmlns="http://openlyrics.info/namespace/2009/song" version="0.8" createdIn="OpenLP 1.9.9" modifiedIn="OpenLP 1.9.9" modifiedDate="2012-09-30T13:17:52">
  <properties>
    <titles>
      <title> CC 374 - SALVO</title>
    </titles>
    <verseOrder>v1 v2 v3 v2 v4 v2</verseOrder>
    <authors>
      <author>CANTOR CRISTÃO</author>
    </authors>
  </properties>
  <lyrics>
    <verse name="v1">
      <lines>SALVO POR JESUS CRISTO,<br/>TENHO PERFEITA PAZ;<br/>A COMUNHÃO COM ELE<br/>TODA AFLIÇÃO DESFAZ.<br/>ELE ME DEU CERTEZA<br/>DA MINHA SALVAÇÃO;<br/>QUE DE INEFÁVEL GOZO<br/>ENCHE MEU CORAÇÃO!</lines>
    </verse>
    <verse name="v2">
      <lines>SALVO POR JESUS CRISTO,<br/>TENHO PERFEITA PAZ;<br/>A COMUNHÃO COM ELE<br/>TODA AFLIÇÃO DESFAZ.</lines>
    </verse>
    <verse name="v3">
      <lines>CRISTO É A MINHA VIDA,<br/>FONTE DE DOCE AMOR;<br/>ELE ME TIRA A MÁGOA,<br/>TODO O PESAR E A DOR.<br/>E SE SOFRER A PROVA,<br/>MUI FÁCIL ME SERÁ,<br/>QUANDO VERTER O PRANTO,<br/>LOGO ELE O ENXUGARÁ.</lines>
    </verse>
    <verse name="v4">
      <lines>E PASSAREI A NOITE<br/>COM ELE, SEM TEMOR,<br/>TÉ QUE AMANHEÇA O DIA<br/>DE PERENAL FULGOR.<br/>MAGNIFICIENTE E SANTO<br/>VÊ-LO-EI A ME FITAR,<br/>E NA MANSÃO DE GLÓRIA<br/>VOU COM JESUS REINAR!</lines>
    </verse>
  </lyrics>
</song>
