<?xml version='1.0' encoding='utf-8'?>
<song xmlns="http://openlyrics.info/namespace/2009/song" version="0.8" createdIn="OpenLP 1.9.9" modifiedIn="OpenLP 1.9.9" modifiedDate="2012-09-30T13:17:50">
  <properties>
    <titles>
      <title> CC 354 - CADA MOMENTO</title>
    </titles>
    <authors>
      <author>CANTOR CRISTÃO</author>
    </authors>
  </properties>
  <lyrics>
    <verse name="v1">
      <lines>SENDO REMIDO POR CRISTO NA CRUZ,<br/>VIVO GOZANDO NO REINO DA LUZ;<br/>CHEIO DA GRAÇA QUE VEM DE JESUS,<br/>CADA MOMENTO O SENHOR ME CONDUZ.</lines>
    </verse>
    <verse name="v2">
      <lines>CADA MOMENTO ME GUIA O SENHOR,<br/>   CADA MOMENTO DISPENSA FAVOR,<br/>   SUA PRESENÇA ME OUTORGA VIGOR,<br/>   CADA MOMENTO SOU TEU, Ó SENHOR!</lines>
    </verse>
    <verse name="v3">
      <lines>JUNTO COM CRISTO NA LUTA MORAL,<br/>O ERRO COMBATO, OS PECADOS E O MAL,<br/>ERGO BEM ALTO A BANDEIRA REAL,<br/>CADA MOMENTO MAIS FIRME E LEAL.</lines>
    </verse>
    <verse name="v4">
      <lines>SALVO POR CRISTO DA VIL PERDIÇÃO,<br/>POSSO SENTIR QUE ELE DÁ PROTEÇÃO;<br/>NUNCA OS CONTRITOS O BUSCAM EM VÃO,<br/>CADA MOMENTO CONCEDE PERDÃO.</lines>
    </verse>
    <verse name="v5">
      <lines>NAS MINHAS LUTAS ME PODE AMPARAR,<br/>E DO MALIGNO TAMBÉM ME LIVRAR;<br/>CADA MOMENTO POR ONDE EU ANDAR,<br/>CRISTO, MEU MESTRE, ME PODE GUARDAR.</lines>
    </verse>
  </lyrics>
</song>
