<?xml version='1.0' encoding='utf-8'?>
<song xmlns="http://openlyrics.info/namespace/2009/song" version="0.8" createdIn="OpenLP 1.9.9" modifiedIn="OpenLP 1.9.9" modifiedDate="2013-02-03T12:55:27">
  <properties>
    <titles>
      <title> CC 349 - RICA PROMESSAe1</title>
    </titles>
    <verseOrder>v1 v2 v3 v2 v4 v2 v5 v2</verseOrder>
    <authors>
      <author>CANTOR CRISTÃO</author>
    </authors>
  </properties>
  <lyrics>
    <verse name="v1">
      <lines>OH. COMO É GRANDE E DOCE A PROMESSA<br/>DO SALVADOR, JESUS, NOSSO REI!<br/>AO QUE CONFIA NA SUA GRAÇA<br/>ELE DIZ: """"NUNCA TE DEIXAREI.""""</lines>
    </verse>
    <verse name="v2">
      <lines>OH, NÃO TEMAS, OH, NÃO TEMAS,<br/>   POIS EU CONTIGO SEMPRE SEREI!<br/>   OH, NÃO TEMAS, OH, NÃO TEMAS,<br/>   POIS EU NUNCA TE DEIXAREI!</lines>
    </verse>
    <verse name="v3">
      <lines>EU SOU TEU DEUS E, PARA LIVRAR-TE,<br/>SEMPRE CONTIGO EU ESTAREI;<br/>NÃO TEMAS, POIS, PORQUE BEM SEGURO<br/>EU PELA MÃO TE CONDUZIREI</lines>
    </verse>
    <verse name="v4">
      <lines>PARA REMIR-TE DEI O MEU SANGUE,<br/>PELO TEU NOME EU TE CHAMEI;<br/>MEU PARA SEMPRE TU ÉS AGORA;<br/>CRÊ, POIS, QUE NUNCA TE DEIXAREI.</lines>
    </verse>
    <verse name="v5">
      <lines>ERAS INDIGNO, MAS ESCOLHI-TE;<br/>NÃO TEMAS, POIS EU MUITO TE AMEI;<br/>QUEM DO MEU BRAÇOS  PODE ARRANCAR-TE?<br/>SEMPRE SEGURO TE GUARDAREI.</lines>
    </verse>
  </lyrics>
</song>
