<?xml version='1.0' encoding='utf-8'?>
<song xmlns="http://openlyrics.info/namespace/2009/song" version="0.8" createdIn="OpenLP 1.9.9" modifiedIn="OpenLP 1.9.9" modifiedDate="2012-09-30T13:17:51">
  <properties>
    <titles>
      <title> CC 360 - COMPANHEIRO</title>
    </titles>
    <authors>
      <author>CANTOR CRISTÃO</author>
    </authors>
  </properties>
  <lyrics>
    <verse name="v1">
      <lines>DE TEU CUIDADO TERNO<br/>ME CERCA, Ó SALVADOR;<br/>PORQUE SE TU AO LONGE ESTÁS<br/>EU FICO SEM VIGOR!<br/>AO PÉ DE TI DESEJO,<br/>MEU DEUS, MEU PAI, VIVER,<br/>E TUA FORTE MÃO SENTIR<br/>A MINHA MÃO SUSTER.</lines>
    </verse>
    <verse name="v2">
      <lines>TU ÉS O MEU AMPARO,<br/>MEU GUIA E PROTETOR;<br/>A GRAÇA, A PAZ, RESIDE EM TI,<br/>EM TI RESIDE O AMOR.<br/>NO AUGE DA VENTURA<br/>OU DAS TRIBULAÇÕES,<br/>TEU SANTO NOME BENDIREI,<br/>Ó LUZ DOS CORAÇÕES!</lines>
    </verse>
    <verse name="v3">
      <lines>SEM TI, JESUS BENIGNO,<br/>DE QUE ME SERVE ANDAR<br/>NUM CHÃO FLORIDO, OU SOBRE MIM<br/>O BELO SOL BRILHAR?<br/>SEM TI É SEMPRE NOITE,<br/>SENHOR, É AFRONTAR,<br/>EM FRÁGIL NAU, OU NUM BATEL,<br/>ENCAPELADO MAR.</lines>
    </verse>
    <verse name="v4">
      <lines>SÓ TU DA MORTE AS SOMBRAS<br/>PODER TENS DE AFASTAR,<br/>E AS PORTAS DA MANSÃO FELIZ<br/>ABRIR DE PAR EM PAR.<br/>A TI, NAQUELE DIA,<br/>NO DIA SEM IGUAL,<br/>COM OS REMIDOS CANTAREI<br/>O HINO TRIUNFAL.</lines>
    </verse>
  </lyrics>
</song>
