<?xml version='1.0' encoding='utf-8'?>
<song xmlns="http://openlyrics.info/namespace/2009/song" version="0.8" createdIn="OpenLP 1.9.9" modifiedIn="OpenLP 1.9.9" modifiedDate="2012-09-30T13:17:54">
  <properties>
    <titles>
      <title> CC 395 - CRISTO SATISFAZ</title>
    </titles>
    <authors>
      <author>CANTOR CRISTÃO</author>
    </authors>
  </properties>
  <lyrics>
    <verse name="v1">
      <lines>RIQUEZAS NÃO PRECISO TER,<br/>MAS, SIM, CELESTE BEM;<br/>NEM FALSA PAZ OU VÃO PRAZER,<br/>PORQUANTO O CRENTE TEM<br/>ETERNO GOZO NO SENHOR,<br/>POR DESFRUTAR O SEU AMOR.</lines>
    </verse>
    <verse name="v2">
      <lines>COM CRISTO ESTOU CONTENTE,<br/>   ELE ME SATISFAZ;<br/>   COM ESSE AMOR DO SALVADOR,<br/>   AGORA ESTOU CONTENTE.</lines>
    </verse>
    <verse name="v3">
      <lines>DO MUNDO AS HONRAS PARA MIM<br/>PERDERAM SEU VALOR;<br/>JÁ TENHO A PAZ DIVINA, ENFIM,<br/>SERVINDO AO MEU SENHOR,<br/>TEREI MEU GOZO PRINCIPAL<br/>AO VÊ-LO EM GLÓRIA TRIUNFAL.</lines>
    </verse>
    <verse name="v4">
      <lines>ATÉ QUE ESTEJA LÁ NO CÉU,<br/>AONDE CRISTO ENTROU,<br/>E VEJA A FACE JÁ SEM VÉU<br/>DE QUEM ME RESGATOU,<br/>DESEJO SÓ AQUI VIVER<br/>DE UM MODO QUE LHE DÊ PRAZER.</lines>
    </verse>
  </lyrics>
</song>
