<?xml version='1.0' encoding='utf-8'?>
<song xmlns="http://openlyrics.info/namespace/2009/song" version="0.8" createdIn="OpenLP 1.9.9" modifiedIn="OpenLP 1.9.9" modifiedDate="2013-04-10T22:51:47">
  <properties>
    <titles>
      <title> CC 324 - REFÚGIO VERDADEIRO</title>
    </titles>
    <verseOrder>v1 v2 v3 v2 v4 v2</verseOrder>
    <authors>
      <author>CANTOR CRISTÃO</author>
    </authors>
  </properties>
  <lyrics>
    <verse name="v1">
      <lines>SEGURO ESTOU, NÃO TENHO TEMOR DO MAL;<br/>SIM, GUARDADO PELA FÉ EM MEU JESUS,<br/>NÃO POSSO DUVIDAR DESSE AMOR LEAL;<br/>ELE EM MEU CAMINHO SEMPRE ME CONDUZ.<br/>NÃO ME DEIXARÁ, MAS ME ABRIGARÁ,<br/>DO PECADO VIL ME VEM LIVRAR.<br/>A SUA GRAÇA NÃO ME RECUSARÁ;<br/>SIM JESUS É QUEM ME PODE SUSTENTAR.</lines>
    </verse>
    <verse name="v2">
      <lines>NO PODER DE CRISTO, O MESTRE,<br/>   MINHA VIDA SALVA ESTÁ!<br/>   DO PERIGO QUE CERCÁ-LA<br/>   ELE PODERÁ LIVRÁ-LA;<br/>   SEU PODER ETERNO SEMPRE A SUSTERÁ.</lines>
    </verse>
    <verse name="v3">
      <lines>ABRIGO ETERNO TENHO NO SALVADOR;<br/>ELE ESCONDE A MINHA VIDA EM SEU PODER;<br/>EU RECEAR NÃO POSSO DO MALFEITOR<br/>QUE PROCURA PERTINAZ ME ENFRAQUECER.<br/>CONFIANDO, ENTÃO, NESSA PROTEÇÃO,<br/>SIGO A CRISTO E QUERO SER FIEL<br/>NA MINHA VIDA, CHEIO DE GRATIDÃO,<br/>SIM, A MEU SENHOR E REI EMANUEL.</lines>
    </verse>
    <verse name="v4">
      <lines>PERIGO ALGUM ME PODE CAUSAR TEMOR,<br/>POIS MEU SALVADOR NÃO ME ABANDONARÁ;<br/>COM SUA PROTEÇÃO E COM SEU AMOR,<br/>DIRIGINDO A MINHA VIDA ELE ESTARÁ.<br/>NUNCA O DEIXAREI, MAS FIEL SEREI,<br/>SEMPRE FIRME, CHEIO DE FERVOR;<br/>A CRISTO, REDENTOR, MEU SENHOR E REI,<br/>EU ME ENTREGAREI, FIRMADO EM SEU AMOR.</lines>
    </verse>
  </lyrics>
</song>
