<?xml version='1.0' encoding='utf-8'?>
<song xmlns="http://openlyrics.info/namespace/2009/song" version="0.8" createdIn="OpenLP 1.9.9" modifiedIn="OpenLP 1.9.9" modifiedDate="2012-09-30T13:17:54">
  <properties>
    <titles>
      <title> CC 394 - REALIDADE</title>
    </titles>
    <authors>
      <author>CANTOR CRISTÃO</author>
    </authors>
  </properties>
  <lyrics>
    <verse name="v1">
      <lines>OUVI O SALVADOR DIZER:<br/>""""VEM DESCANSAR EM MIM,<br/>E NOS MEUS BRAÇOS PODES TER<br/>CONSOLAÇÃO SEM FIM.""""<br/>ENTÃO EU VIM E LHE ENTREGUEI<br/>MEU TRISTE CORAÇÃO;<br/>ABRIGO, PAZ E GOZO ACHEI,<br/>ACHEI CONSOLAÇÃO.</lines>
    </verse>
    <verse name="v2">
      <lines>OUVI O SALVADOR DIZER:<br/>""""DE GRAÇA EU SEMPRE DOU<br/>AS ÁGUAS VIVAS.  VEM BEBER:<br/>DA VIDA A FONTE EU SOU.""""<br/>VIM A JESUS E ME PROSTREI<br/>ÀS ÁGUAS E BEBI;<br/>JAMAIS A SEDE SENTIREI,<br/>ESTANDO SEMPRE AQUI.</lines>
    </verse>
    <verse name="v3">
      <lines>OUVI O SALVADOR DIZER:<br/>""""A LUZ DO MUNDO SOU;<br/>OH, VINDE A MIM!  A QUEM VIER<br/>A LUZ DA VIDA DOU.""""<br/>VIM A JESUS E NELE ACHEI<br/>O SOL QUE BRILHA EM MIM;<br/>E NESSA LUZ EU ANDAREI<br/>ATÉ DA VIDA O FIM.</lines>
    </verse>
  </lyrics>
</song>
