<?xml version='1.0' encoding='utf-8'?>
<song xmlns="http://openlyrics.info/namespace/2009/song" version="0.8" createdIn="OpenLP 1.9.9" modifiedIn="OpenLP 1.9.9" modifiedDate="2013-07-28T13:41:18">
  <properties>
    <titles>
      <title> CC 366 - FIRMEZA</title>
    </titles>
    <verseOrder>v1 v5 v2 v5 v3 v5 v4 v5</verseOrder>
    <authors>
      <author>CANTOR CRISTÃO</author>
    </authors>
  </properties>
  <lyrics>
    <verse name="v1">
      <lines>EM NADA PONHO A MINHA FÉ,<br/>SENÃO NA GRAÇA DE JESUS;<br/>NO SACRIFÍCIO REMIDOR,<br/>NO SANGUE DO BOM REDENTOR.</lines>
    </verse>
    <verse name="v2">
      <lines>SE LHE NÃO POSSO A FACE VER,<br/>NA SUA GRAÇA VOU VIVER;<br/>EM CADA TRANSE, SEM FALHAR,<br/>SEMPRE HEI DE NELE CONFIAR.</lines>
    </verse>
    <verse name="v3">
      <lines>SEU JURAMENTO E MUI LEAL,<br/>ABRIGA-ME NO TEMPORAL;<br/>AO VIR CERCAR-ME A TENTAÇÃO,<br/>É CRISTO A MINHA SALVAÇÃO.</lines>
    </verse>
    <verse name="v4">
      <lines>ASSIM QUE O SEU CLARIM SOAR,<br/>IREI COM ELE ME ENCONTRAR;<br/>E GOZAREI DA REDENÇÃO<br/>COM TODOS QUE NO CÉU ESTÃO.</lines>
    </verse>
    <verse name="v5">
      <lines>A MINHA FÉ E O MEU AMOR<br/>   ESTÃO FIRMADOS NO SENHOR,<br/>   ESTÃO FIRMADOS NO SENHOR.</lines>
    </verse>
  </lyrics>
</song>
