<?xml version='1.0' encoding='utf-8'?>
<song xmlns="http://openlyrics.info/namespace/2009/song" version="0.8" createdIn="OpenLP 1.9.9" modifiedIn="OpenLP 1.9.9" modifiedDate="2012-09-30T13:17:45">
  <properties>
    <titles>
      <title> CC 316 - DEUS É POR MIM</title>
    </titles>
    <authors>
      <author>CANTOR CRISTÃO</author>
    </authors>
  </properties>
  <lyrics>
    <verse name="v1">
      <lines>É DEUS POR MIM; NÃO TEMO<br/>O MUNDO E SEU FUROR;<br/>MINHA ALMA ESTÁ SEGURA,<br/>NA GRAÇA DO SENHOR.<br/>SOU PELO REI AMADO,<br/>O MEU AMIGO É DEUS.<br/>E RAIVEM INIMIGOS,<br/>VALIDO SOU DOS CÉUS.</lines>
    </verse>
    <verse name="v2">
      <lines>FIRMADO NA ESPERANÇA<br/>DO SALVADOR JESUS,<br/>POR ELE ASSEGURADO,<br/>JAMAIS ME FALTA LUZ;<br/>NELE É QUE ME GLORIO,<br/>EU, TRISTE PECADOR;<br/>SEU SANGUE MUI PRECIOSO<br/>TEM DIVINAL VALOR.</lines>
    </verse>
    <verse name="v3">
      <lines>SE DEUS ME JUSTIFICA,<br/>QUEM ME CONDENARÁ?<br/>DO GRANDE AMOR DE CRISTO<br/>NINGUÉM ME APARTARÁ;<br/>A MORTE, A VIDA, OS HOMENS,<br/>TRISTEZA E TENTAÇÃO,<br/>EM VÃO PROCURAM TODOS<br/>ROMPER ESTA UNIÃO.</lines>
    </verse>
    <verse name="v4">
      <lines>CELESTE LUZ ME INUNDA<br/>DE PAZ E SALVAÇÃO;<br/>DE SANTO REGOZIJO<br/>ME PULSA O CORAÇÃO;<br/>O SOL QUE ME ILUMINA<br/>É CRISTO, O MEU SENHOR;<br/>O GOZO QUE ME ALEGRA<br/>É SEU CONSTANTE AMOR.</lines>
    </verse>
    <verse name="v5">
      <lines>ALELUIA! ALELUIA!<br/>O MEU AMIGO É DEUS!<br/>ALELUIA! ALELUIA!<br/>VALIDO SOU DOS CÉUS!</lines>
    </verse>
  </lyrics>
</song>
