<?xml version='1.0' encoding='utf-8'?>
<song xmlns="http://openlyrics.info/namespace/2009/song" version="0.8" createdIn="OpenLP 1.9.9" modifiedIn="OpenLP 1.9.9" modifiedDate="2012-09-30T13:18:05">
  <properties>
    <titles>
      <title> CC 494 - ALÉM</title>
    </titles>
    <authors>
      <author>CANTOR CRISTÃO</author>
    </authors>
  </properties>
  <lyrics>
    <verse name="v1">
      <lines>UMA CIDADE MUI FELIZ EXISTE<br/>ALÉM DAS BRUMAS E DA CERRAÇÃO;<br/>SOMENTE AS ALMAS POR JESUS REMIDAS<br/>COM REGOZIJO ALI PENETRARÃO.</lines>
    </verse>
    <verse name="v2">
      <lines>DA NOSSA VISTA ALÉM, ALÉM<br/>   DO MUNDO E DOS GEMIDOS,<br/>   EIS A MORADA QUE DEUS TEM<br/>   PRA TODOS OS REMIDOS!</lines>
    </verse>
    <verse name="v3">
      <lines>HABITAÇÃO NO CÉU RECEBEREMOS,<br/>QUE PARA NÓS JESUS JÁ PREPAROU;<br/>LÁ, RESPLANDECE A LUZ, A GLÓRIA, A VIDA;<br/>LÁ, CANTAM HINOS A QUEM NOS SALVOU.</lines>
    </verse>
    <verse name="v4">
      <lines>DORIDAS ALMAS DE AFLIÇÕES TERRENAS,<br/>AO CÉU DE LUZ O VOSSO OLHAR ERGUEI;<br/>DEIXAI O MUNDO, QUE VOS TURBA A CALMA,<br/>E, ENFIM, AO LAR DO CÉU VOS RECOLHEI.</lines>
    </verse>
  </lyrics>
</song>
