<?xml version='1.0' encoding='utf-8'?>
<song xmlns="http://openlyrics.info/namespace/2009/song" version="0.8" createdIn="OpenLP 1.9.9" modifiedIn="OpenLP 1.9.9" modifiedDate="2012-09-30T13:18:01">
  <properties>
    <titles>
      <title> CC 462 - UNIDOS</title>
    </titles>
    <authors>
      <author>CANTOR CRISTÃO</author>
    </authors>
  </properties>
  <lyrics>
    <verse name="v1">
      <lines>IRMÃOS FIÉIS, UNI-VOS JÁ<br/>PRA TRABALHAR POR NOSSO DEUS,<br/>E COMBATER, COM TODO ARDOR,<br/>O REI DO MAL E OS SERVOS SEUS!</lines>
    </verse>
    <verse name="v2">
      <lines>UNIDOS VAMOS JÁ, POIS DEUS CONOSCO ESTÁ<br/>   EM COMBATER O MAL! VITÓRIA NOS DARÁ!<br/>   FIRMADOS NO SENHOR, LUTEMOS COM ARDOR,<br/>   SEGUINDO SEMPRE A CRISTO, O FORTE REDENTOR.</lines>
    </verse>
    <verse name="v3">
      <lines>VITÓRIA, POIS, COM CRISTO, O REI,<br/>OS SEUS FIÉIS ALCANÇARÃO;<br/>EM SEU PODER, OS GUIARÁ!<br/>AVANTE, POIS, EM UNIÃO!</lines>
    </verse>
    <verse name="v4">
      <lines>Ó SALVADOR, TEU REINO AQUI<br/>AJUDA-NOS A PROMOVER!<br/>DÁ-NOS FERVOR E INSPIRAÇÃO<br/>PRA EXECUTAR O TEU QUERER!</lines>
    </verse>
  </lyrics>
</song>
