<?xml version='1.0' encoding='utf-8'?>
<song xmlns="http://openlyrics.info/namespace/2009/song" version="0.8" createdIn="OpenLP 1.9.9" modifiedIn="OpenLP 1.9.9" modifiedDate="2012-09-30T13:18:02">
  <properties>
    <titles>
      <title> CC 466 - LUTAI POR CRISTO</title>
    </titles>
    <authors>
      <author>CANTOR CRISTÃO</author>
    </authors>
  </properties>
  <lyrics>
    <verse name="v1">
      <lines>LUTAI, IRMÃOS, POR CRISTO<br/>SOLDADOS, SOIS DA LUZ;<br/>ALÇAI SEU ESTANDARTE,<br/>LIDAI POR SUA CRUZ!<br/>VENCEI OS INIMIGOS,<br/>AS HOSTES DERROTAI;<br/>OH, SEDE DESTEMIDOS,<br/>À FRENTE CRISTO VAI!</lines>
    </verse>
    <verse name="v2">
      <lines>ESTAI BEM PREPARADOS,<br/>AO TOQUE DO CLARIM;<br/>SEGUI DE PERTO A CRISTO<br/>ATÉ DA LUTA O FIM!<br/>AS ARMAS EMPUNHANDO,<br/>COBERTOS DE VALOR,<br/>DISPOSTOS, BEM OUSADOS,<br/>MARCHAI, POIS, SEM TEMOR!</lines>
    </verse>
    <verse name="v3">
      <lines>OH, CONFIAI EM CRISTO,<br/>NA SUA PROTEÇÃO,<br/>POIS, CONFIANDO EM OUTRO,<br/>SÓ LUTAREIS EM VÃO!<br/>DA SANTA VESTIDURA<br/>DE DEUS VOS REVESTI;<br/>NA BRECHA, NO PERIGO,<br/>FIRMAI-VOS, RESISTI!</lines>
    </verse>
    <verse name="v4">
      <lines>A LUTA JÁ TRAVADA<br/>EM POUCO FINDARÁ,<br/>E O GRITO DA VITÓRIA<br/>BEM CEDO SOARÁ;<br/>ENTÃO A RECOMPENSA<br/>TERÁ O VENCEDOR,<br/>DAQUELE REI DA GLÓRIA,<br/>DO FORTE REDENTOR.</lines>
    </verse>
    <verse name="v5">
      <lines>MARCHAI, Ó CRENTES,<br/>   SOLDADOS DE JESUS!<br/>   ALÇAI SEU ESTANDARTE,<br/>   UNIDOS, LUTAI POR SUA CRUZ!</lines>
    </verse>
  </lyrics>
</song>
