<?xml version='1.0' encoding='utf-8'?>
<song xmlns="http://openlyrics.info/namespace/2009/song" version="0.8" createdIn="OpenLP 1.9.9" modifiedIn="OpenLP 1.9.9" modifiedDate="2012-09-30T13:17:57">
  <properties>
    <titles>
      <title> CC 419 - MÃOS AO TRABALHO</title>
    </titles>
    <authors>
      <author>CANTOR CRISTÃO</author>
    </authors>
  </properties>
  <lyrics>
    <verse name="v1">
      <lines>MÃOS AO TRABALHO, CRENTES,<br/>VAI JÁ PASSANDO O ALVOR;<br/>VAMOS, ENQUANTO TEMOS<br/>NOSSA VIDA EM FLOR!<br/>VAMOS, ENQUANTO É DIA,<br/>COM FORÇA TRABALHAR;<br/>EIA, QUE EM VINDO A NOITE,<br/>JÁ NÃO HÁ LIDAR.</lines>
    </verse>
    <verse name="v2">
      <lines>MÃOS AO TRABALHO, CRENTES,<br/>JÁ, IDE, ENQUANTO HÁ LUZ;<br/>EIA, QUE AGORA É TEMPO<br/>DE SERVIR JESUS!<br/>IDE O VIGOR DA VIDA<br/>TODOS AO BEM VOTAR;<br/>EIA, QUE EM VINDO A NOITE,<br/>JÁ NÃO HÁ LIDAR!</lines>
    </verse>
    <verse name="v3">
      <lines>MÃOS AO TRABALHO, CRENTES,<br/>BREVE NOS CHEGA O FIM;<br/>FIRMES, ENQUANTO A MORTE<br/>NÃO TOCAR CLARIM!<br/>VAMOS, IRMÃOS, À OBRA,<br/>POR CRISTO TRABALHAR;<br/>EIA, QUE EM VINDO A NOITE,<br/>VAMOS DESCANSAR.</lines>
    </verse>
  </lyrics>
</song>
