<?xml version='1.0' encoding='utf-8'?>
<song xmlns="http://openlyrics.info/namespace/2009/song" version="0.8" createdIn="OpenLP 1.9.9" modifiedIn="OpenLP 1.9.9" modifiedDate="2012-09-30T13:18:00">
  <properties>
    <titles>
      <title> CC 451 - OS QUE CONFIAM</title>
    </titles>
    <authors>
      <author>CANTOR CRISTÃO</author>
    </authors>
  </properties>
  <lyrics>
    <verse name="v1">
      <lines>CEIFEIROS DA SEARA SANTA<br/>SOIS POUCOS, DÉBEIS SOIS;<br/>PORÉM, É FORTE VOSSO MESTRE;<br/>AVANTE!  AVANTE, POIS!</lines>
    </verse>
    <verse name="v2">
      <lines>OS QUE CONFIAM NO SENHOR<br/>   OBTERÃO VIGOR,<br/>   FORÇAS NOVAS HÃO DE TER,<br/>   SUBIRÃO ATÉ AS ALTURAS,<br/>   ANDARÃO ALEGRES SEMPRE<br/>   CORRERÃO SEM SE CANSAR.     (BIS)<br/>   CORRERÃO E SEM FADIGA,<br/>   COMO ÁGUIAS VOARÃO.</lines>
    </verse>
    <verse name="v3">
      <lines>CANSADOS, TRISTES, SEM ALENTO,<br/>DEIXAI DE LAMENTAR;<br/>POR VÓS ESTÁ JESUS, O MESTRE;<br/>POR QUE DESANIMAR?</lines>
    </verse>
    <verse name="v4">
      <lines>JESUS ESTÁ CONOSCO SEMPRE<br/>NA LUTA CONTRA O MAL;<br/>CORAGEM, POIS, IRMÃOS, AVANTE<br/>NA OBRA SEM IGUAL!</lines>
    </verse>
  </lyrics>
</song>
