<?xml version='1.0' encoding='utf-8'?>
<song xmlns="http://openlyrics.info/namespace/2009/song" version="0.8" createdIn="OpenLP 1.9.9" modifiedIn="OpenLP 1.9.9" modifiedDate="2012-09-30T13:17:59">
  <properties>
    <titles>
      <title> CC 442 - O MISSIONÁRIO</title>
    </titles>
    <authors>
      <author>CANTOR CRISTÃO</author>
    </authors>
  </properties>
  <lyrics>
    <verse name="v1">
      <lines>DESDE UM A OUTRO PÓLO,<br/>DA CHINA AO PANAMÁ,<br/>E DO AFRICANO SOLO<br/>ATÉ AO CANADÁ,<br/>POR MUI LONGÍNQUAS TERRAS,<br/>NÓS VAMOS SEM PAVOR,<br/>POR VALES E POR SERRAS,<br/>PREGANDO O SALVADOR.</lines>
    </verse>
    <verse name="v2">
      <lines>DE DEUS AS MARAVILHAS,<br/>QUE VEMOS AO PASSAR<br/>POR TERRAS E POR ILHAS,<br/>E PELO ARGÊNTEO MAR,<br/>SÃO TANTAS, SÃO IMENSAS!<br/>MAS, CEGOS, OS PAGÃOS,<br/>PROFESSAM FALSAS CRENÇAS,<br/>ADORAM DEUSES VÃOS.</lines>
    </verse>
    <verse name="v3">
      <lines>MAS NÓS, QUE CONHECEMOS<br/>A FORTE LUZ DA FÉ,<br/>NAS TREVAS DEIXAREMOS<br/>AQUELE QUE NÃO CRÊ?<br/>SEM MAIS DEMORA VAMOS<br/>FALAR-LHE DO PERDÃO<br/>QUE POR JESUS GOZAMOS:<br/>A ETERNA SALVAÇÃO.</lines>
    </verse>
    <verse name="v4">
      <lines>SEU NOME PROCLAMANDO<br/>A TODA GERAÇÃO,<br/>IREMOS EXALTANDO<br/>DE CRISTO A SALVAÇÃO;<br/>QUE A ALMA DECIDIDA<br/>AO LADO DE JESUS<br/>TERÁ A ETERNA VIDA<br/>QUE PROMANOU DA CRUZ.</lines>
    </verse>
  </lyrics>
</song>
