<?xml version='1.0' encoding='utf-8'?>
<song xmlns="http://openlyrics.info/namespace/2009/song" version="0.8" createdIn="OpenLP 1.9.9" modifiedIn="OpenLP 1.9.9" modifiedDate="2012-09-30T13:18:05">
  <properties>
    <titles>
      <title> CC 496 - RIO DA VIDA</title>
    </titles>
    <authors>
      <author>CANTOR CRISTÃO</author>
    </authors>
  </properties>
  <lyrics>
    <verse name="v1">
      <lines>HÁ UM RIO CRISTALINO<br/>ONDE OS SANTOS VIVERÃO,<br/>NASCE NO DIVINO TRONO<br/>PARA GOZO DO CRISTÃO.</lines>
    </verse>
    <verse name="v2">
      <lines>ESSE GOZO NÓS TEREMOS,<br/>   POR JESUS, O BOM SENHOR;<br/>   PARA SEMPRE VIVEREMOS<br/>   COM O NOSSO REDENTOR.</lines>
    </verse>
    <verse name="v3">
      <lines>JUNTO ÀS MARGENS DESSE RIO<br/>OS REMIDOS ANDARÃO,<br/>SEMPRE A CRISTO ALI SERVINDO,<br/>COM SINCERA DEVOÇÃO.</lines>
    </verse>
    <verse name="v4">
      <lines>NÓS VEREMOS BREVE O RIO,<br/>FINDA A PEREGRINAÇÃO,<br/>E LOUVORES SEMPITERNOS<br/>NOSSOS LÁBIOS CANTARÃO.</lines>
    </verse>
  </lyrics>
</song>
