<?xml version='1.0' encoding='utf-8'?>
<song xmlns="http://openlyrics.info/namespace/2009/song" version="0.8" createdIn="OpenLP 1.9.9" modifiedIn="OpenLP 1.9.9" modifiedDate="2013-11-10T12:51:09">
  <properties>
    <titles>
      <title> CC 403 - ALEGRE</title>
    </titles>
    <verseOrder>v1 v5 v2 v5 v3 v5 v4 v5</verseOrder>
    <authors>
      <author>CANTOR CRISTÃO</author>
    </authors>
  </properties>
  <lyrics>
    <verse name="v1">
      <lines>PERDIDO ANDEI NA ESCURIDÃO,<br/>MAS CRISTO ME ENCONTROU,<br/>E COM A LUZ DO SEU AMOR<br/>AS TREVAS DISSIPOU.</lines>
    </verse>
    <verse name="v2">
      <lines>NO CASO DE SE ESCURECER<br/>DE NUVENS TODO O CÉU,<br/>JESUS, BENDITO SALVADOR,<br/>É LUZ QUE RASGA O VÉU!</lines>
    </verse>
    <verse name="v3">
      <lines>ANDANDO ESTOU NA LUZ DE DEUS,<br/>QUE DOCE COMUNHÃO!<br/>PROSSIGO SEMPRE COM VIGOR,<br/>DEIXANDO O MUNDO VÃO.</lines>
    </verse>
    <verse name="v4">
      <lines>LÁ, FACE A FACE, ENTÃO VEREI<br/>JESUS, O SALVADOR,<br/>O QUAL A SUA VIDA DEU<br/>POR MIM, VIL PECADOR.</lines>
    </verse>
    <verse name="v5">
      <lines>EU ALEGRE VOU NA SUA LUZ,<br/>   POIS JESUS AGORA ME CONDUZ.<br/>   DESDE QUE ME ACHOU<br/>   DA MORTE ME LIVROU;<br/>   ANDO SEMPRE ALEGRE,<br/>   CRISTO ME SALVOU!</lines>
    </verse>
  </lyrics>
</song>
