<?xml version='1.0' encoding='utf-8'?>
<song xmlns="http://openlyrics.info/namespace/2009/song" version="0.8" createdIn="OpenLP 1.9.9" modifiedIn="OpenLP 1.9.9" modifiedDate="2012-10-10T23:00:14">
  <properties>
    <titles>
      <title> CC 429 - CEIFANDO</title>
    </titles>
    <verseOrder>v1 v2 v3 v2 v4 v2</verseOrder>
    <authors>
      <author>CANTOR CRISTÃO</author>
    </authors>
  </properties>
  <lyrics>
    <verse name="v1">
      <lines>ESPALHEMOS TODOS A SEMENTE SANTA,<br/>DESDE A MADRUGADA ATÉ O ANOITECER,<br/>CALMOS, AGUARDANDO O TEMPO DA COLHEITA,<br/>QUANDO ALEGREMENTE HAVEMOS DE COLHER.</lines>
    </verse>
    <verse name="v2">
      <lines>HAVEMOS DE COLHER! HAVEMOS DE COLHER!<br/>   OH, QUÃO JUBILOSOS HAVEMOS DE COLHER!<br/>   HAVEMOS DE COLHER! HAVEMOS DE COLHER!<br/>   MESSES ABUNDANTES HAVEMOS DE TRAZER!</lines>
    </verse>
    <verse name="v3">
      <lines>SEMEEMOS QUANDO SERES PERNICIOSOS<br/>A SEMENTE BOA QUEREM DESTRUIR;<br/>DEUS ABENÇOANDO, ALEGRES, SATISFEITOS,<br/>A COLHEITA SANTA HAVEMOS DE FRUIR.</lines>
    </verse>
    <verse name="v4">
      <lines>EIA, POIS, OBREIROS, SEMEAI, OUSADOS,<br/>A SEMENTE VIVA DA VERDADE E LUZ,<br/>PROCLAMANDO CRISTO, SEU PODER E GLÓRIA,<br/>SALVAÇÃO PERFEITA QUE ALCANÇOU NA CRUZ!</lines>
    </verse>
  </lyrics>
</song>
