<?xml version='1.0' encoding='utf-8'?>
<song xmlns="http://openlyrics.info/namespace/2009/song" version="0.8" createdIn="OpenLP 1.9.9" modifiedIn="OpenLP 1.9.9" modifiedDate="2012-09-30T13:18:04">
  <properties>
    <titles>
      <title> CC 485 - LIVRO DA VIDA</title>
    </titles>
    <authors>
      <author>CANTOR CRISTÃO</author>
    </authors>
  </properties>
  <lyrics>
    <verse name="v1">
      <lines>AS RIQUEZAS DO MUNDO<br/>POUCO VALEM PRA MIM,<br/>POIS JESUS, NO TEU REINO,<br/>DÁS-ME VIDA SEM FIM;<br/>E NO LIVRO DA VIDA,<br/>QUE CONSERVAS AÍ,<br/>CERTO ESTOU QUE MEU NOME<br/>FOI ESCRITO POR TI.</lines>
    </verse>
    <verse name="v2">
      <lines>FOI ESCRITO POR TI<br/>   O MEU NOME NO CÉU;<br/>   SIM, NO LIVRO DA VIDA<br/>   FOI ESCRITO POR TI.</lines>
    </verse>
    <verse name="v3">
      <lines>MEUS PECADOS SÃO MUITOS,<br/>COMO AREIA NO MAR;<br/>MAS JESUS MEM REVELA<br/>SUA GRAÇA SEM-PAR;<br/>VEIO PARA SALVAR-ME,<br/>O SEU SANGUE VERTEU,<br/>E AS DELÍCIAS ETERNAS<br/>ELE ME PROMETEU.</lines>
    </verse>
    <verse name="v4">
      <lines>Ó CIDADE FESTIVA,<br/>REFULGANTE DE LUZ,<br/>ÉS MORADA DOS SANTOS<br/>E FIÉIS DE JESUS!<br/>SÓ VERÁ TUA GLÓRIA<br/>O QUE CRER NO SENHOR,<br/>CUJA VIDA FOI SALVA<br/>PELO SEU REDENTOR.</lines>
    </verse>
  </lyrics>
</song>
