<?xml version='1.0' encoding='utf-8'?>
<song xmlns="http://openlyrics.info/namespace/2009/song" version="0.8" createdIn="OpenLP 1.9.9" modifiedIn="OpenLP 1.9.9" modifiedDate="2012-09-30T13:17:58">
  <properties>
    <titles>
      <title> CC 434 - ONDE OS OBREIROS</title>
    </titles>
    <authors>
      <author>CANTOR CRISTÃO</author>
    </authors>
  </properties>
  <lyrics>
    <verse name="v1">
      <lines>OH, ONDE OS OBREIROS PRA TRABALHAR<br/>NOS CAMPOS TÃO VASTOS A LOUREJAR?!<br/>A CAUSA REQUER PRONTIDÃO, VIGOR.<br/>OH, QUEM QUER CEIFAR COM DESVELO E ARDOR?!</lines>
    </verse>
    <verse name="v2">
      <lines>ONDE OS OBREIROS? OH, QUEM QUER IR<br/>   NOS CAMPOS TÃO VASTOS A ESCASSEZ SUPRIR?!<br/>   QUEM QUER DECIDIR, HOJE, A SE ENTREGAR,<br/>   E OS FRUTOS BENDITOS ARRECADAR?</lines>
    </verse>
    <verse name="v3">
      <lines>O JOIO DO MAL A PROLIFERAR,<br/>O TRIGO DO MESTRE QUER SUFOCAR.<br/>CEIFEIROS, AVANTE, NO CAMPO ENTRAI,<br/>O DIA DECLINA, CEIFAI, CEFAI!</lines>
    </verse>
    <verse name="v4">
      <lines>EIS PORTAS ABERTAS À PREGAÇÃO!<br/>NAÇÕES SUSPIRANDO POR SALVAÇÃO!<br/>OH, ONDE OS OBREIROS PRA ANUNCIAR<br/>DE DEUS O PERDÃO DE UM AMOR SEM-PAR?!</lines>
    </verse>
  </lyrics>
</song>
