<?xml version='1.0' encoding='utf-8'?>
<song xmlns="http://openlyrics.info/namespace/2009/song" version="0.8" createdIn="OpenLP 1.9.9" modifiedIn="OpenLP 1.9.9" modifiedDate="2012-09-30T13:17:56">
  <properties>
    <titles>
      <title> CC 414 - ACORDAI</title>
    </titles>
    <authors>
      <author>CANTOR CRISTÃO</author>
    </authors>
  </properties>
  <lyrics>
    <verse name="v1">
      <lines>EIS QUE VAMOS PARA AQUELE BOM PAÍS,<br/>ONDE O CRENTE, SIM, É CRISTO QUEM DIZ,<br/>COM SEU SALVADOR, PRA SEMPRE ALI FELIZ,<br/>VAI GOZAR E DESCANSAR.<br/>TRABALHEMOS, POIS, COM ZELO E COM VIGOR,<br/>CONSTRANGIDOS PELO SEU IMENSO AMOR;<br/>TRABALHEMOS PELO NOSSO SALVADOR;<br/>EIS QUE A VIDA VAI FINDAR!</lines>
    </verse>
    <verse name="v2">
      <lines>ACORDAI!  ACORDAI!  DESPERTAI!  DESPERTAI!<br/>   E CANTAI!  SIM, CANTAI!<br/>   O SENHOR NÃO TARDARÁ!<br/>   EIS QUE VAMOS PARA AQUELE BOM PAÍS,<br/>   ONDE O CRENTE, SIM, É CRISTO QUEM O DIZ,<br/>   COM SEU SALVADOR, PRA SEMPRE ALI FELIZ,<br/>   VAI GOZAR E DESCANSAR.</lines>
    </verse>
    <verse name="v3">
      <lines>EIS CONOSCO NOSSO INSIGNE CAPITÃO<br/>QUE NOS ASSEGURA A ETERNA SALVAÇÃO!<br/>EIS DA SANTA FÉ O INVICTO PAVILHÃO!<br/>VAMOS, VAMOS TRABALHAR!<br/>EIA, AVANTE!  NADA TEMOS QUE TEMER;<br/>POR JESUS HAVEMOS SEMPRE DE VENCER;<br/>TRABALHEMOS JUNTOS SEM DESFALECER<br/>PARA A OBRA COMPLETAR.</lines>
    </verse>
    <verse name="v4">
      <lines>REVESTIDOS DA COURAÇA DE JESUS,<br/>COMO SERVOS SEUS, E FILHOS, SIM, DA LUZ,<br/>GLORIANDO-NOS EM CRISTO E SUA CRUZ,<br/>VAMOS, VAMOS TRABALHAR!<br/>OS PERDIDOS VAMOS COM AMOR BUSCAR,<br/>AOS DESESPERADOS VAMOS DECLARAR<br/>QUE JESUS DESEJA OS HOMENS TRANSFORMAR!<br/>OH, SIM, VAMOS TRABALHAR!</lines>
    </verse>
  </lyrics>
</song>
