<?xml version='1.0' encoding='utf-8'?>
<song xmlns="http://openlyrics.info/namespace/2009/song" version="0.8" createdIn="OpenLP 1.9.9" modifiedIn="OpenLP 1.9.9" modifiedDate="2012-09-30T13:17:56">
  <properties>
    <titles>
      <title> CC 409 - PLENA PAZ</title>
    </titles>
    <authors>
      <author>CANTOR CRISTÃO</author>
    </authors>
  </properties>
  <lyrics>
    <verse name="v1">
      <lines>PLENA PAZ GOZO EU!<br/>PLENA PAZ GOZO EU!<br/>E, SEGUINDO A MEU JESUS,<br/>VOU ANDANDO PARA O CÉU.</lines>
    </verse>
  </lyrics>
</song>
