<?xml version='1.0' encoding='utf-8'?>
<song xmlns="http://openlyrics.info/namespace/2009/song" version="0.8" createdIn="OpenLP 1.9.9" modifiedIn="OpenLP 1.9.9" modifiedDate="2012-09-30T13:18:04">
  <properties>
    <titles>
      <title> CC 483 - PÁTRIA CELESTIAL</title>
    </titles>
    <authors>
      <author>CANTOR CRISTÃO</author>
    </authors>
  </properties>
  <lyrics>
    <verse name="v1">
      <lines>PÁTRIA MINHA, POR TI SUSPIRO;<br/>QUANDO NO TEU BOM DESCANSO CHEGAREI?<br/>OS PATRIARCAS, DE DEUS AMIGOS,<br/>E OS BONS PROFETAS, FIEIS, ANTIGOS,<br/>JÁ ENTRARAM NA TUA GLÓRIA,<br/>CONTEMPLANDO, EM ESPLENDOR, O GRANDE REI.</lines>
    </verse>
    <verse name="v2">
      <lines>OS REMIDOS, TÃO PERSEGUIDOS,<br/>PELO SANGUE JÁ VENCERAM O DRAGÃO;<br/>POR JESUS CRISTO SÃO VENCEDORES,<br/>E AGORA CANTAM OS SEUS LOUVORES<br/>PÁTRIA SANTA, DESEJO VER-TE,<br/>VER COM CRISTO A REDIMIDA MULTIDÃO.</lines>
    </verse>
    <verse name="v3">
      <lines>LÁ, O RIO DAS ÁGUAS VIVAS<br/>SAI DO TRONO DO CORDEIRO E DO SENHOR:<br/>É ILUMINOSO DESDE A NASCENTE,<br/>COM O CRISTAL É RESPLANDECENTE;<br/>PELA MARGEM DAQUELE RIO<br/>ANDAM OS REMIDOS COM O SALVADOR.</lines>
    </verse>
    <verse name="v4">
      <lines>NÃO HÁ PRANTO NA MINHA PÁTRIA,<br/>NELA NUNCA SE DARÁ SEPARAÇÃO;<br/>ALI O TRONO DE DEUS DESCANSA;<br/>ALI TEREMOS REAL BONANÇA;<br/>OS REMIDOS DA MINHA PÁTRIA<br/>COM JESUS ETERNAMENTE REINARÃO.</lines>
    </verse>
  </lyrics>
</song>
