<?xml version='1.0' encoding='utf-8'?>
<song xmlns="http://openlyrics.info/namespace/2009/song" version="0.8" createdIn="OpenLP 1.9.9" modifiedIn="OpenLP 1.9.9" modifiedDate="2012-09-30T13:17:57">
  <properties>
    <titles>
      <title> CC 422 - TRABALHO CRISTÃO</title>
    </titles>
    <authors>
      <author>CANTOR CRISTÃO</author>
    </authors>
  </properties>
  <lyrics>
    <verse name="v1">
      <lines>VAMOS NÓS TRABALHAR, SOMOS SERVOS DE DEUS;<br/>COM O MESTRE SEGUIR NO CAMINHO DOS CÉUS;<br/>COM O SEU BOM CONSELHO O VIGOR RENOVAR,<br/>E FAZER PRONTAMENTE O QUE CRISTO MANDAR!</lines>
    </verse>
    <verse name="v2">
      <lines>NO LABOR, COM FERVOR, A SEGUIR A JESUS,<br/>   COM ESPERANÇA E FÉ E COM ORAÇÃO,<br/>   ATÉ QUE VOLTE O REDENTOR.</lines>
    </verse>
    <verse name="v3">
      <lines>VAMOS NÓS TRABALHAR, OS FAMINTOS FARTAR,<br/>PARA A FONTE OS SEDENTOS DEPRESSA LEVAR;<br/>SÓ NA CRUZ DO SENHOR NOSSA GLÓRIA SERÁ,<br/>POIS JESUS SALVAÇÃO PELA GRAÇA NOS DÁ!</lines>
    </verse>
    <verse name="v4">
      <lines>VAMOS NÓS TRABALHAR PARA CRISTO, O SENHOR;<br/>CONTRA O REINO DAS TREVAS SERÁ VENCEDOR;<br/>ELE, ENTÃO, PARA SEMPRE EXALTADO SERÁ,<br/>POIS REAL SALVAÇÃO PELA GRAÇA NOS DÁ!</lines>
    </verse>
    <verse name="v5">
      <lines>VAMOS NÓS TRABALHAR, AJUDADOS POR DEUS,<br/>QUE COROA REAL NOS DARÁ LÁ NOS CÉUS;<br/>NA MANSÃO DOS FIÉIS O DESCANSO SERÁ,<br/>POIS JESUS SALVAÇÃO PELA GRAÇA NOS DÁ!</lines>
    </verse>
  </lyrics>
</song>
