<?xml version='1.0' encoding='utf-8'?>
<song xmlns="http://openlyrics.info/namespace/2009/song" version="0.8" createdIn="OpenLP 1.9.9" modifiedIn="OpenLP 1.9.9" modifiedDate="2012-09-30T13:18:01">
  <properties>
    <titles>
      <title> CC 454 - VITÓRIA NAS LUTAS</title>
    </titles>
    <authors>
      <author>CANTOR CRISTÃO</author>
    </authors>
  </properties>
  <lyrics>
    <verse name="v1">
      <lines>TEMOS POR LUTAS PASSADO,<br/>UMAS TEMÍVEIS, CRUÉIS;<br/>MAS O SENHOR TEM LIVRADO<br/>DELAS SEUS SERVOS FIÉIS.<br/>FORÇA E PODER NOS TEM DADO;<br/>ELE NOS TEM SUSTENTADO,<br/>DANDO-NOS SUA MÃO,<br/>VIDA DE PAZ, PERDÃO,<br/>SALVAÇÃO!</lines>
    </verse>
    <verse name="v2">
      <lines>SIM, DEUS NOS TEM PROMETIDO<br/>UMA VITÓRIA CABAL;<br/>NÃO SE TEM ELE ESQUECIDO<br/>QUE NA PALAVRA REAL<br/>ELE NOS TEM PROTEGIDO,<br/>TUDO NOS TEM GARANTIDO<br/>GRAÇA E FAVOR SEM-PAR,<br/>SIM, TODO O BEM-ESTAR<br/>QUER NOS DAR!</lines>
    </verse>
    <verse name="v3">
      <lines>SIM, DEUS É POR NÓS!<br/>QUEM NOS VENCERÁ?<br/>DAR-NOS-Á PODER REAL;<br/>DEUS NOS GUARDARÁ<br/>DEFENDER-NOS-Á,<br/>LIVRARÁ DO MAL;<br/>VAMOS, IRMÃOS, CANTAR,<br/>NOSSO SENHOR LOUVAR,<br/>EXALTAR!</lines>
    </verse>
  </lyrics>
</song>
