<?xml version='1.0' encoding='utf-8'?>
<song xmlns="http://openlyrics.info/namespace/2009/song" version="0.8" createdIn="OpenLP 1.9.9" modifiedIn="OpenLP 1.9.9" modifiedDate="2012-09-30T13:17:55">
  <properties>
    <titles>
      <title> CC 401 - EU SOU DE JESUS</title>
    </titles>
    <authors>
      <author>CANTOR CRISTÃO</author>
    </authors>
  </properties>
  <lyrics>
    <verse name="v1">
      <lines>MUI TRISTE EU ANDAVA, SEM GOZO E SEM PAZ,<br/>MAS EU HOJE TENHO ALEGRIA EFICAZ,<br/>E CONSTANTEMENTE BENDIGO A MEU DEUS,<br/>E É CLARO O MOTIVO, POIS SOU DE JESUS!</lines>
    </verse>
    <verse name="v2">
      <lines>EU SOU DE JESUS, ALELUIA!<br/>   DE CRISTO JESUS, MEU SENHOR!<br/>   NÃO QUERO FALHAR, MAS QUERO FALAR,<br/>   ANDAR E VIVER COM JESUS!</lines>
    </verse>
    <verse name="v3">
      <lines>SEGURO VIVIA NAS GARRAS DO MAL,<br/>O MUNDO ATIROU-ME NO ABISMO FATAL;<br/>AGORA, QUAL AVE VOANDO NOS CÉUS,<br/>EU VIVO CONTENTE POIS SOU DE JESUS!</lines>
    </verse>
    <verse name="v4">
      <lines>Ó ALMA TURBADA POR QUE LAMENTAR?<br/>NO MESTRE TU ACHAS TESOUROS SEM-PAR:<br/>INFINDA ALEGRIA, PODER, SALVAÇÃO!<br/>OH, VEM, VEM A CRISTO, SEM HESITAÇÃO!</lines>
    </verse>
  </lyrics>
</song>
