<?xml version='1.0' encoding='utf-8'?>
<song xmlns="http://openlyrics.info/namespace/2009/song" version="0.8" createdIn="OpenLP 1.9.9" modifiedIn="OpenLP 1.9.9" modifiedDate="2012-09-30T13:18:02">
  <properties>
    <titles>
      <title> CC 464 - SEMPRE FIÉIS</title>
    </titles>
    <authors>
      <author>CANTOR CRISTÃO</author>
    </authors>
  </properties>
  <lyrics>
    <verse name="v1">
      <lines>SEMPRE FIÉIS, SIM, A TI NÓS SEREMOS,<br/>POR TUA GRAÇA, POR TEU GRANDE AMOR!<br/>SEMPRE FIÉIS, SIM, POR TI LUTATEMOS,<br/>SOB TEU PENDÃO, Ó JESUS SALVADOR!</lines>
    </verse>
    <verse name="v2">
      <lines>SEMPRE FIÉIS, IRMÃOS! IRMÃOS, SEJAMOS<br/>   SEMPRE FIÉIS A CRISTO JESUS!<br/>   ELE POR NÓS PROSSEGUIU TÉ A MORTE<br/>   E LIBERTOU-NOS, MORRENDO NA CRUZ!</lines>
    </verse>
    <verse name="v3">
      <lines>POR TI VIVER, Ó BENDITO CORDEIRO,<br/>QUEM NÃO DESEJA, SE TE CONHECER?<br/>QUEM QUE SE DIGA CRISTÃO VERDADEIRO<br/>NÃO SE DISPONHA POR TI A SOFRER?</lines>
    </verse>
    <verse name="v4">
      <lines>MAS SALVADOR, SE IMPERFEITOS NÓS SOMOS,<br/>COMO PODEMOS DEIXAR DE CAIR,<br/>SE POR TI MESMO GUARDADOS NÃO FORMOS?<br/>QUEM TÉ A MORTE TE PODE SEGUIR?</lines>
    </verse>
    <verse name="v5">
      <lines>SEMPRE FIÉIS!<br/>   SIM, MESMO ATÉ À MORTE!<br/>   SEMPRE FIÉIS!<br/>   TOMEMOS A CRUZ!<br/>   EIS A DIVISA QUE A NOS NOS PERTENCE,<br/>   OS LIBERTADOS POR CRISTO JESUS!</lines>
    </verse>
  </lyrics>
</song>
