<?xml version='1.0' encoding='utf-8'?>
<song xmlns="http://openlyrics.info/namespace/2009/song" version="0.8" createdIn="OpenLP 1.9.9" modifiedIn="OpenLP 1.9.9" modifiedDate="2012-09-30T13:18:04">
  <properties>
    <titles>
      <title> CC 491 - COMO HÁ DE SER</title>
    </titles>
    <authors>
      <author>CANTOR CRISTÃO</author>
    </authors>
  </properties>
  <lyrics>
    <verse name="v1">
      <lines>COMO HÁ DE SER, CONCLUSA A LONGA LIDA,<br/>FINDA A PELEJA DA PAIXÃO MORTAL,<br/>QUANDO, AVISTANDO ALÉM DA ESCURA VIDA<br/>A PORTA DO PRAZER CELESTIAL,<br/>DOS PÉS VARRIDA A ÚLTIMA POEIRA,<br/>DO ROSTO ENXUTO SEU FINAL SUOR,<br/>DEIXARMOS ESTA CENA PASSAGEIRA,<br/>ENTRANDO AO SANTO LAR DE ETERNO AMOR?</lines>
    </verse>
    <verse name="v2">
      <lines>COMO HÁ DE SER, NOS CÉUS POR DEUS BANHADOS<br/>DOS RAIOS DA DIVINA E EXCELSA LUZ,<br/>OH, QUE ALEGRIA!  ISENTOS DE PECADOS,<br/>ESTARMOS NÓS DIANTE DE JESUS!<br/>E PELA VEZ PRIMEIRA EM HARMONIA<br/>COM OS SANTOS CIDADÃOS DOS ALTOS CÉUS,<br/>UNINDO-NOS, SEM MEDO, À COMPANHIA<br/>QUE CERCA O TRONO DO SUPREMO DEUS?</lines>
    </verse>
    <verse name="v3">
      <lines>COMO HÁ DE SER, COM SENTIMENTO OUVINDO<br/>O CORO DOS REMIDOS DO SENHOR,<br/>AS ÁUREAS HARPAS, SEMPRE RETININDO<br/>LOUVORES AO CORDEIRO, AO SALVADOR;<br/>E QUANDO, DENTRO DE ÁTRIOS ESPAÇOSOS,<br/>ENTOARMOS GRATOS SALMOS, SEM CESSAR,<br/>E, COMO INCENSO, OS HINOS FERVOROSOS<br/>SUBIREM JUNTO AO CELESTE ALTAR?</lines>
    </verse>
    <verse name="v4">
      <lines>COMO HÁ DE SER, QUANDO O JUIZ CHAMAR-NOS:<br/>""""BENDITOS, VINDE, PARA OS CÉUS ENTRAI!""""<br/>E O SALVADOR DIGNAR-SE REVELAR-NOS<br/>A GLÓRIA EM QUE ELE HABITA COM O PAI?<br/>ALI, NÃO TEM, JAMAIS, A MORTE ENTRADA,<br/>NEM DOR NEM PRANTO ESTORVAM O PRAZER.<br/>A VISTA NÃO SE OFUSCA, E EM VOLTA NADA<br/>PODE A DITOSA FESTA ENTRISTECER?</lines>
    </verse>
    <verse name="v5">
      <lines>COMO HÁ DE SER, QUANDO A PASMOSA HISTÓRIA<br/>DA TRISTE E INDIGNA VIDA QUE FINDOU,<br/>COM LUCIDEZ SE ESPELHE NA MEMÓRIA<br/>TODO PECADO OU MAL QUE ENTÃO PASSOU,<br/>O NOSSO APREÇO DE JESUS AUMENTE,<br/>E DA CLEMÊNCIA DESTE BENFEITOR;<br/>E DE CONTÍNUO A GRATIDÃO SE ALENTE<br/>POR SEU INSIGNE E MILAGROSO AMOR?</lines>
    </verse>
    <verse name="v6">
      <lines>COMO HÁ DE SER?  OH, NUNCA FOI PENSADO,<br/>POR MENTE OU CORAÇÃO HUMANO AQUI,<br/>O BEM-ESTAR POR DEUS DETERMINADO<br/>PARA OS QUE ENTRAREM COM TRIUNFO ALI!<br/>AVANTE, IRMÃOS!  AVANTE NO CAMINHO<br/>QUE NOS CONDUZ AO GOZO TÃO REAL!<br/>SE AQUI NÓS TEMOS UM QUINHÃO MESQUINHO.<br/>MARCHAMOS PARA A GLÓRIA DIVINAL.</lines>
    </verse>
  </lyrics>
</song>
