<?xml version='1.0' encoding='utf-8'?>
<song xmlns="http://openlyrics.info/namespace/2009/song" version="0.8" createdIn="OpenLP 1.9.9" modifiedIn="OpenLP 1.9.9" modifiedDate="2012-09-30T13:17:58">
  <properties>
    <titles>
      <title> CC 433 - A COLHEITA ALÉM</title>
    </titles>
    <authors>
      <author>CANTOR CRISTÃO</author>
    </authors>
  </properties>
  <lyrics>
    <verse name="v1">
      <lines>CAI A SEMENTE NO BOM FRESCOR,<br/>É SEMEADA, SIM, NO CALOR,<br/>É SEMEADA NA VIRAÇÃO,<br/>É SEMEADA NA ESCURIDÃO.</lines>
    </verse>
    <verse name="v2">
      <lines>SOBRE OS ROCHEDOS IRÁ MURCHAR,<br/>OU NAS ESTRADAS SE ESPERDIÇAR,<br/>ENTRE OS ESPINHOS VAI SE PERDER,<br/>OU NAS CAMPINAS HÁ DE CRESCER.</lines>
    </verse>
    <verse name="v3">
      <lines>HÁ SEMENTEIRA, POIS, DE AMARGOR,<br/>HÁ DE REMORSO E DE NEGRO HORROR,<br/>HÁ DE VERGONHA E DE CONFUSÃO,<br/>HÁ DE MISÉRIA E DE PERDIÇÃO.</lines>
    </verse>
    <verse name="v4">
      <lines>VALE-ME TU, GRANDE SEMEADOR!<br/>FAZ PROSPERAR TODO O MEU LABOR:<br/>QUERO SERVIR-TE, MEU REI JESUS,<br/>QUERO CONTIGO CEIFAR EM LUZ.</lines>
    </verse>
    <verse name="v5">
      <lines>OH, QUAL HÁ DE SER, ALÉM,<br/>   A CEIFA DO MAL OU BEM?<br/>   SEMPRE LANÇADA COM FORÇA OU LANGOR,<br/>   COM OUSADIA, COM MEDO E TREMOR,<br/>   JÁ, OU NOS DIAS DO CERTO PORVIR,<br/>   MESSE BENDITA E GLORIOSA TEM DE VIR!</lines>
    </verse>
  </lyrics>
</song>
