<?xml version='1.0' encoding='utf-8'?>
<song xmlns="http://openlyrics.info/namespace/2009/song" version="0.8" createdIn="OpenLP 1.9.9" modifiedIn="OpenLP 1.9.9" modifiedDate="2012-09-30T13:17:56">
  <properties>
    <titles>
      <title> CC 408 - DESCANSO VERDADEIRO</title>
    </titles>
    <authors>
      <author>CANTOR CRISTÃO</author>
    </authors>
  </properties>
  <lyrics>
    <verse name="v1">
      <lines>CADA CORAÇÃO PROCURA<br/>ONDE POSSA DESCANSAR,<br/>MAS DESCANSO VERDADEIRO<br/>SÓ JESUS O PODE DAR.</lines>
    </verse>
    <verse name="v2">
      <lines>POIS MEU CORAÇÃO TE ENTREGO.<br/>Ó JESUS, MEU SALVADOR!<br/>SEJAS TU PRA SEMPRE DELE,<br/>O SEU REI E SEU SENHOR.</lines>
    </verse>
    <verse name="v3">
      <lines>CRISTO SEMPRE, E TÃO SOMENTE<br/>   CRISTO, SALVADOR E REI;<br/>   MEU ABRIGO, MEU AMIGO,<br/>   TUDO, TUDO NELE ACHEI.</lines>
    </verse>
  </lyrics>
</song>
