<?xml version='1.0' encoding='utf-8'?>
<song xmlns="http://openlyrics.info/namespace/2009/song" version="0.8" createdIn="OpenLP 1.9.9" modifiedIn="OpenLP 1.9.9" modifiedDate="2012-09-30T13:17:56">
  <properties>
    <titles>
      <title> CC 412 - A MÚSICA DOS SALVOS</title>
    </titles>
    <authors>
      <author>CANTOR CRISTÃO</author>
    </authors>
  </properties>
  <lyrics>
    <verse name="v1">
      <lines>AH, QUE CANTO QUE, SOANDO,<br/>ENCHE OS ARES DE DULÇOR!<br/>SÃO OS SALVOS, ENTOANDO<br/>HINOS AO SEU REDENTOR.</lines>
    </verse>
    <verse name="v2">
      <lines>ELE, O DEUS EXCELSO, AMOU-NOS,<br/>DIGNOS NÓS DA PERDIÇÃO;<br/>COM PODER REAL SALVOU-NOS<br/>DA PERPÉTUA MALDIÇÃO.</lines>
    </verse>
    <verse name="v3">
      <lines>GRAÇA EXCELSA!  DEUS ACEITA<br/>OS REBELDES COM FAVOR!<br/>NUNCA O SALVADOR REJEITA<br/>O CONTRITO PECADOR.</lines>
    </verse>
    <verse name="v4">
      <lines>VINDE TODOS!  SEM LIMITE<br/>É A SUA COMPAIXÃO!<br/>EIS O DIVINAL CONVITE!<br/>ABRAÇAI A SALVAÇÃO.</lines>
    </verse>
    <verse name="v5">
      <lines>OUVE AS VOZES DA VITÓRIA,<br/>   EM CAMINHO PARA A GLÓRIA,<br/>   PROCLAMANDO A DOCE HISTÓRIA (BIS)<br/>   DE JESUS E SEU AMOR!</lines>
    </verse>
  </lyrics>
</song>
