<?xml version='1.0' encoding='utf-8'?>
<song xmlns="http://openlyrics.info/namespace/2009/song" version="0.8" createdIn="OpenLP 1.9.9" modifiedIn="OpenLP 1.9.9" modifiedDate="2012-09-30T13:17:59">
  <properties>
    <titles>
      <title> CC 444 - BRASIL</title>
    </titles>
    <authors>
      <author>CANTOR CRISTÃO</author>
    </authors>
  </properties>
  <lyrics>
    <verse name="v1">
      <lines>DO VASTO MATO GROSSO<br/>À COSTA CEARÁ,<br/>POR VILAS E CIDADES,<br/>DO SUL AO GRÃO-PARÁ,<br/>DESSE EVANGELHO SANTO,<br/>QUE NOS LEGOU JESUS,<br/>AO POVO BRASILEIRO<br/>LEVEMOS NÓS A LUZ!</lines>
    </verse>
    <verse name="v2">
      <lines>DO SUL AO AMAZONAS,<br/>DO CENTRO ATÉ O MAR,<br/>A DOCE NOVA CORRE<br/>DO AMOR QUE NÃO TEM PAR.<br/>E MUITOS FORAM SALVOS<br/>DA MORTE E PERDIÇÃO,<br/>POIS, CRENDO, AGORA, EM CRISTO,<br/>JÁ TÊM A SALVAÇÃO.</lines>
    </verse>
    <verse name="v3">
      <lines>MAS MUITOS INFELIZES<br/>QUE DEVEM SER CRISTÃOS,<br/>ADORAM DEUSES FEITOS<br/>POR SUAS PRÓPRIAS MÃOS.<br/>DE TÃO FATAL PECADO,<br/>A IDOLATRIA VIL,<br/>UNIDOS NO EVANGELHO,<br/>SALVEMOS O BRASIL.</lines>
    </verse>
  </lyrics>
</song>
