<?xml version='1.0' encoding='utf-8'?>
<song xmlns="http://openlyrics.info/namespace/2009/song" version="0.8" createdIn="OpenLP 1.9.9" modifiedIn="OpenLP 1.9.9" modifiedDate="2012-09-30T13:18:03">
  <properties>
    <titles>
      <title> CC 480 - FAVOR</title>
    </titles>
    <authors>
      <author>CANTOR CRISTÃO</author>
    </authors>
  </properties>
  <lyrics>
    <verse name="v1">
      <lines>DEUS DE PAZ, AOS PEREGRINOS<br/>OUVE COM BENIGNO AMOR,<br/>E PROTEGE OS PEQUININOS,<br/>DANDO-LHES FAVOR.</lines>
    </verse>
    <verse name="v2">
      <lines>JESUS CRISTO, LUZ DIVINA,<br/>BÊNÇÃOS DÁ AO PECADOR;<br/>TRAZE-O À FONTE CRISTALINA,<br/>DÁ-LHE TEU FAVOR.</lines>
    </verse>
    <verse name="v3">
      <lines>VERBO ETERNO, DEUS BONDOSO,<br/>AO CANSADO VIAJOR<br/>MANIFESTA-TE AMOROSO,<br/>DANDO-LHE FAVOR.</lines>
    </verse>
    <verse name="v4">
      <lines>REI DIVINO, REI AMADO,<br/>SÊ O NOSSO PROTETOR;<br/>GUARDA-NOS DO VIL PECADO;<br/>DÁ-NOS TEU FAVOR.</lines>
    </verse>
  </lyrics>
</song>
