<?xml version='1.0' encoding='utf-8'?>
<song xmlns="http://openlyrics.info/namespace/2009/song" version="0.8" createdIn="OpenLP 1.9.9" modifiedIn="OpenLP 1.9.9" modifiedDate="2012-09-30T13:18:04">
  <properties>
    <titles>
      <title> CC 484 - SAUDADE</title>
    </titles>
    <authors>
      <author>CANTOR CRISTÃO</author>
    </authors>
  </properties>
  <lyrics>
    <verse name="v1">
      <lines>DA LINDA PÁTRIA ESTOU MUI LONGE,<br/>TRISTE EU ESTOU;<br/>EU TENHO DE JESUS SAUDADE;<br/>QUANDO SERÁ QUE VOU?<br/>PASSARINHOS, BELAS FLORES<br/>QUEREM ME ENCANTAR.<br/>OH, VÃO TERRESTRES ESPLENDORES,<br/>NÃO QUERO AQUI FICAR!</lines>
    </verse>
    <verse name="v2">
      <lines>JESUS ME DEU FIEL PROMESSA,<br/>VEM ME BUSCAR;<br/>MEU CORAÇÃO ESTÁ COM PRESSA,<br/>EU QUERO AO CÉU VOAR.<br/>MEUS PECADOS SÃO MUI GRANDES,<br/>E CULPADO SOU,<br/>MAS O SEU SANGUE PÕE-ME LIMPO,<br/>E PARA A PÁTRIA VOU.</lines>
    </verse>
    <verse name="v3">
      <lines>QUAL FILHO, DE SEU LAR SAUDOSO,<br/>EU QUERO IR;<br/>QUAL PASSARINHO PARA O NINHO,<br/>EU QUERO AO CÉU SUBIR.<br/>SUA VINDA AO MUNDO É CERTA,<br/>QUANDO, NÃO O SEI;<br/>MAS ELE ME ACHARÁ ALERTA,<br/>E PARA O CÉU IREI.</lines>
    </verse>
  </lyrics>
</song>
