<?xml version='1.0' encoding='utf-8'?>
<song xmlns="http://openlyrics.info/namespace/2009/song" version="0.8" createdIn="OpenLP 1.9.9" modifiedIn="OpenLP 1.9.9" modifiedDate="2012-09-30T13:17:58">
  <properties>
    <titles>
      <title> CC 432 - AVANTE COM DEUS</title>
    </titles>
    <authors>
      <author>CANTOR CRISTÃO</author>
    </authors>
  </properties>
  <lyrics>
    <verse name="v1">
      <lines>Ó CRENTES BRASILEITOS,<br/>FIRMAI-VOS NO SENHOR.<br/>O SEU PERDÃO ERGUENDO,<br/>PENDÃO DO SEU AMOR.</lines>
    </verse>
    <verse name="v2">
      <lines>""""A PÁTRIA PARA CRISTO!""""<br/>   BEM ALTO APREGOAI,<br/>   E A GRAÇA DO EVANGELHO<br/>   NA VIDA PROCLAMAI.</lines>
    </verse>
    <verse name="v3">
      <lines>OH, QUANTO INFELIZES,<br/>SEM DEUS, SEM SALVAÇÃO,<br/>NO ABISMO ESTÃO CAINDO<br/>DA ETERNA PERDIÇÃO!<br/>A SALVAÇÃO PERFEITA,<br/>A VIDA, O GOZO E A PAZ<br/>DÁ CRISTO, NOSSO MESTRE,<br/>POIS A ALMA SATISFAZ.</lines>
    </verse>
    <verse name="v4">
      <lines>TREMENDA RESISTÊNCIA<br/>HAVEMOS DE SOFRER;<br/>SATÃ E SUAS HOSTES<br/>PROCURAM NOS DETER.<br/>CORAGEM, POIS, Ó CRENTES,<br/>JESUS TRIUNFARÁ!<br/>NOS LARES BRASILEIROS<br/>JESUS DOMINARÁ.</lines>
    </verse>
    <verse name="v5">
      <lines>Ó CRENTES BRASILEIROS,<br/>O MESTRE TEM PODER<br/>DE AOS NOSSOS CONTERRÂNEOS<br/>A VIDA CONCEDER!<br/>NA LUTA PROSSIGAMOS<br/>COM ZELO E COM ARDOR;<br/>""""A PÁTRIA PARA CRISTO!""""<br/>AVANTE COM FERVOR!</lines>
    </verse>
  </lyrics>
</song>
