<?xml version='1.0' encoding='utf-8'?>
<song xmlns="http://openlyrics.info/namespace/2009/song" version="0.8" createdIn="OpenLP 1.9.9" modifiedIn="OpenLP 1.9.9" modifiedDate="2012-09-30T13:17:56">
  <properties>
    <titles>
      <title> CC 413 - LEALDADE</title>
    </titles>
    <authors>
      <author>CANTOR CRISTÃO</author>
    </authors>
  </properties>
  <lyrics>
    <verse name="v1">
      <lines>É ORDEM DO SENHOR,<br/>SELADA COM AMOR:<br/>FIÉIS, LEAIS, PROSSEGUI,<br/>MESMO ATÉ MORRER!<br/>NÃO FRAQUEJEIS, IRMÃOS,<br/>DEVEIS SER BONS CRISTÃOS<br/>E SER FIÉIS E LEAIS<br/>A CRISTO, SALVADOR!</lines>
    </verse>
    <verse name="v2">
      <lines>SEU AMOR PREGAI,<br/>   ALMAS CONQUISTAI!<br/>   MANDA-NOS JESUS, SENHOR.<br/>   AVANTE, AVANTE, IRMÃOS,<br/>   SIM, COMO BONS CRISTÃOS,<br/>   FIÉIS E SEMPRE LEAIS<br/>   A CRISTO, SALVADOR!</lines>
    </verse>
    <verse name="v3">
      <lines>OH, VINDE-VOS UNIR,<br/>DISPOSTOS PARA AGIR,<br/>FIÉIS, LEAIS NO LABOR,<br/>MESMO ATÉ MORRER!<br/>O MAL A DERROTAR,<br/>A LUZ FAZEI BRILHAR,<br/>FIÉIS E SEMPRE LEAIS<br/>A CRISTO, SALVADOR!</lines>
    </verse>
    <verse name="v4">
      <lines>EIS-NOS, SENHOR, AQUI;<br/>CONSAGRA-NOS A TI;<br/>QUEREMOS, POIS, SER FIÉIS,<br/>MESMO ATÉ MORRER!<br/>A CAUSA DEFENDER,<br/>TEU REINO PROMOVER,<br/>FIÉIS E SEMPRE LEAIS<br/>A CRISTO, SALVADOR!</lines>
    </verse>
  </lyrics>
</song>
