<?xml version='1.0' encoding='utf-8'?>
<song xmlns="http://openlyrics.info/namespace/2009/song" version="0.8" createdIn="OpenLP 1.9.9" modifiedIn="OpenLP 1.9.9" modifiedDate="2012-09-30T13:18:04">
  <properties>
    <titles>
      <title> CC 490 - COM CRISTO É CÉU</title>
    </titles>
    <authors>
      <author>CANTOR CRISTÃO</author>
    </authors>
  </properties>
  <lyrics>
    <verse name="v1">
      <lines>DEPOIS QUE CRISTO ME SALVOU,<br/>EM CÉU O MUNDO SE TORNOU;<br/>ATÉ NO MEIO DO SOFRER<br/>É CÉU A CRISTO CONHECER.</lines>
    </verse>
    <verse name="v2">
      <lines>OH! ALELUIA! SIM, É CÉU<br/>   FRUIR PERDÃO QUE CONCEDEU!<br/>   EM TERRA OU MAR, SEJA ONDE FOR,<br/>   É CÉU ANDAR COM O SENHOR.</lines>
    </verse>
    <verse name="v3">
      <lines>PRA MIM MUITO LONGE ESTAVA O CÉU,<br/>MAS, QUANDO CRISTO ME VALEU,<br/>FELIZ, SENTI MEU CORAÇÃO<br/>ENTRAR NO CÉU DA RETIDÃO.</lines>
    </verse>
    <verse name="v4">
      <lines>BEM POUCO IMPORTA EU IR MORAR<br/>EM ALTO MONTE, À BEIRA-MAR,<br/>EM CASA OU GRUTA, BOA OU RUIM,<br/>COM CRISTO AÍ É CÉU PRA MIM.</lines>
    </verse>
  </lyrics>
</song>
