<?xml version='1.0' encoding='utf-8'?>
<song xmlns="http://openlyrics.info/namespace/2009/song" version="0.8" createdIn="OpenLP 1.9.9" modifiedIn="OpenLP 1.9.9" modifiedDate="2012-09-30T13:18:01">
  <properties>
    <titles>
      <title> CC 455 - HERÓIS</title>
    </titles>
    <authors>
      <author>CANTOR CRISTÃO</author>
    </authors>
  </properties>
  <lyrics>
    <verse name="v1">
      <lines>ERGUEI-VOS, CRISTÃOS!  O CLARIM JÁ SOOU;<br/>À GUERRA VOS CHAMA QUEM VOS LIBERTOU.<br/>OS LOMBOS CINGIDOS, NAS ARMAS PEGAI;<br/>À SOMBRA DA CRUZ, CORAJOSOS, LUTAI!</lines>
    </verse>
    <verse name="v2">
      <lines>OH, SEDE HERÓIS!   (BIS)<br/>   SIM, SEDE HERÓIS,<br/>   E POR CRISTO LUTAI!</lines>
    </verse>
    <verse name="v3">
      <lines>DAS HOSTES DO MAL NÃO TENHAIS MAIS TEMOR;<br/>COM ZELO SEGUI VOSSO BOM SALVADOR!<br/>NA SANTA PELEJA, FORMADOS, ENTRAI;<br/>À SOMBRA DA CRUZ, CORAJOSOS, LUTAI!</lines>
    </verse>
    <verse name="v4">
      <lines>AS FORÇAS DO MAL IDE JÁ ENFRENTAR;<br/>DAS SUAS PRISÕES OS CATIVOS LIVRAR!<br/>VALENTES, A VOSSA FIRMEZA MOSTRAI;<br/>À SOMBRA DA CRUZ, CORAJOSOS, LUTAI!</lines>
    </verse>
  </lyrics>
</song>
