<?xml version='1.0' encoding='utf-8'?>
<song xmlns="http://openlyrics.info/namespace/2009/song" version="0.8" createdIn="OpenLP 1.9.9" modifiedIn="OpenLP 1.9.9" modifiedDate="2012-09-30T13:18:02">
  <properties>
    <titles>
      <title> CC 469 - CORAJOSOS</title>
    </titles>
    <authors>
      <author>CANTOR CRISTÃO</author>
    </authors>
  </properties>
  <lyrics>
    <verse name="v1">
      <lines>UM PENDÃO REAL VOS ENTREGOU O REI,<br/>A VÓS, SOLDADOS SEUS;<br/>CORAJOSOS, POIS, DE TUDO O DEFENDEI,<br/>MARCHANDO PARA OS CÉUS.</lines>
    </verse>
    <verse name="v2">
      <lines>COM VALOR, SEM TEMOR,<br/>   POR CRISTO PRONTOS A SOFRER,<br/>   BEM ALTO ERGUEI O SEU PENDÃO,<br/>   FIRMES SEMPRE ATÉ MORRER!</lines>
    </verse>
    <verse name="v3">
      <lines>EIS FORMADOS JÁ MALIGNOS BATALHÕES,<br/>DO GRANDE USURPADOR!<br/>REVELAI-VOS HOJE BRAVOS CAMPEÕES;<br/>AVANTE SEM TEMOR!</lines>
    </verse>
    <verse name="v4">
      <lines>OH, SEJAMOS TODOS A JESUS LEAIS,<br/>E A SEU REAL PENDÃO!<br/>OS QUE NA BATALHA SEMPRE SÃO FIÉIS<br/>COM ELE REINARÃO.</lines>
    </verse>
  </lyrics>
</song>
