<?xml version='1.0' encoding='utf-8'?>
<song xmlns="http://openlyrics.info/namespace/2009/song" version="0.8" createdIn="OpenLP 1.9.9" modifiedIn="OpenLP 1.9.9" modifiedDate="2012-09-30T13:18:00">
  <properties>
    <titles>
      <title> CC 447 - NUNCA OUVIR DE CRISTO</title>
    </titles>
    <authors>
      <author>CANTOR CRISTÃO</author>
    </authors>
  </properties>
  <lyrics>
    <verse name="v1">
      <lines>NÃO TE IMPORTA SE ALGUM DOS AMIGOS MORRER<br/>SEM TER CONHECIMENTO DE CRISTO?<br/>DEIXAS QUE NO JUÍZO ELE VENHA A DIZER:<br/>""""A MIM NUNCA FALARAM DE CRISTO?""""</lines>
    </verse>
    <verse name="v2">
      <lines>""""NÃO ME FALARAM DE CRISTO!                      (BIS)<br/>   TANTOS VI QUE SALVOU,<br/>   MAS NINGUÉM SE IMPORTOU<br/>   DE FALAR-ME DA GRAÇA DE CRISTO!""""</lines>
    </verse>
    <verse name="v3">
      <lines>NÃO TE IMPORTA QUE AS ALMAS PRECIOSAS A DEUS,<br/>OH, NÃO SEJAM LEVADAS A CRISTO?!<br/>POIS DIRÃO QUANDO CRISTO VIER OUTRA VEZ:<br/>""""A NÓS NUNCA FALARAM DE CRISTO!""""</lines>
    </verse>
    <verse name="v4">
      <lines>NÃO TE IMPORTA SE ENTRARES SEM JÓIAS NO CÉU<br/>POR NÃO TERES TRAZIDO ALMA A CRISTO?<br/>OH, NÃO VENHAS TU SER ACUSADO DE RÉU<br/>POR NÃO TERES FALADO DE CRISTO!</lines>
    </verse>
    <verse name="v5">
      <lines>NÃO TE CALES JAMAIS; PEDE A DEUS GRAÇA, IRMÃO,<br/>PARA DAR TESTEMUNHO DE CRISTO;<br/>PRA NINGUÉM NO JUÍZO EXCLAMAR COM RAZÃO:<br/>""""A MIM NUNCA FALARAM DE CRISTO!""""</lines>
    </verse>
  </lyrics>
</song>
