<?xml version='1.0' encoding='utf-8'?>
<song xmlns="http://openlyrics.info/namespace/2009/song" version="0.8" createdIn="OpenLP 1.9.9" modifiedIn="OpenLP 1.9.9" modifiedDate="2012-09-30T13:17:57">
  <properties>
    <titles>
      <title> CC 423 - OH, BUSCAI</title>
    </titles>
    <authors>
      <author>CANTOR CRISTÃO</author>
    </authors>
  </properties>
  <lyrics>
    <verse name="v1">
      <lines>OH, BUSCAI, NÃO AS RIQUEZAS<br/>DESTE MUNDO DE INCERTEZAS,<br/>QUE AS DO CÉU NÃO DÃO TRISTEZAS!<br/>OH, BUSCAI-AS, SIM, BUSCAI!</lines>
    </verse>
    <verse name="v2">
      <lines>OH, BUSCAI, NÃO AS LOUCURAS,<br/>QUE SÓ TRAZEM AMARGURAS,<br/>MAS VENTURAS SANTAS, PURAS.<br/>OH, BUSCAI-AS, SIM, BUSCAI!</lines>
    </verse>
    <verse name="v3">
      <lines>OH, BUSCAI JESUS PRIMEIRO!<br/>SALVAÇÃO HÁ NO CORDEIRO,<br/>PLENO GOZO E VERDADEIRO;<br/>OH, BUSCAI-O, SIM, BUSCAI!</lines>
    </verse>
    <verse name="v4">
      <lines>OH, BUSCAI A SANTIDADE,<br/>A PUREZA E A CARIDADE!<br/>IMITAI SUA HUMILDADE;<br/>IMITAI-A, IMITAI!</lines>
    </verse>
    <verse name="v5">
      <lines>COM OS SEUS IMITADORES,<br/>SEDE BONS TRABALHADORES,<br/>E BUSCAI OS PECADORES;<br/>OH, BUSCAI-OS, SIM, BUSCAI!</lines>
    </verse>
    <verse name="v6">
      <lines>SIM, BUSCAI-OS, PRA SALVÁ-LOS,<br/>IDE COM AMOR GANHÁ-LOS,<br/>POIS JESUS MANDOU CHAMÁ-LOS;<br/>OH, BUSCAI-OS, SIM, BUSCAI!</lines>
    </verse>
  </lyrics>
</song>
