<?xml version='1.0' encoding='utf-8'?>
<song xmlns="http://openlyrics.info/namespace/2009/song" version="0.8" createdIn="OpenLP 1.9.9" modifiedIn="OpenLP 1.9.9" modifiedDate="2012-09-30T13:17:57">
  <properties>
    <titles>
      <title> CC 418 - DISPOSIÇÃO DE TRABALHAR</title>
    </titles>
    <authors>
      <author>CANTOR CRISTÃO</author>
    </authors>
  </properties>
  <lyrics>
    <verse name="v1">
      <lines>BENDITO SENHOR, NOSSO REI JESUS,<br/>DIRIGE-NOS PELO TEU GRANDE AMOR,<br/>CONTEMPLA-NOS, DÁ-NOS DIVINA LUZ,<br/>PROTEGE-NOS, DANDO-NOS TEU FAVOR.</lines>
    </verse>
    <verse name="v2">
      <lines>OH, VEM, SIM, QUERIDO SENHOR,<br/>   OUVIR-NOS EM NOSSA ORAÇÃO,<br/>   E DÁ-NOS DA TUA PRESENÇA O PENHOR,<br/>   E DÁ-NOS TAMBÉM DIREÇÃO.</lines>
    </verse>
    <verse name="v3">
      <lines>NÓS VIMOS A TI, REDENTOR, PEDIR<br/>PODER E CORAGEM NO LABUTAR;<br/>JESUS, EM TEUS PASSOS QUEREMOS IR,<br/>CONTIGO QUEREMOS VIVER, LUTAR.</lines>
    </verse>
    <verse name="v4">
      <lines>POIS GRANDE É A VINHA, JESUS SENHOR,<br/>OS FRUTOS MADUROS CAINDO ESTÃO.<br/>OH, VEM, POIS, ENCHER-NOS DE FÉ E AMOR,<br/>A FIM DE COLHÊ-LOS COM PRONTIDÃO.</lines>
    </verse>
    <verse name="v5">
      <lines>OS ROGOS ATENDE DOS SERVOS TEUS,<br/>QUE INVOCAM TEU NOME COM DEVOÇÃO,<br/>SUSTENTA-NOS, CHEIOS DO AMOR DE DEUS,<br/>CONCEDE-NOS SEMPRE MAIOR VISÃO.</lines>
    </verse>
  </lyrics>
</song>
