<?xml version='1.0' encoding='utf-8'?>
<song xmlns="http://openlyrics.info/namespace/2009/song" version="0.8" createdIn="OpenLP 1.9.9" modifiedIn="OpenLP 1.9.9" modifiedDate="2012-09-30T13:18:05">
  <properties>
    <titles>
      <title> CC 497 - TANTOS REMIDOS</title>
    </titles>
    <authors>
      <author>CANTOR CRISTÃO</author>
    </authors>
  </properties>
  <lyrics>
    <verse name="v1">
      <lines>TANTOS REMIDOS VEJO NOS CÉUS,<br/>TENDO COROAS, RICOS TROFÉUS;<br/>SALVOS, MERCÊ DE CRISTO, JÁ ESTÃO;<br/>SEMPRE FELIZES ELES SERÃO.</lines>
    </verse>
    <verse name="v2">
      <lines>TENDO VENCIDO O MUNDO FALAZ,<br/>TRANSES PENOSOS E SATANÁS,<br/>FORAM ENTÃO MORADA FAZER<br/>ONDE SÓ HÁ PERFEITO PRAZER.</lines>
    </verse>
    <verse name="v3">
      <lines>FOME NEM SEDE NUNCA TERÃO,<br/>DORES OU MÁGOAS NÃO SOFRERÃO;<br/>VIDA PERENE, VIDA REAL<br/>GOZAM SEM FIM, LIBERTOS DO MAL.</lines>
    </verse>
    <verse name="v4">
      <lines>CRISTO """"BEM-VINDO"""" AOS SALVOS VAI DAR,<br/>NESSE TÃO BELO E SANTO LUGAR<br/>AOS QUE EM SEU SANGUE LIMPOS ESTÃO,<br/>BRANCOS, MUI BRANCOS NO CORAÇÃO.</lines>
    </verse>
    <verse name="v5">
      <lines>JUNTOS NA GLÓRIA, VIVEM EM LUZ,<br/>   GOZAM DA SANTA PAZ DE JESUS;<br/>   BELAS CANÇÕES DE GRATO LOUVOR<br/>   CANTAM, SEM FIM, A SEU REDENTOR.</lines>
    </verse>
  </lyrics>
</song>
