<?xml version='1.0' encoding='utf-8'?>
<song xmlns="http://openlyrics.info/namespace/2009/song" version="0.8" createdIn="OpenLP 1.9.9" modifiedIn="OpenLP 1.9.9" modifiedDate="2012-09-30T13:17:57">
  <properties>
    <titles>
      <title> CC 426 - GRATIDÃO NA LUTA</title>
    </titles>
    <authors>
      <author>CANTOR CRISTÃO</author>
    </authors>
  </properties>
  <lyrics>
    <verse name="v1">
      <lines>COM GRATIDÃO E COM FERVOR<br/>CANTEMOS JÁ AO BOM SENHOR,<br/>POIS SEU PODER NOS LIBERTOU<br/>E SEU AMOR NOS REVELOU.</lines>
    </verse>
    <verse name="v2">
      <lines>ACEITE-NOS, SENHOR, QUERIDO SALVADOR!<br/>   AQUI PRESENTE SÊ, DIRIGE A TUA GREI,<br/>   A FAZE PROSPERAR O NOSSO TRABALHAR:<br/>   FAZER O MUNDO TODO TEU NOME CONHECER!</lines>
    </verse>
    <verse name="v3">
      <lines>VEM CONSERVAR-NOS EM UNIÃO,<br/>E ENCHER-NOS VEM O CORAÇÃO<br/>DO TEU AMOR TÃO SINGULAR,<br/>E EM TUA LUZ NOS FAZE ANDAR.</lines>
    </verse>
    <verse name="v4">
      <lines>PRA BEM LUTAR VEM CONCEDER<br/>O TEU FAVOR E TEU PODER;<br/>AJUDA-NOS A PROSSEGUIR<br/>NO BOM QUERER DE TE SERVIR.</lines>
    </verse>
  </lyrics>
</song>
