<?xml version='1.0' encoding='utf-8'?>
<song xmlns="http://openlyrics.info/namespace/2009/song" version="0.8" createdIn="OpenLP 1.9.9" modifiedIn="OpenLP 1.9.9" modifiedDate="2012-09-30T13:18:01">
  <properties>
    <titles>
      <title> CC 459 - COMPANHEIRAS</title>
    </titles>
    <authors>
      <author>CANTOR CRISTÃO</author>
    </authors>
  </properties>
  <lyrics>
    <verse name="v1">
      <lines>SEMPRE UNIDAS, COMPANHEIRAS,<br/>DECLAREMOS POR JESUS<br/>GUERRA SANTA CONTRA AS TREVAS,<br/>ZELO PURO PELA LUZ.</lines>
    </verse>
    <verse name="v2">
      <lines>VAMOS TODAS, VAMOS TODAS,<br/>   SEMPRE UNIDAS PELO AMOR,<br/>   COMO ESPOSAS, MÃES OU FILHAS,<br/>   A SERVIR AO SALVADOR.</lines>
    </verse>
    <verse name="v3">
      <lines>SOMOS FRACOS, BEM SABEMOS,<br/>MAS HAVEMOS DE VENCER,<br/>SE TIVERMOS CONFIANÇA<br/>E CUMPRIRMOS O DEVER.</lines>
    </verse>
    <verse name="v4">
      <lines>SEMPRE FIRMES NA ESPERANÇA<br/>E NA FÉ DO SALVADOR,<br/>IMPLOREMOS SUA GRAÇA,<br/>PRA VIVERMOS EM AMOR.</lines>
    </verse>
  </lyrics>
</song>
