<?xml version='1.0' encoding='utf-8'?>
<song xmlns="http://openlyrics.info/namespace/2009/song" version="0.8" createdIn="OpenLP 1.9.9" modifiedIn="OpenLP 1.9.9" modifiedDate="2012-09-30T13:17:56">
  <properties>
    <titles>
      <title> CC 417 - BRILHA NO VIVER</title>
    </titles>
    <authors>
      <author>CANTOR CRISTÃO</author>
    </authors>
  </properties>
  <lyrics>
    <verse name="v1">
      <lines>NÃO SOMENTE PRA FAZER UM FEITO SINGULAR<br/>É MISTER AGIR COM MUITO ARDOR,<br/>MAS AS COISAS MAIS HUMILDES POR EXECUTAR,<br/>DEVES FAZÊ-LAS COM FERVOR.</lines>
    </verse>
    <verse name="v2">
      <lines>BRILHA NO MEIO DO TEU VIVER,<br/>   POIS TALVEZ ALGUM AFLITO POSSAS SOCORRER;  (BIS)<br/>   BRILHA NO MEIO DO TEU VIVER.</lines>
    </verse>
    <verse name="v3">
      <lines>OH, TALVEZ ALGUMA VIDA POSSAS ALEGRAR<br/>COM PALAVRAS DOCES, EM AMOR;<br/>OU TALVEZ ALGUMAS ALMAS TRISTES ALCANÇAR<br/>COM A MENSAGEM DO SENHOR.</lines>
    </verse>
    <verse name="v4">
      <lines>POR MAIOR QUE SEJA TEU ESFORÇO A EXERCER,<br/>POR MAIS FIRME A TUA DEVOÇÃO,<br/>EM REDOR, OH, QUANTAS ALMAS VIVEM SEM PRAZER!<br/>JAZEM NA NEGRA ESCURIDÃO.</lines>
    </verse>
  </lyrics>
</song>
