<?xml version='1.0' encoding='utf-8'?>
<song xmlns="http://openlyrics.info/namespace/2009/song" version="0.8" createdIn="OpenLP 1.9.9" modifiedIn="OpenLP 1.9.9" modifiedDate="2012-09-30T13:18:03">
  <properties>
    <titles>
      <title> CC 481 - AO LAR CELESTIAL</title>
    </titles>
    <authors>
      <author>CANTOR CRISTÃO</author>
    </authors>
  </properties>
  <lyrics>
    <verse name="v1">
      <lines>À PÁTRIA ABENÇOADA VOU<br/>ANSIOSO PEREGRINO SOU,<br/>EM BUSCA DO FELIZ LUGAR<br/>NO QUAL EU HEI DE DESCANSAR.</lines>
    </verse>
    <verse name="v2">
      <lines>OH, BELA TERRA DE ESPLENDOR,<br/>   QUERIDA HERANÇA DO SENHOR;<br/>   OLHANDO, VEJO, ALÉM DO MAR,<br/>   QUE BREVE EU HEI DE ATRAVESSAR,<br/>   A PRAIA ÁUREA, PERENAL,<br/>   DO LINDO LAR CELESTIAL.</lines>
    </verse>
    <verse name="v3">
      <lines>COMIGO VAI O MEU SENHOR,<br/>DO MAL ME GUARDA COM AMOR,<br/>DE PAZ INUNDA O CORAÇÃO<br/>E DÁ-ME ETERNA SALVAÇÃO.</lines>
    </verse>
    <verse name="v4">
      <lines>NA VASTIDÃO CELESTIAL<br/>RESSOA O CANTO ANGELICAL<br/>DA TRIUNFANTE MULTIDÃO<br/>FELIZ POR SUA REDENÇÃO.</lines>
    </verse>
  </lyrics>
</song>
