<?xml version='1.0' encoding='utf-8'?>
<song xmlns="http://openlyrics.info/namespace/2009/song" version="0.8" createdIn="OpenLP 1.9.9" modifiedIn="OpenLP 1.9.9" modifiedDate="2012-09-30T13:17:56">
  <properties>
    <titles>
      <title> CC 411 - DIA FESTIVO</title>
    </titles>
    <authors>
      <author>CANTOR CRISTÃO</author>
    </authors>
  </properties>
  <lyrics>
    <verse name="v1">
      <lines>QUE ALEGRIA NESTE DIA<br/>NÓS ESTAMOS A GOZAR!<br/>NESTE ENSEJO BOM DESEJO<br/>TEMOS:  SÓ A DEUS LOUVAR.</lines>
    </verse>
    <verse name="v2">
      <lines>QUE ALEGRIA NESTE DIA<br/>ENCHE-NOS O CORAÇÃO!<br/>INIMIGOS E PERIGOS<br/>JÁ VENCEU O CAPITÃO.</lines>
    </verse>
    <verse name="v3">
      <lines>QUE ALEGRIA NESTE DIA<br/>TÊM OS CRENTES EM JESUS;<br/>REUNIDOS OS REMIDOS,<br/>FAZEM TUDO EM SUA LUZ!</lines>
    </verse>
    <verse name="v4">
      <lines>DEUS GLORIOSO, DEUS BONDOSO,<br/>ABENÇOA-NOS AQUI;<br/>QUE ESTA IGREJA SEMPRE SEJA<br/>CONSAGRADA SÓ A TI!</lines>
    </verse>
    <verse name="v5">
      <lines>OH, CANTEMOS, POIS, COM ALEGRIA<br/>   NESTE GRANDE E MUI FESTIVO DIA!<br/>   VÊ,  VÊ O QUE NOS FEZ O REI DOS REIS!</lines>
    </verse>
  </lyrics>
</song>
