<?xml version='1.0' encoding='utf-8'?>
<song xmlns="http://openlyrics.info/namespace/2009/song" version="0.8" createdIn="OpenLP 1.9.9" modifiedIn="OpenLP 1.9.9" modifiedDate="2012-09-30T13:17:58">
  <properties>
    <titles>
      <title> CC 428 - LUZ NAS TREVAS</title>
    </titles>
    <authors>
      <author>CANTOR CRISTÃO</author>
    </authors>
  </properties>
  <lyrics>
    <verse name="v1">
      <lines>AVANÇAI! AVANÇAI! DERRAMAI SANTA LUZ<br/>SOBRE OS POVOS DA TERRA QUE NÃO TÊM JESUS!<br/>IDE, POIS, DIZ O MESTRE. DE VÓS, QUEM IRÁ,<br/>OBSERVANDO O PRECEITO QUE CRISTO NOS DÁ?<br/>CONFIAI NO SENHOR; NÃO TENHAIS MAIS TEMOR!<br/>AVANÇAI COM JESUS, AVANÇAI!</lines>
    </verse>
    <verse name="v2">
      <lines>AVANÇAI! AVANÇAI! COM A BÍBLIA NA MÃO;<br/>PROCLAMAI ÀS NAÇÕES QUE JÁ HÁ REMISSÃO!<br/>ENCARAI OS PERIGOS COM FÉ EM JESUS!<br/>SE SOFRERMOS AQUI, REINAREMOS EM LUZ;<br/>VINDE, CRENTE, LUTAI; NOS TRABALHOS ENTRAI!<br/>AVANÇAI SEM TEMOR, AVANÇAI!</lines>
    </verse>
    <verse name="v3">
      <lines>AVANÇAI! AVANÇAI! A PREGAR AOS MILHÕES<br/>QUE PERECEM NAS TREVAS E SEM SALVAÇÃO!<br/>FOI POR ELE TEMBÉM QUE JESUS PADECEU,<br/>QUE NA TERRA POBREZA E INSULTOS SOFREU.<br/>PROCLAMAI REDENÇÃO! EM JESUS HÁ PERDÃO!<br/>AVANÇAI COM AMOR, AVANÇAI!</lines>
    </verse>
  </lyrics>
</song>
