<?xml version='1.0' encoding='utf-8'?>
<song xmlns="http://openlyrics.info/namespace/2009/song" version="0.8" createdIn="OpenLP 1.9.9" modifiedIn="OpenLP 1.9.9" modifiedDate="2012-09-30T13:18:02">
  <properties>
    <titles>
      <title> CC 465 - IGUAL A DANIEL</title>
    </titles>
    <authors>
      <author>CANTOR CRISTÃO</author>
    </authors>
  </properties>
  <lyrics>
    <verse name="v1">
      <lines>MEU IRMÃO, PROCURA SER<br/>IGUAL A DANIEL!<br/>RESOLUTO EM COMBATER<br/>O USURPADOR CRUEL!</lines>
    </verse>
    <verse name="v2">
      <lines>FAZE COM O DANIEL!<br/>   SERVE O ETERNO DEUS;<br/>   ENTRE OS INFIÉIS, FIEL,<br/>   MARCHA PARA OS CÉUS!</lines>
    </verse>
    <verse name="v3">
      <lines>EM CORAGEM SINGULAR,<br/>LEAL SÊ TU AO REI!<br/>SEMPRE OUSADO EM PROCLAMAR<br/>JESUS A SUA LEI!</lines>
    </verse>
    <verse name="v4">
      <lines>FORTALECE O CORAÇÃO,<br/>E DEIXA A TIMIDEZ!<br/>MUITOS MALES CAIRÃO<br/>PERANTE A INTREPIDEZ!</lines>
    </verse>
  </lyrics>
</song>
