<?xml version='1.0' encoding='utf-8'?>
<song xmlns="http://openlyrics.info/namespace/2009/song" version="0.8" createdIn="OpenLP 1.9.9" modifiedIn="OpenLP 1.9.9" modifiedDate="2012-09-30T13:17:59">
  <properties>
    <titles>
      <title> CC 443 - EIS OS MILHÕES</title>
    </titles>
    <verseOrder>v1 v2 v3 v2 v4 v2 v5 v2</verseOrder>
    <authors>
      <author>CANTOR CRISTÃO</author>
    </authors>
  </properties>
  <lyrics>
    <verse name="v1">
      <lines>EIS OS MILHÕES, QUE,<br/>EM TREVAS TÃO MEDONHAS,<br/>JAZEM PERDIDOS,<br/>SEM O SALVADOR!<br/>QUEM LHES IRÁ AS NOVAS PROCLAMANDO,<br/>QUE DEUS, EM CRISTO, SALVA O PECADOR?</lines>
    </verse>
    <verse name="v2">
      <lines>"TODO O PODER O PAI ME DEU,<br/>NA TERRA, BEM ASSIM<br/>NO CÉU!<br/>IDE, POIS, ANUNCIAR<br/>O EVANGELHO,<br/>E SEMPRE EU ESTOU<br/>CONVOSCO!"</lines>
    </verse>
    <verse name="v3">
      <lines>PORTAS ABERTAS, EIS,<br/>POR TODO O MUNDO!<br/>SERVOS, ERGUEI-VOS,<br/>EIA AVANTE ANDAI!<br/>CRENTES EM CRISTO,<br/>UNI AS VOSSAS FORÇAS,<br/>DA ESCRAVIDÃO OS POVOS LIBERTAI!</lines>
    </verse>
    <verse name="v4">
      <lines>"OH! VINDE A MIM!" A VOZ DIVINA CLAMA,<br/>"VINDE!" CLAMAI EM NOME DE JESUS!<br/>QUE PRA SALVAR-NOS DO CASTIGO ETERNO,<br/>SEU SANGUE DERRAMOU POR NÓS NA CRUZ.</lines>
    </verse>
    <verse name="v5">
      <lines>Ó DEUS, APRESSA O DIA<br/>TÃO GLORIOSO,<br/>EM QUE OS REMIDOS<br/>TODOS SE UNIRÃO<br/>NUM CORO EXCELSO,<br/>SANTO, JUBILOSO,<br/>PRA TODO O SEMPRE<br/>GLÓRIA A TI DARÃO!</lines>
    </verse>
  </lyrics>
</song>
