<?xml version='1.0' encoding='utf-8'?>
<song xmlns="http://openlyrics.info/namespace/2009/song" version="0.8" createdIn="OpenLP 1.9.9" modifiedIn="OpenLP 1.9.9" modifiedDate="2012-09-30T13:17:59">
  <properties>
    <titles>
      <title> CC 438 - OUVINDO DE JESUS</title>
    </titles>
    <authors>
      <author>CANTOR CRISTÃO</author>
    </authors>
  </properties>
  <lyrics>
    <verse name="v1">
      <lines>DISSE JESUS:  IDE POR TODO O MUNDO<br/>E PREGAI O ETERNO DOM<br/>DA SALVAÇÃO, QUE COM AMOR PROFUNDO,<br/>DÁ O DEUS GRACIOSO E BOM;<br/>TENDO NA CRUZ A AFIRMAÇÃO DO AMOR,<br/>PROCLAMAI O DOM DO REDENTOR.<br/>OH, CONQUISTAI<br/>ALMAS PERDIDAS, BUSCAI<br/>O PECADOR ENFERMO, QUASE MORIBUNDO!</lines>
    </verse>
    <verse name="v2">
      <lines>VAMOS, IRMÃOS, LEVAR<br/>   ESSA LUZ AO MUNDO INTEIRO!<br/>   VAMOS, IRMÃOS, CONTAR<br/>   QUE ESSE DOM É VERDADEIRO!<br/>   VAMOS, IRMÃOS, PREGAR<br/>   MUI CONFIADOS NO CORDEIRO<br/>   QUE NA CRUZ JÁ FEZ<br/>   A NOSSA REDENÇÃO!</lines>
    </verse>
    <verse name="v3">
      <lines>TODOS UNIDOS NESTE GRANDE INTENTO,<br/>PROCLAMEMOS SALVAÇÃO!<br/>SEM RECUAR, SEMPRE MOSTRANDO ALENTO,<br/>SIM, CUMPRAMOS A MISSÃO<br/>QUE O SALVADOR, CRISTO JESUS, NOS DEU!<br/>ELE ESTÁ TAMBÉM NO POSTO SEU.<br/>DIZ-NOS O REI:<br/>""""SEMPRE CONVOSCO ESTAREI.""""<br/>VAMOS, IRMÃOS, POR CRISTO NESTE PENSAMENTO!</lines>
    </verse>
    <verse name="v4">
      <lines>FIRMES, LEVEMOS A MENSAGEM SANTA<br/>DO EVANGELHO DE JESUS!<br/>ESTA MENSAGEM DIVINAL QUE ENCANTA<br/>E QUE O PECADOR CONDUZ;<br/>CHEIA DE BÊNÇÃOS DO GLORIOSO DEUS,<br/>QUE DESCOBRE OS ESCOLHIDOS SEUS;<br/>CHEIA DE AMOR,<br/>TRAZ-NOS DO CÉU O FRAGOR<br/>DA COMPAIXÃO DE DEUS E DÁ-NOS GRAÇA TANTA!</lines>
    </verse>
  </lyrics>
</song>
