<?xml version='1.0' encoding='utf-8'?>
<song xmlns="http://openlyrics.info/namespace/2009/song" version="0.8" createdIn="OpenLP 1.9.9" modifiedIn="OpenLP 1.9.9" modifiedDate="2012-09-30T13:18:02">
  <properties>
    <titles>
      <title> CC 471 - VITORIOSO</title>
    </titles>
    <authors>
      <author>CANTOR CRISTÃO</author>
    </authors>
  </properties>
  <lyrics>
    <verse name="v1">
      <lines>SEMPRE VENCENDO, MUI VALOROSO,<br/>CRISTO JESUS, O SENHOR!<br/>CHEFE BENDITO, CHEFE GLORIOSO,<br/>EM TUDO ELE É VENCEDOR.<br/>EI-LO SUPREMO, GUIANDO<br/>COM SEU PODER E VALOR!<br/>TODOS UNIDOS, AVANTE,<br/>TODOS SEGUINDO O SENHOR!</lines>
    </verse>
    <verse name="v2">
      <lines>NÃO É DOS FORTES A VITÓRIA,<br/>   NEM DOS QUE CORREM MELHOR!<br/>   MAS DOS FIÉIS E SINCEROS,<br/>   COMO NOS DIZ O SENHOR!</lines>
    </verse>
    <verse name="v3">
      <lines>SEMPRE VENCENDO, MUI VALOROSO,<br/>CRISTO JESUS, O SENHOR!<br/>EIS SUAS HOSTES INUMERÁVEIS,<br/>VINDO COM MUITO VALOR!<br/>CRISTO, QUE É NOSSO MONARCA<br/>E TEM A GLÓRIA DO PAI,<br/>SEMPRE NOS AMA E NOS GUARDA,<br/>SEMPRE CONOSCO ELE VAI!</lines>
    </verse>
    <verse name="v4">
      <lines>SEMPRE VENCENDO, MUI VALOROSO,<br/>CRISTO JESUS, O SENHOR!<br/>REIS E MONARCAS, PRÍNCIPES FORTES<br/>BUSCAM TAMBÉM SEU FAVOR.<br/>E HUMILDEMENTE LHE PEÇO<br/>QUE ME PERMITA LUTAR<br/>SÓ AO SEU LADO, INVENCÍVEL,<br/>TÉ MINHA VIDA FINDAR!</lines>
    </verse>
  </lyrics>
</song>
