<?xml version='1.0' encoding='utf-8'?>
<song xmlns="http://openlyrics.info/namespace/2009/song" version="0.8" createdIn="OpenLP 1.9.9" modifiedIn="OpenLP 1.9.9" modifiedDate="2012-09-30T13:18:02">
  <properties>
    <titles>
      <title> CC 467 - AVANTE COM ALEGRIA</title>
    </titles>
    <authors>
      <author>CANTOR CRISTÃO</author>
    </authors>
  </properties>
  <lyrics>
    <verse name="v1">
      <lines>EIA, AVANTE, SEMPRE ALEGRES,<br/>VAI CONOSCO O SALVADOR;<br/>ELE NUNCA DEIXARÁ,<br/>NUNCA DESAMPARARÁ,<br/>QUEM CONFIA NO SEU GRANDE AMOR!</lines>
    </verse>
  </lyrics>
</song>
