<?xml version='1.0' encoding='utf-8'?>
<song xmlns="http://openlyrics.info/namespace/2009/song" version="0.8" createdIn="OpenLP 1.9.9" modifiedIn="OpenLP 1.9.9" modifiedDate="2012-09-30T13:18:04">
  <properties>
    <titles>
      <title> CC 492 - MEU CANTO CELESTIAL</title>
    </titles>
    <authors>
      <author>CANTOR CRISTÃO</author>
    </authors>
  </properties>
  <lyrics>
    <verse name="v1">
      <lines>JÁ MUITAS VEZES EU PENSEI<br/>QUAL HÁ DE SER O CANTO MEU,<br/>INDO EU SAUDAR JESUS, MEU REI,<br/>QUANDO EU CHEGAR ALI NO CÉU.<br/>OH, QUE ALEGRIA IREI GOZAR<br/>ASSIM QUE O SEU """"BEM-VINDO"""" OUVIR!<br/>QUE CANTO ALEGRE HÁ DE EMANAR<br/>DO IMPULSO QUE EU ENTÃO SENTIR!</lines>
    </verse>
    <verse name="v2">
      <lines>ALI, EU CANTAREI DO AMOR<br/>   DO MEU JESUS, O QUAL SOFREU<br/>   POR MIM, TÃO GRANDE PECADOR,<br/>   A QUEM A VIDA CONCEDEU.</lines>
    </verse>
    <verse name="v3">
      <lines>E QUANDO, ENFIM, EU PENETRAR<br/>NO CÉU DE ETERNO GOZO E LUZ,<br/>OS ANJOS VÃO PRELUDIAR<br/>O MEU CANTAR AO BOM JESUS.<br/>QUANDO EU, FELIZ, ME APRESENTAR,<br/>SEU ROSTO EU HEI DE VER ENTÃO,<br/>E ECOARÁ O MEU CANTAR<br/>DE UM SALVO E PURO CORAÇÃO.</lines>
    </verse>
    <verse name="v4">
      <lines>OH, QUÃO MAVIOSO ALI SERÁ<br/>MEU CANTO!  SIM, MEU CORAÇÃO<br/>TRANSBORDARÁ, EXULTARÁ<br/>POR TER COMPLETA SALVAÇÃO!<br/>ENCONTRAREI PALAVRAS QUE<br/>EXPRIMAM MINHA DITA ALI?<br/>SER DOS REMIDOS!  OH, EU SEI<br/>QUE NUNCA TAL EU MERECI!</lines>
    </verse>
  </lyrics>
</song>
