<?xml version='1.0' encoding='utf-8'?>
<song xmlns="http://openlyrics.info/namespace/2009/song" version="0.8" createdIn="OpenLP 1.9.9" modifiedIn="OpenLP 1.9.9" modifiedDate="2012-09-30T13:18:02">
  <properties>
    <titles>
      <title> CC 470 - O COMBATE</title>
    </titles>
    <authors>
      <author>CANTOR CRISTÃO</author>
    </authors>
  </properties>
  <lyrics>
    <verse name="v1">
      <lines>CRISTO VOS CHAMA, CRENTES FIÉIS,<br/>PRA OBEDECERDES ÀS SUAS LEIS;<br/>FIRMES NA CAUSA, SIM, COMBATER,<br/>SEMPRE CUMPRINDO VOSSO DEVER.</lines>
    </verse>
    <verse name="v2">
      <lines>EIA, AVANTE, DANDO COMBATE AO PECADO,<br/>   ATENDENDO AO MANDO DO BOM SALVADOR!<br/>   FIRMES, CRENTES, SEMPRE FIÉIS, BEM UNIDOS;<br/>   A VITÓRIA É DO BOM REDENTOR!</lines>
    </verse>
    <verse name="v3">
      <lines>CRISTO VOS CHAMA; DAI-LHE ATENÇÃO!<br/>VINDE DISPOSTOS, EM UNIÃO;<br/>VOSSA ARMADURA LOGO TOMAI;<br/>POR SUA CAUSA SEMPRE LUTAI!</lines>
    </verse>
    <verse name="v4">
      <lines>LOGO O CONFLITO TERMINARÁ;<br/>CRISTO, COM GLÓRIA, CEDO VIRÁ;<br/>CRENTES, LUTAI, POIS, COM SANTO ARDOR<br/>POR CRISTO, O MESTRE, REI VENCEDOR!</lines>
    </verse>
  </lyrics>
</song>
