<?xml version='1.0' encoding='utf-8'?>
<song xmlns="http://openlyrics.info/namespace/2009/song" version="0.8" createdIn="OpenLP 1.9.9" modifiedIn="OpenLP 1.9.9" modifiedDate="2012-09-30T13:18:03">
  <properties>
    <titles>
      <title> CC 482 - GUIA, Ó DEUS</title>
    </titles>
    <authors>
      <author>CANTOR CRISTÃO</author>
    </authors>
  </properties>
  <lyrics>
    <verse name="v1">
      <lines>GUIA, Ó DEUS, A MINHA SORTE<br/>NESTA PEREGRINAÇÃO;<br/>FRÁGIL SOU, MAS TU ÉS FORTE,<br/>NÃO ME LARGUE A TUA MÃO!</lines>
    </verse>
    <verse name="v2">
      <lines>NESTA TERRA DE INIMIGOS<br/>ANDO ÀS VEZES COM PAVOR;<br/>PELO MEIO DOS PERIGOS<br/>GUIA-ME MEU SALVADOR.</lines>
    </verse>
    <verse name="v3">
      <lines>NUTRE COM MANÁ CELESTE<br/>MEU FAMINTO CORAÇÃO;<br/>O MEU SER DE PAZ REVESTE,<br/>LIVRA-ME DA TENTAÇÃO.</lines>
    </verse>
    <verse name="v4">
      <lines>FONTE CRISTALINA ABRISTE,<br/>DE ONDE AS VIVAS ÁGUAS VÊM;<br/>NESTA LUTA AMARGA E TRISTE,<br/>FAZ-ME APROVEITÁ-LAS BEM.</lines>
    </verse>
    <verse name="v5">
      <lines>E, CHEGANDO AO FIM DA ESTRADA,<br/>O JORDÃO HEI DE PASSAR,<br/>E ACHAREI NO CÉU MORADA,<br/>QUE JESUS FOI PREPARAR.</lines>
    </verse>
  </lyrics>
</song>
