<?xml version='1.0' encoding='utf-8'?>
<song xmlns="http://openlyrics.info/namespace/2009/song" version="0.8" createdIn="OpenLP 1.9.9" modifiedIn="OpenLP 1.9.9" modifiedDate="2013-05-29T22:51:13">
  <properties>
    <titles>
      <title> CC 487 - PRECIOSO É JESUS</title>
    </titles>
    <verseOrder>v1 v2 v3 v2 v4 v2 v5 v2</verseOrder>
    <authors>
      <author>CANTOR CRISTÃO</author>
    </authors>
  </properties>
  <lyrics>
    <verse name="v1">
      <lines>ANELO POR CRISTO, MEU REI SALVADOR;<br/>AS HONRAS A ELE DAREI COM LOUVOR,<br/>PORQUE SEMPRE ACHEI NELE GRAÇA E FAVOR;<br/>PRECIOSO É JESUS PARA MIM!</lines>
    </verse>
    <verse name="v2">
      <lines>PRECIOSO É JESUS PARA MIM!<br/>   PRECIOSO É JESUS PARA MIM!<br/>   CELESTE PRAZER É JESUS CONHECER!<br/>   PRECIOSO É JESUS PARA MIM!</lines>
    </verse>
    <verse name="v3">
      <lines>AFÁVEL, À PORTA DO MEU CORAÇÃO,<br/>HUMILDE E MUI MANSO AGUARDOU ADMISSÃO;<br/>DO TRISTE PECADO OUTORGOU-ME PERDÃO;<br/>PRECIOSO É JESUS PARA MIM!</lines>
    </verse>
    <verse name="v4">
      <lines>FIRMADO EM JESUS EU ALCANÇO AFINAL<br/>FUTURO DE GLÓRIA NA VIDA ETERNAL,<br/>SEM UMA DESDITA, NEM NUVEM DE MAL;<br/>PRECIOSO É JESUS PARA MIM!</lines>
    </verse>
    <verse name="v5">
      <lines>NA GLÓRIA, MINHA ALMA DESEJA GOZAR,<br/>E MAIS COM O AMADO SE IDENTIFICAR;<br/>COM TODOS OS SALVOS SERVIR E ADORAR;<br/>PRECIOSO É JESUS PARA MIM!</lines>
    </verse>
  </lyrics>
</song>
