<?xml version='1.0' encoding='utf-8'?>
<song xmlns="http://openlyrics.info/namespace/2009/song" version="0.8" createdIn="OpenLP 1.9.9" modifiedIn="OpenLP 1.9.9" modifiedDate="2012-09-30T13:18:05">
  <properties>
    <titles>
      <title> CC 501 - O NOSSO LAR</title>
    </titles>
    <authors>
      <author>CANTOR CRISTÃO</author>
    </authors>
  </properties>
  <lyrics>
    <verse name="v1">
      <lines>QUERIDO LAR TENHO EU NO CÉU,<br/>ALÉM DO MUNDO, ALÉM DO VÉU;<br/>VIVER ALI SERÁ PRAZER,<br/>POR ISSO TANTO O ALMEJO VER!</lines>
    </verse>
    <verse name="v2">
      <lines>QUERIDO LAR, OH, DOCE LAR,<br/>   ONDE EU PRA SEMPRE IREI MORAR!<br/>   UM POUCO MAIS E EU PARTIREI,<br/>   E COM JESUS DESCANSAREI.</lines>
    </verse>
    <verse name="v3">
      <lines>QUERIDO LAR, ALEGRE LAR!<br/>ALI NINGUÉM VAI MAIS CHORAR;<br/>TRISTEZA E DOR E TENTAÇÃO<br/>NAQUELE LAR NÃO ENTRARÃO.</lines>
    </verse>
    <verse name="v4">
      <lines>IRÃO GOZAR NO LAR DE LUZ<br/>SÓ TEUS REMIDOS, Ó JESUS,<br/>E EU SEI QUE CRISTO, MEU SENHOR,<br/>ME ESPERA ALI NO LAR DE AMOR.</lines>
    </verse>
  </lyrics>
</song>
