<?xml version='1.0' encoding='utf-8'?>
<song xmlns="http://openlyrics.info/namespace/2009/song" version="0.8" createdIn="OpenLP 1.9.9" modifiedIn="OpenLP 1.9.9" modifiedDate="2012-09-30T13:18:15">
  <properties>
    <titles>
      <title>a-vitoria</title>
    </titles>
    <authors>
      <author>Adhemar de Campos</author>
    </authors>
  </properties>
  <lyrics>
    <verse name="v1">
      <lines>A Vitória</lines>
    </verse>
    <verse name="v2">
      <lines>A vitória é daquele que contemplar<br/>Ao Cordeiro, Cristo Leão da Tribo de Judá<br/>Que foi morto e com seu sangue pode então comprar<br/>Homens que com ele sobre a terra vão reinar</lines>
    </verse>
    <verse name="v3">
      <lines>A vitória é daquele que o adorar<br/>Pois com ele no seu trono se assentará<br/>Se a Jesus seguir e for por onde ele andar<br/>No seu monte santo um novo canto entoará</lines>
    </verse>
    <verse name="v4">
      <lines>A vitória do Senhor é certa, aleluia<br/>Com o sopro de sua boca, sim, destruirá<br/>O inimigo anti-Cristo que não resistirá<br/>Jesus Cristo Rei dominará<br/>A vitoria do Senhor é certa, aleluia<br/>Com o sopro de sua boca, sim, destruirá<br/>O inimigo anti-Cristo que nao resistirá<br/>Jesus Cristo Rei dominará<br/>O inimigo anti-Cristo que nao resistirá<br/>Jesus Cristo Rei dominará</lines>
    </verse>
  </lyrics>
</song>
