<?xml version='1.0' encoding='utf-8'?>
<song xmlns="http://openlyrics.info/namespace/2009/song" version="0.8" createdIn="OpenLP 1.9.9" modifiedIn="OpenLP 1.9.9" modifiedDate="2012-09-30T13:18:14">
  <properties>
    <titles>
      <title>adonai</title>
    </titles>
    <authors>
      <author>Adhemar de Campos</author>
    </authors>
  </properties>
  <lyrics>
    <verse name="v1">
      <lines>Adonai</lines>
    </verse>
    <verse name="v2">
      <lines>Oh! Adonai, oh! Adonai<br/>Ele é o Deus do universo, Senhor da criação (2 vezes)</lines>
    </verse>
    <verse name="v3">
      <lines>Os céus declaram tua glória,<br/>Teus filhos hoje Te adoram<br/>Por tuas maravilhas, Adonai (2 vezes)</lines>
    </verse>
    <verse name="v4">
      <lines>Oh! Adonai, oh! Adonai<br/>Ele é o Deus do universo, Senhor da criação (2 vezes)</lines>
    </verse>
    <verse name="v5">
      <lines>Os céus declaram tua glória,<br/>Teus filhos hoje Te adoram<br/>Por tuas maravilhas, Adonai (2 vezes)</lines>
    </verse>
    <verse name="v6">
      <lines>Oh! Adonai, oh! Adonai<br/>Ele é o Deus do universo, Senhor da criação (2 vezes)</lines>
    </verse>
    <verse name="v7">
      <lines>Tu mudaste meu lamento em baile<br/>Me cingiste todo de alegria (2 vezes)</lines>
    </verse>
    <verse name="v8">
      <lines>Portanto a Ti cantarei<br/>Glória minha, glória minha<br/>E só a Ti dançarei<br/>Glória minha, glória minha</lines>
    </verse>
    <verse name="v9">
      <lines>Oh! Adonai, oh! Adonai<br/>Ele é o Deus do universo, Senhor da criação (2 vezes)</lines>
    </verse>
    <verse name="v10">
      <lines>Deus do universo, Senhor da criacao (2 vezes)</lines>
    </verse>
    <verse name="v11">
      <lines>Adonai!!</lines>
    </verse>
  </lyrics>
</song>
