<?xml version='1.0' encoding='utf-8'?>
<song xmlns="http://openlyrics.info/namespace/2009/song" version="0.8" createdIn="OpenLP 1.9.9" modifiedIn="OpenLP 1.9.9" modifiedDate="2012-09-30T13:18:14">
  <properties>
    <titles>
      <title>agua-viva</title>
    </titles>
    <authors>
      <author>Adhemar de Campos</author>
    </authors>
  </properties>
  <lyrics>
    <verse name="v1">
      <lines>Água Viva</lines>
    </verse>
    <verse name="v2">
      <lines>Quem beber da minha água<br/>Nunca voltará ter sede<br/>Água viva do interior fluirá<br/>Quem beber da minha água<br/>Nunca voltará ter sede<br/>Do espírito transbordará<br/>Água viva, cristalina<br/>Vem de cima sobre nós<br/>Água viva cristalina<br/>Que procede de Deus<br/>Trazendo purificação<br/>Dá-nos sempre desta água<br/>E poder do teu espírito<br/>Para te glorificarmos Senhor<br/>Dá-nos sempre desta água<br/>Pra vivermos no espírito<br/>E assim anunciarmos teu amor.</lines>
    </verse>
  </lyrics>
</song>
