<?xml version='1.0' encoding='utf-8'?>
<song xmlns="http://openlyrics.info/namespace/2009/song" version="0.8" createdIn="OpenLP 1.9.9" modifiedIn="OpenLP 1.9.9" modifiedDate="2012-09-30T13:18:15">
  <properties>
    <titles>
      <title>ah-eu-quero-sim</title>
    </titles>
    <authors>
      <author>Adhemar de Campos</author>
    </authors>
  </properties>
  <lyrics>
    <verse name="v1">
      <lines>Ah eu quero Sim</lines>
    </verse>
    <verse name="v2">
      <lines>Ah, eu quero sim do teu amor Senhor<br/>Ah, eu quero sim do teu amor Senhor.<br/>Fica comigo Senhor<br/>Toma conta do meu coração<br/>Dá-me paz e alegria pra viver em comunhão<br/>Com meus irmãos.</lines>
    </verse>
  </lyrics>
</song>
