<?xml version='1.0' encoding='utf-8'?>
<song xmlns="http://openlyrics.info/namespace/2009/song" version="0.8" createdIn="OpenLP 1.9.9" modifiedIn="OpenLP 1.9.9" modifiedDate="2012-09-30T13:18:15">
  <properties>
    <titles>
      <title>alegrem-se-os-ceus</title>
    </titles>
    <authors>
      <author>Adhemar de Campos</author>
    </authors>
  </properties>
  <lyrics>
    <verse name="v1">
      <lines>Alegrem-se Os Céus</lines>
    </verse>
    <verse name="v2">
      <lines>Alegrem-se os céus<br/>Alegrem-se os céus.</lines>
    </verse>
    <verse name="v3">
      <lines>Regozije-se a terra.<br/>E diga-se entre as nações.</lines>
    </verse>
    <verse name="v4">
      <lines>O Senhor reina.</lines>
    </verse>
    <verse name="v5">
      <lines>Aleluia,<br/>Aleluia,<br/>Aleluia.<br/>O Senhor reina.</lines>
    </verse>
  </lyrics>
</song>
