<?xml version='1.0' encoding='utf-8'?>
<song xmlns="http://openlyrics.info/namespace/2009/song" version="0.8" createdIn="OpenLP 1.9.9" modifiedIn="OpenLP 1.9.9" modifiedDate="2012-09-30T13:18:15">
  <properties>
    <titles>
      <title>alegrai-vos-no-senhor</title>
    </titles>
    <authors>
      <author>Adhemar de Campos</author>
    </authors>
  </properties>
  <lyrics>
    <verse name="v1">
      <lines>Alegrai-vos no Senhor</lines>
    </verse>
    <verse name="v2">
      <lines>Alegrai-vos no Senhor<br/>Vós todos os seus santos<br/>Ele é a nossa fortaleza<br/>Bendizei ao Senhor<br/>Que sustenta o seu povo<br/>Ele é a nossa fortaleza.</lines>
    </verse>
    <verse name="v3">
      <lines>Tu, Senhor, és o meu pastor<br/>E o meu escudo<br/>Minha luz e salvação<br/>Não temerei.</lines>
    </verse>
  </lyrics>
</song>
