<?xml version='1.0' encoding='utf-8'?>
<song xmlns="http://openlyrics.info/namespace/2009/song" version="0.8" createdIn="OpenLP 1.9.9" modifiedIn="OpenLP 1.9.9" modifiedDate="2012-09-30T13:18:15">
  <properties>
    <titles>
      <title>altar-de-deus</title>
    </titles>
    <authors>
      <author>Adhemar de Campos</author>
    </authors>
  </properties>
  <lyrics>
    <verse name="v1">
      <lines>Altar de Deus</lines>
    </verse>
    <verse name="v2">
      <lines>Então irei<br/>Ao altar de Deus<br/>Que é minha alegria<br/>Para sempre</lines>
    </verse>
    <verse name="v3">
      <lines>De coração<br/>Com harpa louvarei<br/>Com grande alegria<br/>Para sempre</lines>
    </verse>
  </lyrics>
</song>
