<?xml version='1.0' encoding='utf-8'?>
<song xmlns="http://openlyrics.info/namespace/2009/song" version="0.8" createdIn="OpenLP 1.9.9" modifiedIn="OpenLP 1.9.9" modifiedDate="2012-09-30T13:18:15">
  <properties>
    <titles>
      <title>amigo-de-deus</title>
    </titles>
    <authors>
      <author>Adhemar de Campos</author>
    </authors>
  </properties>
  <lyrics>
    <verse name="v1">
      <lines>Amigo de Deus</lines>
    </verse>
    <verse name="v2">
      <lines>Não existe nada melhor<br/>Do que ser amigo de Deus<br/>Caminhar seguro na luz<br/>Desfrutar do seu amor<br/>Ter a paz no coração<br/>Viver sempre em comunhão<br/>E assim perceber<br/>A grandeza do poder<br/>De Jesus meu bom pastor</lines>
    </verse>
  </lyrics>
</song>
