<?xml version='1.0' encoding='utf-8'?>
<song xmlns="http://openlyrics.info/namespace/2009/song" version="0.8" createdIn="OpenLP 1.9.9" modifiedIn="OpenLP 1.9.9" modifiedDate="2012-09-30T13:18:15">
  <properties>
    <titles>
      <title>antes-eu-te-conhecia</title>
    </titles>
    <authors>
      <author>Adhemar de Campos</author>
    </authors>
  </properties>
  <lyrics>
    <verse name="v1">
      <lines>Antes Eu Te Conhecia</lines>
    </verse>
    <verse name="v2">
      <lines>Antes eu te conhecia de ouvir falar,<br/>Mas agora de contigo andar<br/>Eu sei o Deus que tenho<br/>Meu Rei Senhor e Pai,<br/>Te quero em minha vida mais e mais<br/>Antes eu te conhecia de ouvir falar<br/>Mas agora de contigo andar<br/>Tu és meu bem supremo, meu Rei,<br/>Senhor e Pai, me alegro em tua<br/>Vontade mais e mais<br/>Tu sondas e conheces meu coração Senhor<br/>Sabes, sou limitado mas conto com teu amor<br/>Sendo pois teu filho venho te dar louvor<br/>Que bom é tua vida em minha vida<br/>Antes eu te conhecia de ouvir falar<br/>Tu sondas e conheces meu coração Senhor<br/>Sabes de ti dependo e conto com teu amor<br/>Sendo pois teu filho venho te dar louvor<br/>Que bom é tua vida em minha vida<br/>Que glória é tua vida em minha vida<br/>Me alegro com tua vida em minha vida</lines>
    </verse>
  </lyrics>
</song>
