<?xml version='1.0' encoding='utf-8'?>
<song xmlns="http://openlyrics.info/namespace/2009/song" version="0.8" createdIn="OpenLP 1.9.9" modifiedIn="OpenLP 1.9.9" modifiedDate="2012-09-30T13:20:12">
  <properties>
    <titles>
      <title>AQUELE QUE TEM SEDE</title>
    </titles>
    <authors>
      <author>ADHEMAR DE CAMPOS</author>
    </authors>
  </properties>
  <lyrics>
    <verse name="v1">
      <lines>AQUELE QUE<br/>TEM SEDE BUSCA<br/>BEBER DA ÁGUA<br/>QUE CRISTO DÁ<br/>TERÁ DENTRO<br/>DE SI UMA FONTE<br/>QUE JAMAIS ACABARÁ</lines>
    </verse>
    <verse name="v2">
      <lines>A FONTE DE ÁGUA VIVA<br/>É O SENHOR<br/>E A ÁGUA<br/>É O CONSOLADOR<br/>ESPÍRITO DE VIDA<br/>E AMOR PRECISO DELE</lines>
    </verse>
    <verse name="v3">
      <lines>TU ÉS O ESPÍRITO<br/>DE AMOR<br/>O MEU GUIA<br/>E CONSOLADOR<br/>ENCHE-ME DO FOGO<br/>DO SENHOR<br/>PRECISO DE TI</lines>
    </verse>
  </lyrics>
</song>
