<?xml version='1.0' encoding='utf-8'?>
<song xmlns="http://openlyrics.info/namespace/2009/song" version="0.8" createdIn="OpenLP 1.9.9" modifiedIn="OpenLP 1.9.9" modifiedDate="2012-09-30T13:18:15">
  <properties>
    <titles>
      <title>aquele-que-tem-sede</title>
    </titles>
    <authors>
      <author>Adhemar de Campos</author>
    </authors>
  </properties>
  <lyrics>
    <verse name="v1">
      <lines>Aquele Que Tem Sede</lines>
    </verse>
    <verse name="v2">
      <lines>Aquele que tem sede e busca<br/>Beber da água que Cristo dá<br/>Terá dentro de si uma fonte<br/>Que jamais acabará<br/>Fonte de água viva é o Senhor<br/>Minha água é o Consolador<br/>Espírito de vida e louvor<br/>Preciso dele<br/>Tu és o Espírito de amor<br/>O meu guia e Consolador<br/>Enche-me do fogo do Senhor<br/>Preciso de ti</lines>
    </verse>
  </lyrics>
</song>
