<?xml version='1.0' encoding='utf-8'?>
<song xmlns="http://openlyrics.info/namespace/2009/song" version="0.8" createdIn="OpenLP 1.9.9" modifiedIn="OpenLP 1.9.9" modifiedDate="2012-09-30T13:18:15">
  <properties>
    <titles>
      <title>bem-perto</title>
    </titles>
    <authors>
      <author>Adhemar de Campos</author>
    </authors>
  </properties>
  <lyrics>
    <verse name="v1">
      <lines>Bem Perto</lines>
    </verse>
    <verse name="v2">
      <lines>Bem perto está Jesus<br/>O senhor daqueles que o invocam em verdade<br/>Quebranta senhor o meu coração<br/>Para ministrar real adoração</lines>
    </verse>
    <verse name="v3">
      <lines>Meu maior desejo Senhor<br/>É te conhecer<br/>Desfrutar da tua comunhão Minh´alma tem sede de Deus</lines>
    </verse>
    <verse name="v4">
      <lines>Dependo de ti<br/>Quebranta o meu coração.</lines>
    </verse>
  </lyrics>
</song>
