<?xml version='1.0' encoding='utf-8'?>
<song xmlns="http://openlyrics.info/namespace/2009/song" version="0.8" createdIn="OpenLP 1.9.9" modifiedIn="OpenLP 1.9.9" modifiedDate="2012-09-30T13:18:15">
  <properties>
    <titles>
      <title>bem-supremo</title>
    </titles>
    <authors>
      <author>Adhemar de Campos</author>
    </authors>
  </properties>
  <lyrics>
    <verse name="v1">
      <lines>Bem Supremo</lines>
    </verse>
    <verse name="v2">
      <lines>Antes eu te conhecia de ouvir falar,<br/>Mas agora de contigo andar<br/>Eu sei o Deus que tenho<br/>Meu Rei, Senhor e Pai<br/>Te quero em minha vida<br/>Mais e mais</lines>
    </verse>
    <verse name="v3">
      <lines>Antes eu te conhecia de ouvir falar<br/>Mas agora de contigo andar<br/>Tu és meu bem supremo,<br/>Meu Rei, Senhor e Pai,<br/>Me alegro em tua vontade<br/>Mais e mais</lines>
    </verse>
    <verse name="v4">
      <lines>Tu sondas<br/>E conheces meu coração Senhor<br/>Sabes, sou limitado<br/>Mas conto com teu amor</lines>
    </verse>
    <verse name="v5">
      <lines>Sendo pois teu filho<br/>Venho te dar louvor<br/>Que bom é tua vida<br/>Em minha vida</lines>
    </verse>
    <verse name="v6">
      <lines>Tu sondas<br/>E conheces meu coração Senhor<br/>Sabes, de Ti dependo<br/>E conto com teu amor</lines>
    </verse>
    <verse name="v7">
      <lines>Sendo pois teu filho<br/>Venho te dar louvor<br/>Que bom é tua vida<br/>Em minha vida</lines>
    </verse>
    <verse name="v8">
      <lines>Que glória é tua vida<br/>Em minha vida<br/>Me alegro com tua vida<br/>Em minha vida</lines>
    </verse>
  </lyrics>
</song>
