<?xml version='1.0' encoding='utf-8'?>
<song xmlns="http://openlyrics.info/namespace/2009/song" version="0.8" createdIn="OpenLP 1.9.9" modifiedIn="OpenLP 1.9.9" modifiedDate="2012-09-30T13:18:16">
  <properties>
    <titles>
      <title>bendito-seja-deus-nossa-fortaleza</title>
    </titles>
    <authors>
      <author>Adhemar de Campos</author>
    </authors>
  </properties>
  <lyrics>
    <verse name="v1">
      <lines>Bendito Seja Deus Nossa Fortaleza</lines>
    </verse>
    <verse name="v2">
      <lines>Bendito seja Deus nossa fortaleza,<br/>Bendito seja Deus nosso escudo<br/>Ele reina vitoriosamente<br/>Bendito seja o nome do Senhor<br/>Bendito seja o nome do Senhor<br/>Seu poder é semelhante ao grande mar<br/>Sua graça trouxe vida para mim<br/>E agora sou vitorioso<br/>Bendito o nome do Senhor<br/>Seu sangue livrou-me da escravidão<br/>Seu amor opera sua vida em mim<br/>E agora sou dele eternamente<br/>Bendito seja o nome do Senhor</lines>
    </verse>
  </lyrics>
</song>
