<?xml version='1.0' encoding='utf-8'?>
<song xmlns="http://openlyrics.info/namespace/2009/song" version="0.8" createdIn="OpenLP 1.9.9" modifiedIn="OpenLP 1.9.9" modifiedDate="2012-09-30T13:18:16">
  <properties>
    <titles>
      <title>bom-cantar-aleluia</title>
    </titles>
    <authors>
      <author>Adhemar de Campos</author>
    </authors>
  </properties>
  <lyrics>
    <verse name="v1">
      <lines>Bom é Cantar Aleluia</lines>
    </verse>
    <verse name="v2">
      <lines>Bom é cantar aleluia, bom é louvar a Deus<br/>Sim, com toda alegria a ele bendizer<br/>Bom é cantar aleluia, bom é louvar a Deus<br/>Sim, com toda alegria a ele bendizer, bendizer<br/>Deus é minha fortaleza, meu refugio e proteção<br/>Transformou minha tristeza em nova canção<br/>Deus é minha fortaleza, meu refugio e proteção<br/>Transformou minha tristeza em nova canção</lines>
    </verse>
  </lyrics>
</song>
