<?xml version='1.0' encoding='utf-8'?>
<song xmlns="http://openlyrics.info/namespace/2009/song" version="0.8" createdIn="OpenLP 1.9.9" modifiedIn="OpenLP 1.9.9" modifiedDate="2012-09-30T13:18:16">
  <properties>
    <titles>
      <title>cantai-ao-senhor</title>
    </titles>
    <authors>
      <author>Adhemar de Campos</author>
    </authors>
  </properties>
  <lyrics>
    <verse name="v1">
      <lines>Cantai ao Senhor</lines>
    </verse>
    <verse name="v2">
      <lines>Cantai ao senhor um novo cântico sua glória está no templo<br/>Ele é o rei dos reis único senhor rendei-vos à ele<br/>Aleluia glórias a deus aleluia glórias a deus<br/>Cantai ao senhor um novo cântico pois se agrada em recebe-lo<br/>Toda a criação cantai glória ao nosso deus rendei-vos a ele</lines>
    </verse>
  </lyrics>
</song>
