<?xml version='1.0' encoding='utf-8'?>
<song xmlns="http://openlyrics.info/namespace/2009/song" version="0.8" createdIn="OpenLP 1.9.9" modifiedIn="OpenLP 1.9.9" modifiedDate="2012-09-30T13:18:16">
  <properties>
    <titles>
      <title>celebracao-da-unidade</title>
    </titles>
    <authors>
      <author>Adhemar de Campos</author>
    </authors>
  </properties>
  <lyrics>
    <verse name="v1">
      <lines>Celebração Da Unidade</lines>
    </verse>
    <verse name="v2">
      <lines>Falando entre nós<br/>Com salmos e cânticos espirituais<br/>Assim seremos cheios do espírito<br/>Por certo provaremos<br/>A vontade do senhor</lines>
    </verse>
    <verse name="v3">
      <lines>Porquanto os dias são maus<br/>Sujeitando-nos uns aos outros<br/>No temor de deus<br/>Preservando a unidade do espírito</lines>
    </verse>
    <verse name="v4">
      <lines>Porque cristo em sua carne desfez<br/>A inimizade e de ambos os povos<br/>Celebremos a unidade<br/>Que foi feita lá na cruz pela morte de jesus</lines>
    </verse>
    <verse name="v5">
      <lines>Ministremos com alegria sacrifícios de louvor<br/>A deus o nosso amado pai<br/>A deus o nosso amado pai<br/>A deus o nosso bondoso pai</lines>
    </verse>
  </lyrics>
</song>
