<?xml version='1.0' encoding='utf-8'?>
<song xmlns="http://openlyrics.info/namespace/2009/song" version="0.8" createdIn="OpenLP 1.9.9" modifiedIn="OpenLP 1.9.9" modifiedDate="2012-09-30T13:18:16">
  <properties>
    <titles>
      <title>como-fez-davi</title>
    </titles>
    <authors>
      <author>Adhemar de Campos</author>
    </authors>
  </properties>
  <lyrics>
    <verse name="v1">
      <lines>Como Fez Davi</lines>
    </verse>
    <verse name="v2">
      <lines>Como fez davi diante do senhor<br/>Com toda força eu dançarei<br/>Perante o rei dos reis como miriã fez com seu tamborim</lines>
    </verse>
    <verse name="v3">
      <lines>Eu aplaudirei e cantarei perante o rei dos reis como fez judá no campo de batalha<br/>Com voz de júbilo<br/>Celebrarei jesus</lines>
    </verse>
    <verse name="v4">
      <lines>O rei dos reis<br/>Como josué fez em jericó<br/>Já vencemos a satanás<br/>Com cristo o rei dos reis</lines>
    </verse>
    <verse name="v5">
      <lines>Como é bom poder viver<br/>Para o adorar<br/>Cristo que nos libertou<br/>É digno de louvor</lines>
    </verse>
  </lyrics>
</song>
