<?xml version='1.0' encoding='utf-8'?>
<song xmlns="http://openlyrics.info/namespace/2009/song" version="0.8" createdIn="OpenLP 1.9.9" modifiedIn="OpenLP 1.9.9" modifiedDate="2012-09-30T13:18:16">
  <properties>
    <titles>
      <title>como-nao-te-adorar</title>
    </titles>
    <authors>
      <author>Adhemar de Campos</author>
    </authors>
  </properties>
  <lyrics>
    <verse name="v1">
      <lines>Como não Te Adorar</lines>
    </verse>
    <verse name="v2">
      <lines>Como não Te adorar?<br/>Tu és nosso Pai de amor<br/>Como não dedicar?<br/>Nossa vida em Teu louvor.</lines>
    </verse>
    <verse name="v3">
      <lines>Tu és um Deus Santo<br/>Poderoso em toda a terra<br/>A Ti oferecemos<br/>O que temos de melhor.</lines>
    </verse>
  </lyrics>
</song>
