<?xml version='1.0' encoding='utf-8'?>
<song xmlns="http://openlyrics.info/namespace/2009/song" version="0.8" createdIn="OpenLP 1.9.9" modifiedIn="OpenLP 1.9.9" modifiedDate="2012-09-30T13:18:16">
  <properties>
    <titles>
      <title>coroado-senhor</title>
    </titles>
    <authors>
      <author>Adhemar de Campos</author>
    </authors>
  </properties>
  <lyrics>
    <verse name="v1">
      <lines>Coroado Senhor</lines>
    </verse>
    <verse name="v2">
      <lines>Tu sentaste<br/>À direita<br/>De Deus Pai<br/>Com majestade</lines>
    </verse>
    <verse name="v3">
      <lines>Tu sentaste<br/>À direita<br/>De Deus Pai<br/>Com majestade</lines>
    </verse>
    <verse name="v4">
      <lines>Coroado Senhor<br/>És fiel<br/>Justo e veraz<br/>És meu amo<br/>E meu dono<br/>Com amor te servirei</lines>
    </verse>
    <verse name="v5">
      <lines>Com amor te servirei...</lines>
    </verse>
  </lyrics>
</song>
