<?xml version='1.0' encoding='utf-8'?>
<song xmlns="http://openlyrics.info/namespace/2009/song" version="0.8" createdIn="OpenLP 1.9.9" modifiedIn="OpenLP 1.9.9" modifiedDate="2012-09-30T13:18:16">
  <properties>
    <titles>
      <title>de-gloria-em-gloria</title>
    </titles>
    <authors>
      <author>Adhemar de Campos</author>
    </authors>
  </properties>
  <lyrics>
    <verse name="v1">
      <lines>De Gloria Em Gloria</lines>
    </verse>
    <verse name="v2">
      <lines>De gloria em gloria te vejo<br/>Quanto mais te conheco quero saber mais de ti<br/>Meu Deus como bom oleiro<br/>quebranta-me, transforma-me , molda-me a tua imagem, Senhor</lines>
    </verse>
    <verse name="v3">
      <lines>Quero ser mais como tu<br/>Ter a vida como tu<br/>Vem encher-me do espirito<br/>Refletir ao mundo teu amor (2 vezes)</lines>
    </verse>
    <verse name="v4">
      <lines>De gloria em gloria te vejo<br/>Quanto mais te conheco quero saber mais de ti<br/>Meu Deus como bom oleiro<br/>quebranta-me, transforma-me , molda-me a tua imagem, Senhor</lines>
    </verse>
    <verse name="v5">
      <lines>Quero ser mais como tu<br/>Ter a vida como tu<br/>Vem encher-me do espirito<br/>Refletir ao mundo teu amor (2 vezes)</lines>
    </verse>
    <verse name="v6">
      <lines>Refletir ao mundo teu amor (2 vezes)</lines>
    </verse>
  </lyrics>
</song>
