<?xml version='1.0' encoding='utf-8'?>
<song xmlns="http://openlyrics.info/namespace/2009/song" version="0.8" createdIn="OpenLP 1.9.9" modifiedIn="OpenLP 1.9.9" modifiedDate="2012-09-30T13:18:16">
  <properties>
    <titles>
      <title>debaixo-da-graca</title>
    </titles>
    <authors>
      <author>Adhemar de Campos</author>
    </authors>
  </properties>
  <lyrics>
    <verse name="v1">
      <lines>Debaixo Da Graça</lines>
    </verse>
    <verse name="v2">
      <lines>Porque estais debaixo da graca,<br/>E não debaixo da lei<br/>O pecado não mais terá domínio,<br/>Sobre vós<br/>Sobre vós</lines>
    </verse>
    <verse name="v3">
      <lines>Considerai-vos mortos ao pecado<br/>E vivos para Deus<br/>Considerai-vos mortos ao pecado<br/>E vivos para Deus</lines>
    </verse>
  </lyrics>
</song>
