<?xml version='1.0' encoding='utf-8'?>
<song xmlns="http://openlyrics.info/namespace/2009/song" version="0.8" createdIn="OpenLP 1.9.9" modifiedIn="OpenLP 1.9.9" modifiedDate="2012-09-30T13:18:17">
  <properties>
    <titles>
      <title>deus-esta-em-nosso-meio</title>
    </titles>
    <authors>
      <author>Adhemar de Campos</author>
    </authors>
  </properties>
  <lyrics>
    <verse name="v1">
      <lines>Deus Está Em Nosso Meio</lines>
    </verse>
    <verse name="v2">
      <lines>Deus esta em nosso meio pra receber nossos louvores<br/>Deus esta em nosso meio pra receber nossos louvores<br/>Deus esta em nosso meio pra receber nossos louvores<br/>Deus esta em nosso meio pra receber nossos louvores<br/>Bendito Senhor Deus, Maravilhoso<br/>Temido é seu nome em toda a terra<br/>O gozo do Senhor é nossa forca<br/>O nome de poder é Jeová<br/>O Deus Onipotente é Jeová<br/>O Príncipe da Paz é Jeová<br/>O Rei do universo é Jeová<br/>O grande Salvador é Jeová<br/>Quem pode libertar? Só Jeová<br/>Quem veio por você? Foi Jeová<br/>Em quem devemos crer? Em Jeová<br/>Nossa vida oferecer? Pra Jeová<br/>Deus esta em nosso meio pra receber nossos louvores<br/>Deus esta em nosso meio pra receber nossos louvores<br/>Bendito Senhor Deus, Maravilhoso<br/>Temido e seu nome em toda a terra<br/>O gozo do Senhor e nossa forca<br/>O nome de poder e Jeová<br/>Jeová é o nome, Jeová é o nome<br/>Pra ele meu louvor eu quero dar<br/>Jeová é o nome, Jeová é o nome<br/>Cantar alegremente, aleluia</lines>
    </verse>
  </lyrics>
</song>
