<?xml version='1.0' encoding='utf-8'?>
<song xmlns="http://openlyrics.info/namespace/2009/song" version="0.8" createdIn="OpenLP 1.9.9" modifiedIn="OpenLP 1.9.9" modifiedDate="2012-09-30T13:18:17">
  <properties>
    <titles>
      <title>disse-jesus</title>
    </titles>
    <authors>
      <author>Adhemar de Campos</author>
    </authors>
  </properties>
  <lyrics>
    <verse name="v1">
      <lines>Disse Jesus</lines>
    </verse>
    <verse name="v2">
      <lines>"Dai a eles", disse Jesus<br/>"Dai a eles", o que comer<br/>"Dai a eles", a palavra de Deus<br/>"Dai a eles", o que beber.</lines>
    </verse>
    <verse name="v3">
      <lines>O Mestre falou: "Eu sou o caminho<br/>A verdade, a vida eterna<br/>Ninguém vem ao Pai a não ser por mim"<br/>A resposta certa é Jesus.</lines>
    </verse>
    <verse name="v4">
      <lines>Jesus é amor, Jesus é perdão<br/>Ele é a salvação<br/>Na cruz do Calvário Ele venceu<br/>Pra nos dar libertação.</lines>
    </verse>
    <verse name="v5">
      <lines>Se há desespero, se há confusão<br/>Cristo é a solução<br/>A vida com Ele é vida melhor<br/>Alegria e direção.</lines>
    </verse>
  </lyrics>
</song>
