<?xml version='1.0' encoding='utf-8'?>
<song xmlns="http://openlyrics.info/namespace/2009/song" version="0.8" createdIn="OpenLP 1.9.9" modifiedIn="OpenLP 1.9.9" modifiedDate="2012-09-30T13:18:17">
  <properties>
    <titles>
      <title>eis-me-aqui</title>
    </titles>
    <authors>
      <author>Adhemar de Campos</author>
    </authors>
  </properties>
  <lyrics>
    <verse name="v1">
      <lines>Eis-me Aqui</lines>
    </verse>
    <verse name="v2">
      <lines>Eis-me aqui, eu irei Senhor (2 vezes)<br/>Envia-me a mim, que disposto estou<br/>Levarei Tua gloria as nacoes</lines>
    </verse>
    <verse name="v3">
      <lines>Eis-me aqui, eu irei Senhor (2 vezes)<br/>Envia-me a mim, que disposto estou<br/>Levarei Tua gloria as nacoes</lines>
    </verse>
    <verse name="v4">
      <lines>Eis-me aqui, eu irei Senhor (2 vezes)<br/>Envia-me a mim, que disposto estou<br/>Levarei Tua gloria as nacoes</lines>
    </verse>
    <verse name="v5">
      <lines>Eis-me aqui, eu irei Senhor (2 vezes)<br/>Envia-me a mim, que disposto estou<br/>Levarei Tua gloria as nacoes</lines>
    </verse>
    <verse name="v6">
      <lines>Eis-me aqui, eu irei Senhor (2 vezes)<br/>Envia-me a mim, que disposto estou<br/>Levarei Tua gloria as nacoes</lines>
    </verse>
    <verse name="v7">
      <lines>Eis-me aqui, eu irei Senhor (2 vezes)<br/>Envia-me a mim, que disposto estou<br/>Levarei Tua gloria as nacoes</lines>
    </verse>
    <verse name="v8">
      <lines>Aleluia te louvamos oh Deus!</lines>
    </verse>
  </lyrics>
</song>
