<?xml version='1.0' encoding='utf-8'?>
<song xmlns="http://openlyrics.info/namespace/2009/song" version="0.8" createdIn="OpenLP 1.9.9" modifiedIn="OpenLP 1.9.9" modifiedDate="2012-09-30T13:18:17">
  <properties>
    <titles>
      <title>ele-vem-pra-te-salvar</title>
    </titles>
    <authors>
      <author>Adhemar de Campos</author>
    </authors>
  </properties>
  <lyrics>
    <verse name="v1">
      <lines>Ele Vem Pra Te Salvar</lines>
    </verse>
    <verse name="v2">
      <lines>Diga para os temerosos<br/>não há nada a temer<br/>Poderoso é o teu Senhor quando clama Seu nome Ele então virá<br/>Ele vem pra te salvar, Ele vem para te salvar<br/>Diga ao cansado, o teu Senhor virá<br/>Ele vem para te salvar.<br/>Ele vem pra te salvar, Ele vem para te salvar<br/>Contempla ao Senhor e te levantarás<br/>Ele vem para te salvar<br/>Diga para os abatidos, não percam a fé<br/>Poderoso é o teu Senhor quando clama Seu nome<br/>Ele então virá.<br/>Ele vem pra te salvar, Ele vem para te salvar<br/>Diga ao cansado, o teu Senhor virá<br/>Ele vem para te salvar.<br/>Ele vem pra te salvar, Ele vem para te salvar<br/>Contempla ao Senhor e te levantarás<br/>Ele vem para te salvar<br/>Ele é o teu refúgio em meio as lutas<br/>O escudo na tempestade.<br/>Uma torre na tristeza<br/>Fortaleza em meio a batalha.</lines>
    </verse>
  </lyrics>
</song>
