<?xml version='1.0' encoding='utf-8'?>
<song xmlns="http://openlyrics.info/namespace/2009/song" version="0.8" createdIn="OpenLP 1.9.9" modifiedIn="OpenLP 1.9.9" modifiedDate="2012-09-30T13:18:17">
  <properties>
    <titles>
      <title>ele-o-leao</title>
    </titles>
    <authors>
      <author>Adhemar de Campos</author>
    </authors>
  </properties>
  <lyrics>
    <verse name="v1">
      <lines>Ele É o Leão</lines>
    </verse>
    <verse name="v2">
      <lines>Ele é o leão da tribo de judá jesus tomou nossas cadeias<br/>E nos libertou</lines>
    </verse>
    <verse name="v3">
      <lines>Ele é a rocha da nossa vitória<br/>A nossa força em tempo de<br/>Fraqueza</lines>
    </verse>
    <verse name="v4">
      <lines>Uma torre em tempo de guerra oh esperança de israel</lines>
    </verse>
  </lyrics>
</song>
