<?xml version='1.0' encoding='utf-8'?>
<song xmlns="http://openlyrics.info/namespace/2009/song" version="0.8" createdIn="OpenLP 1.9.9" modifiedIn="OpenLP 1.9.9" modifiedDate="2012-09-30T13:18:17">
  <properties>
    <titles>
      <title>ele-exaltado</title>
    </titles>
    <authors>
      <author>Adhemar de Campos</author>
    </authors>
  </properties>
  <lyrics>
    <verse name="v1">
      <lines>Ele é Exaltado</lines>
    </verse>
    <verse name="v2">
      <lines>Ele é exaltado, o Rei é exaltado nos céus<br/>Eu o louvarei<br/>Ele é exaltado, pra sempre exaltado<br/>O Seu nome louvarei<br/>Ele é o Senhor<br/>Sua verdade vai sempre reinar<br/>Terra e céus<br/>Glorificam seu Santo nome</lines>
    </verse>
    <verse name="v3">
      <lines>Ele é exaltado, o Rei é exaltado nos céus</lines>
    </verse>
    <verse name="v4">
      <lines>Ele é exaltado, o Rei é exaltado nos céus<br/>Eu o louvarei<br/>Ele é exaltado, pra sempre exaltado<br/>O seu nome louvarei<br/>Ele é o Senhor<br/>Sua verdade vai sempre reinar<br/>Terra e céus<br/>Glorificam seu Santo nome</lines>
    </verse>
    <verse name="v5">
      <lines>Ele é exaltado, o Rei é exaltado nos céus (SIM JESUS!!)</lines>
    </verse>
    <verse name="v6">
      <lines>Ele é o Senhor<br/>Sua verdade vai sempre reinar<br/>Terra e céus<br/>Glorificam seu Santo nome</lines>
    </verse>
    <verse name="v7">
      <lines>Ele é exaltado, o Rei é exaltado nos céus (Aleluia!!)<br/>Ele é exaltado, o Rei é exaltado nos céus (JESUS!!)<br/>Ele é exaltado, o Rei é exaltado nos céus (Aleluia!!)</lines>
    </verse>
  </lyrics>
</song>
