<?xml version='1.0' encoding='utf-8'?>
<song xmlns="http://openlyrics.info/namespace/2009/song" version="0.8" createdIn="OpenLP 1.9.9" modifiedIn="OpenLP 1.9.9" modifiedDate="2012-09-30T13:18:17">
  <properties>
    <titles>
      <title>em-tua-presenca</title>
    </titles>
    <authors>
      <author>Adhemar de Campos</author>
    </authors>
  </properties>
  <lyrics>
    <verse name="v1">
      <lines>Em Tua Presença</lines>
    </verse>
    <verse name="v2">
      <lines>Pelo sangue de Jesus, novo e vivo caminho<br/>Confiante entrarei, em tua santa presença</lines>
    </verse>
    <verse name="v3">
      <lines>Diante do teu trono<br/>Diante do trono da graça<br/>Face-à-face diante de ti meu Pai</lines>
    </verse>
    <verse name="v4">
      <lines>Eu sempre estarei<br/>Em tua presença Senhor<br/>Em tua presença Senhor</lines>
    </verse>
    <verse name="v5">
      <lines>Há libertação, há restauração<br/>Em tua presença Senhor<br/>Em tua presença Senhor<br/>Em tua presença</lines>
    </verse>
    <verse name="v6">
      <lines>Há vida, há paz, há plena alegria<br/>Em tua presença Senhor...(BIS)</lines>
    </verse>
  </lyrics>
</song>
