<?xml version='1.0' encoding='utf-8'?>
<song xmlns="http://openlyrics.info/namespace/2009/song" version="0.8" createdIn="OpenLP 1.9.9" modifiedIn="OpenLP 1.9.9" modifiedDate="2012-09-30T13:18:17">
  <properties>
    <titles>
      <title>enche-me-senhor</title>
    </titles>
    <authors>
      <author>Adhemar de Campos</author>
    </authors>
  </properties>
  <lyrics>
    <verse name="v1">
      <lines>Enche-me Senhor</lines>
    </verse>
    <verse name="v2">
      <lines>Como a corca suspira pelas aguas<br/>Assim como a minh'alma por Ti Senhor<br/>Dia e noite sede tenho de ti<br/>E so a Ti buscarei</lines>
    </verse>
    <verse name="v3">
      <lines>Enche-me, enche-me, Senhor<br/>Da-me mais, mais do teu amor<br/>Eu tenho sede so de Ti<br/>Enche-me, Senhor</lines>
    </verse>
    <verse name="v4">
      <lines>Como a corca suspira pelas aguas<br/>Assim como a minh'alma por Ti Senhor<br/>Dia e noite sede tenho de ti<br/>E so a Ti buscarei</lines>
    </verse>
    <verse name="v5">
      <lines>Enche-me, enche-me, Senhor<br/>Da-me mais, mais do teu amor<br/>Eu tenho sede so de Ti<br/>Enche-me, Senhor</lines>
    </verse>
    <verse name="v6">
      <lines>Enche-me, enche-me, Senhor<br/>Da-me mais, mais do teu amor<br/>Eu tenho sede so de Ti<br/>Enche-me, Senhor</lines>
    </verse>
    <verse name="v7">
      <lines>Eu tenho sede so de ti, enche-me Senhor</lines>
    </verse>
  </lyrics>
</song>
