<?xml version='1.0' encoding='utf-8'?>
<song xmlns="http://openlyrics.info/namespace/2009/song" version="0.8" createdIn="OpenLP 1.9.9" modifiedIn="OpenLP 1.9.9" modifiedDate="2012-09-30T13:18:17">
  <properties>
    <titles>
      <title>estou-aqui-pra-te-louvar</title>
    </titles>
    <authors>
      <author>Adhemar de Campos</author>
    </authors>
  </properties>
  <lyrics>
    <verse name="v1">
      <lines>Estou Aqui Pra Te Louvar</lines>
    </verse>
    <verse name="v2">
      <lines>Estou aqui pra Te Louvar<br/>Estou aqui pra Te Exaltar<br/>Estou aqui pra Te Adorar<br/>Estou aqui, porque te amo, Jesus !! Jesus !! (2 vezes)</lines>
    </verse>
    <verse name="v3">
      <lines>Toda minha vida eu rendo a Ti<br/>Todo o meu ser pertence a Ti<br/>Quero ser so teu, somente Teu<br/>O coracao entrego totalmente a Ti</lines>
    </verse>
    <verse name="v4">
      <lines>Eu jamais deixarei<br/>De te amar Jesus<br/>Eu jamais deixarei<br/>De te amar Jesus<br/>Eu jamais deixarei<br/>De te amar Jesus<br/>Eu jamais deixarei<br/>De te amar Jesus</lines>
    </verse>
  </lyrics>
</song>
