<?xml version='1.0' encoding='utf-8'?>
<song xmlns="http://openlyrics.info/namespace/2009/song" version="0.8" createdIn="OpenLP 1.9.9" modifiedIn="OpenLP 1.9.9" modifiedDate="2012-09-30T13:18:17">
  <properties>
    <titles>
      <title>eu-navegarei</title>
    </titles>
    <authors>
      <author>Adhemar de Campos</author>
    </authors>
  </properties>
  <lyrics>
    <verse name="v1">
      <lines>Eu Navegarei</lines>
    </verse>
    <verse name="v2">
      <lines>Eu navegarei no oceano do Espírito<br/>E ali adorarei ao Deus de meu amor (bis)</lines>
    </verse>
    <verse name="v3">
      <lines>Espírito, Espírito, que desce como fogo.<br/>Vem como em Pentecostes e enche-me de novo. (bis)</lines>
    </verse>
    <verse name="v4">
      <lines>Eu adorarei ao Deus da minha vida,<br/>Que me compreendeu sem nenhuma explicação. (bis)</lines>
    </verse>
    <verse name="v5">
      <lines>Eu servirei ao meu Deus fiel, ao meu Libertador<br/>Aquele que venceu! (bis)</lines>
    </verse>
  </lyrics>
</song>
