<?xml version='1.0' encoding='utf-8'?>
<song xmlns="http://openlyrics.info/namespace/2009/song" version="0.8" createdIn="OpenLP 1.9.9" modifiedIn="OpenLP 1.9.9" modifiedDate="2012-09-30T13:18:18">
  <properties>
    <titles>
      <title>eu-sou-grato</title>
    </titles>
    <authors>
      <author>Adhemar de Campos</author>
    </authors>
  </properties>
  <lyrics>
    <verse name="v1">
      <lines>Eu Sou Grato</lines>
    </verse>
    <verse name="v2">
      <lines>Eu sou grato por tudo o que tenho<br/>Tesouro maior deste mundo<br/>Me foi dado como herança eterna<br/>Maior prova de um amor tão profundo<br/>Tenho vida, alegria todo tempo<br/>Tenho amigos, família, muitos irmãos<br/>Foi Jesus meu amigo verdadeiro<br/>Que fez tudo ao me dar a salvação<br/>Louvarei ao Senhor em todo tempo<br/>Seu louvor estará continuamente<br/>Nos meus lábios e também no meu coração<br/>Jesus Cristo será sempre minha canção<br/>Yeye, Yeoha</lines>
    </verse>
  </lyrics>
</song>
