<?xml version='1.0' encoding='utf-8'?>
<song xmlns="http://openlyrics.info/namespace/2009/song" version="0.8" createdIn="OpenLP 1.9.9" modifiedIn="OpenLP 1.9.9" modifiedDate="2012-09-30T13:18:18">
  <properties>
    <titles>
      <title>eu-te-quero</title>
    </titles>
    <authors>
      <author>Adhemar de Campos</author>
    </authors>
  </properties>
  <lyrics>
    <verse name="v1">
      <lines>Eu Te Quero</lines>
    </verse>
    <verse name="v2">
      <lines>Eu te quero mais do que o ouro<br/>Eu te quero mais do que tesouros<br/>Eu te quero mais do que minha vida, Senhor</lines>
    </verse>
    <verse name="v3">
      <lines>Te desejo mais do que mil benção<br/>Meu anseio é agradar teu coração<br/>Outro bem não possuo além de ti, Senhor</lines>
    </verse>
    <verse name="v4">
      <lines>Tu é a porção da minha herança,<br/>És o bem maior pra mim<br/>O meu coração não pode mais viver sem o teu grande amor</lines>
    </verse>
    <verse name="v5">
      <lines>O meu anseio, és tu Jesus...</lines>
    </verse>
  </lyrics>
</song>
