<?xml version='1.0' encoding='utf-8'?>
<song xmlns="http://openlyrics.info/namespace/2009/song" version="0.8" createdIn="OpenLP 1.9.9" modifiedIn="OpenLP 1.9.9" modifiedDate="2012-09-30T13:18:18">
  <properties>
    <titles>
      <title>festa</title>
    </titles>
    <authors>
      <author>Adhemar de Campos</author>
    </authors>
  </properties>
  <lyrics>
    <verse name="v1">
      <lines>Festa</lines>
    </verse>
    <verse name="v2">
      <lines>Agora é Festa<br/>Dentro do meu coração<br/>A harmonia se expressa na canção<br/>Bendito é aquele que<br/>Vive em mim<br/>JESUS Poderoso.</lines>
    </verse>
    <verse name="v3">
      <lines>Não existe outro Nome<br/>Digno de Louvor</lines>
    </verse>
    <verse name="v4">
      <lines>Maravilhoso, Conselheiro<br/>E bom Pastor<br/>A cada dia<br/>Me renova o seu Amor</lines>
    </verse>
    <verse name="v5">
      <lines>Não existe outro Nome<br/>Digno de Louvor<br/>Toda lingua sim confessa<br/>CRISTO é o Senhor<br/>Senhor.</lines>
    </verse>
  </lyrics>
</song>
