<?xml version='1.0' encoding='utf-8'?>
<song xmlns="http://openlyrics.info/namespace/2009/song" version="0.8" createdIn="OpenLP 1.9.9" modifiedIn="OpenLP 1.9.9" modifiedDate="2012-09-30T13:18:18">
  <properties>
    <titles>
      <title>firmeza-aparente</title>
    </titles>
    <authors>
      <author>Adhemar de Campos</author>
    </authors>
  </properties>
  <lyrics>
    <verse name="v1">
      <lines>Firmeza Aparente</lines>
    </verse>
    <verse name="v2">
      <lines>Na verdade todo homem é vaidade<br/>E vazia toda sua intenção<br/>A firmeza que demonstra é aparente<br/>Pois confia em seu falho coração<br/>Na verdade esta a procura da verdade<br/>Pra tomar um rumo uma direção<br/>Pois a vida é um oceano de incertezas<br/>Necessita urgente de uma solução.<br/>Deus é quem ajuda<br/>Só Ele é que pode salvar<br/>Livra da angustia<br/>E faz tudo de novo começar<br/>Na verdade Deus é a única verdade<br/>É a luz em meio a toda escuridão<br/>Que revela ao homem o melhor caminho<br/>Em Jesus somente existe solução<br/>Seu amor não algo aparente<br/>É suficiente pra regenerar<br/>Jesus Cristo é a prova evidente<br/>Daquilo que Ele pode realizar.</lines>
    </verse>
  </lyrics>
</song>
