<?xml version='1.0' encoding='utf-8'?>
<song xmlns="http://openlyrics.info/namespace/2009/song" version="0.8" createdIn="OpenLP 1.9.9" modifiedIn="OpenLP 1.9.9" modifiedDate="2012-09-30T13:18:18">
  <properties>
    <titles>
      <title>fonte-de-agua-viva</title>
    </titles>
    <authors>
      <author>Adhemar de Campos</author>
    </authors>
  </properties>
  <lyrics>
    <verse name="v1">
      <lines>Fonte de Água Viva</lines>
    </verse>
    <verse name="v2">
      <lines>Aquele que tem sede busca<br/>beber da água que Cristo dá<br/>E há dentro de ti uma fonte<br/>que jamais acabará</lines>
    </verse>
    <verse name="v3">
      <lines>Aquele que tem sede busca<br/>beber da água que Cristo dá<br/>E há dentro de ti uma fonte<br/>que jamais acabará</lines>
    </verse>
    <verse name="v4">
      <lines>A fonte de água viva, é o senhor<br/>E a água é o consolador<br/>Espírito de vida e louvor<br/>Preciso dele</lines>
    </verse>
    <verse name="v5">
      <lines>Tu és o espírito de amor<br/>O meu guia e consolador<br/>(enche-me do fogo)<br/>Enche-me do fogo do senhor<br/>Preciso de ti</lines>
    </verse>
    <verse name="v6">
      <lines>preciso de ti</lines>
    </verse>
    <verse name="v7">
      <lines>Aquele que tem sede busca<br/>beber da água que Cristo dá<br/>E há dentro de ti uma fonte<br/>que jamais acabará</lines>
    </verse>
    <verse name="v8">
      <lines>Aquele que tem sede busca<br/>beber da água que Cristo dá<br/>E há dentro de ti uma fonte<br/>que jamais acabará</lines>
    </verse>
    <verse name="v9">
      <lines>A fonte de água viva, é o senhor<br/>E a água é o consolador<br/>Espírito de vida e louvor<br/>Preciso dele</lines>
    </verse>
    <verse name="v10">
      <lines>Tu és o espírito de amor<br/>O meu guia e consolador<br/>(enche-me do fogo)<br/>Enche-me do fogo do senhor<br/>Preciso de ti</lines>
    </verse>
    <verse name="v11">
      <lines>preciso de ti...</lines>
    </verse>
  </lyrics>
</song>
