<?xml version='1.0' encoding='utf-8'?>
<song xmlns="http://openlyrics.info/namespace/2009/song" version="0.8" createdIn="OpenLP 1.9.9" modifiedIn="OpenLP 1.9.9" modifiedDate="2012-09-30T13:18:18">
  <properties>
    <titles>
      <title>gloria-pertence-ti</title>
    </titles>
    <authors>
      <author>Adhemar de Campos</author>
    </authors>
  </properties>
  <lyrics>
    <verse name="v1">
      <lines>Glória Pertence a Ti</lines>
    </verse>
    <verse name="v2">
      <lines>Glória pertence a Ti<br/>Honra pertence a Ti<br/>Povos e tribos te louvam<br/>Por Tuas maravilhas<br/>Por tudo o que criaste, Jesus.</lines>
    </verse>
    <verse name="v3">
      <lines>Todos os reis exaltarão<br/>Teu Nome<br/>E as nações entoarão<br/>Louvores.</lines>
    </verse>
    <verse name="v4">
      <lines>Glória pertence a Ti<br/>Honra pertence a Ti<br/>Nós os teus servos te amamos<br/>Ó, Rei de nossa vida<br/>Vivemos pra tua glória, Jesus.</lines>
    </verse>
  </lyrics>
</song>
