<?xml version='1.0' encoding='utf-8'?>
<song xmlns="http://openlyrics.info/namespace/2009/song" version="0.8" createdIn="OpenLP 1.9.9" modifiedIn="OpenLP 1.9.9" modifiedDate="2012-09-30T13:18:18">
  <properties>
    <titles>
      <title>gloria-ti</title>
    </titles>
    <authors>
      <author>Adhemar de Campos</author>
    </authors>
  </properties>
  <lyrics>
    <verse name="v1">
      <lines>Glória a Ti</lines>
    </verse>
    <verse name="v2">
      <lines>Glória a Ti nas alturas<br/>Todos Ti rendem graças<br/>Por Teu amor, Jesus Senhor<br/>Tudo oferecemos<br/>Com louvor bendizemos<br/>A Ti Senhor, És nosso amor</lines>
    </verse>
    <verse name="v3">
      <lines>Nosso desejo é anunciar<br/>Teu Santo Nome em toda Terra<br/>És tão bondoso e digno de louvor</lines>
    </verse>
  </lyrics>
</song>
