<?xml version='1.0' encoding='utf-8'?>
<song xmlns="http://openlyrics.info/namespace/2009/song" version="0.8" createdIn="OpenLP 1.9.9" modifiedIn="OpenLP 1.9.9" modifiedDate="2012-09-30T13:18:18">
  <properties>
    <titles>
      <title>grande-o-senhor</title>
    </titles>
    <authors>
      <author>Adhemar de Campos</author>
    </authors>
  </properties>
  <lyrics>
    <verse name="v1">
      <lines>Grande é o Senhor</lines>
    </verse>
    <verse name="v2">
      <lines>Grande é o Senhor e mui digno de louvor<br/>Na cidade do nosso Deus seu Santo monte<br/>Alegria de toda terra<br/>Grande é o Senhor em quem nós temos a vitória<br/>E que nos ajuda contra o inimigo<br/>Por isso diante dele nos prostramos<br/>Queremos o seu nome engrandecer<br/>E agradecer-te por tua obra em nossas vidas<br/>Confiamos em teu infinito amor<br/>Pois só tu és o Deus eterno<br/>Sobre toda terra e céus</lines>
    </verse>
  </lyrics>
</song>
