<?xml version='1.0' encoding='utf-8'?>
<song xmlns="http://openlyrics.info/namespace/2009/song" version="0.8" createdIn="OpenLP 1.9.9" modifiedIn="OpenLP 1.9.9" modifiedDate="2012-09-30T13:18:18">
  <properties>
    <titles>
      <title>homem-de-guerra</title>
    </titles>
    <authors>
      <author>Adhemar de Campos</author>
    </authors>
  </properties>
  <lyrics>
    <verse name="v1">
      <lines>Homem de Guerra</lines>
    </verse>
    <verse name="v2">
      <lines>Homem de guerra é Jeová<br/>Seu nome é temido na terra<br/>A todos os seus inimigos venceu<br/>Deus grande e temido em louvores<br/>Quem é como o Senhor<br/>Entre os deuses sobre a terra<br/>Que me livra do mal, que me dá poder<br/>Para guerrear</lines>
    </verse>
  </lyrics>
</song>
