<?xml version='1.0' encoding='utf-8'?>
<song xmlns="http://openlyrics.info/namespace/2009/song" version="0.8" createdIn="OpenLP 1.9.9" modifiedIn="OpenLP 1.9.9" modifiedDate="2012-09-30T13:18:18">
  <properties>
    <titles>
      <title>hosana</title>
    </titles>
    <authors>
      <author>Adhemar de Campos</author>
    </authors>
  </properties>
  <lyrics>
    <verse name="v1">
      <lines>Hosana</lines>
    </verse>
    <verse name="v2">
      <lines>Hosana, Hosana, Hosana, ao nosso Rei<br/>Hosana, Hosana, Hosana, ao nosso Rei<br/>Hosana, Hosana, Hosana, ao nosso Rei</lines>
    </verse>
  </lyrics>
</song>
