<?xml version='1.0' encoding='utf-8'?>
<song xmlns="http://openlyrics.info/namespace/2009/song" version="0.8" createdIn="OpenLP 1.9.9" modifiedIn="OpenLP 1.9.9" modifiedDate="2012-09-30T13:18:19">
  <properties>
    <titles>
      <title>igreja-gloriosa</title>
    </titles>
    <authors>
      <author>Adhemar de Campos</author>
    </authors>
  </properties>
  <lyrics>
    <verse name="v1">
      <lines>Igreja Gloriosa</lines>
    </verse>
    <verse name="v2">
      <lines>Um coro de Aleluia<br/>Àquele que vem<br/>Igreja Gloriosa<br/>Ele vai encontrar</lines>
    </verse>
    <verse name="v3">
      <lines>Sem mancha nem ruga<br/>Pra Sempre reinar<br/>Aleluia</lines>
    </verse>
  </lyrics>
</song>
