<?xml version='1.0' encoding='utf-8'?>
<song xmlns="http://openlyrics.info/namespace/2009/song" version="0.8" createdIn="OpenLP 1.9.9" modifiedIn="OpenLP 1.9.9" modifiedDate="2012-09-30T13:18:19">
  <properties>
    <titles>
      <title>intersecao</title>
    </titles>
    <authors>
      <author>Adhemar de Campos</author>
    </authors>
  </properties>
  <lyrics>
    <verse name="v1">
      <lines>Interseção</lines>
    </verse>
    <verse name="v2">
      <lines>Interseção<br/>Adhemar de Campos</lines>
    </verse>
    <verse name="v3">
      <lines>Quem vai se oferecer em favor dessa terra interceder<br/>Será possível encontrar quem queira na brecha se<br/>colocar<br/>Quem vai se oferecer em favor dessa terra interceder<br/>Será possível encontrar quem queira na brecha se<br/>colocar<br/>Assim diz o Senhor convocando o seu povo<br/>Ordenando que é necessário clamar<br/>Por um derramar do seu Espírito<br/>Quem vai se oferecer em favor dessa terra interceder<br/>Será possível encontrar quem queira na brecha se<br/>colocar</lines>
    </verse>
    <verse name="v4">
      <lines>Assim diz o Senhor convocando o seu povo<br/>Ordenando que é necessário clamar<br/>Por um derramar do seu Espírito<br/>Minha vida, Senhor! Ofereço diante de Ti<br/>Pra levantar um clamor<br/>Té que tua vontade se cumpra na vida dos homens<br/>Minha vida, Senhor! Ofereço diante de Ti<br/>Pra levantar um clamor<br/>Té que tua vontade se cumpra na vida dos homens,<br/>Na igreja, em toda a Terra Uh! Uh! Uh! Uh! Uh! Uh!<br/>Uh! Uh! Uh!</lines>
    </verse>
  </lyrics>
</song>
