<?xml version='1.0' encoding='utf-8'?>
<song xmlns="http://openlyrics.info/namespace/2009/song" version="0.8" createdIn="OpenLP 1.9.9" modifiedIn="OpenLP 1.9.9" modifiedDate="2012-09-30T13:18:19">
  <properties>
    <titles>
      <title>ja-estou-crucificado</title>
    </titles>
    <authors>
      <author>Adhemar de Campos</author>
    </authors>
  </properties>
  <lyrics>
    <verse name="v1">
      <lines>Ja Estou Crucificado</lines>
    </verse>
    <verse name="v2">
      <lines>Nao mais eu, mas Cristo vive em mim<br/>Ja estou crucificado<br/>E a vida que eu vivo, vivo pela fe<br/>No filho de Deus (2 vezes)</lines>
    </verse>
    <verse name="v3">
      <lines>Jesus me amou assim<br/>E se entregou por mim<br/>E a vida que eu vivo, vivo pela fe<br/>No filho de Deus(2 vezes)</lines>
    </verse>
    <verse name="v4">
      <lines>E a vida que eu vivo, vivo pela fe<br/>No filho de Deus(2 vezes)</lines>
    </verse>
  </lyrics>
</song>
