<?xml version='1.0' encoding='utf-8'?>
<song xmlns="http://openlyrics.info/namespace/2009/song" version="0.8" createdIn="OpenLP 1.9.9" modifiedIn="OpenLP 1.9.9" modifiedDate="2012-09-30T13:18:19">
  <properties>
    <titles>
      <title>leao-da-tribo-de-juda</title>
    </titles>
    <authors>
      <author>Adhemar de Campos</author>
    </authors>
  </properties>
  <lyrics>
    <verse name="v1">
      <lines>Leão da Tribo de Judá</lines>
    </verse>
    <verse name="v2">
      <lines>Ele é o leão da tribo de Judá<br/>Jesus tomou nossas cadeias<br/>E nos libertou<br/>Ele é a rocha da nossa vitória<br/>Nossa força em tempos<br/>De fraqueza<br/>Uma torre em tempos de guerra<br/>Oh, a esperança de Israel.</lines>
    </verse>
  </lyrics>
</song>
