<?xml version='1.0' encoding='utf-8'?>
<song xmlns="http://openlyrics.info/namespace/2009/song" version="0.8" createdIn="OpenLP 1.9.9" modifiedIn="OpenLP 1.9.9" modifiedDate="2012-09-30T13:18:19">
  <properties>
    <titles>
      <title>louvemos-ao-senhor</title>
    </titles>
    <authors>
      <author>Adhemar de Campos</author>
    </authors>
  </properties>
  <lyrics>
    <verse name="v1">
      <lines>Louvemos ao Senhor</lines>
    </verse>
    <verse name="v2">
      <lines>Louvemos ao Senhor<br/>Louvemos ao Senhor<br/>Adoremos no Seu santo monte<br/>Nosso amado Pai<br/>Seu nome é Santo (2 vezes)</lines>
    </verse>
    <verse name="v3">
      <lines>Louvamos ao Senhor<br/>Pois Seu nome é Santo (2 vezes)</lines>
    </verse>
    <verse name="v4">
      <lines>Louvemos ao Senhor<br/>Louvemos ao Senhor<br/>Adoremos no Seu santo monte<br/>Nosso amado Pai<br/>Seu nome é Santo (2 vezes)</lines>
    </verse>
    <verse name="v5">
      <lines>Louvamos ao Senhor<br/>Pois Teu nome é Santo (4 vezes)</lines>
    </verse>
    <verse name="v6">
      <lines>Magnifiquemos ao Senhor<br/>Ao Rei que é digno de louvor<br/>Excelso, supremo<br/>E mui digno de louvor (2 vezes)</lines>
    </verse>
    <verse name="v7">
      <lines>Louvamos ao Senhor<br/>Pois Teu nome é Santo (2 vezes)</lines>
    </verse>
    <verse name="v8">
      <lines>Hosana, Hosana<br/>Hosana ao nosso Rei (8 vezes)</lines>
    </verse>
    <verse name="v9">
      <lines>Cristo é nossa vida<br/>O motivo do nosso louvor<br/>Em nosso novo coração<br/>Pois morreu a nossa morte<br/>Pra vivermos sua vida<br/>Nos trouxe grande salvação (3 vezes)</lines>
    </verse>
    <verse name="v10">
      <lines>Hosana, Hosana, Hosana ao nosso Rei (6 vezes)</lines>
    </verse>
    <verse name="v11">
      <lines>Louvamos ao Senhor<br/>Pois teu nome e Santo (6 vezes)</lines>
    </verse>
  </lyrics>
</song>
