<?xml version='1.0' encoding='utf-8'?>
<song xmlns="http://openlyrics.info/namespace/2009/song" version="0.8" createdIn="OpenLP 1.9.9" modifiedIn="OpenLP 1.9.9" modifiedDate="2012-09-30T13:18:19">
  <properties>
    <titles>
      <title>magnifico</title>
    </titles>
    <authors>
      <author>Adhemar de Campos</author>
    </authors>
  </properties>
  <lyrics>
    <verse name="v1">
      <lines>Magnifico</lines>
    </verse>
    <verse name="v2">
      <lines>Senhor<br/>quao magnifico e o Teu nome<br/>em toda a terra e ceus<br/>em todo a<br/>Tu es soberano</lines>
    </verse>
  </lyrics>
</song>
