<?xml version='1.0' encoding='utf-8'?>
<song xmlns="http://openlyrics.info/namespace/2009/song" version="0.8" createdIn="OpenLP 1.9.9" modifiedIn="OpenLP 1.9.9" modifiedDate="2012-09-30T13:18:19">
  <properties>
    <titles>
      <title>magnifiquemos</title>
    </titles>
    <authors>
      <author>Adhemar de Campos</author>
    </authors>
  </properties>
  <lyrics>
    <verse name="v1">
      <lines>Magnifiquemos</lines>
    </verse>
    <verse name="v2">
      <lines>Magnifiquemos ao Senhor<br/>Ao Rei que é digno de louvor<br/>Excelso, supremo e mui digno de louvor<br/>Excelso, supremo e mui digno de louvor.</lines>
    </verse>
    <verse name="v3">
      <lines>Louvamos ao Senhor<br/>Pois Seu nome é Santo<br/>Louvamos ao Senhor<br/>Pois Seu nome é Santo.</lines>
    </verse>
  </lyrics>
</song>
