<?xml version='1.0' encoding='utf-8'?>
<song xmlns="http://openlyrics.info/namespace/2009/song" version="0.8" createdIn="OpenLP 1.9.9" modifiedIn="OpenLP 1.9.9" modifiedDate="2012-09-30T13:18:19">
  <properties>
    <titles>
      <title>majestoso-poderoso</title>
    </titles>
    <authors>
      <author>Adhemar de Campos</author>
    </authors>
  </properties>
  <lyrics>
    <verse name="v1">
      <lines>Majestoso Poderoso</lines>
    </verse>
    <verse name="v2">
      <lines>Majestoso, poderoso, digno de louvor<br/>Proclamemos sua grandeza hoje<br/>Jesus Cristo e Rei<br/>Jesus Cristo e Rei<br/>Busquemo-nos aos teus pes<br/>Jesus Cristo e Rei</lines>
    </verse>
    <verse name="v3">
      <lines>Majestoso, poderoso, digno de louvor<br/>Proclamemos sua grandeza hoje<br/>Jesus Cristo e Rei<br/>Jesus Cristo e Rei<br/>Busquemo-nos aos teus pes<br/>Jesus Cristo e Rei</lines>
    </verse>
    <verse name="v4">
      <lines>Jesus Cristo e Rei<br/>Jesus Cristo e Rei<br/>Busquemo-nos aos teus pes<br/>Jesus Cristo e Rei</lines>
    </verse>
  </lyrics>
</song>
