<?xml version='1.0' encoding='utf-8'?>
<song xmlns="http://openlyrics.info/namespace/2009/song" version="0.8" createdIn="OpenLP 1.9.9" modifiedIn="OpenLP 1.9.9" modifiedDate="2012-09-30T13:18:19">
  <properties>
    <titles>
      <title>meu-lovor-vira-de-ti</title>
    </titles>
    <authors>
      <author>Adhemar de Campos</author>
    </authors>
  </properties>
  <lyrics>
    <verse name="v1">
      <lines>Meu Lovor Virá de Ti</lines>
    </verse>
    <verse name="v2">
      <lines>Do Senhor me vem a inspiração<br/>É louvor do alto do coração<br/>Que me faz viver em adoração<br/>Em todo tempo</lines>
    </verse>
    <verse name="v3">
      <lines>Da palavra vem a revelação<br/>Que me faz viver em comunhão<br/>Em minh'alma uma nova canção<br/>Em todo tempo</lines>
    </verse>
    <verse name="v4">
      <lines>Tu és meu Deus , te louvo<br/>És meu Deus, te amo<br/>Cada dia entoarei um cântico novo<br/>Tu és meu rei, Jesus<br/>Com gratidão eu canto<br/>Meu louvor virá de ti<br/>Na congregação</lines>
    </verse>
  </lyrics>
</song>
