<?xml version='1.0' encoding='utf-8'?>
<song xmlns="http://openlyrics.info/namespace/2009/song" version="0.8" createdIn="OpenLP 1.9.9" modifiedIn="OpenLP 1.9.9" modifiedDate="2012-09-30T13:18:20">
  <properties>
    <titles>
      <title>meu-refugio-libertacao</title>
    </titles>
    <authors>
      <author>Adhemar de Campos</author>
    </authors>
  </properties>
  <lyrics>
    <verse name="v1">
      <lines>Meu Refúgio e Libertação</lines>
    </verse>
    <verse name="v2">
      <lines>Meu refúgio e libertação<br/>É jesus<br/>Dele o socorro me virá<br/>A razão do meu cantar<br/>É jesus<br/>Fonte de inspiração<br/>Para louvar</lines>
    </verse>
    <verse name="v3">
      <lines>Da minha vida ele é o senhor<br/>Com o seu sangue me comprou<br/>Da minha vida ele é o senhor<br/>Pois do pecado me resgatou</lines>
    </verse>
  </lyrics>
</song>
