<?xml version='1.0' encoding='utf-8'?>
<song xmlns="http://openlyrics.info/namespace/2009/song" version="0.8" createdIn="OpenLP 1.9.9" modifiedIn="OpenLP 1.9.9" modifiedDate="2012-09-30T13:18:20">
  <properties>
    <titles>
      <title>mil-razoes</title>
    </titles>
    <authors>
      <author>Adhemar de Campos</author>
    </authors>
  </properties>
  <lyrics>
    <verse name="v1">
      <lines>Mil razões</lines>
    </verse>
    <verse name="v2">
      <lines>Temos mil razões prá te louvar senhor temos mil razões para<br/>Cantar pois contigo temos uma aliança mesmo que<br/>Provada nunca se quebrará</lines>
    </verse>
    <verse name="v3">
      <lines>Temos mil razões prá te servir temos mil razões prá te adorar<br/>Pois nos escolheste em jesus cristo<br/>Ele é o dom perfeito do céu para abençoar<br/>É deus quem por nós tudo executa tal como jesus nós temos sido<br/>O seu prazer grande amor quem de nós o pôde entender</lines>
    </verse>
    <verse name="v4">
      <lines>Por isso temos mil razões senhor temos mil razões prá te amar<br/>Pois contigo temos uma aliança mesmo que provada<br/>Nunca se quebrará</lines>
    </verse>
  </lyrics>
</song>
