<?xml version='1.0' encoding='utf-8'?>
<song xmlns="http://openlyrics.info/namespace/2009/song" version="0.8" createdIn="OpenLP 1.9.9" modifiedIn="OpenLP 1.9.9" modifiedDate="2012-09-30T13:18:20">
  <properties>
    <titles>
      <title>nao-podia-imaginar</title>
    </titles>
    <authors>
      <author>Adhemar de Campos</author>
    </authors>
  </properties>
  <lyrics>
    <verse name="v1">
      <lines>Não podia imaginar</lines>
    </verse>
    <verse name="v2">
      <lines>Eu não podia imaginar<br/>O amor de Deus por mim<br/>Manifestado em Jesus Cristo<br/>Quando eu andava em trevas<br/>E não tinha direção<br/>Ele me revelou seu filho</lines>
    </verse>
    <verse name="v3">
      <lines>O caminho, a verdade<br/>E a vida é Jesus<br/>Da lei do pecado me livrou</lines>
    </verse>
    <verse name="v4">
      <lines>Quando eu andava em trevas<br/>E não tinha direção<br/>Ele me revelou seu filho</lines>
    </verse>
    <verse name="v5">
      <lines>Num caminho de paz<br/>Jesus Cristo me conduz<br/>Meu viver se tornou<br/>Um céu de luz</lines>
    </verse>
    <verse name="v6">
      <lines>Que alegria e gozo sem par<br/>Não tenho como explicar<br/>De coração venho louvar<br/>E oferecer<br/>A minha vida para servir<br/>A meu Jesus e transmitir<br/>A salvação que me transformou<br/>Louvores ao Senhor</lines>
    </verse>
  </lyrics>
</song>
