<?xml version='1.0' encoding='utf-8'?>
<song xmlns="http://openlyrics.info/namespace/2009/song" version="0.8" createdIn="OpenLP 1.9.9" modifiedIn="OpenLP 1.9.9" modifiedDate="2012-09-30T13:18:20">
  <properties>
    <titles>
      <title>nele-estamos</title>
    </titles>
    <authors>
      <author>Adhemar de Campos</author>
    </authors>
  </properties>
  <lyrics>
    <verse name="v1">
      <lines>Nele Estamos</lines>
    </verse>
    <verse name="v2">
      <lines>Pra teu louvor, óh Deus de amor<br/>Estamos em Cristo Jesus<br/>Pela graça nos remiste<br/>De toda iniqüidade<br/>Através do teu imenso poder</lines>
    </verse>
    <verse name="v3">
      <lines>Pra seu louvor, Deus nos transportou<br/>Pra o reino do Filho do seu amor<br/>Em lugares celestiais<br/>Estamos assentados<br/>Juntamente com Cristo Jesus</lines>
    </verse>
    <verse name="v4">
      <lines>Nele estamos e fomos gerados<br/>Pela graça e força do seu amor<br/>A fim de sermos santos<br/>Deus nos predestinou<br/>Para a honra e glória do seu louvor</lines>
    </verse>
  </lyrics>
</song>
