<?xml version='1.0' encoding='utf-8'?>
<song xmlns="http://openlyrics.info/namespace/2009/song" version="0.8" createdIn="OpenLP 1.9.9" modifiedIn="OpenLP 1.9.9" modifiedDate="2012-09-30T13:18:20">
  <properties>
    <titles>
      <title>nesta-geracao</title>
    </titles>
    <authors>
      <author>Adhemar de Campos</author>
    </authors>
  </properties>
  <lyrics>
    <verse name="v1">
      <lines>Nesta Geração</lines>
    </verse>
    <verse name="v2">
      <lines>A ti nossa vida nós queremos entregar<br/>Pra tua vontade realizar<br/>Cada momento pra tua glória, oh Senhor<br/>Na nossa vida assim será</lines>
    </verse>
    <verse name="v3">
      <lines>Os teus propósitos nesta geração cumprir<br/>Como estrela a reluzir</lines>
    </verse>
    <verse name="v4">
      <lines>Romper cadeias<br/>Sobre o mal prevalecer<br/>Pois fomos chamados pra vencer<br/>Em Cristo chamados pra vencer<br/>Teu trono na terra engrandecer</lines>
    </verse>
  </lyrics>
</song>
