<?xml version='1.0' encoding='utf-8'?>
<song xmlns="http://openlyrics.info/namespace/2009/song" version="0.8" createdIn="OpenLP 1.9.9" modifiedIn="OpenLP 1.9.9" modifiedDate="2012-09-30T13:18:20">
  <properties>
    <titles>
      <title>ninguem-igual-jesus</title>
    </titles>
    <authors>
      <author>Adhemar de Campos</author>
    </authors>
  </properties>
  <lyrics>
    <verse name="v1">
      <lines>Ninguém É Igual a Jesus</lines>
    </verse>
    <verse name="v2">
      <lines>kakuli walisa la iesu(3x)<br/>kakuli, kakuli,kakuli<br/>Tuavanjilia kuosi, kuosi<br/>Tuapapayata kuosi,kuosi<br/>tuanualanuala kuosi,kuosi<br/>kakuli kakuli kakuli</lines>
    </verse>
    <verse name="v3">
      <lines>Ninguém é igual a Jesus<br/>Ninguém é igual a Jesus<br/>Ninguém é igual a Jesus<br/>Ninguém é igual a Jesus</lines>
    </verse>
    <verse name="v4">
      <lines>Já procuramos todo lugar<br/>Já apaupamos todo lugar<br/>Já rodiamos todo lugar<br/>Ninguém é igual a Jesus</lines>
    </verse>
  </lyrics>
</song>
