<?xml version='1.0' encoding='utf-8'?>
<song xmlns="http://openlyrics.info/namespace/2009/song" version="0.8" createdIn="OpenLP 1.9.9" modifiedIn="OpenLP 1.9.9" modifiedDate="2012-09-30T13:18:20">
  <properties>
    <titles>
      <title>nosso-comandante</title>
    </titles>
    <authors>
      <author>Adhemar de Campos</author>
    </authors>
  </properties>
  <lyrics>
    <verse name="v1">
      <lines>Nosso Comandante</lines>
    </verse>
    <verse name="v2">
      <lines>Nosso comandante é Jesus Cristo<br/>Maravilhoso, Filho de Deus<br/>Todo-poderoso, invencível<br/>Reina sobre a terra e céus.</lines>
    </verse>
    <verse name="v3">
      <lines>Salvação pertence ao Senhor<br/>Dono da minha vida<br/>Que me fez mais que vencedor.</lines>
    </verse>
  </lyrics>
</song>
