<?xml version='1.0' encoding='utf-8'?>
<song xmlns="http://openlyrics.info/namespace/2009/song" version="0.8" createdIn="OpenLP 1.9.9" modifiedIn="OpenLP 1.9.9" modifiedDate="2012-09-30T13:18:20">
  <properties>
    <titles>
      <title>nossa-justificacao</title>
    </titles>
    <authors>
      <author>Adhemar de Campos</author>
    </authors>
  </properties>
  <lyrics>
    <verse name="v1">
      <lines>Nossa Justificação</lines>
    </verse>
    <verse name="v2">
      <lines>Porque o fim da lei é Cristo<br/>Pra justiça de todo o que crê<br/>A justiça que é pela fé<br/>No filho de Deus</lines>
    </verse>
    <verse name="v3">
      <lines>A quem Deus ressuscitou<br/>Para nossa justificação<br/>Aleluia! Grande salvação</lines>
    </verse>
  </lyrics>
</song>
