<?xml version='1.0' encoding='utf-8'?>
<song xmlns="http://openlyrics.info/namespace/2009/song" version="0.8" createdIn="OpenLP 1.9.9" modifiedIn="OpenLP 1.9.9" modifiedDate="2012-09-30T13:18:20">
  <properties>
    <titles>
      <title>nosso-general</title>
    </titles>
    <authors>
      <author>Adhemar de Campos</author>
    </authors>
  </properties>
  <lyrics>
    <verse name="v1">
      <lines>Nosso General</lines>
    </verse>
    <verse name="v2">
      <lines>Pelo senhor marchamos sim o seu exército poderoso é sua glória será<br/>Vista em toda a terra vamos cantar o canto da vitória Glória a Deus<br/>Vencemos a batalha toda arma contra nós perecerá</lines>
    </verse>
    <verse name="v3">
      <lines>O nosso general é Cristo seguimos os seus passos<br/>Nenhum inimigo nos resistira (2 vezes)</lines>
    </verse>
    <verse name="v4">
      <lines>Com o Messias marchamos sim em suas mãos a chave da vitória<br/>Que nos leva a possuir a terra prometida</lines>
    </verse>
    <verse name="v5">
      <lines>Pelo senhor marchamos sim o seu exército poderoso é sua glória será<br/>Vista em toda a terra vamos cantar o canto da vitória Glória a Deus<br/>Vencemos a batalha toda arma contra nós perecerá</lines>
    </verse>
    <verse name="v6">
      <lines>O nosso general é Cristo seguimos os seus passos<br/>Nenhum inimigo nos resistirá (4 vezes)</lines>
    </verse>
  </lyrics>
</song>
