<?xml version='1.0' encoding='utf-8'?>
<song xmlns="http://openlyrics.info/namespace/2009/song" version="0.8" createdIn="OpenLP 1.9.9" modifiedIn="OpenLP 1.9.9" modifiedDate="2012-09-30T13:18:21">
  <properties>
    <titles>
      <title>o-exercito-de-deus</title>
    </titles>
    <authors>
      <author>Adhemar de Campos</author>
    </authors>
  </properties>
  <lyrics>
    <verse name="v1">
      <lines>O Exército de Deus</lines>
    </verse>
    <verse name="v2">
      <lines>4X</lines>
    </verse>
    <verse name="v3">
      <lines>Eu posso escutar<br/>O exército de Deus<br/>marchando sobre a terra<br/>Em plano de guerra vai<br/>Já ouço o louvor que é a arma de vitória<br/>O exército de Deus<br/>O exército de Deus<br/>O exército de Deus<br/>Marchando vai !!!</lines>
    </verse>
    <verse name="v4">
      <lines>O exército de Deus<br/>O exército de Deus<br/>O exército de Deus<br/>Marchando vai !!!</lines>
    </verse>
  </lyrics>
</song>
