<?xml version='1.0' encoding='utf-8'?>
<song xmlns="http://openlyrics.info/namespace/2009/song" version="0.8" createdIn="OpenLP 1.9.9" modifiedIn="OpenLP 1.9.9" modifiedDate="2012-09-30T13:18:21">
  <properties>
    <titles>
      <title>o-leao-da-tribo-de-juda-nosso-comandante</title>
    </titles>
    <authors>
      <author>Adhemar de Campos</author>
    </authors>
  </properties>
  <lyrics>
    <verse name="v1">
      <lines>O Leão da Tribo de Judá-Nosso Comandante</lines>
    </verse>
    <verse name="v2">
      <lines>Comunhão e Adoração 6</lines>
    </verse>
    <verse name="v3">
      <lines>O Leão da Tribo de Judá</lines>
    </verse>
    <verse name="v4">
      <lines>Ele é o leão da tribo de Judá<br/>Jesus tomou nossas cadeias<br/>E nos libertou<br/>Ele é a rocha da nossa vitória<br/>Nossa força em tempos<br/>De fraqueza<br/>Uma torre em tempos de guerra<br/>Oh, a esperança de Israel.</lines>
    </verse>
    <verse name="v5">
      <lines>Nosso Comandante</lines>
    </verse>
    <verse name="v6">
      <lines>Nosso comandante é Jesus Cristo<br/>Maravilhoso, Filho de Deus<br/>Todo-poderoso, invencível<br/>Reina sobre a terra e céus.</lines>
    </verse>
    <verse name="v7">
      <lines>Salvação pertence ao Senhor<br/>Dono da minha vida<br/>Que me fez mais que vencedor.</lines>
    </verse>
  </lyrics>
</song>
