<?xml version='1.0' encoding='utf-8'?>
<song xmlns="http://openlyrics.info/namespace/2009/song" version="0.8" createdIn="OpenLP 1.9.9" modifiedIn="OpenLP 1.9.9" modifiedDate="2012-09-30T13:18:21">
  <properties>
    <titles>
      <title>o-meu-canto</title>
    </titles>
    <authors>
      <author>Adhemar de Campos</author>
    </authors>
  </properties>
  <lyrics>
    <verse name="v1">
      <lines>O Meu Canto</lines>
    </verse>
    <verse name="v2">
      <lines>O meu canto<br/>É um canto de alegria<br/>Que proclama a liberdade<br/>Em Jesus<br/>O meu canto<br/>É um canto de vitória<br/>Que proclama o triunfo<br/>Lá da cruz.</lines>
    </verse>
    <verse name="v3">
      <lines>O meu cantar<br/>É pra Ti meu Senhor<br/>O meu louvar<br/>Expressão de amor.</lines>
    </verse>
  </lyrics>
</song>
