<?xml version='1.0' encoding='utf-8'?>
<song xmlns="http://openlyrics.info/namespace/2009/song" version="0.8" createdIn="OpenLP 1.9.9" modifiedIn="OpenLP 1.9.9" modifiedDate="2012-09-30T13:18:21">
  <properties>
    <titles>
      <title>o-motivo-do-louvor</title>
    </titles>
    <authors>
      <author>Adhemar de Campos</author>
    </authors>
  </properties>
  <lyrics>
    <verse name="v1">
      <lines>O motivo do louvor</lines>
    </verse>
    <verse name="v2">
      <lines>Cristo e a nossa vida<br/>O motivo do louvor<br/>Em nosso novo coracao<br/>Pois morreu a nossa morte<br/>pra vivermos a sua vida<br/>Nos trouxe grande salvacao (3 vezes)</lines>
    </verse>
    <verse name="v3">
      <lines>Hosana, hosana<br/>Hosana, hosana<br/>Hosana ao nosso Rei (6 vezes)</lines>
    </verse>
    <verse name="v4">
      <lines>Louvamos ao Senhor<br/>Pois Seu nome e Santo (8 vezes)</lines>
    </verse>
  </lyrics>
</song>
