<?xml version='1.0' encoding='utf-8'?>
<song xmlns="http://openlyrics.info/namespace/2009/song" version="0.8" createdIn="OpenLP 1.9.9" modifiedIn="OpenLP 1.9.9" modifiedDate="2012-09-30T13:18:21">
  <properties>
    <titles>
      <title>o-nome-de-jesus</title>
    </titles>
    <authors>
      <author>Adhemar de Campos</author>
    </authors>
  </properties>
  <lyrics>
    <verse name="v1">
      <lines>O Nome de Jesus</lines>
    </verse>
    <verse name="v2">
      <lines>O Nome de Jesus é poderoso,<br/>O Nome de Jesus é sobre todos,<br/>Nome mais doce,<br/>Nome mais lindo,<br/>Nome sublime é o Nome de Jesus!</lines>
    </verse>
    <verse name="v3">
      <lines>O Nome de Jesus levanta os mortos,<br/>O Nome de Jesus sara os feridos,<br/>Nome mais santo,<br/>Nome mais puro,<br/>Nome bendito é o Nome de Jesus!</lines>
    </verse>
  </lyrics>
</song>
