<?xml version='1.0' encoding='utf-8'?>
<song xmlns="http://openlyrics.info/namespace/2009/song" version="0.8" createdIn="OpenLP 1.9.9" modifiedIn="OpenLP 1.9.9" modifiedDate="2012-09-30T13:18:21">
  <properties>
    <titles>
      <title>o-profeta-declarou</title>
    </titles>
    <authors>
      <author>Adhemar de Campos</author>
    </authors>
  </properties>
  <lyrics>
    <verse name="v1">
      <lines>O Profeta Declarou</lines>
    </verse>
    <verse name="v2">
      <lines>O profeta declarou<br/>A palavra que o Senhor<br/>À seu tempo com poder cumprirá</lines>
    </verse>
    <verse name="v3">
      <lines>Quando a Terra se encher<br/>Da glória do Senhor<br/>Como as águas cobrem o mar</lines>
    </verse>
    <verse name="v4">
      <lines>(refrão)<br/>Um canto de glória<br/>De alegria se ouvirá<br/>Ao Rei da glória<br/>Em Sião se louvará<br/>Um canto de glória<br/>Toda Terra encherá<br/>Como as águas cobrem o mar</lines>
    </verse>
  </lyrics>
</song>
