<?xml version='1.0' encoding='utf-8'?>
<song xmlns="http://openlyrics.info/namespace/2009/song" version="0.8" createdIn="OpenLP 1.9.9" modifiedIn="OpenLP 1.9.9" modifiedDate="2012-09-30T13:18:21">
  <properties>
    <titles>
      <title>o-verbo-divino</title>
    </titles>
    <authors>
      <author>Adhemar de Campos</author>
    </authors>
  </properties>
  <lyrics>
    <verse name="v1">
      <lines>O Verbo Divino</lines>
    </verse>
    <verse name="v2">
      <lines>É jesus o verbo divino<br/>Encarnação de deus<br/>O próprio deus que veio ao mundo</lines>
    </verse>
    <verse name="v3">
      <lines>Veio ao mundo criado por ele<br/>Trazendo vida e luz a todo<br/>Homem<br/>Veio ao mundo criado por ele<br/>Trazendo vida e luz a todo homem</lines>
    </verse>
    <verse name="v4">
      <lines>Nós te recebemos jesus<br/>Pois entre nós vieste habitar<br/>Oh revela-nos<br/>Tua glória<br/>Pois és filho do deus vivo<br/>Cheio de graça e verdade</lines>
    </verse>
    <verse name="v5">
      <lines>E assim ao mundo<br/>Anunciaremos<br/>Por nossa vida<br/>Tua verdade.</lines>
    </verse>
  </lyrics>
</song>
