<?xml version='1.0' encoding='utf-8'?>
<song xmlns="http://openlyrics.info/namespace/2009/song" version="0.8" createdIn="OpenLP 1.9.9" modifiedIn="OpenLP 1.9.9" modifiedDate="2012-09-30T13:18:21">
  <properties>
    <titles>
      <title>opera-nesta-hora</title>
    </titles>
    <authors>
      <author>Adhemar de Campos</author>
    </authors>
  </properties>
  <lyrics>
    <verse name="v1">
      <lines>Opera Nesta Hora</lines>
    </verse>
    <verse name="v2">
      <lines>Opera nesta hora<br/>Um milagre em nossa vida, enfim.</lines>
    </verse>
    <verse name="v3">
      <lines>Envia Tua palavra<br/>E transforma nossa vida, enfim.</lines>
    </verse>
    <verse name="v4">
      <lines>Ministra Tua graça<br/>Tua unção em nossa vida, enfim.</lines>
    </verse>
    <verse name="v5">
      <lines>Ó, Espírito!<br/>Tua unção em nossa vida<br/>Ó, Espírito!<br/>E transforma a nossa vida<br/>Ó, Espírito!<br/>Um milagre em nossa vida.</lines>
    </verse>
  </lyrics>
</song>
