<?xml version='1.0' encoding='utf-8'?>
<song xmlns="http://openlyrics.info/namespace/2009/song" version="0.8" createdIn="OpenLP 1.9.9" modifiedIn="OpenLP 1.9.9" modifiedDate="2012-09-30T13:18:21">
  <properties>
    <titles>
      <title>pela-fe</title>
    </titles>
    <authors>
      <author>Adhemar de Campos</author>
    </authors>
  </properties>
  <lyrics>
    <verse name="v1">
      <lines>Pela Fé</lines>
    </verse>
    <verse name="v2">
      <lines>Pela fé no Filho de Deus sou vencedor<br/>Todo mal afasta de mim Cristo Senhor<br/>Tudo posso em Jesus, meu fiel e bom Pastor<br/>Digno é de receber todo louvor<br/>Digno é de receber todo louvor</lines>
    </verse>
  </lyrics>
</song>
