<?xml version='1.0' encoding='utf-8'?>
<song xmlns="http://openlyrics.info/namespace/2009/song" version="0.8" createdIn="OpenLP 1.9.9" modifiedIn="OpenLP 1.9.9" modifiedDate="2012-09-30T13:18:22">
  <properties>
    <titles>
      <title>poderoso</title>
    </titles>
    <authors>
      <author>Adhemar de Campos</author>
    </authors>
  </properties>
  <lyrics>
    <verse name="v1">
      <lines>Poderoso</lines>
    </verse>
    <verse name="v2">
      <lines>Ele é poderoso, Ele é o Rei dos Reis<br/>Sempre vitorioso, exaltado nos céus<br/>Com triunfo eterno obtido na cruz<br/>Derrotou o inimigo, o seu nome é Jesus</lines>
    </verse>
    <verse name="v3">
      <lines>repete estrofe</lines>
    </verse>
    <verse name="v4">
      <lines>Quem não te temerá, não glorificará teu nome?<br/>Todos te declaram Rei das nações!!</lines>
    </verse>
    <verse name="v5">
      <lines>Ele é poderoso, Ele é o Rei dos Reis<br/>Sempre vitorioso, exaltado nos céus<br/>Com triunfo eterno obtido na cruz<br/>Derrotou o inimigo, o seu nome é Jesus</lines>
    </verse>
    <verse name="v6">
      <lines>repete estrofe</lines>
    </verse>
    <verse name="v7">
      <lines>quem não te temerá...etc (2x)</lines>
    </verse>
  </lyrics>
</song>
