<?xml version='1.0' encoding='utf-8'?>
<song xmlns="http://openlyrics.info/namespace/2009/song" version="0.8" createdIn="OpenLP 1.9.9" modifiedIn="OpenLP 1.9.9" modifiedDate="2012-09-30T13:18:22">
  <properties>
    <titles>
      <title>porque-para-sempre</title>
    </titles>
    <authors>
      <author>Adhemar de Campos</author>
    </authors>
  </properties>
  <lyrics>
    <verse name="v1">
      <lines>Porque Para Sempre</lines>
    </verse>
    <verse name="v2">
      <lines>Porque para sempre Oh Deus, tua misericordia e (2 vezes)</lines>
    </verse>
    <verse name="v3">
      <lines>Melhor que a vida e<br/>Minha alma o sabe bem<br/>Porque para sempre Oh Deus, tua misericordia e</lines>
    </verse>
    <verse name="v4">
      <lines>Maior que o vento e o ar<br/>Mais alta que o ceu esta<br/>Porque para sempre Oh Deus, tua misericordia e</lines>
    </verse>
  </lyrics>
</song>
