<?xml version='1.0' encoding='utf-8'?>
<song xmlns="http://openlyrics.info/namespace/2009/song" version="0.8" createdIn="OpenLP 1.9.9" modifiedIn="OpenLP 1.9.9" modifiedDate="2012-09-30T13:18:22">
  <properties>
    <titles>
      <title>porque-fim-da-lei-cristo</title>
    </titles>
    <authors>
      <author>Adhemar de Campos</author>
    </authors>
  </properties>
  <lyrics>
    <verse name="v1">
      <lines>Porque o Fim da Lei é Cristo</lines>
    </verse>
    <verse name="v2">
      <lines>Porque o fim da lei é cristo<br/>Prá justiça de todo que crê<br/>A justiça que é pela fé<br/>No filho de deus<br/>A quem deus ressuscitou<br/>Para nossa justificação</lines>
    </verse>
    <verse name="v3">
      <lines>Aleluia<br/>Grande salvação<br/>Aleluia<br/>Grande salvação<br/>Aleluia<br/>Grande salvação.</lines>
    </verse>
  </lyrics>
</song>
