<?xml version='1.0' encoding='utf-8'?>
<song xmlns="http://openlyrics.info/namespace/2009/song" version="0.8" createdIn="OpenLP 1.9.9" modifiedIn="OpenLP 1.9.9" modifiedDate="2012-09-30T13:18:22">
  <properties>
    <titles>
      <title>pra-teu-louvor</title>
    </titles>
    <authors>
      <author>Adhemar de Campos</author>
    </authors>
  </properties>
  <lyrics>
    <verse name="v1">
      <lines>Pra Teu Louvor</lines>
    </verse>
    <verse name="v2">
      <lines>Prá teu louvor<br/>Oh deus de amor<br/>Estamos em cristo</lines>
    </verse>
    <verse name="v3">
      <lines>Jesus pela graça<br/>Nos remiste de toda a iniquidade<br/>Através do teu imenso poder</lines>
    </verse>
    <verse name="v4">
      <lines>Prá teu louvor deus<br/>Nos transportou para o reino do filho<br/>Do seu amor<br/>Em lugares celestiais<br/>Estamos assentados<br/>Juntamente com cristo jesus</lines>
    </verse>
    <verse name="v5">
      <lines>Nele estamos e fomos gerados<br/>Pela graça e força do seu amor<br/>A fim de sermos santos deus<br/>Nos predestinou</lines>
    </verse>
    <verse name="v6">
      <lines>Para honra e glória do seu louvor<br/>Para honra e glória do seu louvor.</lines>
    </verse>
  </lyrics>
</song>
