<?xml version='1.0' encoding='utf-8'?>
<song xmlns="http://openlyrics.info/namespace/2009/song" version="0.8" createdIn="OpenLP 1.9.9" modifiedIn="OpenLP 1.9.9" modifiedDate="2012-09-30T13:18:22">
  <properties>
    <titles>
      <title>que-calor-esse</title>
    </titles>
    <authors>
      <author>Adhemar de Campos</author>
    </authors>
  </properties>
  <lyrics>
    <verse name="v1">
      <lines>Que Calor é Esse?</lines>
    </verse>
    <verse name="v2">
      <lines>Que calor é este?<br/>Que calor é este?<br/>Invadindo este lugar.<br/>Que perfume é este?<br/>Que perfume é este?<br/>Inundando este lugar.</lines>
    </verse>
    <verse name="v3">
      <lines>É o Senhor Jesus em meio ao seu povo<br/>É o Senhor Jesus trazendo o vinho novo<br/>É o Senhor Jesus presente para nos salvar<br/>A Ele vamos adorar<br/>Como todo o coração louvar<br/>Com alegria celebrar.</lines>
    </verse>
  </lyrics>
</song>
