<?xml version='1.0' encoding='utf-8'?>
<song xmlns="http://openlyrics.info/namespace/2009/song" version="0.8" createdIn="OpenLP 1.9.9" modifiedIn="OpenLP 1.9.9" modifiedDate="2012-09-30T13:18:22">
  <properties>
    <titles>
      <title>quem-pode-livrar</title>
    </titles>
    <authors>
      <author>Adhemar de Campos</author>
    </authors>
  </properties>
  <lyrics>
    <verse name="v1">
      <lines>Quem pode livrar</lines>
    </verse>
    <verse name="v2">
      <lines>Quem pode livrar como o Senhor</lines>
    </verse>
    <verse name="v3">
      <lines>Ele é poderoso pra me guardar</lines>
    </verse>
    <verse name="v4">
      <lines>Quem pode livrar como o Senhor</lines>
    </verse>
    <verse name="v5">
      <lines>Ele é poderoso pra me guardar</lines>
    </verse>
    <verse name="v6">
      <lines>Quando os meus inimigos</lines>
    </verse>
    <verse name="v7">
      <lines>Se lenvantaram contra mim</lines>
    </verse>
    <verse name="v8">
      <lines>O Senhor estendeu suas mãos</lines>
    </verse>
    <verse name="v9">
      <lines>Para mim e me deu a vitória</lines>
    </verse>
  </lyrics>
</song>
