<?xml version='1.0' encoding='utf-8'?>
<song xmlns="http://openlyrics.info/namespace/2009/song" version="0.8" createdIn="OpenLP 1.9.9" modifiedIn="OpenLP 1.9.9" modifiedDate="2012-09-30T13:18:22">
  <properties>
    <titles>
      <title>quero-louvar-te</title>
    </titles>
    <authors>
      <author>Adhemar de Campos</author>
    </authors>
  </properties>
  <lyrics>
    <verse name="v1">
      <lines>Quero louvar-te</lines>
    </verse>
    <verse name="v2">
      <lines>Quero Louvar-Te<br/>Flavinho<br/>Composição: Indisponível</lines>
    </verse>
    <verse name="v3">
      <lines>Quero louvar-te<br/>sempre mais e mais,<br/>quero louvar-te,<br/>sempre mais e mais.<br/>Buscar o Teu querer<br/>Tua graça conhecer, quero louvar-te.</lines>
    </verse>
    <verse name="v4">
      <lines>As aves do céu<br/>cantam para Ti,<br/>as feras do campo<br/>refletem Teu poder.<br/>Quero cantar ,<br/>quero levantar as minhas mãos à Ti</lines>
    </verse>
    <verse name="v5">
      <lines>Quero amar-te...</lines>
    </verse>
  </lyrics>
</song>
