<?xml version='1.0' encoding='utf-8'?>
<song xmlns="http://openlyrics.info/namespace/2009/song" version="0.8" createdIn="OpenLP 1.9.9" modifiedIn="OpenLP 1.9.9" modifiedDate="2012-09-30T13:18:22">
  <properties>
    <titles>
      <title>razao-do-meu-cantar</title>
    </titles>
    <authors>
      <author>Adhemar de Campos</author>
    </authors>
  </properties>
  <lyrics>
    <verse name="v1">
      <lines>Razão do Meu Cantar</lines>
    </verse>
    <verse name="v2">
      <lines>Meu Refúgio e Libertação é Jesus<br/>Dele o socorro me virá<br/>A razão do meu cantar é Jesus<br/>Fonte de inspiração para louvar</lines>
    </verse>
    <verse name="v3">
      <lines>Da minha vida, Ele é o Senhor<br/>Com o seu sangue me comprou<br/>Da minha vida, Ele é o Senhor<br/>Pois do pecado me resgatou</lines>
    </verse>
  </lyrics>
</song>
