<?xml version='1.0' encoding='utf-8'?>
<song xmlns="http://openlyrics.info/namespace/2009/song" version="0.8" createdIn="OpenLP 1.9.9" modifiedIn="OpenLP 1.9.9" modifiedDate="2012-09-30T13:18:22">
  <properties>
    <titles>
      <title>revolucao-de-louvor</title>
    </titles>
    <authors>
      <author>Adhemar de Campos</author>
    </authors>
  </properties>
  <lyrics>
    <verse name="v1">
      <lines>Revolução de Louvor</lines>
    </verse>
    <verse name="v2">
      <lines>Uma revolução de louvor está para acontecer<br/>Como expressão de amor a Deus, todo mundo há de ver<br/>É o som do céu em nossas vidas no poder do Espírito<br/>É o som do céu sarando a terra<br/>Sobre o som do inferno prevalecerá</lines>
    </verse>
  </lyrics>
</song>
