<?xml version='1.0' encoding='utf-8'?>
<song xmlns="http://openlyrics.info/namespace/2009/song" version="0.8" createdIn="OpenLP 1.9.9" modifiedIn="OpenLP 1.9.9" modifiedDate="2012-09-30T13:18:23">
  <properties>
    <titles>
      <title>salmo-34</title>
    </titles>
    <authors>
      <author>Adhemar de Campos</author>
    </authors>
  </properties>
  <lyrics>
    <verse name="v1">
      <lines>Salmo 34</lines>
    </verse>
    <verse name="v2">
      <lines>Olharam para Ele e foram iluminados<br/>Seus rostos nao serao confundidos (4 vezes)</lines>
    </verse>
    <verse name="v3">
      <lines>Busquei ao Senhor<br/>E Ele respondeu<br/>Em todos os temores, me livrou<br/>Clamou este pobre<br/>O Senhor o ouviu<br/>Em todas as angustias, o salvou</lines>
    </verse>
    <verse name="v4">
      <lines>Olharam para Ele e foram iluminados<br/>Seus rostos nao serao confundidos (2 vezes)</lines>
    </verse>
    <verse name="v5">
      <lines>Um anjo do Senhor<br/>Acampa-se ao redor<br/>Aqueles que O temem, e os livra<br/>Oh, provai e vede<br/>O Senhor agora<br/>Feliz o homem que Nele confia</lines>
    </verse>
    <verse name="v6">
      <lines>Olharam para Ele e foram iluminados<br/>Seus rostos nao serao confundidos (8 vezes)</lines>
    </verse>
  </lyrics>
</song>
