<?xml version='1.0' encoding='utf-8'?>
<song xmlns="http://openlyrics.info/namespace/2009/song" version="0.8" createdIn="OpenLP 1.9.9" modifiedIn="OpenLP 1.9.9" modifiedDate="2012-09-30T13:18:23">
  <properties>
    <titles>
      <title>salve-cristo</title>
    </titles>
    <authors>
      <author>Adhemar de Campos</author>
    </authors>
  </properties>
  <lyrics>
    <verse name="v1">
      <lines>Salve Cristo</lines>
    </verse>
    <verse name="v2">
      <lines>Salve cristo, tu és o rei!<br/>Tua vida me faz cantar<br/>Todo dia te louvarei<br/>És perfeito em teus caminhos</lines>
    </verse>
    <verse name="v3">
      <lines>Salve cristo meu senhor!<br/>Tua palavra obedecerei<br/>Hei de ver teu reino vir!<br/>Tua vontade se cumprir</lines>
    </verse>
    <verse name="v4">
      <lines>Glória, glória, ao cordeiro de deus!<br/>Que me leva a terra possuir<br/>Em teu nome sempre vamos verncer!<br/>Proclamar que tu és o reis</lines>
    </verse>
    <verse name="v5">
      <lines>Salve, salve leão de judá!<br/>Tão poderoso és!<br/>Salve, salve leão de juda!<br/>Maravilhoso és!</lines>
    </verse>
  </lyrics>
</song>
