<?xml version='1.0' encoding='utf-8'?>
<song xmlns="http://openlyrics.info/namespace/2009/song" version="0.8" createdIn="OpenLP 1.9.9" modifiedIn="OpenLP 1.9.9" modifiedDate="2012-09-30T13:18:23">
  <properties>
    <titles>
      <title>satisfaz-o-senhor-a-luz</title>
    </titles>
    <authors>
      <author>Adhemar de Campos</author>
    </authors>
  </properties>
  <lyrics>
    <verse name="v1">
      <lines>Satisfaz / O Senhor é a Luz</lines>
    </verse>
    <verse name="v2">
      <lines>Só jesus, a vida satisfaz,<br/>Só jesus, a vida satisfaz<br/>Só jesus, a vida satisfaz,<br/>Só jesus, a vida satisfaz</lines>
    </verse>
    <verse name="v3">
      <lines>Não temo o mal que possa vir,<br/>Força não há pra destruir<br/>O amor, a fé no coração que do senhor recebi<br/>Pois é ele que guia os meus passos</lines>
    </verse>
    <verse name="v4">
      <lines>À ele me entreguei e nele confiarei, ô, ô</lines>
    </verse>
    <verse name="v5">
      <lines>Não temo o mal que possa vir,<br/>Força não há pra destruir<br/>O amor, a fé no coração que do senhor recebi<br/>Pois é ele que guia os meus passos</lines>
    </verse>
    <verse name="v6">
      <lines>À ele me entreguei e nele confiarei, ô, ô</lines>
    </verse>
    <verse name="v7">
      <lines>Aleluia,<br/>Aleluia,<br/>Aleluia,<br/>Aleluia</lines>
    </verse>
    <verse name="v8">
      <lines>Á ele me entreguei e nele confiarei, ô, ô</lines>
    </verse>
    <verse name="v9">
      <lines>Aleluia,<br/>Aleluia,<br/>Aleluia,<br/>Aleluia</lines>
    </verse>
    <verse name="v10">
      <lines>À ele me entreguei e nele confiarei, ô, ô</lines>
    </verse>
  </lyrics>
</song>
