<?xml version='1.0' encoding='utf-8'?>
<song xmlns="http://openlyrics.info/namespace/2009/song" version="0.8" createdIn="OpenLP 1.9.9" modifiedIn="OpenLP 1.9.9" modifiedDate="2012-09-30T13:18:23">
  <properties>
    <titles>
      <title>se-nao-fora-senhor</title>
    </titles>
    <authors>
      <author>Adhemar de Campos</author>
    </authors>
  </properties>
  <lyrics>
    <verse name="v1">
      <lines>Se nao fora o Senhor</lines>
    </verse>
    <verse name="v2">
      <lines>Se não fora o Senhor, não fora o Senhor<br/>Que esteve ao nosso lado, ora diga Israel<br/>Se não fora o Senhor, não fora o Senhor<br/>Que esteve ao nosso lado,<br/>Quando os homens contra nós se levantaram?!<br/>Então as águas teriam transbordado<br/>Sobre nós se levantado<br/>Uma corrente viria sobre nós<br/>Mas bendito seja o Senhor,<br/>Que não nos deu por presa aos seus dentes<br/>O laço se quebrou e como pássaros assim escapamos.<br/>O nosso socorro está no nome do Senhor</lines>
    </verse>
  </lyrics>
</song>
