<?xml version='1.0' encoding='utf-8'?>
<song xmlns="http://openlyrics.info/namespace/2009/song" version="0.8" createdIn="OpenLP 1.9.9" modifiedIn="OpenLP 1.9.9" modifiedDate="2012-09-30T13:18:23">
  <properties>
    <titles>
      <title>seja-bendito-nosso-deus</title>
    </titles>
    <authors>
      <author>Adhemar de Campos</author>
    </authors>
  </properties>
  <lyrics>
    <verse name="v1">
      <lines>Seja Bendito o Nosso Deus</lines>
    </verse>
    <verse name="v2">
      <lines>Seja bendito o nosso Deus,<br/>Deus grande em toda terra<br/>Seja bendito o Rei Jesus<br/>Revelação de Deus o Pai<br/>Seja bendito de Deus o Espírito<br/>Que a Cristo vem exaltar<br/>Seja bendito o trino Deus<br/>Em toda terra, céu e mar</lines>
    </verse>
  </lyrics>
</song>
