<?xml version='1.0' encoding='utf-8'?>
<song xmlns="http://openlyrics.info/namespace/2009/song" version="0.8" createdIn="OpenLP 1.9.9" modifiedIn="OpenLP 1.9.9" modifiedDate="2012-09-30T13:18:23">
  <properties>
    <titles>
      <title>sempre-bendito</title>
    </titles>
    <authors>
      <author>Adhemar de Campos</author>
    </authors>
  </properties>
  <lyrics>
    <verse name="v1">
      <lines>Sempre Bendito</lines>
    </verse>
    <verse name="v2">
      <lines>Seja sempre bendito<br/>O Deus e pai de Jesus Cristo<br/>Que já nos abençoou<br/>Com toda sorte de bênção<br/>Nos lugares celestiais.</lines>
    </verse>
    <verse name="v3">
      <lines>Lugares celestiais<br/>Em Cristo, em Cristo.</lines>
    </verse>
  </lyrics>
</song>
