<?xml version='1.0' encoding='utf-8'?>
<song xmlns="http://openlyrics.info/namespace/2009/song" version="0.8" createdIn="OpenLP 1.9.9" modifiedIn="OpenLP 1.9.9" modifiedDate="2012-09-30T13:18:23">
  <properties>
    <titles>
      <title>sopra-teu-vento</title>
    </titles>
    <authors>
      <author>Adhemar de Campos</author>
    </authors>
  </properties>
  <lyrics>
    <verse name="v1">
      <lines>Sopra Teu Vento</lines>
    </verse>
    <verse name="v2">
      <lines>Sopra teu vento<br/>Acende o fogo<br/>Teus rios de água viva flua de mim<br/>Que o teu amor inunde o meu ser</lines>
    </verse>
    <verse name="v3">
      <lines>Como o fogo<br/>Refina o ouro<br/>Arda em mim<br/>Essa chama de amor<br/>E purifique meu coração</lines>
    </verse>
    <verse name="v4">
      <lines>Te quero, te amo, te desejo, te adoro<br/>Acende em mim essa chama de amor</lines>
    </verse>
    <verse name="v5">
      <lines>Arda dentro de mim o teu amor, ó meu amado<br/>Arda dentro de mim o teu amor</lines>
    </verse>
  </lyrics>
</song>
