<?xml version='1.0' encoding='utf-8'?>
<song xmlns="http://openlyrics.info/namespace/2009/song" version="0.8" createdIn="OpenLP 1.9.9" modifiedIn="OpenLP 1.9.9" modifiedDate="2012-09-30T13:18:23">
  <properties>
    <titles>
      <title>te-exaltamos</title>
    </titles>
    <authors>
      <author>Adhemar de Campos</author>
    </authors>
  </properties>
  <lyrics>
    <verse name="v1">
      <lines>Te exaltamos</lines>
    </verse>
    <verse name="v2">
      <lines>Te exaltamos<br/>Te exaltamos<br/>Te exaltamos,<br/>oh Senhor</lines>
    </verse>
  </lyrics>
</song>
