<?xml version='1.0' encoding='utf-8'?>
<song xmlns="http://openlyrics.info/namespace/2009/song" version="0.8" createdIn="OpenLP 1.9.9" modifiedIn="OpenLP 1.9.9" modifiedDate="2012-09-30T13:18:23">
  <properties>
    <titles>
      <title>tempo-de-festa</title>
    </titles>
    <authors>
      <author>Adhemar de Campos</author>
    </authors>
  </properties>
  <lyrics>
    <verse name="v1">
      <lines>Tempo de Festa</lines>
    </verse>
    <verse name="v2">
      <lines>Tempo de festa<br/>De alegria e celebração<br/>É o povo de Deus reunido na congragação<br/>O dono da festa<br/>Nosso amigo e anfitrião<br/>Cristo Jesus nos convida a comunhão</lines>
    </verse>
    <verse name="v3">
      <lines>Quem promove a alegria é o Espírito de Deus<br/>Que trocou nossa tristeza pelas vestes de louvor<br/>Já se sente o perfume inundando este lugar<br/>É o perfume do amor<br/>Que nos leva a dorar</lines>
    </verse>
    <verse name="v4">
      <lines>Façamos festa ao Senhor que nos criou<br/>Digno de honra,de glória e de louvor</lines>
    </verse>
  </lyrics>
</song>
