<?xml version='1.0' encoding='utf-8'?>
<song xmlns="http://openlyrics.info/namespace/2009/song" version="0.8" createdIn="OpenLP 1.9.9" modifiedIn="OpenLP 1.9.9" modifiedDate="2012-09-30T13:18:23">
  <properties>
    <titles>
      <title>templo-vivo</title>
    </titles>
    <authors>
      <author>Adhemar de Campos</author>
    </authors>
  </properties>
  <lyrics>
    <verse name="v1">
      <lines>Templo vivo</lines>
    </verse>
    <verse name="v2">
      <lines>Deus nos chamou para sermos um templo vivo<br/>E o lugar da Sua morada, Seu Filho enviou<br/>Pra nos resgatar, e viver em nós a Sua vida</lines>
    </verse>
    <verse name="v3">
      <lines>Nova Vida, nova criatura, novo espírito e novo coração<br/>Para á glória de Deus, o qual nos fez uma família<br/>Como muitos filhos como Jesus...</lines>
    </verse>
  </lyrics>
</song>
