<?xml version='1.0' encoding='utf-8'?>
<song xmlns="http://openlyrics.info/namespace/2009/song" version="0.8" createdIn="OpenLP 1.9.9" modifiedIn="OpenLP 1.9.9" modifiedDate="2012-09-30T13:18:24">
  <properties>
    <titles>
      <title>tributo-iehovah</title>
    </titles>
    <authors>
      <author>Adhemar de Campos</author>
    </authors>
  </properties>
  <lyrics>
    <verse name="v1">
      <lines>Tributo a Iehovah</lines>
    </verse>
    <verse name="v2">
      <lines>Ie, Ie, Iehovah, Ie, Ie, Iehovah<br/>Ie, Ie, Iehovah, Ie, Ie, Iehovah<br/>Eu sou grato por tudo que tenho<br/>O tesouro maior desse mundo<br/>Me foi dado como heranca eterna<br/>Maior prova de um amor tao profundo<br/>Tenho vida, alegria todo tempo<br/>Tenho amigos, familia, muitos irmaos<br/>Foi Jesus, meu amigo verdadeiro<br/>Que fez tudo ao me dar a salvacao<br/>Louvarei ao Senhor em todo tempo<br/>Seu louvor estarah continuamente<br/>Em meus labios e tambem no coracao<br/>Jesus Cristo serah sempre minha cancao</lines>
    </verse>
  </lyrics>
</song>
