<?xml version='1.0' encoding='utf-8'?>
<song xmlns="http://openlyrics.info/namespace/2009/song" version="0.8" createdIn="OpenLP 1.9.9" modifiedIn="OpenLP 1.9.9" modifiedDate="2012-09-30T13:18:24">
  <properties>
    <titles>
      <title>tu-senhor-es-meu-escudo</title>
    </titles>
    <authors>
      <author>Adhemar de Campos</author>
    </authors>
  </properties>
  <lyrics>
    <verse name="v1">
      <lines>Tu Senhor És o Meu Escudo</lines>
    </verse>
    <verse name="v2">
      <lines>Como cresceram os meus inimigos muitos são os meus adversários<br/>Todos se levantam prá dizer não há salvação prá ele em deus</lines>
    </verse>
    <verse name="v3">
      <lines>Mas tu senhor és o meu escudo minha glória e a força prá vencer</lines>
    </verse>
    <verse name="v4">
      <lines>Não temerei os dez milhares que me cercam tomando posição<br/>Contra a minh'alma</lines>
    </verse>
    <verse name="v5">
      <lines>Pois tu senhor és o meu escudo minha glória e a força prá vencer</lines>
    </verse>
    <verse name="v6">
      <lines>Com minha voz clamo ao senhor e ele do seu monte me<br/>Responde sim do senhor vem a salvação e sobre<br/>O seu povo a sua benção</lines>
    </verse>
  </lyrics>
</song>
