<?xml version='1.0' encoding='utf-8'?>
<song xmlns="http://openlyrics.info/namespace/2009/song" version="0.8" createdIn="OpenLP 1.9.9" modifiedIn="OpenLP 1.9.9" modifiedDate="2012-09-30T13:18:24">
  <properties>
    <titles>
      <title>tudo-se-fez-novo</title>
    </titles>
    <authors>
      <author>Adhemar de Campos</author>
    </authors>
  </properties>
  <lyrics>
    <verse name="v1">
      <lines>Tudo se Fez Novo</lines>
    </verse>
    <verse name="v2">
      <lines>Tudo se fez novo as coisas velhas ficaram prá traz<br/>Hoje estou em cristo fui regenerado</lines>
    </verse>
    <verse name="v3">
      <lines>Foi na cruz que cristo me atraiu prá morrer<br/>E livre enfim estar e livre sim estar prá deus engrandecer<br/>Este é o motivo do meu viver</lines>
    </verse>
    <verse name="v4">
      <lines>Tudo se fez novo as coisas velhas ficaram prá traz<br/>Cristo é minha vida livrou-me do pecado</lines>
    </verse>
    <verse name="v5">
      <lines>Tudo se fez novo as coisas velhas ficaram prá traz<br/>Cristo é o meu tudo de mim não há mais nada</lines>
    </verse>
  </lyrics>
</song>
