<?xml version='1.0' encoding='utf-8'?>
<song xmlns="http://openlyrics.info/namespace/2009/song" version="0.8" createdIn="OpenLP 1.9.9" modifiedIn="OpenLP 1.9.9" modifiedDate="2012-09-30T13:18:24">
  <properties>
    <titles>
      <title>vamos-celebrar</title>
    </titles>
    <authors>
      <author>Adhemar de Campos</author>
    </authors>
  </properties>
  <lyrics>
    <verse name="v1">
      <lines>Vamos Celebrar</lines>
    </verse>
    <verse name="v2">
      <lines>Vamos celebrar a Jesus, Filho de Deus<br/>Vamos festejar, pois vitoria ele nos deu<br/>Hah poder em sua Palavra para crer no impossivel<br/>Nele posso todas as coisas Senhor dos Exercitos<br/>Hah poder (em sua Palavra, em sua Palavra ),<br/>Para crer (em sua Palavra, em sua Palavra )</lines>
    </verse>
  </lyrics>
</song>
