<?xml version='1.0' encoding='utf-8'?>
<song xmlns="http://openlyrics.info/namespace/2009/song" version="0.8" createdIn="OpenLP 1.9.9" modifiedIn="OpenLP 1.9.9" modifiedDate="2012-09-30T13:18:24">
  <properties>
    <titles>
      <title>vem-deleita-te</title>
    </titles>
    <authors>
      <author>Adhemar de Campos</author>
    </authors>
  </properties>
  <lyrics>
    <verse name="v1">
      <lines>Vem e deleita-te</lines>
    </verse>
    <verse name="v2">
      <lines>(Salmo 37 4 )</lines>
    </verse>
    <verse name="v3">
      <lines>Oh!, vem<br/>Vem e deleita-te no Senhor<br/>Ele concedera as peticoes do teu coracao (2 vezes)</lines>
    </verse>
    <verse name="v4">
      <lines>Confia so em Deus<br/>E te dara<br/>Espera so em Deus<br/>Ele fara</lines>
    </verse>
    <verse name="v5">
      <lines>Oh!, vem<br/>Vem e deleita-te no Senhor<br/>Ele concedera as peticoes do teu coracao (2 vezes)</lines>
    </verse>
    <verse name="v6">
      <lines>Confia so em Deus<br/>E te dara<br/>Espera so em Deus<br/>Ele fara</lines>
    </verse>
    <verse name="v7">
      <lines>Oh!, vem<br/>Vem e deleita-te no Senhor<br/>Ele concedera as peticoes do teu coracao (2 vezes)</lines>
    </verse>
  </lyrics>
</song>
