<?xml version='1.0' encoding='utf-8'?>
<song xmlns="http://openlyrics.info/namespace/2009/song" version="0.8" createdIn="OpenLP 1.9.9" modifiedIn="OpenLP 1.9.9" modifiedDate="2012-09-30T13:18:24">
  <properties>
    <titles>
      <title>verbo-divino</title>
    </titles>
    <authors>
      <author>Adhemar de Campos</author>
    </authors>
  </properties>
  <lyrics>
    <verse name="v1">
      <lines>Verbo Divino</lines>
    </verse>
    <verse name="v2">
      <lines>É jesus o verbo divino encarnação de deus o próprio deus que veio<br/>Ao mundo veio ao mundo criado por ele trazendo vida e luz a todo<br/>Homem veio ao mundo criado por ele trazendo vida e luz a todo homem<br/>Nós te recebemos jesus pois entre nós vieste habitar oh revela-nos<br/>Tua glória pois és filho do deus vivo cheio de graça e verdade<br/>E assim ao mundo anunciare_mos por nossa vida tua verdade</lines>
    </verse>
  </lyrics>
</song>
