<?xml version='1.0' encoding='utf-8'?>
<song xmlns="http://openlyrics.info/namespace/2009/song" version="0.8" createdIn="OpenLP 1.9.9" modifiedIn="OpenLP 1.9.9" modifiedDate="2012-09-30T13:18:24">
  <properties>
    <titles>
      <title>verdadeira-libertacao</title>
    </titles>
    <authors>
      <author>Adhemar de Campos</author>
    </authors>
  </properties>
  <lyrics>
    <verse name="v1">
      <lines>Verdadeira Libertação</lines>
    </verse>
    <verse name="v2">
      <lines>A Verdade libertará<br/>Todo aquele que conhecer<br/>A Palavra de Deus<br/>A quem Cristo enviou<br/>Para todo aquele que crê<br/>Vida eterna possa ter</lines>
    </verse>
    <verse name="v3">
      <lines>A verdade é que na cruz<br/>Quando levantaram Jesus<br/>Todos foram Neles atraídos<br/>E na Sua Ressurreição<br/>Houve a nossa inclusão<br/>Verdadeiramente estamos livres</lines>
    </verse>
    <verse name="v4">
      <lines>Somos livres para amar<br/>Nosso Deus e Pai adorar<br/>Em espírito e em verdade</lines>
    </verse>
  </lyrics>
</song>
