<?xml version='1.0' encoding='utf-8'?>
<song xmlns="http://openlyrics.info/namespace/2009/song" version="0.8" createdIn="OpenLP 1.9.9" modifiedIn="OpenLP 1.9.9" modifiedDate="2012-09-30T13:18:24">
  <properties>
    <titles>
      <title>vivos-para-deus</title>
    </titles>
    <authors>
      <author>Adhemar de Campos</author>
    </authors>
  </properties>
  <lyrics>
    <verse name="v1">
      <lines>Vivos para Deus</lines>
    </verse>
    <verse name="v2">
      <lines>Porque estais debaixo da graca, e nao debaixo da lei<br/>O pecado nao mais terá dominio, sobre vos sobre vos<br/>Considerai-vos mortos ao pecado<br/>E vivos para Deus<br/>Considerai-vos mortos ao pecado<br/>E vivos para Deus</lines>
    </verse>
  </lyrics>
</song>
