<?xml version='1.0' encoding='utf-8'?>
<song xmlns="http://openlyrics.info/namespace/2009/song" version="0.8" createdIn="OpenLP 1.9.9" modifiedIn="OpenLP 1.9.9" modifiedDate="2012-09-30T13:20:10">
  <properties>
    <titles>
      <title>A ELE A GLÓRIA</title>
    </titles>
    <verseOrder>v1 v2 v3 v2</verseOrder>
    <authors>
      <author>DIANTE DO TRONO</author>
    </authors>
  </properties>
  <lyrics>
    <verse name="v1">
      <lines>PORQUE DELE<br/>E POR ELE, PARA ELE<br/>SÃO TODAS AS COISAS<br/>PORQUE DELE<br/>E POR ELE, PARA ELE<br/>SÃO TODAS AS COISAS</lines>
    </verse>
    <verse name="v2">
      <lines>A ELE A GLÓRIA,<br/>A ELE A GLÓRIA<br/>A ELE A GLÓRIA<br/>PARA SEMPRE, AMÉM</lines>
    </verse>
    <verse name="v3">
      <lines>QUÃO PROFUNDAS<br/>RIQUEZAS, O SABER<br/>E O CONHECER DE DEUS<br/>QUÃO INSONDÁVEIS<br/>SEUS JUÍZOS<br/>E SEUS CAMINHOS</lines>
    </verse>
  </lyrics>
</song>
