<?xml version='1.0' encoding='utf-8'?>
<song xmlns="http://openlyrics.info/namespace/2009/song" version="0.8" createdIn="OpenLP 1.9.9" modifiedIn="OpenLP 1.9.9" modifiedDate="2012-09-30T13:19:21">
  <properties>
    <titles>
      <title>a-biblia</title>
    </titles>
    <authors>
      <author>Diante do Trono</author>
    </authors>
  </properties>
  <lyrics>
    <verse name="v1">
      <lines>A Biblia</lines>
    </verse>
    <verse name="v2">
      <lines>A bíblia é um livro especial<br/>Com ela aprendo mais sobre Jesus<br/>Ele é meu grande amigo<br/>Eu quero o conhecer mais<br/>Vou ler a bíblia<br/>Todo dia, mais e mais</lines>
    </verse>
    <verse name="v3">
      <lines>Vou entrar no meu quarto<br/>Fechar minha porta<br/>Vamos ficar juntinhos, só eu e o Senhor<br/>Vou pegar minha bíblia<br/>Vou ler com carinho<br/>Sei que Deus vai falar comigo</lines>
    </verse>
    <verse name="v4">
      <lines>A bíblia é o pão que alimenta<br/>A fome que está em meu coração<br/>É a palavra de Jesus<br/>Que me cura e fortalece<br/>Vou ler a bíblia<br/>Todo dia, mais e mais</lines>
    </verse>
    <verse name="v5">
      <lines>Vou entrar no meu quarto...[2x]</lines>
    </verse>
    <verse name="v6">
      <lines>-Sabe gente a bíblia é um livro muito especial!<br/>Nela Deus colocou uma coleção de livros que nos ensina<br/>tudo o que precisamos saber sobre quem Ele é e sobre a<br/>vida que Ele tem para nós. Por isso, é importante nós<br/>conhecermos todos os livros da bíblia, e nessa hora,<br/>vamos cantar juntos, quais são esse livros!</lines>
    </verse>
    <verse name="v7">
      <lines>Gêneses, êxodo, Levítico, números, Deuteronômio,<br/>Josué, juízes, Rute, Samuel, Samuel, Reis, Reis e<br/>Crônicas, Crônicas, Esdras, Neemias Ester, Jó, salmos,<br/>provérbios, Eclesiastes, cantares, Isaías, Jeremias e<br/>lamentações, Ezequiel e Daniel, Ozéias, Joel, Amós,<br/>Obadias, Jonas, Miquéias, Naum, Abacuque, Sofonias,<br/>Ageu, Zacarias, Malaquias.<br/>Os trinta e nove livros então, do velho testamento,<br/>aqui estão.</lines>
    </verse>
    <verse name="v8">
      <lines>Mateus, marcos, Lucas e João, Atos, romanos,<br/>Coríntios, Coríntios, gálatas, Efésios, Filipenses,<br/>Colossences, Tessalonicences, Tessalonicences, Timóteo,<br/>Timóteo, Tito, Filemon, hebreus, Tiago, Pedro, Pedro,<br/>João, João, João, judas e Apocalipse de João.<br/>Os vinte e sete livros então do novo testamento aqui<br/>estão.</lines>
    </verse>
  </lyrics>
</song>
