<?xml version='1.0' encoding='utf-8'?>
<song xmlns="http://openlyrics.info/namespace/2009/song" version="0.8" createdIn="OpenLP 1.9.9" modifiedIn="OpenLP 1.9.9" modifiedDate="2012-09-30T13:19:22">
  <properties>
    <titles>
      <title>a-cancao-do-amor</title>
    </titles>
    <authors>
      <author>Diante do Trono</author>
    </authors>
  </properties>
  <lyrics>
    <verse name="v1">
      <lines>A Canção do Amor</lines>
    </verse>
    <verse name="v2">
      <lines>Renova em mim a canção do amor (3x)<br/>Por ti Jesus</lines>
    </verse>
    <verse name="v3">
      <lines>Leva-me de volta ao lugar do encontro<br/>Aos primeiros dias, faz-me de novo</lines>
    </verse>
    <verse name="v4">
      <lines>Leva-me ao lugar onde a tua voz era tão real<br/>Leva-me ao lugar onde a tua palavra queimava em meu coração<br/>Leva-me ao lugar de te amar (3x)</lines>
    </verse>
    <verse name="v5">
      <lines>Leva-me ao lugar de simplesmente estar em adoração<br/>Leva-me ao lugar onde os teus sonhos pra mim eram tudo que eu queria viver<br/>Leva-me ao lugar de te amar (3x)</lines>
    </verse>
  </lyrics>
</song>
