<?xml version='1.0' encoding='utf-8'?>
<song xmlns="http://openlyrics.info/namespace/2009/song" version="0.8" createdIn="OpenLP 1.9.9" modifiedIn="OpenLP 1.9.9" modifiedDate="2012-09-30T13:19:21">
  <properties>
    <titles>
      <title>a-cada-manha</title>
    </titles>
    <authors>
      <author>Diante do Trono</author>
    </authors>
  </properties>
  <lyrics>
    <verse name="v1">
      <lines>A Cada Manhã</lines>
    </verse>
    <verse name="v2">
      <lines>A cada manhã as misericórdias se renovam<br/>A cada manhã as misericórdias se renovam<br/>A cada manhã<br/>A cada manhã</lines>
    </verse>
    <verse name="v3">
      <lines>Quando as minhas forças se acabam<br/>E a minha esperança no Senhor<br/>Parecem não re-sis-tir<br/>Minh'alma se abate dentro de mim</lines>
    </verse>
    <verse name="v4">
      <lines>Meu coração começa a se lembrar<br/>Daquilo que renova a esperança<br/>As misericórdias do Senhor<br/>Não têm fim, Grande é o seu amor</lines>
    </verse>
    <verse name="v5">
      <lines>A cada manhã as misericórdias se renovam<br/>A cada manhã as misericórdias se renovam<br/>A cada manhã<br/>A cada manhã</lines>
    </verse>
    <verse name="v6">
      <lines>Minha porção é o Senhor<br/>A minha força é sua a-le-gri-a<br/>Ele é a razão do meu louvor<br/>Inspiração da minha melodia<br/>Espero nEle a cada novo dia</lines>
    </verse>
    <verse name="v7">
      <lines>A cada manhã as misericórdias se renovam<br/>A cada manhã as misericórdias se renovam<br/>A cada manhã<br/>A cada manhã</lines>
    </verse>
  </lyrics>
</song>
