<?xml version='1.0' encoding='utf-8'?>
<song xmlns="http://openlyrics.info/namespace/2009/song" version="0.8" createdIn="OpenLP 1.9.9" modifiedIn="OpenLP 1.9.9" modifiedDate="2012-09-30T13:19:22">
  <properties>
    <titles>
      <title>a-ele-gloria-cd-ainda-existe-uma-cruz</title>
    </titles>
    <authors>
      <author>Diante do Trono</author>
    </authors>
  </properties>
  <lyrics>
    <verse name="v1">
      <lines>A Ele A Glória (CD Ainda Existe Uma Cruz)</lines>
    </verse>
    <verse name="v2">
      <lines>A Ele a Glória<br/>A Ele a Glória<br/>A Ele a Glória<br/>A Ele a Glória 2x</lines>
    </verse>
    <verse name="v3">
      <lines>Porque Dele por Ele<br/>Para Ele são todas as coisas<br/>Porque Dele por Ele<br/>Para Ele são todas as coisas</lines>
    </verse>
    <verse name="v4">
      <lines>Tudo é Dele<br/>Tudo é por Ele<br/>Tudo é para Ele<br/>A Ele a Glória</lines>
    </verse>
    <verse name="v5">
      <lines>A Ele a Glória<br/>A Ele a Glória<br/>A Ele a Glória<br/>A Ele a Glória</lines>
    </verse>
    <verse name="v6">
      <lines>Porque Dele por Ele<br/>Para Ele são todas as coisas<br/>Porque Dele por Ele<br/>Para Ele são todas as coisas</lines>
    </verse>
    <verse name="v7">
      <lines>Tudo é Dele<br/>Tudo é por Ele<br/>Tudo é para Ele<br/>A Ele a Glória</lines>
    </verse>
    <verse name="v8">
      <lines>A Ele a Glória<br/>A Ele a Glória<br/>A Ele a Glória<br/>A Ele a Glória</lines>
    </verse>
  </lyrics>
</song>
