<?xml version='1.0' encoding='utf-8'?>
<song xmlns="http://openlyrics.info/namespace/2009/song" version="0.8" createdIn="OpenLP 1.9.9" modifiedIn="OpenLP 1.9.9" modifiedDate="2012-09-30T13:19:23">
  <properties>
    <titles>
      <title>a-i-o</title>
    </titles>
    <authors>
      <author>Diante do Trono</author>
    </authors>
  </properties>
  <lyrics>
    <verse name="v1">
      <lines>A-M-I-G-O</lines>
    </verse>
    <verse name="v2">
      <lines>Um amigo é sempre querido<br/>Ele tem o seu lugar<br/>A vida sem um amigo<br/>Seria tão difícil<br/>Nem dá pra imaginar</lines>
    </verse>
    <verse name="v3">
      <lines>A-M-I-G-O<br/>A-M-I-G-O<br/>Amigo, amigo<br/>A-M-I-G-O</lines>
    </verse>
    <verse name="v4">
      <lines>Um amigo é aquele que tem prazer em ajudar<br/>Atencioso e alegre, ele vem querendo abençoar</lines>
    </verse>
    <verse name="v5">
      <lines>Um amigo é aquele que diz a verdade para mim<br/>Mesmo que eu não goste de ouvir<br/>Ele me ama e quer me corrigir</lines>
    </verse>
    <verse name="v6">
      <lines>Um amigo é sempre querido<br/>Ele tem o seu lugar<br/>A vida sem um amigo<br/>Seria tão difícil<br/>Nem dá pra imaginar</lines>
    </verse>
    <verse name="v7">
      <lines>A-M-I-G-O<br/>A-M-I-G-O<br/>Amigo, amigo<br/>A-M-I-G-O</lines>
    </verse>
    <verse name="v8">
      <lines>Um amigo é aquele que sabe perdoar<br/>Ele quer fazer as pazes e continuar a brincar</lines>
    </verse>
    <verse name="v9">
      <lines>Um amigo é aquele que escuta o que eu tenhu pra falar<br/>Ele tem muita paciência quando eu preciso desabafar</lines>
    </verse>
    <verse name="v10">
      <lines>Um amigo é sempre querido<br/>Ele tem o seu lugar<br/>A vida sem um amigo<br/>Seria tão difícil<br/>Nem dá pra imaginar</lines>
    </verse>
    <verse name="v11">
      <lines>A-M-I-G-O<br/>A-M-I-G-O<br/>Amigo, amigo<br/>A-M-I-G-O</lines>
    </verse>
    <verse name="v12">
      <lines>A-M-I-G-O<br/>A-M-I-G-O<br/>Amigo, amigo<br/>A-M-I-G-O</lines>
    </verse>
  </lyrics>
</song>
