<?xml version='1.0' encoding='utf-8'?>
<song xmlns="http://openlyrics.info/namespace/2009/song" version="0.8" createdIn="OpenLP 1.9.9" modifiedIn="OpenLP 1.9.9" modifiedDate="2012-09-30T13:19:24">
  <properties>
    <titles>
      <title>a-quem-temerei</title>
    </titles>
    <authors>
      <author>Diante do Trono</author>
    </authors>
  </properties>
  <lyrics>
    <verse name="v1">
      <lines>A Quem Temerei?</lines>
    </verse>
    <verse name="v2">
      <lines>O Senhor é a minha luz e a minha salvação<br/>A quem temerei? Não temerei<br/>O Senhor é a força da minha vida<br/>A quem temerei? Não temerei</lines>
    </verse>
    <verse name="v3">
      <lines>Ainda que um exército se levante contra mim<br/>No Senhor eu confiarei para sempre<br/>Quando os meus inimigos avançam contra mim<br/>Eles tropeçam e caem diante de mim</lines>
    </verse>
    <verse name="v4">
      <lines>Cantarei com alegria louvores ao Senhor<br/>Que me acolheu e me livrou, na rocha me firmou</lines>
    </verse>
    <verse name="v5">
      <lines>Se o diabo vem contra mim ele se levanta para cair<br/>Se o diabo vem contra mim ele se levanta para cair</lines>
    </verse>
    <verse name="v6">
      <lines>O Senhor é a minha luz e a minha salvação<br/>A quem temerei? Não temerei<br/>O Senhor é a força da minha vida<br/>A quem temerei? Não temerei</lines>
    </verse>
    <verse name="v7">
      <lines>Diga o fraco: eu sou forte<br/>Diga o pobre: rico sou<br/>Em Jesus eu sou mais que vencedor<br/>Não é na minha justiça que eu caminhando vou<br/>Mas no poder que há no sangue<br/>Que por mim Jesus derramou</lines>
    </verse>
  </lyrics>
</song>
