<?xml version='1.0' encoding='utf-8'?>
<song xmlns="http://openlyrics.info/namespace/2009/song" version="0.8" createdIn="OpenLP 1.9.9" modifiedIn="OpenLP 1.9.9" modifiedDate="2012-09-30T13:19:24">
  <properties>
    <titles>
      <title>a-sombra-do-altissimo</title>
    </titles>
    <authors>
      <author>Diante do Trono</author>
    </authors>
  </properties>
  <lyrics>
    <verse name="v1">
      <lines>À Sombra do Altíssimo</lines>
    </verse>
    <verse name="v2">
      <lines>Senhor, Tu és minha esperança<br/>És o meu refúgio, minha segurança<br/>Quando a meu redor há inimigos sem fim<br/>Posso estender as mãos e segurar em Ti (2x)</lines>
    </verse>
    <verse name="v3">
      <lines>Nas Tuas promessas, na Tua palavra<br/>No Teu amor por mim que nunca me deixa só (2x)</lines>
    </verse>
    <verse name="v4">
      <lines>À sombra de Tuas asas eu posso descansar<br/>E sobre as Tuas penas mal algum me alcançará<br/>Tu és minha morada, ó Altíssimo<br/>Livra-me Senhor, pois a Ti me apeguei com amor</lines>
    </verse>
    <verse name="v5">
      <lines>Tua verdade é o meu escudo e baluarte<br/>Eu não temerei pois Teus anjos me sustentarão<br/>Pisarei o leão e a áspide<br/>Tu me mostrarás a Tua salvação</lines>
    </verse>
    <verse name="v6">
      <lines>À sombra de Tuas asas eu posso descansar<br/>E sobre as Tuas penas mal algum me alcançará<br/>Tu és minha morada, ó Altíssimo<br/>Livra-me Senhor, pois a Ti me apeguei com amor</lines>
    </verse>
    <verse name="v7">
      <lines>Pois a Ti me apeguei com amor<br/>Pois a Ti me apeguei com amor<br/>Pois a Ti me apeguei...Eu te amo Senhor!</lines>
    </verse>
  </lyrics>
</song>
