<?xml version='1.0' encoding='utf-8'?>
<song xmlns="http://openlyrics.info/namespace/2009/song" version="0.8" createdIn="OpenLP 1.9.9" modifiedIn="OpenLP 1.9.9" modifiedDate="2012-09-30T13:19:25">
  <properties>
    <titles>
      <title>a-vitoria-da-cruz</title>
    </titles>
    <authors>
      <author>Diante do Trono</author>
    </authors>
  </properties>
  <lyrics>
    <verse name="v1">
      <lines>A Vitória da Cruz</lines>
    </verse>
    <verse name="v2">
      <lines>Como um leão que ruge o diabo quer nos devorar<br/>Está buscando brechas para destruir, roubar e matar<br/>Não é na nossa força que podemos vencer<br/>Maior é Jesus em nós<br/>Vem nos defender!</lines>
    </verse>
    <verse name="v3">
      <lines>O sangue derramado lá na cruz foi para me salvar<br/>Meu pecado e dor Jesus levou, sofreu em meu lugar<br/>A minha dívida pagou para eu livre ser<br/>Cristo morreu por mim, posso viver!</lines>
    </verse>
    <verse name="v4">
      <lines>Hoje eu sou livre para amar a Deus<br/>Viver vitorioso como um filho Seu<br/>Hoje eu sou livre para celebrar<br/>O pecado não pode mais me dominar!</lines>
    </verse>
    <verse name="v5">
      <lines>Jesus cruscificado e o inferno em festa se alegrou<br/>Pensavam ter vencido e derrotado o Salvador<br/>Mas não eram os cravos que o prendiam na cruz<br/>Foi o meu pecado que matou Jesus!</lines>
    </verse>
    <verse name="v6">
      <lines>O dia fez-se em trevas e o universo inteiro estremeceu<br/>A multidão perdida viu que aquele era o Filho de Deus<br/>O véu do Templo se rasgou e hoje eu posso entrar<br/>O Santo dos santos, venham adorar!</lines>
    </verse>
    <verse name="v7">
      <lines>Hoje eu sou livre para amar a Deus<br/>Viver vitorioso como um filho Seu<br/>Hoje eu sou livre para celebrar<br/>O pecado não pode mais me dominar!</lines>
    </verse>
    <verse name="v8">
      <lines>Bem no meio da festa o diabo comecou a ouvir<br/>Passos fortes que tremiam toda a Terra e foi conferir<br/>Quando as portas se abriram o cordeiro viu<br/>E como um leão, Jesus rugiu!</lines>
    </verse>
    <verse name="v9">
      <lines>Caiu como serpente todo principado se prostrou<br/>O Leão de Judá pisou bem forte e os esmagou<br/>Tomou as chaves das mãos do diabo<br/>Abriu minhas cadeias e me resgatou!</lines>
    </verse>
    <verse name="v10">
      <lines>Hoje eu sou livre para amar a Deus<br/>Viver vitorioso como um filho Seu<br/>Hoje eu sou livre para celebrar<br/>O pecado não pode mais me dominar!</lines>
    </verse>
    <verse name="v11">
      <lines>E no terceiro dia, a pedra do cepulcro rolou<br/>E lá chegou...<br/>Chegou Maria, mais o corpo ela não encrontrou<br/>Um anjo lhe falou que Ele não estava lá<br/>Entre os mortos não devia procurar!</lines>
    </verse>
    <verse name="v12">
      <lines>Viu um jardineiro e perguntou:<br/>'onde... onde está o meu Senhor?'<br/>Ele olhou nos seus olhos, e pelo nome<br/>Ele a chamou...</lines>
    </verse>
    <verse name="v13">
      <lines>Ela reconheceu a voz do mestre<br/>Raboni!<br/>Meu Jesus rescucitou!</lines>
    </verse>
    <verse name="v14">
      <lines>Hoje eu sou livre para amar a Deus<br/>Viver vitorioso como um filho Seu<br/>Hoje eu sou livre para celebrar<br/>O pecado não pode mais me dominar!</lines>
    </verse>
    <verse name="v15">
      <lines>Ele vive! (bis-Church)<br/>Ele reina! (bis-Church)<br/>Rescucitou! (bis-Church)<br/>É vencedor! (bis-Church)<br/>Éstá sentado... (bis-Church)<br/>Sobre o trono! (bis-Church)<br/>Só Ele é digno... (bis-Church)<br/>De todo o louvor! (bis-Church)</lines>
    </verse>
  </lyrics>
</song>
