<?xml version='1.0' encoding='utf-8'?>
<song xmlns="http://openlyrics.info/namespace/2009/song" version="0.8" createdIn="OpenLP 1.9.9" modifiedIn="OpenLP 1.9.9" modifiedDate="2012-09-30T13:19:21">
  <properties>
    <titles>
      <title>abraao</title>
    </titles>
    <authors>
      <author>Diante do Trono</author>
    </authors>
  </properties>
  <lyrics>
    <verse name="v1">
      <lines>Abraão</lines>
    </verse>
    <verse name="v2">
      <lines>Vou contar a história do homem Abraão<br/>Ele era casado com Sarah, que não conseguia ter filhos<br/>Mas um dia, Deus falou que tudo mudaria<br/>Um grande milagre aconteceria, e Sarah engravidaria</lines>
    </verse>
    <verse name="v3">
      <lines>"Como? Porque? Como é que será?<br/>Uma coisa difícil assim, não dá pra acreditar<br/>"Como? Porque? Como é que será?<br/>Um grande milagre, será que vai dar?"</lines>
    </verse>
    <verse name="v4">
      <lines>Abraão acreditou nas promessas do Senhor<br/>Ele não duvidou do que Deus lhe falou<br/>Mesmo sendo tão velhinho, o Senhor deu a ele um filho<br/>Pode parecer difícil, mas para Deus<br/>Nada é impossível, nada é impossível</lines>
    </verse>
    <verse name="v5">
      <lines>O tempo foi passando, e muitos duvidando<br/>Mas na hora certa, tudo aconteceu<br/>Nasceu um menino chamado Isaque, o filho da promessa<br/>Você também pode experimentar<br/>Histórias lindas como essa!</lines>
    </verse>
    <verse name="v6">
      <lines>"Eu também posso acreditar?<br/>O que Deus falou, ele cumprirá!"<br/>"Eu também posso confiar!<br/>Na minha vida quero experimentar!"</lines>
    </verse>
  </lyrics>
</song>
