<?xml version='1.0' encoding='utf-8'?>
<song xmlns="http://openlyrics.info/namespace/2009/song" version="0.8" createdIn="OpenLP 1.9.9" modifiedIn="OpenLP 1.9.9" modifiedDate="2012-09-30T13:19:22">
  <properties>
    <titles>
      <title>acenda-luz</title>
    </titles>
    <authors>
      <author>Diante do Trono</author>
    </authors>
  </properties>
  <lyrics>
    <verse name="v1">
      <lines>Acenda a Luz</lines>
    </verse>
    <verse name="v2">
      <lines>Acenda a luz na escuridão<br/>Deixe a sua luz brilhar<br/>Não esconda, não<br/>Deixe-a iluminar<br/>Jesus é a luz que está em seu coração</lines>
    </verse>
    <verse name="v3">
      <lines>Jesus disse:<br/>"Você é a luz do mundo"<br/>Então deixe a sua luz brilhar<br/>Não importa o dia nem a hora<br/>Deixe a luz brilhar em todo lugar</lines>
    </verse>
    <verse name="v4">
      <lines>Acenda a luz na escuridão<br/>Deixe a sua luz brilhar<br/>Não esconda, não<br/>Deixe-a iluminar<br/>Jesus é a luz que está em seu coração</lines>
    </verse>
    <verse name="v5">
      <lines>Jesus disse:<br/>"Você é a luz do mundo"<br/>Então deixe a sua luz brilhar<br/>Não importa o dia nem a hora<br/>Deixe a luz brilhar em todo lugar</lines>
    </verse>
    <verse name="v6">
      <lines>Acenda a luz na escuridão<br/>Deixe a sua luz brilhar<br/>Não esconda, não<br/>Deixe-a iluminar<br/>Jesus é a luz que está em seu coração</lines>
    </verse>
    <verse name="v7">
      <lines>Minha pequena luz vou deixa brilhar<br/>Minha pequena luz vou deixa brilhar<br/>Minha pequena luz vou deixa brilhar<br/>Vou deixar<br/>Sim, brilhar<br/>Todo dia, em todo lugar<br/>Vou deixar minha luz brilhar</lines>
    </verse>
    <verse name="v8">
      <lines>Minha pequena luz vou deixa brilhar<br/>Minha pequena luz vou deixa brilhar<br/>Minha pequena luz vou deixa brilhar<br/>Vou deixar<br/>Sim, brilhar<br/>Todo dia, em todo lugar<br/>Vou deixar minha luz brilhar</lines>
    </verse>
    <verse name="v9">
      <lines>Acenda a luz na escuridão<br/>Deixe a sua luz brilhar<br/>Não esconda, não<br/>Deixe-a iluminar<br/>Jesus é a luz que está em seu coração<br/>Jesus é a luz que está em seu coração</lines>
    </verse>
    <verse name="v10">
      <lines>Acenda a luz</lines>
    </verse>
  </lyrics>
</song>
