<?xml version='1.0' encoding='utf-8'?>
<song xmlns="http://openlyrics.info/namespace/2009/song" version="0.8" createdIn="OpenLP 1.9.9" modifiedIn="OpenLP 1.9.9" modifiedDate="2012-09-30T13:20:11">
  <properties>
    <titles>
      <title>ACLAME AO SENHOR</title>
    </titles>
    <authors>
      <author>DIANTE DO TRONO</author>
    </authors>
  </properties>
  <lyrics>
    <verse name="v1">
      <lines>MEU JESUS, SALVADOR<br/>OUTRO IGUAL NÃO HÁ<br/>TODOS OS DIAS<br/>QUERO LOUVAR<br/>AS MARAVILHAS<br/>DE TEU AMOR</lines>
    </verse>
    <verse name="v2">
      <lines>CONSOLO, ABRIGO<br/>FORÇA E REFÚGIO<br/>É O SENHOR<br/>COM TODO O MEU SER<br/>COM TUDO O QUE SOU<br/>SEMPRE TE ADORAREI</lines>
    </verse>
    <verse name="v3">
      <lines>ACLAME AO SENHOR<br/>TODA A TERRA E CANTEMOS<br/>PODER, MAJESTADE<br/>E LOUVORES AO REI<br/>MONTANHAS SE PROSTREM<br/>E RUJAM OS MARES<br/>AO SOM DE TEU NOME</lines>
    </verse>
    <verse name="v4">
      <lines>ALEGRE TE LOUVO<br/>POR TEUS GRANDES FEITOS<br/>FIRMADO ESTAREI,<br/>SEMPRE TE AMAREI<br/>INCOMPARÁVEIS<br/>SÃO TUAS PROMESSAS<br/>PRA MIM</lines>
    </verse>
  </lyrics>
</song>
