<?xml version='1.0' encoding='utf-8'?>
<song xmlns="http://openlyrics.info/namespace/2009/song" version="0.8" createdIn="OpenLP 1.9.9" modifiedIn="OpenLP 1.9.9" modifiedDate="2012-09-30T13:19:22">
  <properties>
    <titles>
      <title>aclame-ao-senhor</title>
    </titles>
    <authors>
      <author>Diante do Trono</author>
    </authors>
  </properties>
  <lyrics>
    <verse name="v1">
      <lines>Aclame Ao Senhor</lines>
    </verse>
    <verse name="v2">
      <lines>Meu Jesus, Salvador<br/>Outro igual não há<br/>Todos os dias quero louvar<br/>As maravilhas de Teu amor</lines>
    </verse>
    <verse name="v3">
      <lines>Consolo, abrigo<br/>Força e refúgio é o Senhor<br/>Com todo o meu ser<br/>Com tudo o que sou<br/>Sempre Te adorarei</lines>
    </verse>
    <verse name="v4">
      <lines>Aclame ao Senhor toda a Terra e cantemos<br/>Poder, majestade e louvores ao Rei<br/>Montanhas se prostrem e rujam os mares<br/>Ao som de Teu nome<br/>Alegre te louvo por Teus grandes feitos<br/>Firmado estarei, sempre Te amarei<br/>Incomparáveis são Tuas promessas pra mim</lines>
    </verse>
  </lyrics>
</song>
