<?xml version='1.0' encoding='utf-8'?>
<song xmlns="http://openlyrics.info/namespace/2009/song" version="0.8" createdIn="OpenLP 1.9.9" modifiedIn="OpenLP 1.9.9" modifiedDate="2012-09-30T13:19:22">
  <properties>
    <titles>
      <title>adoramos-cordeiro</title>
    </titles>
    <authors>
      <author>Diante do Trono</author>
    </authors>
  </properties>
  <lyrics>
    <verse name="v1">
      <lines>Adoramos o Cordeiro</lines>
    </verse>
    <verse name="v2">
      <lines>Adoramos o Cordeiro<br/>Adoramos o Rei dos Reis<br/>Adoramos o Cordeiro<br/>Adoramos o Rei</lines>
    </verse>
    <verse name="v3">
      <lines>Com nossas mãos levantadas rendemos louvor<br/>Com nossas mãos levantadas nos regozijamos<br/>Com nossas mãos levantadas ao céu<br/>Nós dizemos ao mundo que amamos o nosso Rei<br/>Ôu,ôu,ôu nós amamos o nosso Rei (3x)</lines>
    </verse>
  </lyrics>
</song>
