<?xml version='1.0' encoding='utf-8'?>
<song xmlns="http://openlyrics.info/namespace/2009/song" version="0.8" createdIn="OpenLP 1.9.9" modifiedIn="OpenLP 1.9.9" modifiedDate="2012-09-30T13:19:22">
  <properties>
    <titles>
      <title>aguas-purificadoras</title>
    </titles>
    <authors>
      <author>Diante do Trono</author>
    </authors>
  </properties>
  <lyrics>
    <verse name="v1">
      <lines>Águas Purificadoras</lines>
    </verse>
    <verse name="v2">
      <lines>Existe um rio, Senhor<br/>Que flui do Teu grande amor<br/>Águas que correm do trono<br/>Águas que curam, que limpam</lines>
    </verse>
    <verse name="v3">
      <lines>Por onde o rio passar<br/>Tudo vai transformar<br/>Pois leva a vida do próprio Deus<br/>E este rio está neste lugar</lines>
    </verse>
    <verse name="v4">
      <lines>Quero beber do Teu rio, Senhor<br/>Sacia a minha sede, lava o meu interior<br/>Eu quero fluir em Tuas Águas<br/>Eu quero beber da Tua fonte<br/>Fonte de águas vivas<br/>Tú és a fonte, Senhor</lines>
    </verse>
    <verse name="v5">
      <lines>Tú és o rio, Senhor<br/>Tú és a fonte, Senhor</lines>
    </verse>
  </lyrics>
</song>
