<?xml version='1.0' encoding='utf-8'?>
<song xmlns="http://openlyrics.info/namespace/2009/song" version="0.8" createdIn="OpenLP 1.9.9" modifiedIn="OpenLP 1.9.9" modifiedDate="2012-09-30T13:19:22">
  <properties>
    <titles>
      <title>ainda-existe-uma-cruz</title>
    </titles>
    <authors>
      <author>Diante do Trono</author>
    </authors>
  </properties>
  <lyrics>
    <verse name="v1">
      <lines>Ainda Existe Uma Cruz</lines>
    </verse>
    <verse name="v2">
      <lines>Quem quiser vir após mim negue-se a si mesmo<br/>Quem quiser me seguir, tome sua cruz<br/>Dia após dia, negue-se a si mesmo<br/>Dia após dia, tome a sua cruz<br/>Quem quiser vir após mim negue-se a si mesmo</lines>
    </verse>
    <verse name="v3">
      <lines>Ainda existe uma cruz<br/>Pra você carregar<br/>Não se deixe enganar<br/>A porta é estreita<br/>O caminho é árduo pra você trilhar<br/>Não se deixe enganar<br/>Ainda existe uma cruz<br/>Ainda existe um preço a pagar</lines>
    </verse>
    <verse name="v4">
      <lines>Quem achar a sua vida a perderá<br/>Quem perder sua vida por amor de mim a encontrará<br/>Dia após dia, negue-se a si mesmo<br/>Dia após dia, tome a sua cruz<br/>Quem perder sua vida por amor de mim a encontrará</lines>
    </verse>
    <verse name="v5">
      <lines>Ainda existe uma cruz<br/>Pra você carregar<br/>Não se deixe enganar<br/>A porta é estreita<br/>O caminho é árduo pra você trilhar<br/>Não se deixe enganar<br/>Ainda existe uma cruz<br/>Ainda existe um preço a pagar</lines>
    </verse>
    <verse name="v6">
      <lines>Ainda existe uma cruz<br/>Ainda existe um morrer<br/>ainda existe uma cruz<br/>Uma batalha a vencer</lines>
    </verse>
  </lyrics>
</song>
