<?xml version='1.0' encoding='utf-8'?>
<song xmlns="http://openlyrics.info/namespace/2009/song" version="0.8" createdIn="OpenLP 1.9.9" modifiedIn="OpenLP 1.9.9" modifiedDate="2012-09-30T13:19:23">
  <properties>
    <titles>
      <title>aleluia-de-handel</title>
    </titles>
    <authors>
      <author>Diante do Trono</author>
    </authors>
  </properties>
  <lyrics>
    <verse name="v1">
      <lines>Aleluia de Handel</lines>
    </verse>
    <verse name="v2">
      <lines>O Reino deste mundo já passou a ser do nosso Senhor<br/>E de seu Cristo, e de seu Cristo</lines>
    </verse>
    <verse name="v3">
      <lines>E Ele reinará para sempre<br/>E Ele reinará para sempre</lines>
    </verse>
    <verse name="v4">
      <lines>Rei dos Reis (Pra sempre e sempre, aleluia, aleluia)<br/>E grande Senhor (Pra sempre e sempre)</lines>
    </verse>
    <verse name="v5">
      <lines>Aleluia<br/>Aleluia<br/>Aleluia<br/>Aleluia</lines>
    </verse>
    <verse name="v6">
      <lines>Aleluia</lines>
    </verse>
  </lyrics>
</song>
