<?xml version='1.0' encoding='utf-8'?>
<song xmlns="http://openlyrics.info/namespace/2009/song" version="0.8" createdIn="OpenLP 1.9.9" modifiedIn="OpenLP 1.9.9" modifiedDate="2012-09-30T13:19:23">
  <properties>
    <titles>
      <title>aleluia</title>
    </titles>
    <authors>
      <author>Diante do Trono</author>
    </authors>
  </properties>
  <lyrics>
    <verse name="v1">
      <lines>Aleluia</lines>
    </verse>
    <verse name="v2">
      <lines>Aleluia, aleluia, aleluia, aleluia</lines>
    </verse>
    <verse name="v3">
      <lines>Louvado sejas, meu Senhor e Rei<br/>Pra sempre, eternamente<br/>É bom louvar-Te, engrandecer-Te<br/>Em toda a terra, louvado sejas</lines>
    </verse>
    <verse name="v4">
      <lines>Tu somente és digno de receber<br/>Glória, majestade e domínio<br/>Levantamos nossas mãos<br/>Nos prostramos em adoração<br/>Levantamos nossa voz<br/>Para em toda terra proclamar</lines>
    </verse>
  </lyrics>
</song>
