<?xml version='1.0' encoding='utf-8'?>
<song xmlns="http://openlyrics.info/namespace/2009/song" version="0.8" createdIn="OpenLP 1.9.9" modifiedIn="OpenLP 1.9.9" modifiedDate="2012-09-30T13:18:25">
  <properties>
    <titles>
      <title>alfa-omega</title>
    </titles>
    <authors>
      <author>Aline Barros</author>
    </authors>
  </properties>
  <lyrics>
    <verse name="v1">
      <lines>Alfa e Omega</lines>
    </verse>
    <verse name="v2">
      <lines>joão viu em glórias o céu aberto<br/>joão viu o que era oculto descoberto<br/>joão viu a justiça do senhor e o seu amor<br/>a ele revelado</lines>
    </verse>
    <verse name="v3">
      <lines>joão viu os setes castiçasis de ouro<br/>joão viu no céu o seu grande tesouro<br/>joão viu o trono branco que está no céu pra julgar<br/>a toda humanidade</lines>
    </verse>
    <verse name="v4">
      <lines>diante deles grandes e pequenos que para eles nao terão perdão, pois o cordeiro que foi morto, espancado humilhado<br/>se levanta pra julgar</lines>
    </verse>
    <verse name="v5">
      <lines>por meia hora o silêncio predomina e o anjo começa a falar<br/>meu Deus quem pode abrir o livro seus setes selos desatar?</lines>
    </verse>
    <verse name="v6">
      <lines>e quando joão ouviu falar assim, começa então chorar e todavia um ancião lhe diz nao chores, eis a raiz de davi<br/>leão da tribo de judá, é o cordeiro que foi morto e venceu pros setes selos desatar</lines>
    </verse>
    <verse name="v7">
      <lines>ele é o alfa<br/>ele é o omega<br/>o principio e o fim<br/>ele é...</lines>
    </verse>
    <verse name="v8">
      <lines>ele é o último e o primeiro<br/>todo poder e autoridade estão em suas mãos<br/>e todos cantam santo, santo, santo, santo é o senhor, glória honra e majestade nos lhe damos em louvor.</lines>
    </verse>
    <verse name="v9">
      <lines>----</lines>
    </verse>
  </lyrics>
</song>
