<?xml version='1.0' encoding='utf-8'?>
<song xmlns="http://openlyrics.info/namespace/2009/song" version="0.8" createdIn="OpenLP 1.9.9" modifiedIn="OpenLP 1.9.9" modifiedDate="2012-09-30T13:19:23">
  <properties>
    <titles>
      <title>amado-salvador</title>
    </titles>
    <authors>
      <author>Diante do Trono</author>
    </authors>
  </properties>
  <lyrics>
    <verse name="v1">
      <lines>Amado Salvador</lines>
    </verse>
    <verse name="v2">
      <lines>O tempo passou<br/>E não apagou o meu amor por Ti<br/>Cada vez mais posso dizer que sou Teu</lines>
    </verse>
    <verse name="v3">
      <lines>Minha entrega a Ti, Senhor, se fortalece<br/>Tudo o que tenho e o que sou<br/>Eu devo a Ti</lines>
    </verse>
    <verse name="v4">
      <lines>Amado Salvador, és meu tudo<br/>Meu motivo, minha razão de viver</lines>
    </verse>
    <verse name="v5">
      <lines>Te amo<br/>Pra sempre</lines>
    </verse>
  </lyrics>
</song>
