<?xml version='1.0' encoding='utf-8'?>
<song xmlns="http://openlyrics.info/namespace/2009/song" version="0.8" createdIn="OpenLP 1.9.9" modifiedIn="OpenLP 1.9.9" modifiedDate="2012-09-30T13:19:23">
  <properties>
    <titles>
      <title>amado-meu</title>
    </titles>
    <authors>
      <author>Diante do Trono</author>
    </authors>
  </properties>
  <lyrics>
    <verse name="v1">
      <lines>Amado Meu</lines>
    </verse>
    <verse name="v2">
      <lines>Minha vida<br/>Pensamentos<br/>Sentimentos<br/>Se derramam diante de ti</lines>
    </verse>
    <verse name="v3">
      <lines>Amado meu<br/>Desejado da minha'lma<br/>Amado meu<br/>Corro para os braços teus<br/>Amado meu</lines>
    </verse>
    <verse name="v4">
      <lines>Meus valores<br/>Conquistas<br/>Anseios<br/>Se derramam diante de ti</lines>
    </verse>
    <verse name="v5">
      <lines>Tudo o que eu tenho é teu<br/>Tudo o que sou entrego a ti</lines>
    </verse>
  </lyrics>
</song>
