<?xml version='1.0' encoding='utf-8'?>
<song xmlns="http://openlyrics.info/namespace/2009/song" version="0.8" createdIn="OpenLP 1.9.9" modifiedIn="OpenLP 1.9.9" modifiedDate="2012-09-30T13:19:24">
  <properties>
    <titles>
      <title>amigo-melhor</title>
    </titles>
    <authors>
      <author>Diante do Trono</author>
    </authors>
  </properties>
  <lyrics>
    <verse name="v1">
      <lines>Amigo melhor</lines>
    </verse>
    <verse name="v2">
      <lines>Jesus é o amigo melhor<br/>2x<br/>Jesus é o amigo melhor<br/>Ningém me ama tanto assim<br/>2x<br/>Ele se emtregou por mim</lines>
    </verse>
    <verse name="v3">
      <lines>Não existe amor maior,<br/>Não existe melhor amigoEle realmente se importa<br/>Comigo</lines>
    </verse>
    <verse name="v4">
      <lines>Jesus é o amigo melhor</lines>
    </verse>
    <verse name="v5">
      <lines>Jesus é o amigo melhor ...</lines>
    </verse>
    <verse name="v6">
      <lines>Ele preferiu morrer<br/>Para que eu pudesse viver<br/>Lá na cruz Ele Se deu<br/>Jesus é o Amigo melhor</lines>
    </verse>
    <verse name="v7">
      <lines>Jesus é o Amigo melhor...</lines>
    </verse>
    <verse name="v8">
      <lines>Eu poderia procurar pra sempre<br/>Sei que não iria encontrar<br/>Um amigo igual ao meu Jesus<br/>Ele nunca vai falhar</lines>
    </verse>
    <verse name="v9">
      <lines>Jesus é o Amigo melhor...</lines>
    </verse>
  </lyrics>
</song>
