<?xml version='1.0' encoding='utf-8'?>
<song xmlns="http://openlyrics.info/namespace/2009/song" version="0.8" createdIn="OpenLP 1.9.9" modifiedIn="OpenLP 1.9.9" modifiedDate="2012-09-30T13:19:23">
  <properties>
    <titles>
      <title>amigo-de-deus</title>
    </titles>
    <authors>
      <author>Diante do Trono</author>
    </authors>
  </properties>
  <lyrics>
    <verse name="v1">
      <lines>Amigo de Deus<br/>Eu quero ser amigo<br/>Amigo de Deus<br/>Eu quero ser amigo de Deus<br/>Eu quero ser amigo<br/>Amigo de Deus<br/>Eu quero ser amigo de Deus</lines>
    </verse>
    <verse name="v2">
      <lines>Quero ouvir a voz de Deus falando a mim<br/>Quero saber o que ele tem para dizer<br/>Quero escutar quando ele fala baixinho<br/>Eu quero que ele conte comigo<br/>Eu quero ser amigo<br/>Amigo de Deus...<br/>Quero acordar de manhã e pensar em Jesus<br/>Quero viver o dia todo com ele<br/>Quero deitar e sonhar com o senhor<br/>Meu melhor amigo e meu salvador<br/>Nele eu posso confiar<br/>Para ele eu vou contar os meus segredos<br/>Se eu sorrir ou se eu chorar<br/>Bem pertinho, ele vai estar<br/>É meu companheiro,<br/>Eu quero ser amigo<br/>Amigo de Deus [2x]</lines>
    </verse>
  </lyrics>
</song>
