<?xml version='1.0' encoding='utf-8'?>
<song xmlns="http://openlyrics.info/namespace/2009/song" version="0.8" createdIn="OpenLP 1.9.9" modifiedIn="OpenLP 1.9.9" modifiedDate="2012-09-30T13:19:23">
  <properties>
    <titles>
      <title>amigo</title>
    </titles>
    <authors>
      <author>Diante do Trono</author>
    </authors>
  </properties>
  <lyrics>
    <verse name="v1">
      <lines>Amigo</lines>
    </verse>
    <verse name="v2">
      <lines>Estás bem perto, Senhor<br/>Do coração contrito<br/>Tu salvas aquele que está<br/>De espírito abatido</lines>
    </verse>
    <verse name="v3">
      <lines>O quebrantado não desprezarás, ó Deus<br/>O quebrantado não desprezarás, ó Deus</lines>
    </verse>
    <verse name="v4">
      <lines>Amigo do oprimido<br/>Perdoador do arrependido<br/>Consolo e paz do que se sente só<br/>Restaurador do coração ferido</lines>
    </verse>
    <verse name="v5">
      <lines>Escolheste o fraco, humilde, rejeitado<br/>Deus que cura o doente<br/>Dá força ao cansado</lines>
    </verse>
  </lyrics>
</song>
