<?xml version='1.0' encoding='utf-8'?>
<song xmlns="http://openlyrics.info/namespace/2009/song" version="0.8" createdIn="OpenLP 1.9.9" modifiedIn="OpenLP 1.9.9" modifiedDate="2012-09-30T13:19:24">
  <properties>
    <titles>
      <title>amo-teu-amor</title>
    </titles>
    <authors>
      <author>Diante do Trono</author>
    </authors>
  </properties>
  <lyrics>
    <verse name="v1">
      <lines>Amo o Teu amor</lines>
    </verse>
    <verse name="v2">
      <lines>Não há nada que eu possa comparar<br/>Ao teu amor por mim, Jesus<br/>Não tenho palavras para expressar<br/>O quanto amo o teu amor<br/>O quanto amo o teu amor</lines>
    </verse>
    <verse name="v3">
      <lines>Me cingiste com teu manto de justiça<br/>Transformaste a tristeza em alegria<br/>Com meus lábios eu proclamo todo dia<br/>Que te amo, te adoro, te amo, te adoro<br/>Meu coração é todo teu, Jesus</lines>
    </verse>
  </lyrics>
</song>
