<?xml version='1.0' encoding='utf-8'?>
<song xmlns="http://openlyrics.info/namespace/2009/song" version="0.8" createdIn="OpenLP 1.9.9" modifiedIn="OpenLP 1.9.9" modifiedDate="2012-09-30T13:19:24">
  <properties>
    <titles>
      <title>amor-do-nosso-deus</title>
    </titles>
    <authors>
      <author>Diante do Trono</author>
    </authors>
  </properties>
  <lyrics>
    <verse name="v1">
      <lines>Amor do nosso Deus</lines>
    </verse>
    <verse name="v2">
      <lines>Jesus deixou toda Sua glória,<br/>Veio ao mundo como homem pra nos salvar!<br/>Viveu aqui e conheceu nossas dores,<br/>Mas tudo Ele sofreu e venceu em nosso lugar</lines>
    </verse>
    <verse name="v3">
      <lines>Pra nos mostrar que o criador, o único Deus,<br/>Nos ama e deseja restaurar.<br/>Seu perdão vai além dos céus,<br/>Nenhum monte é tão alto,<br/>Nenhum vale tão profundo como o amor do nosso Deus!</lines>
    </verse>
    <verse name="v4">
      <lines>Grande, tão grande, alto, tão alto!<br/>Fundo, profundo, é maior que o mundo<br/>Mas é pequeno, cabe lá dentro<br/>Do coração de quem se entrega ao Salvador.</lines>
    </verse>
    <verse name="v5">
      <lines>Jesus deixou...</lines>
    </verse>
    <verse name="v6">
      <lines>Grande, tão grande, alto, tão alto!<br/>Fundo, profundo, é maior que o mundo,<br/>Mas é pequeno, cabe lá dentro<br/>Do coração de quem se entrega ao Salvador.</lines>
    </verse>
    <verse name="v7">
      <lines>Você também, meu amigo,<br/>Precisa abrir o seu coração<br/>E receber o amor de Deus,<br/>Se entregando a Jesus.</lines>
    </verse>
    <verse name="v8">
      <lines>Grande, tão grande, alto, tão alto!<br/>Fundo, profundo, é maior que o mundo,<br/>Mas é pequeno, cabe lá dentro<br/>Do coração de quem se entrega ao Salvador.</lines>
    </verse>
    <verse name="v9">
      <lines>Grande, tão grande, alto, tão alto!<br/>Fundo, profundo, é maior que o mundo,<br/>Mas é pequeno, cabe lá dentro<br/>Do coração de quem se entrega ao Salvador.</lines>
    </verse>
    <verse name="v10">
      <lines>Seu perdão vai além dos céus,<br/>Nenhum monte é tão alto,<br/>Nenhum vale tão profundo como o amor do nosso Deus!</lines>
    </verse>
  </lyrics>
</song>
