<?xml version='1.0' encoding='utf-8'?>
<song xmlns="http://openlyrics.info/namespace/2009/song" version="0.8" createdIn="OpenLP 1.9.9" modifiedIn="OpenLP 1.9.9" modifiedDate="2012-09-30T13:19:24">
  <properties>
    <titles>
      <title>aos-olhos-do-pai</title>
    </titles>
    <authors>
      <author>Diante do Trono</author>
    </authors>
  </properties>
  <lyrics>
    <verse name="v1">
      <lines>Aos Olhos do Pai</lines>
    </verse>
    <verse name="v2">
      <lines>Aos olhos do Pai<br/>Você é uma obra-prima<br/>Que Ele planejou<br/>Com suas proprias mãos pintou<br/>A cor de sua pele<br/>Os seus cabelos desenhou<br/>Cada detalhe<br/>Num toque de amor</lines>
    </verse>
    <verse name="v3">
      <lines>Aos olhos do Pai<br/>Você é uma obra-prima<br/>Que Ele planejou<br/>Com suas proprias mãos pintou<br/>A cor de sua pele<br/>Os seus cabelos desenhou<br/>Cada detalhe<br/>Num toque de amor</lines>
    </verse>
    <verse name="v4">
      <lines>Você é linda demais<br/>Perfeita aos olhos do pai<br/>Alguém igual a você nao vi jamais<br/>Princesa linda demais<br/>Perfeita aos olhos do Pai<br/>Alguém igual a você não vi jamais</lines>
    </verse>
    <verse name="v5">
      <lines>Você é linda demais<br/>Perfeita aos olhos do pai<br/>Alguém igual a você nao vi jamais<br/>Princesa linda demais<br/>Perfeita aos olhos do Pai<br/>Alguém igual a você não vi jamais</lines>
    </verse>
    <verse name="v6">
      <lines>Aos olhos do Pai<br/>Você é uma obra prima<br/>Que Ele planejou<br/>Com suas proprias mãos pintou<br/>A cor de sua pele<br/>Os seus cabelos desenhou<br/>Cada detalhe<br/>Num toque de amor</lines>
    </verse>
    <verse name="v7">
      <lines>Nunca deixe alguém dizer<br/>Que não é querida<br/>Antes de você nascer<br/>Deus sonhou com você!</lines>
    </verse>
    <verse name="v8">
      <lines>Nunca deixe alguém dizer<br/>Que não é querida<br/>Antes de você nascer<br/>Deus sonhou com você!</lines>
    </verse>
    <verse name="v9">
      <lines>Você é linda demais<br/>Perfeita aos olhos do pai<br/>Alguém igual a você nao vi jamais<br/>Princesa...<br/>Aos olhos do Pai</lines>
    </verse>
  </lyrics>
</song>
