<?xml version='1.0' encoding='utf-8'?>
<song xmlns="http://openlyrics.info/namespace/2009/song" version="0.8" createdIn="OpenLP 1.9.9" modifiedIn="OpenLP 1.9.9" modifiedDate="2012-09-30T13:19:24">
  <properties>
    <titles>
      <title>aquele-que-e</title>
    </titles>
    <authors>
      <author>Diante do Trono</author>
    </authors>
  </properties>
  <lyrics>
    <verse name="v1">
      <lines>Aquele Que É</lines>
    </verse>
    <verse name="v2">
      <lines>Posso ouvir o som das águas do rio de Deus<br/>Que vem chegando<br/>Posso ouvir o som da chuva que vem<br/>Sobre a terra seca<br/>Posso sentir o vento do Espírito<br/>Sobre o vale de ossos secos<br/>Posso sentir o tremor dos montes ao ouvir<br/>A voz do todo poderoso nosso Deus</lines>
    </verse>
    <verse name="v3">
      <lines>Aquele que era<br/>Aquele que é<br/>Aquele que há de vir refrão<br/>Aquele que era<br/>Aquele que é<br/>Aquele que há de vir<br/>Ele vem sobre mim<br/>Ele vem sobre mim</lines>
    </verse>
    <verse name="v4">
      <lines>Esta é a geração dos que amam tua presença<br/>Esta é a geração dos que buscam tua face<br/>Jesus, jesus, jesus, jesus</lines>
    </verse>
  </lyrics>
</song>
