<?xml version='1.0' encoding='utf-8'?>
<song xmlns="http://openlyrics.info/namespace/2009/song" version="0.8" createdIn="OpenLP 1.9.9" modifiedIn="OpenLP 1.9.9" modifiedDate="2012-09-30T13:19:25">
  <properties>
    <titles>
      <title>aumenta-fogo</title>
    </titles>
    <authors>
      <author>Diante do Trono</author>
    </authors>
  </properties>
  <lyrics>
    <verse name="v1">
      <lines>Aumenta o fogo</lines>
    </verse>
    <verse name="v2">
      <lines>Aumenta o fogo do Teu Espírito<br/>Aumenta a unção quero estar mais perto de Ti<br/>Coloca em mim temor do Teu santo nome<br/>Desperta o meu amor por Ti, Jesus<br/>Além das palavras<br/>E das canções de amor<br/>Que a Tua vida<br/>Flua do meu interior<br/>Que os meus atos<br/>Honrem o Teu amor<br/>Para exaltar a Ti, Senhor<br/>Para exaltar a Ti, Senhor</lines>
    </verse>
    <verse name="v3">
      <lines>Jesus, Tu és<br/>Digno da minha vida<br/>Digno de tudo o que eu sou<br/>Tu és</lines>
    </verse>
    <verse name="v4">
      <lines>Para Ti eu danço<br/>Para Ti eu grito<br/>Para Ti eu vivo<br/>Jesus</lines>
    </verse>
  </lyrics>
</song>
