<?xml version='1.0' encoding='utf-8'?>
<song xmlns="http://openlyrics.info/namespace/2009/song" version="0.8" createdIn="OpenLP 1.9.9" modifiedIn="OpenLP 1.9.9" modifiedDate="2012-09-30T13:19:25">
  <properties>
    <titles>
      <title>autor-da-vida</title>
    </titles>
    <authors>
      <author>Diante do Trono</author>
    </authors>
  </properties>
  <lyrics>
    <verse name="v1">
      <lines>Autor da Vida</lines>
    </verse>
    <verse name="v2">
      <lines>Tu és o autor da vida<br/>E eu, a Tua canção<br/>Tu és o oleiro<br/>E eu, barro em Tuas mãos<br/>Tu és o instrumentista<br/>E eu, soprado por Ti<br/>Tu és o artista<br/>E eu me rendo a Ti</lines>
    </verse>
    <verse name="v3">
      <lines>Toca-me, canta em mim<br/>Põe as cores que há em Teus olhos sobre mim<br/>Move-me, sente em mim<br/>Conta a Tua história através de mim</lines>
    </verse>
    <verse name="v4">
      <lines>Canta, dança, toca, molda<br/>Escreve, pinta, fala, sente - bis</lines>
    </verse>
    <verse name="v5">
      <lines>Toca-me, canta em mim<br/>Põe as cores que há em Teus olhos sobre mim<br/>Move-me, sente em mim<br/>Conta a Tua história através de mim</lines>
    </verse>
    <verse name="v6">
      <lines>Tu és o autor da vida<br/>E eu, a composição<br/>Tu és o artista<br/>E a tela é o meu coração</lines>
    </verse>
    <verse name="v7">
      <lines>la ra iaa.....</lines>
    </verse>
  </lyrics>
</song>
