<?xml version='1.0' encoding='utf-8'?>
<song xmlns="http://openlyrics.info/namespace/2009/song" version="0.8" createdIn="OpenLP 1.9.9" modifiedIn="OpenLP 1.9.9" modifiedDate="2012-09-30T13:19:25">
  <properties>
    <titles>
      <title>autor-da-criacao</title>
    </titles>
    <authors>
      <author>Diante do Trono</author>
    </authors>
  </properties>
  <lyrics>
    <verse name="v1">
      <lines>Autor da Criação</lines>
    </verse>
    <verse name="v2">
      <lines>1, 2, 3, 4, 5, 6... em apenas seis dias Deus tudo fez</lines>
    </verse>
    <verse name="v3">
      <lines>Olhe ao seu redor e preste atenção<br/>Queremos cantar sobre a criação<br/>Quem é que fez a natureza tão linda?<br/>Quem será o autor da vida?<br/>Eu sei muito bem, pois Ele mora em meu coração<br/>Em meu coração.</lines>
    </verse>
    <verse name="v4">
      <lines>1, 2, 3, 4, 5, 6... em apenas seis dias Deus tudo fez</lines>
    </verse>
    <verse name="v5">
      <lines>No primeiro dia o Senhor ordenou:<br/>"Que haja luz!" - foi o que Ele falou<br/>Houve a separação entre a noite e o dia<br/>As trevas de noite e a luz de dia<br/>Deus olhou e viu que tudo isso era bom<br/>Era bom<br/>A luz e as trevas, a noite e o dia<br/>Deus criou no primeiro dia</lines>
    </verse>
    <verse name="v6">
      <lines>1, 2, 3, 4, 5, 6... em apenas seis dias Deus tudo fez</lines>
    </verse>
    <verse name="v7">
      <lines>No segundo dia, você sabe o que Deus criou?<br/>Um firmamento lá no alto colocou<br/>O céu azul colore o nosso dia<br/>E vem pintado de nuvens branquinhas<br/>Deus olhou e viu que tudo isso era bom<br/>Era bom<br/>O céu azul, as nuvens branquinhas<br/>Deus criou no segundo dia</lines>
    </verse>
    <verse name="v8">
      <lines>1, 2, 3, 4, 5, 6... em apenas seis dias Deus tudo fez</lines>
    </verse>
    <verse name="v9">
      <lines>No terceiro dia Deus criou os mares<br/>A terra seca cheia de árvores<br/>A grama verdinha cobriu o chão<br/>E frutas gostosas; a laranja e o mamão<br/>Deus olhou e viu que tudo isso era bom<br/>Era bom<br/>A terra e o mar, a grama verdinha<br/>Deus criou no terceiro dia</lines>
    </verse>
    <verse name="v10">
      <lines>1, 2, 3, 4, 5, 6... em apenas seis dias Deus tudo fez</lines>
    </verse>
    <verse name="v11">
      <lines>E no quarto dia Deus criou o sol<br/>Fez a lua e as estrelinhas<br/>O sol grandão pra o dia governar<br/>E à lua branca, a noite clarear<br/>Deus olhou e viu que tudo isso era bom<br/>Era bom<br/>O sol, a lua e as estrelinhas<br/>Deus criou no quarto dia</lines>
    </verse>
    <verse name="v12">
      <lines>1, 2, 3, 4, 5, 6... em apenas seis dias Deus tudo fez</lines>
    </verse>
    <verse name="v13">
      <lines>No quinto dia Deus encheu o mar<br/>Com peixes grandes e pequenos a nadar<br/>Fez os passarinhos a voar<br/>E todas as aves gostam de cantar<br/>Deus olhou e viu que tudo isso era bom<br/>Era bom<br/>Peixes grandes e pequenos no mar<br/>No quinto dia fez às aves, voar</lines>
    </verse>
    <verse name="v14">
      <lines>1, 2, 3, 4, 5, 6... em apenas seis dias Deus tudo fez</lines>
    </verse>
    <verse name="v15">
      <lines>No sexto dia Deus criou os bichinhos<br/>Animais domésticos; os cães e os gatinhos<br/>Os selváticos como o leão<br/>E os répteis que arrastam no chão<br/>Deus olhou e viu que tudo isso era bom<br/>Era bom<br/>Aconteceu naquele mesmo dia<br/>O maior milagre da criação<br/>Do pó da terra Deus formou o homem<br/>E a mulher, com Suas próprias mãos<br/>Deus olhou e viu que tudo isso era bom<br/>Era muito bom<br/>Os animais e a primeira família<br/>Deus criou no sexto dia</lines>
    </verse>
    <verse name="v16">
      <lines>1, 2, 3, 4, 5, 6... em apenas seis dias Deus tudo fez</lines>
    </verse>
    <verse name="v17">
      <lines>No sétimo dia Deus descansou<br/>De todo o trabalho que realizou<br/>Foi bom cantar essa canção<br/>Deus é o autor da criação<br/>Eu sei muito bem, pois ele mora em meu coração<br/>Em meu coração</lines>
    </verse>
    <verse name="v18">
      <lines>1, 2, 3, 4, 5, 6... em apenas seis dias Deus tudo fez</lines>
    </verse>
  </lyrics>
</song>
