<?xml version='1.0' encoding='utf-8'?>
<song xmlns="http://openlyrics.info/namespace/2009/song" version="0.8" createdIn="OpenLP 1.9.9" modifiedIn="OpenLP 1.9.9" modifiedDate="2012-09-30T13:19:25">
  <properties>
    <titles>
      <title>baruch-habah-bendito-o-que-vem</title>
    </titles>
    <authors>
      <author>Diante do Trono</author>
    </authors>
  </properties>
  <lyrics>
    <verse name="v1">
      <lines>Baruch habah (bendito é o que vem)</lines>
    </verse>
    <verse name="v2">
      <lines>Baruch ha ba, b'shem ado_nai -<br/>Bendito é o que vem<br/>Baruch ha ba, b'shem ado__nai -<br/>Vem em nome do senhor<br/>Levanta-te oh senhor,<br/>Vem com tua arca de poder<br/>Nos alegraremos, vestidos da tua<br/>Justiça e celebraremos teu amor</lines>
    </verse>
  </lyrics>
</song>
