<?xml version='1.0' encoding='utf-8'?>
<song xmlns="http://openlyrics.info/namespace/2009/song" version="0.8" createdIn="OpenLP 1.9.9" modifiedIn="OpenLP 1.9.9" modifiedDate="2012-09-30T13:19:25">
  <properties>
    <titles>
      <title>brasil</title>
    </titles>
    <authors>
      <author>Diante do Trono</author>
    </authors>
  </properties>
  <lyrics>
    <verse name="v1">
      <lines>Brasil</lines>
    </verse>
    <verse name="v2">
      <lines>Nos quatro cantos desta terra<br/>Pode-se ouvir alguém chorar<br/>São lágrimas de esperança<br/>Por um futuro que ainda vai chegar</lines>
    </verse>
    <verse name="v3">
      <lines>Promessas de um avivamento<br/>Que o mundo inteiro vai tocar<br/>Tomamos posse da herança<br/>O que Deus falou se cumprirá</lines>
    </verse>
    <verse name="v4">
      <lines>Brasil, em teu solo exite um povo<br/>Brasil, uma gente que te ama<br/>Que clama a Deus<br/>Que acredita nas promessas<br/>Ele virá restaurando a nossa terra</lines>
    </verse>
    <verse name="v5">
      <lines>Se o meu povo que se chama pelo meu nome<br/>Se humilhar e orar<br/>Se a minha face buscar<br/>Se o meu povo que se chama pelo meu nome<br/>Dos seus caminhos maus se desviareu<br/>Eu ouvirei, perdoarei<br/>Sua terra sararei</lines>
    </verse>
  </lyrics>
</song>
