<?xml version='1.0' encoding='utf-8'?>
<song xmlns="http://openlyrics.info/namespace/2009/song" version="0.8" createdIn="OpenLP 1.9.9" modifiedIn="OpenLP 1.9.9" modifiedDate="2012-09-30T13:19:26">
  <properties>
    <titles>
      <title>bua-bua-ha-ha-ha</title>
    </titles>
    <authors>
      <author>Diante do Trono</author>
    </authors>
  </properties>
  <lyrics>
    <verse name="v1">
      <lines>Buá! Buá! Há! Há! Há!</lines>
    </verse>
    <verse name="v2">
      <lines>hu hu<br/>Vai crescer um barrigão<br/>hu hu<br/>Vai nascer um meninão<br/>hu hu<br/>Vai crescer um barrigão<br/>hu hu<br/>Vai nascer um meninão</lines>
    </verse>
    <verse name="v3">
      <lines>O pedido respondido<br/>Resultou em um menino<br/>Olha aí que meninão!</lines>
    </verse>
    <verse name="v4">
      <lines>Buá! Buá!<br/>Muitas fraldas pra trocar<br/>Há! Há! Há! Há! Há! Há!<br/>Risadas vamos dar</lines>
    </verse>
    <verse name="v5">
      <lines>O pedido respondido<br/>Resultou em um menino<br/>Olha aí que meninão!</lines>
    </verse>
    <verse name="v6">
      <lines>hu hu<br/>Vai crescer um barrigão<br/>hu hu<br/>Vai nascer um meninão<br/>hu hu<br/>Vai crescer um barrigão<br/>hu hu<br/>Vai nascer um meninão</lines>
    </verse>
    <verse name="v7">
      <lines>O pedido respondido<br/>Resultou em um menino<br/>Olha aí que meninão!</lines>
    </verse>
    <verse name="v8">
      <lines>Buá! Buá!<br/>Vamos dar de mamar<br/>Há! Há! Há! Há! Há! Há!<br/>No banho brincar</lines>
    </verse>
    <verse name="v9">
      <lines>O pedido respondido<br/>Resultou em um menino<br/>Olha aí que meninão!</lines>
    </verse>
    <verse name="v10">
      <lines>hu hu<br/>Vai crescer um barrigão<br/>hu hu<br/>Vai nascer um meninão<br/>hu hu<br/>Vai crescer um barrigão<br/>hu hu<br/>Vai nascer um meninão</lines>
    </verse>
    <verse name="v11">
      <lines>O pedido respondido<br/>Resultou em um menino<br/>Olha aí que meninão!</lines>
    </verse>
    <verse name="v12">
      <lines>Buá! Buá! Há! Há! Há! Há! Há! Há!<br/>Buá! Buá! Há! Há! Há! Há! Há! Há!</lines>
    </verse>
    <verse name="v13">
      <lines>O pedido respondido<br/>Resultou em um menino<br/>Olha aí que meninão!<br/>O pedido respondido<br/>Resultou em um menino<br/>Olha aí que meninão!</lines>
    </verse>
    <verse name="v14">
      <lines>Olha aí que meninão!</lines>
    </verse>
  </lyrics>
</song>
