<?xml version='1.0' encoding='utf-8'?>
<song xmlns="http://openlyrics.info/namespace/2009/song" version="0.8" createdIn="OpenLP 1.9.9" modifiedIn="OpenLP 1.9.9" modifiedDate="2012-09-30T13:19:26">
  <properties>
    <titles>
      <title>casa-do-pao</title>
    </titles>
    <authors>
      <author>Diante do Trono</author>
    </authors>
  </properties>
  <lyrics>
    <verse name="v1">
      <lines>Casa do Pão</lines>
    </verse>
    <verse name="v2">
      <lines>Há uma unção que flui<br/>Do coração de uma nova geração<br/>De adoradores<br/>Famintos pra estar na presença do Pai<br/>E poder saciar sua fome</lines>
    </verse>
    <verse name="v3">
      <lines>Esta unção nos atrai</lines>
    </verse>
    <verse name="v4">
      <lines>A Belém, terra do pão<br/>Cidade de adoração, diz o Senhor<br/>De Belém flui a unção<br/>Da casa do pão<br/>Pra todo o Brasil<br/>Pra todo o mundo</lines>
    </verse>
    <verse name="v5">
      <lines>O Senhor te escolheu, Belém<br/>Celeiro entre as nações<br/>O Senhor te ungiu, Belém<br/>Casa do Pão</lines>
    </verse>
  </lyrics>
</song>
