<?xml version='1.0' encoding='utf-8'?>
<song xmlns="http://openlyrics.info/namespace/2009/song" version="0.8" createdIn="OpenLP 1.9.9" modifiedIn="OpenLP 1.9.9" modifiedDate="2012-09-30T13:19:26">
  <properties>
    <titles>
      <title>celebrai</title>
    </titles>
    <authors>
      <author>Diante do Trono</author>
    </authors>
  </properties>
  <lyrics>
    <verse name="v1">
      <lines>Celebrai</lines>
    </verse>
    <verse name="v2">
      <lines>Celebrai à Cristo celebrai<br/>Celebrai à Cristo celebrai<br/>Celebrai à Cristo celebrai<br/>Celebrai à Cristo celebrai...</lines>
    </verse>
    <verse name="v3">
      <lines>Ressuscitou, ressuscitooou<br/>E hoje vive, para sempre<br/>Ressuscitou, ressuscitou<br/>E hoje vive para sempre</lines>
    </verse>
    <verse name="v4">
      <lines>Vamos celebrar hêê<br/>Vamos celebrar oooooo<br/>Vamos celebar... ressuscitou, o Senhor</lines>
    </verse>
    <verse name="v5">
      <lines>Celebrai à Cristo celebrai<br/>Celebrai à Cristo celebrai<br/>Celebrai à Cristo celebrai<br/>Celebrai à Cristo celebrai</lines>
    </verse>
    <verse name="v6">
      <lines>Ressuscitou, ressuscitooou<br/>E hoje vive, para sempre<br/>Ressuscitou, ressuscitooou<br/>E hoje vive para sempre</lines>
    </verse>
    <verse name="v7">
      <lines>Vamos celebrar hêê<br/>Vamos celebrar oooooo<br/>Vamos celebrar... ressuscitou, o Senhor</lines>
    </verse>
  </lyrics>
</song>
