<?xml version='1.0' encoding='utf-8'?>
<song xmlns="http://openlyrics.info/namespace/2009/song" version="0.8" createdIn="OpenLP 1.9.9" modifiedIn="OpenLP 1.9.9" modifiedDate="2012-09-30T13:19:26">
  <properties>
    <titles>
      <title>centro-da-tua-vontade</title>
    </titles>
    <authors>
      <author>Diante do Trono</author>
    </authors>
  </properties>
  <lyrics>
    <verse name="v1">
      <lines>Centro da Tua vontade</lines>
    </verse>
    <verse name="v2">
      <lines>Existe um lugar, Senhor<br/>No centro da Tua vontade<br/>Existe um lugar, eu sei<br/>Feito só pra mim</lines>
    </verse>
    <verse name="v3">
      <lines>É neste lugar<br/>Que eu desejo estar, Senhor<br/>É neste lugar<br/>Que eu quero habitar, Senhor<br/>É neste lugar<br/>Que eu posso descansar<br/>É neste lugar<br/>No centro da Tua vontade</lines>
    </verse>
    <verse name="v4">
      <lines>Sei que muitos vão dizer<br/>Que há outro lugar melhor<br/>Sei que muitos vão pensar<br/>Que eu enlouqueci<br/>Mas não há lugar de honra maior<br/>Que o Teu altar<br/>Tomo minha cruz, e sigo a Ti, Jesus</lines>
    </verse>
  </lyrics>
</song>
