<?xml version='1.0' encoding='utf-8'?>
<song xmlns="http://openlyrics.info/namespace/2009/song" version="0.8" createdIn="OpenLP 1.9.9" modifiedIn="OpenLP 1.9.9" modifiedDate="2012-09-30T13:19:26">
  <properties>
    <titles>
      <title>cheiro-das-aguas</title>
    </titles>
    <authors>
      <author>Diante do Trono</author>
    </authors>
  </properties>
  <lyrics>
    <verse name="v1">
      <lines>Cheiro Das Aguas</lines>
    </verse>
    <verse name="v2">
      <lines>Há esperança para o ferido<br/>como árvore cortado, marcado pela dor<br/>Ainda que na terra envelheça a raiz<br/>e no chão, abandonado o seu tronco morrer</lines>
    </verse>
    <verse name="v3">
      <lines>Há esperança para o ferido<br/>como árvore cortado, marcado pela dor<br/>Ainda que na terra envelheça a raiz<br/>e no chão abandonado o seu tronco morrer<br/>há esperança pra você</lines>
    </verse>
    <verse name="v4">
      <lines>refrão:</lines>
    </verse>
    <verse name="v5">
      <lines>Ao cheiro das aguas brotará<br/>como planta nova florecerá (florecerá)<br/>seus ramos se renovarão<br/>não cessarão os seus frutos e viverás</lines>
    </verse>
    <verse name="v6">
      <lines>ministração:</lines>
    </verse>
    <verse name="v7">
      <lines>sinta o cheiro das águas<br/>invade este lugar<br/>pode te restaurar (restaurar )<br/>nova vida</lines>
    </verse>
    <verse name="v8">
      <lines>Há esperança para o ferido<br/>como árvore cortado, marcado pela dor<br/>Ainda que na terra envelheça a raiz<br/>e no chão, abandonado o seu tronco morrer<br/>há esperança pra você</lines>
    </verse>
    <verse name="v9">
      <lines>refrão:</lines>
    </verse>
    <verse name="v10">
      <lines>ao cheiro das aguas brotará<br/>como planta nova florescerá (florescerá)<br/>seus ramos se renovarão<br/>não cessarão os seus frutos e viverás (2x)</lines>
    </verse>
    <verse name="v11">
      <lines>seus ramos se renovarão<br/>não cessarão os seus frutos e viverás</lines>
    </verse>
    <verse name="v12">
      <lines>ministração :<br/>viveras<br/>uhhhh te adoramos<br/>oh espírito vem<br/>com suas aguas regar nosso coração<br/>vem regar a terra seca<br/>vem tocar as feridas profundas<br/>para viver<br/>em aguas vivas<br/>uhhh</lines>
    </verse>
    <verse name="v13">
      <lines>diálogo:</lines>
    </verse>
    <verse name="v14">
      <lines>você esta diante do SENHOR<br/>DEUS todo poderoso que te formou<br/>que te fez que te conhece que te ama<br/>que morreu na cruz em seu lugar e ali<br/>ELE absorveu toda sua dor<br/>ELE levou todo seu pecado<br/>ELE carregou<br/>você é livre pra nadar no rio de DEUS<br/>que esta aqui<br/>fluem em nós rio de DEUS</lines>
    </verse>
  </lyrics>
</song>
