<?xml version='1.0' encoding='utf-8'?>
<song xmlns="http://openlyrics.info/namespace/2009/song" version="0.8" createdIn="OpenLP 1.9.9" modifiedIn="OpenLP 1.9.9" modifiedDate="2012-09-30T13:19:26">
  <properties>
    <titles>
      <title>com-jubilo-eu-canto</title>
    </titles>
    <authors>
      <author>Diante do Trono</author>
    </authors>
  </properties>
  <lyrics>
    <verse name="v1">
      <lines>Com Júbilo Eu Canto</lines>
    </verse>
    <verse name="v2">
      <lines>Tu és o meu auxílio<br/>Tua destra me ampara<br/>À sombra de tuas asas eu canto<br/>Com júbilo eu canto</lines>
    </verse>
    <verse name="v3">
      <lines>Rocha em quem habito<br/>Fortaleza que me acolhe<br/>Em Teu esconderijo eu canto<br/>Com júbilo eu canto</lines>
    </verse>
    <verse name="v4">
      <lines>Que o teu povo celebre comigo<br/>Estive amargurado e aflito<br/>Mas o Deus em quem me apoio<br/>O Deus da minha esperança<br/>O Deus da minha confiança me salvou<br/>E os meus lábios se encheram do seu louvor</lines>
    </verse>
    <verse name="v5">
      <lines>O choro pode durar uma noite<br/>Mas a alegria vem pela manhã<br/>Nós celebramos a misericórdia que se renova<br/>A mão poderosa sempre se levantará<br/>E nos dará a vitória</lines>
    </verse>
    <verse name="v6">
      <lines>Cantem de júbilo<br/>Ao Deus que nos livra da morte<br/>Cantem de júbilo<br/>Ao Deus que é o Pai dos órfãos<br/>Cantem de júbilo<br/>Ao Deus que é juiz das viúvas<br/>Cantem de júbilo<br/>Ao Deus que liberta o pobre<br/>Cantem de júbilo<br/>Ao Deus que sara o doente<br/>Cantem de júbilo<br/>Ao Deus que salva o perdido<br/>Cantem de júbilo (4x)<br/>Cantem (4x)</lines>
    </verse>
  </lyrics>
</song>
