<?xml version='1.0' encoding='utf-8'?>
<song xmlns="http://openlyrics.info/namespace/2009/song" version="0.8" createdIn="OpenLP 1.9.9" modifiedIn="OpenLP 1.9.9" modifiedDate="2012-09-30T13:19:26">
  <properties>
    <titles>
      <title>com-intensidade</title>
    </titles>
    <authors>
      <author>Diante do Trono</author>
    </authors>
  </properties>
  <lyrics>
    <verse name="v1">
      <lines>Com intensidade</lines>
    </verse>
    <verse name="v2">
      <lines>Digno, Tu és digno<br/>Santo, Tu és santo<br/>Lindo, Tu és lindo<br/>Forte, Tu és forte</lines>
    </verse>
    <verse name="v3">
      <lines>Maravilhoso Deus<br/>Nós Te amamos</lines>
    </verse>
    <verse name="v4">
      <lines>Queremos Te adorar com intensidade<br/>Não vamos Te dar louvor pela metade<br/>Com tudo o que temos<br/>Com tudo o que somos<br/>Com toda nossa força<br/>Vamos Te celebrar</lines>
    </verse>
    <verse name="v5">
      <lines>Rei! Jesus!</lines>
    </verse>
  </lyrics>
</song>
