<?xml version='1.0' encoding='utf-8'?>
<song xmlns="http://openlyrics.info/namespace/2009/song" version="0.8" createdIn="OpenLP 1.9.9" modifiedIn="OpenLP 1.9.9" modifiedDate="2012-09-30T13:19:27">
  <properties>
    <titles>
      <title>confio-em-teu-amor</title>
    </titles>
    <authors>
      <author>Diante do Trono</author>
    </authors>
  </properties>
  <lyrics>
    <verse name="v1">
      <lines>Confio Em Teu Amor</lines>
    </verse>
    <verse name="v2">
      <lines>Mesmo quando não posso entender<br/>Minhas lágrimas me impedem de Te ver<br/>Teus caminhos são mais altos que os meus<br/>Teus mistérios mais profundos do que eu</lines>
    </verse>
    <verse name="v3">
      <lines>Te adoro, Senhor<br/>Calo meu coração e me prostro<br/>Te adoro, Senhor<br/>No dia mau quero proclamar</lines>
    </verse>
    <verse name="v4">
      <lines>Confio em Teu amor que não mudará<br/>Nem mesmo a morte pode me separar do Teu cuidado e proteção<br/>Mesmo quando não Te vejo sei que a Tua mão me sustenta</lines>
    </verse>
    <verse name="v5">
      <lines>Não temerei más notícias<br/>Mesmo no vale da sombra da morte, comigo Tu estás<br/>(Meu socorro bem presente na angústia)</lines>
    </verse>
  </lyrics>
</song>
