<?xml version='1.0' encoding='utf-8'?>
<song xmlns="http://openlyrics.info/namespace/2009/song" version="0.8" createdIn="OpenLP 1.9.9" modifiedIn="OpenLP 1.9.9" modifiedDate="2012-09-30T13:19:27">
  <properties>
    <titles>
      <title>conhecerei</title>
    </titles>
    <authors>
      <author>Diante do Trono</author>
    </authors>
  </properties>
  <lyrics>
    <verse name="v1">
      <lines>Conhecerei</lines>
    </verse>
    <verse name="v2">
      <lines>Mergulhar em Teu ser, encontrar-me contigo<br/>Meu maior prazer: ser Teu amigo<br/>Ouvir Tua voz, as batidas do Teu coração<br/>Fala, Senhor! Ensina-me a Tua canção.</lines>
    </verse>
    <verse name="v3">
      <lines>Conhecerei e prosseguirei<br/>Em conhecer-Te, Senhor<br/>Me lançarei com tudo que sou<br/>Nas profundezas do Teu imenso amor<br/>Te amarei com meu coração<br/>Com todas as minhas forças<br/>E cantarei louvores a Ti<br/>Meu Deus, meu redentor.</lines>
    </verse>
  </lyrics>
</song>
