<?xml version='1.0' encoding='utf-8'?>
<song xmlns="http://openlyrics.info/namespace/2009/song" version="0.8" createdIn="OpenLP 1.9.9" modifiedIn="OpenLP 1.9.9" modifiedDate="2012-09-30T13:19:27">
  <properties>
    <titles>
      <title>contigo-dancar</title>
    </titles>
    <authors>
      <author>Diante do Trono</author>
    </authors>
  </properties>
  <lyrics>
    <verse name="v1">
      <lines>Contigo Dançar</lines>
    </verse>
    <verse name="v2">
      <lines>Tu és a minha rocha<br/>Em meio a qualquer tribulação<br/>Tu és a minha força<br/>Em meio a qualquer acusação<br/>Tu és meu consolo<br/>Que sempre me inspira a viver</lines>
    </verse>
    <verse name="v3">
      <lines>Jesus, eu quero contigo dançar<br/>Jesus, eu vou pra sempre te adorar</lines>
    </verse>
    <verse name="v4">
      <lines>Em qualquer circunstância<br/>Comigo tu estas<br/>Tua mão me sustenta<br/>Tua luz me guiará</lines>
    </verse>
  </lyrics>
</song>
