<?xml version='1.0' encoding='utf-8'?>
<song xmlns="http://openlyrics.info/namespace/2009/song" version="0.8" createdIn="OpenLP 1.9.9" modifiedIn="OpenLP 1.9.9" modifiedDate="2012-09-30T13:19:27">
  <properties>
    <titles>
      <title>contigo-eu-desejo-estar</title>
    </titles>
    <authors>
      <author>Diante do Trono</author>
    </authors>
  </properties>
  <lyrics>
    <verse name="v1">
      <lines>Contigo Eu Desejo Estar</lines>
    </verse>
    <verse name="v2">
      <lines>Já posso ouvir<br/>O som da multidão dos santos adorando a Ti<br/>Posso sentir<br/>O doce aroma que vem do Teu santo trono<br/>O meu coração anseia<br/>Pelo dia em que entrarei por Tuas portas, Senhor<br/>Com meus olhos te verei<br/>E feliz eu correrei pra Te abraçar</lines>
    </verse>
    <verse name="v3">
      <lines>Contigo eu desejo estar<br/>Contigo quero habitar<br/>Com vestes de justiça<br/>Em Teu amor eu vou descansar</lines>
    </verse>
    <verse name="v4">
      <lines>Já posso ouvir<br/>O doce som da voz da minha noiva<br/>Posso sentir<br/>O perfume precioso da minha amada<br/>O meu coração anseia<br/>Pelo dia em que eu irei pra te encontrar<br/>Meu sorriso tu veras, e feliz eu correrei<br/>Pra te abraçar</lines>
    </verse>
    <verse name="v5">
      <lines>Contigo eu desejo estar<br/>Com minha noiva eu quero dançar<br/>Com vestes de justiça<br/>Em meu amor tu descansarás (2x)</lines>
    </verse>
  </lyrics>
</song>
