<?xml version='1.0' encoding='utf-8'?>
<song xmlns="http://openlyrics.info/namespace/2009/song" version="0.8" createdIn="OpenLP 1.9.9" modifiedIn="OpenLP 1.9.9" modifiedDate="2012-09-30T13:19:27">
  <properties>
    <titles>
      <title>coracao-igual-ao-teu</title>
    </titles>
    <authors>
      <author>Diante do Trono</author>
    </authors>
  </properties>
  <lyrics>
    <verse name="v1">
      <lines>Coração Igual ao Teu</lines>
    </verse>
    <verse name="v2">
      <lines>Se Tu olhares, Senhor<br/>Pra dentro de mim<br/>Nada encontrarás de bom<br/>Mas um desejo eu tenho<br/>De ser transformado<br/>Preciso tanto do Teu perdão<br/>Dá-me um novo coração</lines>
    </verse>
    <verse name="v3">
      <lines>Dá-me um coração igual ao Teu<br/>Meu mestre<br/>Dá-me um coração igual ao Teu<br/>Coração disposto a obedecer<br/>Cumprir todo o Teu querer<br/>Dá-me um coração igual ao Teu</lines>
    </verse>
    <verse name="v4">
      <lines>Ensina-me a amar o meu irmão<br/>A olhar com Teus olhos, perdoar com o Teu perdão<br/>Enche-me com Teu Espírito<br/>Endireita os meus caminhos<br/>Ó Deus, dá-me um novo coração<br/>Enche-me com Teu Espírito<br/>Endireita os meus caminhos<br/>Ó Deus, dá-me um novo coração</lines>
    </verse>
  </lyrics>
</song>
