<?xml version='1.0' encoding='utf-8'?>
<song xmlns="http://openlyrics.info/namespace/2009/song" version="0.8" createdIn="OpenLP 1.9.9" modifiedIn="OpenLP 1.9.9" modifiedDate="2012-09-30T13:20:15">
  <properties>
    <titles>
      <title>CORAÇÃO IGUAL AO TEU</title>
    </titles>
    <authors>
      <author>DIANTE DO TRONO</author>
    </authors>
  </properties>
  <lyrics>
    <verse name="v1">
      <lines>SE TU OLHARES SENHOR<br/>PRA DENTRO DE MIM<br/>NADA ENCONTRARÁS DE BOM<br/>MAS UM DESEJO EU TENHO<br/>DE SER TRANSFORMADO<br/>PRECISO TANTO<br/>DO TEU PERDÃO<br/>DÁ-ME UM NOVO CORAÇÃO</lines>
    </verse>
    <verse name="v2">
      <lines>DÁ-ME UM CORAÇÃO<br/>IGUAL AO TEU MEU MESTRE<br/>DÁ-ME UM CORAÇÃO<br/>IGUAL AO TEU</lines>
    </verse>
    <verse name="v3">
      <lines>CORAÇÃO DISPOSTO<br/>A OBEDECER<br/>CUMPRIR TODO <br/>O TEU QUERER<br/>DA-ME UM CORAÇÃO<br/>IGUAL AO TEU</lines>
    </verse>
    <verse name="v4">
      <lines>ENSINA-ME A AMAR<br/>O MEU IRMÃO<br/>A OLHAR COM <br/>TEUS OLHOS<br/>PERDOAR COM <br/>TEU PERDÃO</lines>
    </verse>
    <verse name="v5">
      <lines>ENCHE-ME <br/>COM TEU ESPÍRITO<br/>ENDIREITA OS MEUS<br/>CAMINHOS Ó DEUS<br/>DÁ-ME UM<br/>NOVO CORAÇÃO</lines>
    </verse>
  </lyrics>
</song>
