<?xml version='1.0' encoding='utf-8'?>
<song xmlns="http://openlyrics.info/namespace/2009/song" version="0.8" createdIn="OpenLP 1.9.9" modifiedIn="OpenLP 1.9.9" modifiedDate="2012-09-30T13:19:27">
  <properties>
    <titles>
      <title>coracao-todo-teu</title>
    </titles>
    <authors>
      <author>Diante do Trono</author>
    </authors>
  </properties>
  <lyrics>
    <verse name="v1">
      <lines>Coração Todo Teu</lines>
    </verse>
    <verse name="v2">
      <lines>Riquezas, prazeres, conforto<br/>Nada disso pode ocupar meu coração<br/>Louvores, elogios e fama<br/>Nada disso pode ocupar meu coração</lines>
    </verse>
    <verse name="v3">
      <lines>Dá-me, Senhor<br/>Um coração quebrantado e contrito pra Te agradar<br/>E entregar toda a glória somente a Ti<br/>Dá-me, Senhor, um coração que é todo Teu.</lines>
    </verse>
  </lyrics>
</song>
