<?xml version='1.0' encoding='utf-8'?>
<song xmlns="http://openlyrics.info/namespace/2009/song" version="0.8" createdIn="OpenLP 1.9.9" modifiedIn="OpenLP 1.9.9" modifiedDate="2012-09-30T13:19:27">
  <properties>
    <titles>
      <title>cordeiro-leao</title>
    </titles>
    <authors>
      <author>Diante do Trono</author>
    </authors>
  </properties>
  <lyrics>
    <verse name="v1">
      <lines>Cordeiro e Leão</lines>
    </verse>
    <verse name="v2">
      <lines>Abaixar as armas, <br/>levantar o som de um alto louvor<br/>Espada afiada em nossa boca é adoração<br/>A vitória o cordeiro conquistou no Monte Sião<br/>Com o sopro de sua boca <br/>ele vem destruir o inimigo pra sempre</lines>
    </verse>
    <verse name="v3">
      <lines>Ele reina<br/>O nosso Deus reina<br/>E ao som de seu louvor<br/>Todos se prostrarão<br/>É o rugido do leão de Judá<br/>E ao som de seu louvor<br/>Fortalezas cairão<br/>É o rugido do leão de Judá</lines>
    </verse>
    <verse name="v4">
      <lines>O nosso Deus reina </lines>
    </verse>
    <verse name="v6">
      <lines>Digno de adoração<br/>Cordeiro e leão<br/>Digno de adoração<br/>Cordeiro e leão<br/>Digno de adoração<br/>Cordeiro e leão<br/>Digno de adoração<br/>Cordeiro e leão<br/>Glória e honra e força<br/>O poder, a riqueza, a sabedoria<br/>A salvação pertence ao senhor nosso Deus<br/>Que se assenta no trono</lines>
    </verse>
  </lyrics>
</song>
