<?xml version='1.0' encoding='utf-8'?>
<song xmlns="http://openlyrics.info/namespace/2009/song" version="0.8" createdIn="OpenLP 1.9.9" modifiedIn="OpenLP 1.9.9" modifiedDate="2012-09-30T13:19:28">
  <properties>
    <titles>
      <title>corpo-de-cristo</title>
    </titles>
    <authors>
      <author>Diante do Trono</author>
    </authors>
  </properties>
  <lyrics>
    <verse name="v1">
      <lines>Corpo de Cristo</lines>
    </verse>
    <verse name="v2">
      <lines>Corpo de Cristo<br/>Mãos do Redentor<br/>Corpo de Cristo<br/>Onde estão as marcas dos cravos?<br/>Onde estão os pés que pisaram esse chão?<br/>Deixando a Glória</lines>
    </verse>
    <verse name="v3">
      <lines>Corpo de Cristo<br/>Olhos de perdão<br/>Corpo de Cristo<br/>Onde estão os braços estendidos?<br/>Onde estão os corações movidos por compaixão?<br/>Assim como Ele foi</lines>
    </verse>
    <verse name="v4">
      <lines>Eu quero ver a tua fé em obras<br/>Me mostre, por favor<br/>Onde estão os frutos e eu os comerei<br/>Quero ver o teu amor tão cantado<br/>Teu discurso encantador sendo encarnado<br/>Cristo em vós</lines>
    </verse>
  </lyrics>
</song>
