<?xml version='1.0' encoding='utf-8'?>
<song xmlns="http://openlyrics.info/namespace/2009/song" version="0.8" createdIn="OpenLP 1.9.9" modifiedIn="OpenLP 1.9.9" modifiedDate="2012-09-30T13:19:28">
  <properties>
    <titles>
      <title>creio-na-promessa</title>
    </titles>
    <authors>
      <author>Diante do Trono</author>
    </authors>
  </properties>
  <lyrics>
    <verse name="v1">
      <lines>Creio na Promessa</lines>
    </verse>
    <verse name="v2">
      <lines>Creio na promessa<br/>Sobre sonhos e visões<br/>E que o derramar do Espirito<br/>Com poder virá aos corações<br/>A hora é essa o lugar é aqui<br/>Seu povo se coloca de pé<br/>Há um forte som e um toque de fogo quando unimos nossa fé</lines>
    </verse>
    <verse name="v3">
      <lines>Creio que a presença de Deus está aqui<br/>Nada é impossível quando o Espírito Santo começa a agir<br/>Creio que a presença de Deus está aqui<br/>Se há dois ou três unidos<br/>Em fé para adorar<br/>O nosso Deus responde com Sua presença neste lugar</lines>
    </verse>
    <verse name="v4">
      <lines>Creio na promessa<br/>Sobre sonhos e visões<br/>E que o derramar do Espirito<br/>Com poder virá aos corações<br/>A hora é essa o lugar é aqui<br/>Seu povo se coloca de pé<br/>Há um forte som e um toque de fogo quando unimos nossa fé</lines>
    </verse>
    <verse name="v5">
      <lines>Creio que a presença de Deus está aqui<br/>Nada é impossível quando o Espírito Santo começa a agir<br/>Creio que a presença de Deus está aqui<br/>Se há dois ou três unidos<br/>Em fé para adorar<br/>O nosso Deus responde com Sua presença neste lugar</lines>
    </verse>
    <verse name="v6">
      <lines>Em todo universo<br/>Nada impedirá<br/>Nós temos o chamado<br/>Pra seu poder levar<br/>Mais alto que o céu<br/>Mais fundo que o mar<br/>Derrama em nossas vidas<br/>Poder para amar</lines>
    </verse>
    <verse name="v7">
      <lines>Creio que a presença de Deus está aqui<br/>Nada é impossível quando o Espírito Santo começa a agir<br/>Creio que a presença de Deus está aqui<br/>Se há dois ou três unidos<br/>Em fé para adorar<br/>O nosso Deus responde com sua presença neste lugar (3x)</lines>
    </verse>
  </lyrics>
</song>
