<?xml version='1.0' encoding='utf-8'?>
<song xmlns="http://openlyrics.info/namespace/2009/song" version="0.8" createdIn="OpenLP 1.9.9" modifiedIn="OpenLP 1.9.9" modifiedDate="2012-09-30T13:19:28">
  <properties>
    <titles>
      <title>cristao-de-verdade</title>
    </titles>
    <authors>
      <author>Diante do Trono</author>
    </authors>
  </properties>
  <lyrics>
    <verse name="v1">
      <lines>Cristão de Verdade</lines>
    </verse>
    <verse name="v2">
      <lines>Seja um cristão de verdade<br/>Em palavra e ação<br/>Mostre que jesus<br/>Está em seu coração</lines>
    </verse>
    <verse name="v3">
      <lines>Eu tenho um recado muito importante<br/>Pra você que é o tipo de cristão falante<br/>Se o que você vive é diferente do que diz<br/>Então, meu amado, é melhor ficar calado</lines>
    </verse>
    <verse name="v4">
      <lines>Ou então<br/>Mude de vida<br/>Arrependa-se<br/>E mude de vida<br/>Peça perdão<br/>E mude de vida<br/>Agora mesmo<br/>Mude de vida</lines>
    </verse>
    <verse name="v5">
      <lines>Não queremos mais ouvir lorota<br/>Sua vida é o que mais importa<br/>Esse tipo de cristão tá por fora<br/>É melhor mudar de vida agora</lines>
    </verse>
    <verse name="v6">
      <lines>Seja um cristão de verdade<br/>Em palavra e ação<br/>Mostre que jesus<br/>Está em seu coração</lines>
    </verse>
    <verse name="v7">
      <lines>Tem gente que pensa que os pais não sabem nada<br/>São desobedientes e da "pá virada"<br/>Mas sempre que o rebelde quiser acertar<br/>Vai ter que dar meia volta e começar a mudar</lines>
    </verse>
    <verse name="v8">
      <lines>E respeitar o papai e a mamãe<br/>E honrar o papai e a mamãe<br/>E obedecer o papai e a mamãe<br/>E alegrar o papai e a mamãe</lines>
    </verse>
    <verse name="v9">
      <lines>Não queremos mais saber de crentes<br/>Que não são filhos obedientes<br/>Esse tipo de cristão tá por fora<br/>É melhor mudar de vida agora</lines>
    </verse>
    <verse name="v10">
      <lines>Seja um cristão de verdade<br/>Em palavra e ação<br/>Mostre que jesus<br/>Está em seu coração</lines>
    </verse>
    <verse name="v11">
      <lines>"pelo amor de deus,<br/>Mostre que jesus está em seu coração, mano!"<br/>"manda vê!"</lines>
    </verse>
    <verse name="v12">
      <lines>Meninos e meninas que não querem esperar<br/>A hora certa para namorar<br/>Começam muito cedo e sem a mãe deixar<br/>Lá no final, você já sabe, eles vão chorar</lines>
    </verse>
    <verse name="v13">
      <lines>Vale a pena esperar<br/>Vale a pena a gente se guardar<br/>Vale a pena dizer não<br/>Vale a pena guardar o coração</lines>
    </verse>
    <verse name="v14">
      <lines>"vale a pena mesmo, galera por favor, guarda o<br/>coração!"</lines>
    </verse>
    <verse name="v15">
      <lines>Não queremos mais namoro à toa<br/>E a história de ficar não é boa<br/>Esse tipo de cristão tá por fora<br/>É melhor mudar de vida agora</lines>
    </verse>
    <verse name="v16">
      <lines>"diz aí!"</lines>
    </verse>
    <verse name="v17">
      <lines>Tem gente que não gosta de compartilhar<br/>As coisas tão boas que o senhor nos dá<br/>Estenda a mão! você cristão tem que ajudar<br/>As criancinhas pobres que não tem um lar</lines>
    </verse>
    <verse name="v18">
      <lines>Vamos cuidar das crianças pobres<br/>Vamos cuidar dos que vivem nas ruas<br/>Vamos cuidar dos orfãos<br/>Vamos cuidar das viúvas</lines>
    </verse>
    <verse name="v19">
      <lines>Não queremos mais o egoísta<br/>Que vira as costas pra quem necessita<br/>Esse tipo de cristão tá por fora<br/>É melhor mudar de vida agora</lines>
    </verse>
    <verse name="v20">
      <lines>"se liga meu irmão! anda no caminho certo!"<br/>"qual é cara ! sai dessa!"<br/>"arrependa-se"!<br/>"seja obediente vale a pena!"<br/>"abre o olho meu irmão!"<br/>"fique esperto!"<br/>"mude de vida!"</lines>
    </verse>
  </lyrics>
</song>
