<?xml version='1.0' encoding='utf-8'?>
<song xmlns="http://openlyrics.info/namespace/2009/song" version="0.8" createdIn="OpenLP 1.9.9" modifiedIn="OpenLP 1.9.9" modifiedDate="2012-09-30T13:19:28">
  <properties>
    <titles>
      <title>de-onde-vem-meu-socorro</title>
    </titles>
    <authors>
      <author>Diante do Trono</author>
    </authors>
  </properties>
  <lyrics>
    <verse name="v1">
      <lines>De onde vem o meu socorro</lines>
    </verse>
    <verse name="v2">
      <lines>Elevo os olhos aos montes<br/>De onde vem meu socorro?<br/>Meu socorro vem de Deus<br/>Que os céus e a terra criou, criou<br/>Que os céus e terra criou</lines>
    </verse>
    <verse name="v3">
      <lines>Teus pés não vacilarão<br/>Nunca tropeçaras<br/>Não nunca<br/>Pois o guarda de Israel<br/>Nunca dormitará<br/>Não, nunca dormitará</lines>
    </verse>
    <verse name="v4">
      <lines>O Senhor te guardará de todo mal<br/>Te guarda, guarda o teu entrar e sair<br/>Hoje e pra sempre<br/>Pra sempre<br/>Hoje e Pra sempre</lines>
    </verse>
    <verse name="v5">
      <lines>Elevo os olhos aos montes<br/>De onde vem meu socorro?<br/>Meu socorro vem de Deus<br/>Que os céus e a terra criou, criou<br/>Que os céus e terra criou, criou<br/>Que os céus e a terra criou, criou<br/>Que os céus e terra criou</lines>
    </verse>
  </lyrics>
</song>
