<?xml version='1.0' encoding='utf-8'?>
<song xmlns="http://openlyrics.info/namespace/2009/song" version="0.8" createdIn="OpenLP 1.9.9" modifiedIn="OpenLP 1.9.9" modifiedDate="2012-09-30T13:19:29">
  <properties>
    <titles>
      <title>de-todo-coracao</title>
    </titles>
    <authors>
      <author>Diante do Trono</author>
    </authors>
  </properties>
  <lyrics>
    <verse name="v1">
      <lines>De Todo o Coração</lines>
    </verse>
    <verse name="v2">
      <lines>Quero te conhecer, Senhor<br/>Vem me tocar com Tua presença<br/>Mas de Ti derrama sobre mim</lines>
    </verse>
    <verse name="v3">
      <lines>Sei q há muito mais<br/>Do Teu amor, de Tua vida<br/>Mostra-me teu rosto</lines>
    </verse>
    <verse name="v4">
      <lines>Ensina-me o caminho pra te encontrar<br/>Revela-me tua face<br/>Vou procurar até te achar</lines>
    </verse>
    <verse name="v5">
      <lines>Você me buscará e me encontrará<br/>Quando me procurar de todo coração</lines>
    </verse>
  </lyrics>
</song>
