<?xml version='1.0' encoding='utf-8'?>
<song xmlns="http://openlyrics.info/namespace/2009/song" version="0.8" createdIn="OpenLP 1.9.9" modifiedIn="OpenLP 1.9.9" modifiedDate="2012-09-30T13:19:28">
  <properties>
    <titles>
      <title>debaixo-dos-nossos-pes</title>
    </titles>
    <authors>
      <author>Diante do Trono</author>
    </authors>
  </properties>
  <lyrics>
    <verse name="v1">
      <lines>Debaixo Dos Nossos Pés</lines>
    </verse>
    <verse name="v2">
      <lines>Disse Jesus:<br/>"Lá vem o príncipe deste mundo,<br/>e nada tem em mim."<br/>Queremos ser santos assim como Ele é<br/>E dizer: "Nada tem em mim"</lines>
    </verse>
    <verse name="v3">
      <lines>Sábios pra fazer o que é certo, o que é bom<br/>Inocentes do que vem do mau<br/>Excelentes pra fazer o bem</lines>
    </verse>
    <verse name="v4">
      <lines>E o Deus da paz<br/>Em breve esmagará a Satanás<br/>debaixo dos nossos pés</lines>
    </verse>
  </lyrics>
</song>
