<?xml version='1.0' encoding='utf-8'?>
<song xmlns="http://openlyrics.info/namespace/2009/song" version="0.8" createdIn="OpenLP 1.9.9" modifiedIn="OpenLP 1.9.9" modifiedDate="2012-09-30T13:19:28">
  <properties>
    <titles>
      <title>descanso-em-deus</title>
    </titles>
    <authors>
      <author>Diante do Trono</author>
    </authors>
  </properties>
  <lyrics>
    <verse name="v1">
      <lines>Descanso Em Deus</lines>
    </verse>
    <verse name="v2">
      <lines>Desde a antigüidade não se viu<br/>Nem jamais se ouviu<br/>De um Deus semelhante a ti<br/>Que trabalha por quem espera e confia em ti</lines>
    </verse>
    <verse name="v3">
      <lines>Em me arrepender e sossegar<br/>Em me tranquilizar está minha salvação<br/>Minha força está em esperar, confiar em ti</lines>
    </verse>
    <verse name="v4">
      <lines>Enquanto eu descanso em Deus<br/>Ele me dá tudo o que eu preciso<br/>É descansar, confiar, entregar, todo o meu cuidado a Deus<br/>Descansar, repousar, colocar minha esperança em Deus</lines>
    </verse>
    <verse name="v5">
      <lines>Inútil vos será bem cedo levantar<br/>Penosamente trabalhar<br/>Aos seus amados dá enquanto dormem<br/>Aos seus amados ele dá</lines>
    </verse>
  </lyrics>
</song>
