<?xml version='1.0' encoding='utf-8'?>
<song xmlns="http://openlyrics.info/namespace/2009/song" version="0.8" createdIn="OpenLP 1.9.9" modifiedIn="OpenLP 1.9.9" modifiedDate="2012-09-30T13:19:28">
  <properties>
    <titles>
      <title>desperta</title>
    </titles>
    <authors>
      <author>Diante do Trono</author>
    </authors>
  </properties>
  <lyrics>
    <verse name="v1">
      <lines>Desperta</lines>
    </verse>
    <verse name="v2">
      <lines>Desperta, desperta<br/>Arma-Te de força, braço do Senhor<br/>Desperta, desperta<br/>Como nos dias passados, nas gerações antigas<br/>Não és Tu aquele que secou o mar<br/>A pés enxutos fez o povo passar?</lines>
    </verse>
    <verse name="v3">
      <lines>Desperta, desperta<br/>Veste-te de força, ó Sião<br/>Desperta, desperta<br/>Sacode o pó<br/>Levanta e toma o teu lugar<br/>Quebra tuas cadeias e vem celebrar<br/>Teu Deus te chama pra reinar</lines>
    </verse>
    <verse name="v4">
      <lines>Eis o grito dos teus atalaias<br/>Declarando que o teu Deus reina<br/>Eles erguem a voz e exultam<br/>Pois vêem o Senhor voltando a Sião</lines>
    </verse>
    <verse name="v5">
      <lines>Rompei em júbilo<br/>A uma exultai! Hei!<br/>Ruínas de Jerusalém cantai<br/>Pois o Senhor te remiu</lines>
    </verse>
    <verse name="v6">
      <lines>Ruínas de Jerusalém cantai<br/>Pois o Senhor te remiu</lines>
    </verse>
    <verse name="v7">
      <lines>Ruínas de Recife cantai<br/>Pois o Senhor te remiu</lines>
    </verse>
    <verse name="v8">
      <lines>Ruínas do Brasil cantai<br/>Pois o Senhor te remiu</lines>
    </verse>
    <verse name="v9">
      <lines>Desperta!</lines>
    </verse>
  </lyrics>
</song>
