<?xml version='1.0' encoding='utf-8'?>
<song xmlns="http://openlyrics.info/namespace/2009/song" version="0.8" createdIn="OpenLP 1.9.9" modifiedIn="OpenLP 1.9.9" modifiedDate="2012-09-30T13:19:29">
  <properties>
    <titles>
      <title>deus-de-amor</title>
    </titles>
    <authors>
      <author>Diante do Trono</author>
    </authors>
  </properties>
  <lyrics>
    <verse name="v1">
      <lines>Deus de Amor</lines>
    </verse>
    <verse name="v2">
      <lines>Tantas lutas, tantas dores<br/>Num deserto pareço estar<br/>Mas te entrego os meus temores<br/>Sei que em Ti, Senhor, posso confiar</lines>
    </verse>
    <verse name="v3">
      <lines>Quero trazer à memória aquilo que me dá esperança<br/>Quero trazer à memória aquilo que me dá esperança</lines>
    </verse>
    <verse name="v4">
      <lines>Como é bom poder pertencer a um Deus de amor<br/>Como é bom poder confiar em tua fidelidade<br/>Eu descanso em Ti, eu espero em Ti<br/>Eu te adoro, Deus de amor</lines>
    </verse>
    <verse name="v5">
      <lines>Em Ti eu posso me alegrar<br/>Com ousadia declarar<br/>O Deus a quem eu sirvo<br/>Nunca falhou e não falhará</lines>
    </verse>
    <verse name="v6">
      <lines>Como é bom poder pertencer a um Deus de amor<br/>Como é bom poder confiar em tua fidelidade<br/>Eu descanso em Ti, eu espero em Ti</lines>
    </verse>
  </lyrics>
</song>
