<?xml version='1.0' encoding='utf-8'?>
<song xmlns="http://openlyrics.info/namespace/2009/song" version="0.8" createdIn="OpenLP 1.9.9" modifiedIn="OpenLP 1.9.9" modifiedDate="2012-09-30T13:19:29">
  <properties>
    <titles>
      <title>deus-toma-teu-santo-trono</title>
    </titles>
    <authors>
      <author>Diante do Trono</author>
    </authors>
  </properties>
  <lyrics>
    <verse name="v1">
      <lines>Deus toma teu santo trono</lines>
    </verse>
    <verse name="v2">
      <lines>Deus, toma o Teu Santo trono em meu coração<br/>O lugar que é somente Teu em meu coração<br/>Pra que se aumente Teu governo<br/>E venha paz sem fim<br/>Venha paz sem fim<br/>Venha paz sem fim<br/>Tu és digno de reinar<br/>Deus, toma o Teu Santo trono em nossa nação<br/>O lugar que é somente Teu em nossa nação<br/>Pra que se aumente Teu governo<br/>E venha paz sem fim<br/>Venha paz sem fim<br/>Venha paz sem fim<br/>Tu és digno de reinar<br/>Deus, toma o Teu Santo trono em toda a Terra<br/>O lugar que é somente Teu em toda a Te - er - ra<br/>Pra que se aumente Teu governo<br/>E venha paz sem fim<br/>Venha paz sem fim<br/>Venha paz sem fim<br/>Tu és digno, Senhor<br/>Tu és digno<br/>Tu és digno de reinar<br/>Deus, toma o Teu Santo trono</lines>
    </verse>
  </lyrics>
</song>
