<?xml version='1.0' encoding='utf-8'?>
<song xmlns="http://openlyrics.info/namespace/2009/song" version="0.8" createdIn="OpenLP 1.9.9" modifiedIn="OpenLP 1.9.9" modifiedDate="2012-09-30T13:19:29">
  <properties>
    <titles>
      <title>deus-fiel</title>
    </titles>
    <authors>
      <author>Diante do Trono</author>
    </authors>
  </properties>
  <lyrics>
    <verse name="v1">
      <lines>Deus É Fiel</lines>
    </verse>
    <verse name="v2">
      <lines>Nem olhos viram nem ouvidos ouviram<br/>O que Deus preparou para nós<br/>Um futuro certo, cheio de esperança<br/>e paz, muita paz<br/>Quero viver Teus sonhos Teus planos<br/>Tudo o que por mim conquistaste na cruz<br/>A Tua vontade é o meu prazer<br/>Sem Ti nada posso<br/>Opera em mim o Teu poder<br/>Vê o fruto do Teu penoso trabalho<br/>Alegra-te sobre mim<br/>Alegra-te sobre mim</lines>
    </verse>
    <verse name="v3">
      <lines>É tão bom sonhar Teus sonhos<br/>É tão bom viver Teus planos<br/>E conhecer a graça de pertencer a Ti<br/>Deus fiel<br/>É tão bom fechar meus olhos<br/>E contemplar com minha fé<br/>Todas as Tuas palavras<br/>Tuas promessas pra mim<br/>Deus fiel</lines>
    </verse>
    <verse name="v4">
      <lines>É tão bom sonhar Teus sonhos<br/>É tão bom viver Teus planos<br/>E conhecer a graça de pertencer a Ti<br/>Deus fiel<br/>É tão bom fechar meus olhos<br/>E contemplar com minha fé<br/>Todas as Tuas palavras<br/>Tuas promessas pra mim<br/>Deus fiel</lines>
    </verse>
  </lyrics>
</song>
