<?xml version='1.0' encoding='utf-8'?>
<song xmlns="http://openlyrics.info/namespace/2009/song" version="0.8" createdIn="OpenLP 1.9.9" modifiedIn="OpenLP 1.9.9" modifiedDate="2012-09-30T13:19:29">
  <properties>
    <titles>
      <title>deus-de-milagres</title>
    </titles>
    <authors>
      <author>Diante do Trono</author>
    </authors>
  </properties>
  <lyrics>
    <verse name="v1">
      <lines>Deus de Milagres</lines>
    </verse>
    <verse name="v2">
      <lines>Quem é este que faz o mar se acalmar<br/>E a tempestade obedece a sua voz?<br/>Quem é este que anda sobre as águas<br/>E por onde passa tudo pode transformar?<br/>Quem é este que todas as coisas pode ver<br/>E o coração do homem pode sondar?<br/>Quem é este que cura as doenças<br/>E o corpo e alma pode restaurar?</lines>
    </verse>
    <verse name="v3">
      <lines>O seu nome é Jesus<br/>O filho de Deus<br/>Morreu na cruz em meu lugar<br/>Mas a morte venceu e ressucitou<br/>Igual ao meu Deus não há</lines>
    </verse>
    <verse name="v4">
      <lines>O meu Deus é um Deus de milagres<br/>Não há limites para o Seu poder agir<br/>Realiza o impossível<br/>Para Ele nada é tão difícil<br/>E o maior milagre já operou em mim<br/>E o maior milagre quer operar em ti</lines>
    </verse>
    <verse name="v5">
      <lines>Quem é este que fecha a boca dos leões<br/>E na fornalha ardente pode passear?<br/>Quem é esse que ressucita os mortos<br/>E uma nova vida faz o homem experimentar?<br/>Quem é este que abre as portas das prisões<br/>E em liberdade faz seus servos caminhar?<br/>Quem é este que diz: "Venho sem demora<br/>Pra minha amada noiva buscar"?</lines>
    </verse>
  </lyrics>
</song>
