<?xml version='1.0' encoding='utf-8'?>
<song xmlns="http://openlyrics.info/namespace/2009/song" version="0.8" createdIn="OpenLP 1.9.9" modifiedIn="OpenLP 1.9.9" modifiedDate="2012-09-30T13:19:29">
  <properties>
    <titles>
      <title>deus-nos-amou</title>
    </titles>
    <authors>
      <author>Diante do Trono</author>
    </authors>
  </properties>
  <lyrics>
    <verse name="v1">
      <lines>Deus Nos Amou</lines>
    </verse>
    <verse name="v2">
      <lines>Quem pecar, vai pagar<br/>Quem pecar, vai morrer<br/>Mas Deus não iria deixar<br/>Aqueles a quem ele ama<br/>Sofrer sem parar</lines>
    </verse>
    <verse name="v3">
      <lines>O filho Único de Deus<br/>Perfeito e puro se ofereceu<br/>Pra divida pagar<br/>No lugar daqueles que o pai queria resgatar</lines>
    </verse>
    <verse name="v4">
      <lines>Porque Deus amou o mundo perdido<br/>Ele mandou seu Filho querido<br/>Para morrer em nosso lugar<br/>E todo o que crê ele pode salvar</lines>
    </verse>
    <verse name="v5">
      <lines>Deus nos amou quando éramos inimigos<br/>Deus planejou nosso resgate para sermos amigos(2x)<br/>Deus nos amou</lines>
    </verse>
    <verse name="v6">
      <lines>Porque Deus amou o mundo de tal maneira<br/>Ele enviou seu Filho Unigênito<br/>Para que todo o que nele crê não pereça<br/>Mas tenha a vida eterna</lines>
    </verse>
    <verse name="v7">
      <lines>O filho único de Deus<br/>Perfeito e puro se ofereceu<br/>Pra dívida pagar<br/>No lugar daqueles que o Pai queria resgatar</lines>
    </verse>
    <verse name="v8">
      <lines>Porque deus amou o mundo perdido<br/>Ele mandou seu filho querido<br/>Pra morrer em nosso lugar<br/>E todo o que crê ele pode salvar</lines>
    </verse>
    <verse name="v9">
      <lines>Deus nos amou quando éramos inimigos<br/>Deus planejou nosso resgate para sermos amigos<br/>Deus nos amou quando éramos inimigos<br/>Deus planejou nosso resgate para sermos amigos<br/>Deus nos amou (5x)</lines>
    </verse>
  </lyrics>
</song>
