<?xml version='1.0' encoding='utf-8'?>
<song xmlns="http://openlyrics.info/namespace/2009/song" version="0.8" createdIn="OpenLP 1.9.9" modifiedIn="OpenLP 1.9.9" modifiedDate="2012-09-30T13:19:29">
  <properties>
    <titles>
      <title>dia-de-festa</title>
    </titles>
    <authors>
      <author>Diante do Trono</author>
    </authors>
  </properties>
  <lyrics>
    <verse name="v1">
      <lines>Dia de Festa</lines>
    </verse>
    <verse name="v2">
      <lines>Hoje é dia de festa<br/>Vamos a casa do Senhor<br/>Celebrar a Deus<br/>Com vozes e gritos de Louvor</lines>
    </verse>
    <verse name="v3">
      <lines>Todos nós reunidos<br/>Somente para o Adorar<br/>É nessa festa Santa<br/>Que sua Glória se manifestará</lines>
    </verse>
    <verse name="v4">
      <lines>Então dance, dance, dance<br/>Diante do Senhor<br/>Então pule, pule, pule<br/>Celebre ao Senhor</lines>
    </verse>
    <verse name="v5">
      <lines>Então corra, corra, corra<br/>Aos braços do Senhor<br/>Então grite, grite, grite<br/>Grande é o Senhor</lines>
    </verse>
    <verse name="v6">
      <lines>Então dance, dance, dance<br/>Diante do Senhor<br/>Então pule, pule, pule<br/>Celebre ao Senhor</lines>
    </verse>
    <verse name="v7">
      <lines>Então corra, corra, corra<br/>Aos braços do Senhor<br/>Então grite, grite, grite<br/>Grande é o Senhor</lines>
    </verse>
    <verse name="v8">
      <lines>Ce - le - brar o seu nome<br/>É o que nós queremos<br/>Só ele é o nosso Deus<br/>E - xal - tar o seu nome<br/>É o que nós faremos<br/>Jesus é o nosso Rei</lines>
    </verse>
  </lyrics>
</song>
