<?xml version='1.0' encoding='utf-8'?>
<song xmlns="http://openlyrics.info/namespace/2009/song" version="0.8" createdIn="OpenLP 1.9.9" modifiedIn="OpenLP 1.9.9" modifiedDate="2012-09-30T13:19:29">
  <properties>
    <titles>
      <title>diante-do-trono</title>
    </titles>
    <authors>
      <author>Diante do Trono</author>
    </authors>
  </properties>
  <lyrics>
    <verse name="v1">
      <lines>Diante do Trono</lines>
    </verse>
    <verse name="v2">
      <lines>Eu me prostro diante do trono<br/>Eu me prostro diante do Rei<br/>Eu me prostro diante do trono<br/>Eu me prostro diante de Deus</lines>
    </verse>
    <verse name="v3">
      <lines>Tu, Senhor, és meu refúgio e fortaleza<br/>Eu me rendo ao teu amor e tua grandeza<br/>Tu, Senhor, és meu refúgio e fortaleza<br/>Eu me rendo ao teu amor e tua grandeza</lines>
    </verse>
    <verse name="v4">
      <lines>Eu me prostro diante do trono<br/>Eu me prostro diante do Rei<br/>Eu me prostro diante do trono<br/>Eu me prostro diante de Deus<br/>Eu me prostro diante do trono<br/>Eu me prostro diante do Rei<br/>Eu me prostro diante do trono<br/>Eu me prostro diante de Deus<br/>Eu me prosto</lines>
    </verse>
  </lyrics>
</song>
