<?xml version='1.0' encoding='utf-8'?>
<song xmlns="http://openlyrics.info/namespace/2009/song" version="0.8" createdIn="OpenLP 1.9.9" modifiedIn="OpenLP 1.9.9" modifiedDate="2012-09-30T13:20:17">
  <properties>
    <titles>
      <title>DIANTE DO TRONO SENHOR</title>
    </titles>
    <authors>
      <author>FERNANDINHO</author>
    </authors>
  </properties>
  <lyrics>
    <verse name="v1">
      <lines>DIANTE DO TRONO, SENHOR<br/>QUERO LEVAR MINHA<br/>OFERTA DE AMOR<br/>DIANTE DO TRONO, SENHOR <br/>QUERO LEVAR MEU <br/>SACRIFÍCIO DE LOUVOR</lines>
    </verse>
    <verse name="v2">
      <lines>AS MINHAS MÃOS LEVANTAR<br/>TUA BELEZA, ENTÃO CONTEMPLAR <br/>COM MEUS LÁBIOS DECLARAR<br/>TODA MINHA ADORAÇÃO</lines>
    </verse>
    <verse name="v3">
      <lines>SE NÃO FOR PRA TE ADORAR<br/>PARA QUE NASCI?    <br/>SE NÃO FOR PARA TE SERVIR<br/>POR QUE ESTOU AQUI?</lines>
    </verse>
    <verse name="v4">
      <lines>SIM, EU QUERO TE ADORAR,<br/>TE ADORAR <br/>SENHOR, ESTOU AQUI.</lines>
    </verse>
  </lyrics>
</song>
