<?xml version='1.0' encoding='utf-8'?>
<song xmlns="http://openlyrics.info/namespace/2009/song" version="0.8" createdIn="OpenLP 1.9.9" modifiedIn="OpenLP 1.9.9" modifiedDate="2012-09-30T13:19:30">
  <properties>
    <titles>
      <title>divida-de-amor</title>
    </titles>
    <authors>
      <author>Diante do Trono</author>
    </authors>
  </properties>
  <lyrics>
    <verse name="v1">
      <lines>Dívida de Amor</lines>
    </verse>
    <verse name="v2">
      <lines>Sou feliz<br/>Não ando na escuridão da solidão<br/>Não vou chorar de tristeza</lines>
    </verse>
    <verse name="v3">
      <lines>Sou feliz<br/>A tua luz encheu meu coração<br/>Vou me alegrar<br/>Posso até chorar de gratidão</lines>
    </verse>
    <verse name="v4">
      <lines>Como posso expressar<br/>Tão grande amor por mim?<br/>Como posso pagar essa dívida de amor??<br/>Só posso entregar<br/>Minha Vida em teu altar.</lines>
    </verse>
  </lyrics>
</song>
