<?xml version='1.0' encoding='utf-8'?>
<song xmlns="http://openlyrics.info/namespace/2009/song" version="0.8" createdIn="OpenLP 1.9.9" modifiedIn="OpenLP 1.9.9" modifiedDate="2012-09-30T13:19:30">
  <properties>
    <titles>
      <title>dono-do-meu-coracao</title>
    </titles>
    <authors>
      <author>Diante do Trono</author>
    </authors>
  </properties>
  <lyrics>
    <verse name="v1">
      <lines>Dono do meu coração</lines>
    </verse>
    <verse name="v2">
      <lines>DONO DO MEU CORAÇÃO</lines>
    </verse>
    <verse name="v3">
      <lines>Rei do universo Te dou meu louvor<br/>Com tantas bênçãos me cercas, Senhor<br/>Só Tu és a fonte de alegria e prazer<br/>Melhor que a própria vida é Te conhecer</lines>
    </verse>
    <verse name="v4">
      <lines>Tu és o dono do meu coração<br/>Tu és o dono do meu coração<br/>E não há outro (e não há outro)<br/>E não há outro (e não há outro)<br/>Só Tu és o dono do meu coração<br/>Só Tu és o dono do meu coração</lines>
    </verse>
    <verse name="v5">
      <lines>Paz e família, abrigo e luz<br/>Minhas necessidades supres todas em Jesus<br/>Mas nem o ouro e a prata podem satisfazer<br/>A sede da minh'alma é a Ti pertencer</lines>
    </verse>
    <verse name="v6">
      <lines>Tu és o dono do meu coração<br/>Tu és o dono do meu coração<br/>E não há outro (e não há outro)<br/>E não há outro (e não há outro)<br/>Só Tu és o dono do meu coração<br/>Só Tu és o dono do meu coração</lines>
    </verse>
    <verse name="v7">
      <lines>Planos e sonhos Tu tens para mim<br/>Eu maravilhado digo: 'Eis me aqui'<br/>Quero agradar-Te e cumprir Teu querer<br/>Caminhando em graça vou obedecer</lines>
    </verse>
    <verse name="v8">
      <lines>Tu és o dono do meu coração<br/>Tu és o dono do meu coração<br/>E não há outro (e não há outro)<br/>E não há outro (e não há outro)<br/>Só Tu és o dono do meu coração<br/>Só Tu és o dono do meu coração</lines>
    </verse>
    <verse name="v9">
      <lines>Em minha jornada intimamente Te amar<br/>Para que na glória quando o dia chegar<br/>Ao contemplar Teu rosto eu venha reconhecer<br/>O olhar tão doce que amou o meu ser</lines>
    </verse>
    <verse name="v10">
      <lines>Tu és o dono do meu coração<br/>Tu és o dono do meu coração<br/>E não há outro (e não há outro)<br/>E não há outro (e não há outro)<br/>Só Tu és o dono do meu coração<br/>Só Tu és o dono do meu coração</lines>
    </verse>
  </lyrics>
</song>
