<?xml version='1.0' encoding='utf-8'?>
<song xmlns="http://openlyrics.info/namespace/2009/song" version="0.8" createdIn="OpenLP 1.9.9" modifiedIn="OpenLP 1.9.9" modifiedDate="2012-09-30T13:19:30">
  <properties>
    <titles>
      <title>dupla-honra</title>
    </titles>
    <authors>
      <author>Diante do Trono</author>
    </authors>
  </properties>
  <lyrics>
    <verse name="v1">
      <lines>Dupla Honra</lines>
    </verse>
    <verse name="v2">
      <lines>Pelo poder da Tua Palavra<br/>Tua promessa em mim se cumprirá<br/>Pois Tu Senhor trarás a existência<br/>Aquilo que não existe<br/>Pro meu sonho então realizar</lines>
    </verse>
    <verse name="v3">
      <lines>Hoje Deus está mudando a minha sorte<br/>Me tornando forte me fazendo um vencedor<br/>E ouço a sua voz dizendo: Filho não temas<br/>Em lugar de tua vergonha<br/>Te darei dupla honra</lines>
    </verse>
  </lyrics>
</song>
