<?xml version='1.0' encoding='utf-8'?>
<song xmlns="http://openlyrics.info/namespace/2009/song" version="0.8" createdIn="OpenLP 1.9.9" modifiedIn="OpenLP 1.9.9" modifiedDate="2012-09-30T13:19:32">
  <properties>
    <titles>
      <title>e-muito-bom-ter-jesus</title>
    </titles>
    <authors>
      <author>Diante do Trono</author>
    </authors>
  </properties>
  <lyrics>
    <verse name="v1">
      <lines>É muito bom ter Jesus</lines>
    </verse>
    <verse name="v2">
      <lines>É muito bom ter Jesus, é bom ter Jesus, é bom ter Jesus<br/>é bom<br/>é muito bom ter Jesus (é bom)<br/>é muito bom ter Jesus (é bom)<br/>é muito bom ter Jesus<br/>é bom ter Jesus<br/>é bom ter Jesus<br/>é bom<br/>(Refrão)<br/>É muito bom ter Jesus<br/>É muito bom ter Jesus<br/>É muito bom ter Jesus<br/>É muito bom ter Jesus(u,u,u,u)</lines>
    </verse>
    <verse name="v3">
      <lines>É muito bom ter Jesus</lines>
    </verse>
  </lyrics>
</song>
