<?xml version='1.0' encoding='utf-8'?>
<song xmlns="http://openlyrics.info/namespace/2009/song" version="0.8" createdIn="OpenLP 1.9.9" modifiedIn="OpenLP 1.9.9" modifiedDate="2012-09-30T13:19:35">
  <properties>
    <titles>
      <title>e-tempo</title>
    </titles>
    <authors>
      <author>Diante do Trono</author>
    </authors>
  </properties>
  <lyrics>
    <verse name="v1">
      <lines>É tempo</lines>
    </verse>
    <verse name="v2">
      <lines>Senhor tu tens me chamado<br/>Como um profeta às nações<br/>Este é o tempo de buscar tua face<br/>Viver teus sonhos pra mim</lines>
    </verse>
    <verse name="v3">
      <lines>Separado sou para o teu louvor<br/>Te buscar é preciso e eu disposto estou</lines>
    </verse>
    <verse name="v4">
      <lines>É tempo de ouvir tua voz conhecer tua vontade<br/>É tempo de firmar os alicerces em tua palavra<br/>É tempo de me levantar para ousar e profetizar</lines>
    </verse>
    <verse name="v5">
      <lines>As nações esperam nossa geração se levantar<br/>Eu quero ser uma resposta para a cura levar<br/>Liberdade e salvação proclamar</lines>
    </verse>
    <verse name="v6">
      <lines>É tempo de ouvir tua voz conhecer tua vontade<br/>É tempo de firmar os alicerces em tua palavra<br/>É tempo de me levantar para ousar e profetizar</lines>
    </verse>
  </lyrics>
</song>
