<?xml version='1.0' encoding='utf-8'?>
<song xmlns="http://openlyrics.info/namespace/2009/song" version="0.8" createdIn="OpenLP 1.9.9" modifiedIn="OpenLP 1.9.9" modifiedDate="2012-09-30T13:19:37">
  <properties>
    <titles>
      <title>e-voce</title>
    </titles>
    <authors>
      <author>Diante do Trono</author>
    </authors>
  </properties>
  <lyrics>
    <verse name="v1">
      <lines>E Você?</lines>
    </verse>
    <verse name="v2">
      <lines>A hora é agora<br/>O dia é hoje<br/>Não deixe pra amanhã<br/>Comece nesse instante a caminhar com Deus<br/>Em casa ou na escola<br/>Brincando na rua<br/>Ele quer estar contigo ser seu melhor amigo<br/>Te estender a mão</lines>
    </verse>
    <verse name="v3">
      <lines>E você já é um amigo de Deus<br/>Não perca tempo venha conferir<br/>Ele te ama um tantão assim<br/>Jesus te chama para ser feliz</lines>
    </verse>
    <verse name="v4">
      <lines>Jesus te chama<br/>Ele te ama<br/>Jesus te chama<br/>Para ser feliz</lines>
    </verse>
    <verse name="v5">
      <lines>Chama, chama, chama, chama, chama, chama, chama...</lines>
    </verse>
  </lyrics>
</song>
