<?xml version='1.0' encoding='utf-8'?>
<song xmlns="http://openlyrics.info/namespace/2009/song" version="0.8" createdIn="OpenLP 1.9.9" modifiedIn="OpenLP 1.9.9" modifiedDate="2012-09-30T13:19:30">
  <properties>
    <titles>
      <title>eis-me-aqui</title>
    </titles>
    <authors>
      <author>Diante do Trono</author>
    </authors>
  </properties>
  <lyrics>
    <verse name="v1">
      <lines>Eis-Me Aqui</lines>
    </verse>
    <verse name="v2">
      <lines>A tua luz acendeu meu coração<br/>E eu pude ver em meio a escuridão<br/>Tua Presença, tua fidelidade, graça e amor<br/>Me levantaram outra vez<br/>Me deram forças e prosseguirei</lines>
    </verse>
    <verse name="v3">
      <lines>Irei contigo, onde quer que fores, meu Senhor<br/>O Teu chamado cumprirei na alegria ou na dor<br/>E toda vez que eu chorar<br/>Ou quiser desanimar<br/>O Teu Espírito<br/>Me consolará</lines>
    </verse>
    <verse name="v4">
      <lines>Se é na fraqueza do meu ser<br/>Que manifestas teu poder<br/>Eis-me aqui<br/>Dependo de Ti,<br/>Preciso de Ti</lines>
    </verse>
    <verse name="v5">
      <lines>Irei contigo, onde quer que fores, meu Senhor<br/>O Teu chamado cumprirei na alegria ou na dor<br/>E toda vez que eu chorar<br/>Ou quiser desanimar<br/>O Teu Espírito<br/>Me consolará</lines>
    </verse>
    <verse name="v6">
      <lines>Se é na fraqueza do meu ser<br/>Que manifestas teu poder<br/>Eis-me aqui<br/>Dependo de Ti,<br/>Preciso de Ti<br/>Toda Glória, toda Vitória eu sei<br/>Pertence a Ti<br/>Toda honra, todo o louvor entrego a Ti<br/>Porque sem Ti, Não estaria aqui</lines>
    </verse>
  </lyrics>
</song>
