<?xml version='1.0' encoding='utf-8'?>
<song xmlns="http://openlyrics.info/namespace/2009/song" version="0.8" createdIn="OpenLP 1.9.9" modifiedIn="OpenLP 1.9.9" modifiedDate="2012-09-30T13:19:30">
  <properties>
    <titles>
      <title>ele-tem-sido-fiel</title>
    </titles>
    <authors>
      <author>Diante do Trono</author>
    </authors>
  </properties>
  <lyrics>
    <verse name="v1">
      <lines>Ele Tem Sido Fiel</lines>
    </verse>
    <verse name="v2">
      <lines>Em momentos de dor em meio as lágrimas de pavor<br/>Há um Deus que é fiel a mim<br/>Se minhas forças se vão e em meu ser não há canção<br/>Mesmo assim, Deus foi fiel a mim<br/>Cumpre tudo o que falou<br/>O que achava impossível ser, vejo o meu Deus fazer</lines>
    </verse>
    <verse name="v3">
      <lines>Ele tem sido fiel, fiel a mim<br/>Olho atrás, e um grande amor posso ver<br/>Em meu ser muitas vezes questionei e não cri<br/>Mas Ele foi fiel, fiel a mim</lines>
    </verse>
    <verse name="v4">
      <lines>Quando meu coração sem direção não pôde orar<br/>Mesmo assim Deus foi fiel a mim<br/>Os dias que desperdicei procurando vil pazer<br/>Em amor Deus foi fiel a mim<br/>Toda vez que a Ele eu vou<br/>Me espera para me abraçar me fazendo lembrar</lines>
    </verse>
  </lyrics>
</song>
