<?xml version='1.0' encoding='utf-8'?>
<song xmlns="http://openlyrics.info/namespace/2009/song" version="0.8" createdIn="OpenLP 1.9.9" modifiedIn="OpenLP 1.9.9" modifiedDate="2012-09-30T13:19:31">
  <properties>
    <titles>
      <title>ele-vem</title>
    </titles>
    <authors>
      <author>Diante do Trono</author>
    </authors>
  </properties>
  <lyrics>
    <verse name="v1">
      <lines>Ele Vem</lines>
    </verse>
    <verse name="v2">
      <lines>Ele vem e tudo o que existe já não mais existirá<br/>Ele vem e toda a glória que este mundo tem já vai passar<br/>Ele vem e toda lágrima dos olhos enxugará<br/>Ele vem e o inimigo da minh'alma condenado já está</lines>
    </verse>
    <verse name="v3">
      <lines>O Espírito e a noiva dizem: Vem<br/>Vem pra buscar tua noiva dizem vem,<br/>Vem pra buscar tua noiva dizem vem</lines>
    </verse>
    <verse name="v4">
      <lines>Ele vem e cada dia mais a sua face eu vou tocar<br/>Ele vem e no calor do seu abraço vou descansar<br/>Ele vem e cada dia mais em santidade eu vou andar<br/>Ele vem e sua glória quero ver neste lugar</lines>
    </verse>
  </lyrics>
</song>
