<?xml version='1.0' encoding='utf-8'?>
<song xmlns="http://openlyrics.info/namespace/2009/song" version="0.8" createdIn="OpenLP 1.9.9" modifiedIn="OpenLP 1.9.9" modifiedDate="2012-09-30T13:19:30">
  <properties>
    <titles>
      <title>ele-exaltado</title>
    </titles>
    <authors>
      <author>Diante do Trono</author>
    </authors>
  </properties>
  <lyrics>
    <verse name="v1">
      <lines>Ele exaltado</lines>
    </verse>
    <verse name="v2">
      <lines>Ele exaltado<br/>O Rei exaltado nos céus<br/>Eu louvarei<br/>Ele exaltado<br/>Pra sempre exaltado o seu nome<br/>Louvarei<br/>Ele é o Senhor<br/>Sua verdade vai sempre reinar<br/>Terra e céus glorificam seu santo nome<br/>Ele exaltado,o Rei exaltado nos céus<br/>Aleluia<br/>Ele é o Senhor<br/>Sua verdade vai sempre reinar<br/>Terra e céus glorificam seu santo nome<br/>Ele exaltado,o Rei exaltado nos céus<br/>Aleluia<br/>Ele exaltado,o Rei exaltado nos céus<br/>Aleluia</lines>
    </verse>
  </lyrics>
</song>
