<?xml version='1.0' encoding='utf-8'?>
<song xmlns="http://openlyrics.info/namespace/2009/song" version="0.8" createdIn="OpenLP 1.9.9" modifiedIn="OpenLP 1.9.9" modifiedDate="2012-09-30T13:19:31">
  <properties>
    <titles>
      <title>elevo-os-meu-olhos</title>
    </titles>
    <authors>
      <author>Diante do Trono</author>
    </authors>
  </properties>
  <lyrics>
    <verse name="v1">
      <lines>Elevo os meu olhos</lines>
    </verse>
    <verse name="v2">
      <lines>Elevo os meus olhos<br/>E o meu clamor<br/>Para os montes em Jerusálem<br/>Para o Deus de todas terra<br/>Elevo os meus olhos<br/>Elevo os meus olhos</lines>
    </verse>
    <verse name="v3">
      <lines>Elevo os meus olhos<br/>E o meu clamor<br/>Para os montes em Jerusálem<br/>Para o Deus de todas terra<br/>Elevo os meus olhos<br/>Elevo os meus olhos</lines>
    </verse>
    <verse name="v4">
      <lines>Quem nos ajuda?<br/>Senhor dos céus<br/>Ele nos livra<br/>Deus de toda terra</lines>
    </verse>
    <verse name="v5">
      <lines>Quem nos protege?<br/>O poderoso Rei<br/>Ele nos livra<br/>Deus da terra e mar</lines>
    </verse>
    <verse name="v6">
      <lines>Elevo os meus olhos<br/>E o meu clamor<br/>Para os montes em Jerusálem<br/>Para o Deus de todas terra<br/>Elevo os meus olhos<br/>Elevo os meus olhos</lines>
    </verse>
    <verse name="v7">
      <lines>Quem nos ajuda?<br/>Senhor dos céus<br/>Ele nos livra<br/>Deus de toda terra</lines>
    </verse>
    <verse name="v8">
      <lines>Quem nos protege?<br/>O poderoso Rei<br/>Ele nos livra<br/>Deus da terra e mar</lines>
    </verse>
    <verse name="v9">
      <lines>Erga os teus olhos<br/>Erga os teus olhos<br/>Que Ele te livrará<br/>Erga os teus olhos</lines>
    </verse>
  </lyrics>
</song>
