<?xml version='1.0' encoding='utf-8'?>
<song xmlns="http://openlyrics.info/namespace/2009/song" version="0.8" createdIn="OpenLP 1.9.9" modifiedIn="OpenLP 1.9.9" modifiedDate="2012-09-30T13:19:31">
  <properties>
    <titles>
      <title>elo-de-amor</title>
    </titles>
    <authors>
      <author>Diante do Trono</author>
    </authors>
  </properties>
  <lyrics>
    <verse name="v1">
      <lines>Elo de Amor</lines>
    </verse>
    <verse name="v2">
      <lines>A natureza, tão sabiamente<br/>Proveu um alimento ideal<br/>Além de nutrir, o pequeno bebê<br/>Contrói um elo de ligação<br/>Entre a mãe e o seu bebê<br/>Formando assim, um elo de amor</lines>
    </verse>
    <verse name="v3">
      <lines>Quem ensinou, com firmeza sugar<br/>Sentindo o prazer de mamar<br/>O tempo parou<br/>Só se ouve então<br/>A voz que vem do coração<br/>Amigos pra sempre, sempre serão</lines>
    </verse>
    <verse name="v4">
      <lines>Coro: Amigos assim crescerão (2x)<br/>A mãe que amamenta o bebê em seu seio<br/>Jamais perderá este ser!<br/>Amigos assim crescerão (2x)<br/>O toque divino do Deus criador<br/>Também fez este elo de amor</lines>
    </verse>
    <verse name="v5">
      <lines>Amigos assim crescerão (2x)<br/>O toque divino do Deus criador,<br/>Também fez este elo de amor</lines>
    </verse>
    <verse name="v6">
      <lines>Elo de amor!</lines>
    </verse>
  </lyrics>
</song>
