<?xml version='1.0' encoding='utf-8'?>
<song xmlns="http://openlyrics.info/namespace/2009/song" version="0.8" createdIn="OpenLP 1.9.9" modifiedIn="OpenLP 1.9.9" modifiedDate="2012-09-30T13:19:31">
  <properties>
    <titles>
      <title>em-adoracao</title>
    </titles>
    <authors>
      <author>Diante do Trono</author>
    </authors>
  </properties>
  <lyrics>
    <verse name="v1">
      <lines>Em Adoração</lines>
    </verse>
    <verse name="v2">
      <lines>Em Adoração<br/>Eu me rendo a Ti<br/>Tu és como um rio<br/>Rio de águas vivas</lines>
    </verse>
    <verse name="v3">
      <lines>Flui dentro de mim<br/>És manancial<br/>Fonte inesgotável<br/>Traz vida ao coração</lines>
    </verse>
    <verse name="v4">
      <lines>Como o rei Davi<br/>Quero te louvar<br/>Minha alma canta à Ti, Senhor<br/>Em adoração<br/>Digno és de louvor<br/>Majestade Santa<br/>Meu prazer é te dizer<br/>Te amo ó Senhor</lines>
    </verse>
  </lyrics>
</song>
