<?xml version='1.0' encoding='utf-8'?>
<song xmlns="http://openlyrics.info/namespace/2009/song" version="0.8" createdIn="OpenLP 1.9.9" modifiedIn="OpenLP 1.9.9" modifiedDate="2012-09-30T13:19:31">
  <properties>
    <titles>
      <title>em-cristo-jesus</title>
    </titles>
    <authors>
      <author>Diante do Trono</author>
    </authors>
  </properties>
  <lyrics>
    <verse name="v1">
      <lines>Em Cristo Jesus</lines>
    </verse>
    <verse name="v2">
      <lines>Vede como é grande o amor do nosso Deus<br/>Ao ponto de sermos chamados filhos seus<br/>Antes que eu existisse, sim, foi Ele quem me escolheu<br/>Me chamou pelo nome e disse agora tu és meu</lines>
    </verse>
    <verse name="v3">
      <lines>Em Cristo Jesus Ele me salvou<br/>Me perdoou, me regenerou<br/>E agora eu sou filho do Rei<br/>Em Cristo Jesus Ele me comprou<br/>Do império das trevas me transportou<br/>Pra o reino do filho do seu amor<br/>Em Cristo Jesus<br/>Em Cristo Jesus</lines>
    </verse>
    <verse name="v4">
      <lines>Andava nas trevas não via a luz<br/>Provou seu amor, envoiu Jesus<br/>E agora eu sou filho do Rei<br/>Nascido de Deus, vivo por Jesus<br/>Não ando pecando sou filho da Luz<br/>E agora eu sou herdeiro de Deus<br/>Em Cristo Jesus<br/>Em Cristo Jesus</lines>
    </verse>
    <verse name="v5">
      <lines>Se sou filho, sou herdeiro<br/>E tenho o Espírito de Deus<br/>Que me guia na verdade<br/>A receber minha herança no céu</lines>
    </verse>
    <verse name="v6">
      <lines>Em Cristo Jesus<br/>Em Cristo Jesus</lines>
    </verse>
  </lyrics>
</song>
