<?xml version='1.0' encoding='utf-8'?>
<song xmlns="http://openlyrics.info/namespace/2009/song" version="0.8" createdIn="OpenLP 1.9.9" modifiedIn="OpenLP 1.9.9" modifiedDate="2012-09-30T13:19:31">
  <properties>
    <titles>
      <title>em-qualquer-lugar</title>
    </titles>
    <authors>
      <author>Diante do Trono</author>
    </authors>
  </properties>
  <lyrics>
    <verse name="v1">
      <lines>Em Qualquer Lugar</lines>
    </verse>
    <verse name="v2">
      <lines>Bendirei ao Senhor em todo tempo<br/>Em alegria transformou o meu lamento<br/>Cantarei ao Senhor em todo tempo<br/>Sua palavra será sempre o meu sustento</lines>
    </verse>
    <verse name="v3">
      <lines>E quando é a hora certa de louvar?<br/>Qual é o lugar certo de louvar?</lines>
    </verse>
    <verse name="v4">
      <lines>Em qualquer lugar eu vou cantar<br/>Em qualquer lugar eu vou dançar<br/>Em qualquer lugar eu vou saltar de alegria</lines>
    </verse>
    <verse name="v5">
      <lines>A felicidade tomou conta do meu coração<br/>O prazer de viver com Cristo é minha razão<br/>Vou contar pra todo mundo da minha transformação<br/>Eu estava morto e perdido<br/>Mas fui encontrado pelo seu perdão</lines>
    </verse>
  </lyrics>
</song>
