<?xml version='1.0' encoding='utf-8'?>
<song xmlns="http://openlyrics.info/namespace/2009/song" version="0.8" createdIn="OpenLP 1.9.9" modifiedIn="OpenLP 1.9.9" modifiedDate="2012-09-30T13:19:31">
  <properties>
    <titles>
      <title>em-teus-atrios</title>
    </titles>
    <authors>
      <author>Diante do Trono</author>
    </authors>
  </properties>
  <lyrics>
    <verse name="v1">
      <lines>Em Teus Átrios</lines>
    </verse>
    <verse name="v2">
      <lines>Em teus átrios eu encontro vida<br/>A fome da minh'alma posso saciar<br/>Leva-me as fontes de águas vivas<br/>Mostra-me o caminho ao teu altar</lines>
    </verse>
    <verse name="v3">
      <lines>Côro</lines>
    </verse>
    <verse name="v4">
      <lines>Quero viver, ohhh<br/>Junto aos teus rios<br/>Permanecer, em Tua presença, Senhor!<br/>Quero dançar, ohhh<br/>Celebrar a liberdade<br/>Oferecer sacrifícios de louvor</lines>
    </verse>
    <verse name="v5">
      <lines>Em tua presença<br/>abundância de alegria<br/>Buscar tua face<br/>Me traz novo fôlego de vida (2x)</lines>
    </verse>
    <verse name="v6">
      <lines>Repete côro</lines>
    </verse>
  </lyrics>
</song>
