<?xml version='1.0' encoding='utf-8'?>
<song xmlns="http://openlyrics.info/namespace/2009/song" version="0.8" createdIn="OpenLP 1.9.9" modifiedIn="OpenLP 1.9.9" modifiedDate="2012-09-30T13:19:32">
  <properties>
    <titles>
      <title>em-tua-presenca-cd-a-cancao-do-amor</title>
    </titles>
    <authors>
      <author>Diante do Trono</author>
    </authors>
  </properties>
  <lyrics>
    <verse name="v1">
      <lines>Em Tua Presença (CD "A Canção do Amor")</lines>
    </verse>
    <verse name="v2">
      <lines>De que me valeria ganhar o mundo inteiro e perder a alma?<br/>E perder a única razão de ser?</lines>
    </verse>
    <verse name="v3">
      <lines>Desde que O encontrei, tudo mais eu desprezei<br/>Só quero ter a Cristo e ser achada n'Ele<br/>Só quero conhecê-lo e o Seu poder</lines>
    </verse>
    <verse name="v4">
      <lines>Senhor, tu és a minha herança<br/>Tua presença, o meu bem maior<br/>Nada se compara<br/>Nada é mais importante<br/>Tua presença é melhor que ouro e bens<br/>Delícias eternas achei em tua presença</lines>
    </verse>
    <verse name="v5">
      <lines>Nenhuma conquista, reconhecimento<br/>Nenhuma alegria é maior que tua presença</lines>
    </verse>
    <verse name="v6">
      <lines>Amém<br/>Amém<br/>Amém</lines>
    </verse>
  </lyrics>
</song>
