<?xml version='1.0' encoding='utf-8'?>
<song xmlns="http://openlyrics.info/namespace/2009/song" version="0.8" createdIn="OpenLP 1.9.9" modifiedIn="OpenLP 1.9.9" modifiedDate="2012-09-30T13:19:32">
  <properties>
    <titles>
      <title>em-tuas-maos</title>
    </titles>
    <authors>
      <author>Diante do Trono</author>
    </authors>
  </properties>
  <lyrics>
    <verse name="v1">
      <lines>Em tuas mãos</lines>
    </verse>
    <verse name="v2">
      <lines>Eu quero ser um instrumento em tuas mãos<br/>A começar em minha vida haja libertação<br/>Eu quero ser um testemunho de transformação<br/>A começar em minha vida haja restauração</lines>
    </verse>
    <verse name="v3">
      <lines>E onde eu tocar, haverá mudança<br/>Haverá justiça, pois estás comigo<br/>Tua glória se revelará.</lines>
    </verse>
    <verse name="v4">
      <lines>E onde eu passar, haverá Tua benção<br/>Haverá alegria, pois Tua santidade<br/>em mim se mostrará.</lines>
    </verse>
    <verse name="v5">
      <lines>Faz-me um instrumento em tuas mãos<br/>Faz-me um testemunho de transformação</lines>
    </verse>
  </lyrics>
</song>
