<?xml version='1.0' encoding='utf-8'?>
<song xmlns="http://openlyrics.info/namespace/2009/song" version="0.8" createdIn="OpenLP 1.9.9" modifiedIn="OpenLP 1.9.9" modifiedDate="2012-09-30T13:19:32">
  <properties>
    <titles>
      <title>em-tua-presenca</title>
    </titles>
    <authors>
      <author>Diante do Trono</author>
    </authors>
  </properties>
  <lyrics>
    <verse name="v1">
      <lines>Em Tua Presença</lines>
    </verse>
    <verse name="v2">
      <lines>Em Tua presença sou fortalecido<br/>Em Tua presença, Senhor meu Deus<br/>Em Tua presença é onde quero estar<br/>Buscando Tua face<br/>Tocando Tua graça<br/>Abrigado na rocha<br/>Em Tua presença, oh Deus</lines>
    </verse>
    <verse name="v3">
      <lines>Eu quero ir onde as grandes águas não me afoguem<br/>E firmar meus pés na rocha<br/>Quero me esconder<br/>Onde o fogo ardente não me queime<br/>Em Tua presença, oh Deus</lines>
    </verse>
    <verse name="v4">
      <lines>Em Tua presença sou fortalecido<br/>Em Tua presença, Senhor meu Deus<br/>Em Tua presença é onde quero estar<br/>Buscando Tua face<br/>Tocando Tua graça<br/>Abrigado na rocha<br/>Em Tua presença, oh Deus</lines>
    </verse>
    <verse name="v5">
      <lines>Quero me esconder onde as tempestades não me alcancem<br/>E Teu sangue me protege<br/>Eu quero estar onde o mal das trevas não me toque<br/>Em Tua presença, oh Deus</lines>
    </verse>
    <verse name="v6">
      <lines>Em Tua presença sou fortalecido<br/>Em Tua presença, Senhor meu Deus<br/>Em Tua presença é onde quero estar<br/>Buscando Tua face<br/>Tocando Tua graça<br/>Abrigado na rocha<br/>Em Tua presença, oh Deus</lines>
    </verse>
    <verse name="v7">
      <lines>Tu és minha fortaleza<br/>Pra sempre confio em Ti<br/>Eu sou teu filho e teu servo<br/>E Tu és minha força e canção<br/>Minha canção</lines>
    </verse>
    <verse name="v8">
      <lines>Em Tua presença sou fortalecido<br/>Em Tua presença, Senhor meu Deus<br/>Em Tua presença é onde quero estar<br/>Buscando Tua face<br/>Tocando Tua graça<br/>Abrigado na rocha<br/>Em Tua presença, oh Deus</lines>
    </verse>
    <verse name="v9">
      <lines>Buscando Tua face<br/>Tocando Tua graça<br/>Abrigado na rocha<br/>Em Tua presença, oh Deus</lines>
    </verse>
  </lyrics>
</song>
