<?xml version='1.0' encoding='utf-8'?>
<song xmlns="http://openlyrics.info/namespace/2009/song" version="0.8" createdIn="OpenLP 1.9.9" modifiedIn="OpenLP 1.9.9" modifiedDate="2012-09-30T13:19:32">
  <properties>
    <titles>
      <title>em-toda-terra</title>
    </titles>
    <authors>
      <author>Diante do Trono</author>
    </authors>
  </properties>
  <lyrics>
    <verse name="v1">
      <lines>Em toda terra</lines>
    </verse>
    <verse name="v2">
      <lines>Arde em nossos corações um clamor<br/>Um sonho, uma visão do teu amor<br/>Queremos ver todo homem<br/>Jovem velho e criança<br/>Experimentar a alegria da tua salvação</lines>
    </verse>
    <verse name="v3">
      <lines>Queremos cantar teus louvores<br/>Queremos cantar teus louvores<br/>Queremos cantar teus louvores em toda terra</lines>
    </verse>
    <verse name="v4">
      <lines>Tua noiva aguarda o dia em que vais voltar<br/>Pra buscar aqueles que compraste<br/>A multidão reunida<br/>De toda lingua e nação<br/>Diante do teu trono os homens te adorarão</lines>
    </verse>
    <verse name="v5">
      <lines>Queremos cantar teus louvores<br/>Queremos cantar teus louvores<br/>Queremos cantar teus louvores em toda terra<br/>Queremos cantar teus louvores<br/>Queremos cantar teus louvores<br/>Queremos cantar teus louvores em toda terra</lines>
    </verse>
    <verse name="v6">
      <lines>E receber como herança<br/>Nações e povos livres por teu sangue<br/>E declarar o quanto és digno<br/>Cordeiro que foi morto mas venceu<br/>E hoje reina</lines>
    </verse>
    <verse name="v7">
      <lines>Queremos cantar teus louvores<br/>Queremos cantar teus louvores<br/>Queremos cantar teus louvores em toda terra</lines>
    </verse>
  </lyrics>
</song>
