<?xml version='1.0' encoding='utf-8'?>
<song xmlns="http://openlyrics.info/namespace/2009/song" version="0.8" createdIn="OpenLP 1.9.9" modifiedIn="OpenLP 1.9.9" modifiedDate="2012-09-30T13:19:33">
  <properties>
    <titles>
      <title>en-los-brazos-del-padre</title>
    </titles>
    <authors>
      <author>Diante do Trono</author>
    </authors>
  </properties>
  <lyrics>
    <verse name="v1">
      <lines>En Los Brazos Del Padre</lines>
    </verse>
    <verse name="v2">
      <lines>Padre, estoy aquí, mírame a mí<br/>Desesperado por más de ti<br/>Tu presencia es mi sustento<br/>Tu palabra mi alimento<br/>Necesito oír tu voz<br/>Diciéndome así</lines>
    </verse>
    <verse name="v3">
      <lines>Ven hijo amado<br/>Ven en mis brazos a descansar<br/>Y bien seguro<br/>Te conduciré a mi altar<br/>Allí hablaré contigo<br/>Con mi amor te envolveré<br/>Quiero mirar a tus ojos<br/>Tus heridas sanaré</lines>
    </verse>
    <verse name="v4">
      <lines>Ven hijo amado<br/>Ven como estás</lines>
    </verse>
    <verse name="v5">
      <lines>Padre, mi Padre<br/>Mi Papá, Abba Padre.</lines>
    </verse>
  </lyrics>
</song>
