<?xml version='1.0' encoding='utf-8'?>
<song xmlns="http://openlyrics.info/namespace/2009/song" version="0.8" createdIn="OpenLP 1.9.9" modifiedIn="OpenLP 1.9.9" modifiedDate="2012-09-30T13:19:33">
  <properties>
    <titles>
      <title>en-tu-altar</title>
    </titles>
    <authors>
      <author>Diante do Trono</author>
    </authors>
  </properties>
  <lyrics>
    <verse name="v1">
      <lines>En Tu Altar</lines>
    </verse>
    <verse name="v2">
      <lines>No puedo sólo vivir<br/>Para mí<br/>Ayúdame, Señor<br/>Enséñame tus pensamientos<br/>Más altos son que los míos</lines>
    </verse>
    <verse name="v3">
      <lines>Mis sueños te doy<br/>Mis planes, mis deseos<br/>Dejo en tu altar</lines>
    </verse>
    <verse name="v4">
      <lines>Lugar de muerte<br/>Lugar de todo entregar<br/>Como un sacrificio vivo a ti<br/>Lugar de renuncia<br/>Lugar de confiar<br/>Que tu gracia<br/>Es mejor que la vida<br/>Estoy en tu altar</lines>
    </verse>
  </lyrics>
</song>
