<?xml version='1.0' encoding='utf-8'?>
<song xmlns="http://openlyrics.info/namespace/2009/song" version="0.8" createdIn="OpenLP 1.9.9" modifiedIn="OpenLP 1.9.9" modifiedDate="2012-09-30T13:19:32">
  <properties>
    <titles>
      <title>enche-me-de-ti</title>
    </titles>
    <authors>
      <author>Diante do Trono</author>
    </authors>
  </properties>
  <lyrics>
    <verse name="v1">
      <lines>Enche-me de Ti</lines>
    </verse>
    <verse name="v2">
      <lines>Ao Teu encontro eu vou<br/>Aonde muitos não querem ir<br/>Ao Teu chamado eu vou<br/>O Teu perfume eu vou seguir</lines>
    </verse>
    <verse name="v3">
      <lines>Até estar inteiramente em Teus braços<br/>E me perder em Teu abraço<br/>E ser completamente transformado pelo Teu amor</lines>
    </verse>
    <verse name="v4">
      <lines>Pois toda a criação<br/>Aguarda ansiosa pela manifestação<br/>Da Tua glória em mim<br/>Eis-me aqui, Senhor<br/>Manifesta-Te a mim, manifesta-Te através de mim</lines>
    </verse>
    <verse name="v5">
      <lines>Enche-me de Ti<br/>Enche-me de Ti<br/>Quero responder ao Teu chamado<br/>Para esta geração<br/>Enche-me de Ti<br/>Enche-me de Ti<br/>Quero ser Tua resposta para esta geração</lines>
    </verse>
  </lyrics>
</song>
