<?xml version='1.0' encoding='utf-8'?>
<song xmlns="http://openlyrics.info/namespace/2009/song" version="0.8" createdIn="OpenLP 1.9.9" modifiedIn="OpenLP 1.9.9" modifiedDate="2012-09-30T13:19:33">
  <properties>
    <titles>
      <title>encontra-me</title>
    </titles>
    <authors>
      <author>Diante do Trono</author>
    </authors>
  </properties>
  <lyrics>
    <verse name="v1">
      <lines>Encontra-me</lines>
    </verse>
    <verse name="v2">
      <lines>Os Teus olhos procuram adoradores<br/>Os Teus olhos procuram intercessores<br/>Os Teus olhos procuram pelos humildes<br/>Os Teus olhos procuram pelos que choram<br/>Tu não queres sacrifícios<br/>Queres misericórdia<br/>Não queres oferendas<br/>Mas que eu conheça o Teu coração</lines>
    </verse>
    <verse name="v3">
      <lines>Encontra-me, Senhor<br/>Encontra-me, Senhor<br/>Tu és a minha recompensa<br/>O meu galardão<br/>Encontra-me, Senhor</lines>
    </verse>
    <verse name="v4">
      <lines>Que se manifestem os filhos<br/>Os filhos de Deus<br/>Se levantem pela justiça e a verdade<br/>Que brilhem a sua luz<br/>Diante dos homens<br/>Pra que glorifiquem ao Pai que está nos céus</lines>
    </verse>
  </lyrics>
</song>
