<?xml version='1.0' encoding='utf-8'?>
<song xmlns="http://openlyrics.info/namespace/2009/song" version="0.8" createdIn="OpenLP 1.9.9" modifiedIn="OpenLP 1.9.9" modifiedDate="2012-09-30T13:19:33">
  <properties>
    <titles>
      <title>ensina-me</title>
    </titles>
    <authors>
      <author>Diante do Trono</author>
    </authors>
  </properties>
  <lyrics>
    <verse name="v1">
      <lines>Ensina-me</lines>
    </verse>
    <verse name="v2">
      <lines>Ensina-me<br/>Os Teus caminhos<br/>Ensina-me<br/>Em Ti confio</lines>
    </verse>
    <verse name="v3">
      <lines>O meu coração<br/>Quer Te amar mais e mais<br/>Viver com Tua mão sobre mim<br/>Dia após dia<br/>Ensina-me</lines>
    </verse>
    <verse name="v4">
      <lines>Ensina-me<br/>Os teus caminhos<br/>Ensina-me<br/>Em Ti confio</lines>
    </verse>
    <verse name="v5">
      <lines>O meu coração<br/>Quer Te amar mais e mais<br/>Viver com Tua mão sobre mim<br/>Dia após dia<br/>Ensina-me</lines>
    </verse>
    <verse name="v6">
      <lines>Ensina-me<br/>Os Teus caminhos<br/>Ensina-me<br/>Em Ti confio</lines>
    </verse>
    <verse name="v7">
      <lines>O meu coração<br/>Quer Te amar mais e mais<br/>Viver com Tua mão sobre mim<br/>Dia após dia<br/>Ensina-me</lines>
    </verse>
    <verse name="v8">
      <lines>Ensina-me<br/>Os Teus caminhos<br/>Ensina-me<br/>Em Ti confio</lines>
    </verse>
    <verse name="v9">
      <lines>O meu coração<br/>Quer Te amar mais e mais<br/>Viver com Tua mão sobre mim<br/>Dia após dia<br/>Ensina-me</lines>
    </verse>
    <verse name="v10">
      <lines>O meu coração<br/>Quer Te amar mais e mais<br/>Viver com Tua mão sobre mim<br/>Dia após dia<br/>Ensina-me</lines>
    </verse>
    <verse name="v11">
      <lines>Dia após dia<br/>Ensina-me</lines>
    </verse>
    <verse name="v12">
      <lines>Dia após dia<br/>Ensina-me</lines>
    </verse>
  </lyrics>
</song>
