<?xml version='1.0' encoding='utf-8'?>
<song xmlns="http://openlyrics.info/namespace/2009/song" version="0.8" createdIn="OpenLP 1.9.9" modifiedIn="OpenLP 1.9.9" modifiedDate="2012-09-30T13:19:33">
  <properties>
    <titles>
      <title>entrega-total</title>
    </titles>
    <authors>
      <author>Diante do Trono</author>
    </authors>
  </properties>
  <lyrics>
    <verse name="v1">
      <lines>Entrega Total</lines>
    </verse>
    <verse name="v2">
      <lines>A minha entrega total, eu não posso mais adiar<br/>O teu Espírito em mim começa a agir<br/>Mostrando o que preciso deixar no altar<br/>Os meus sonhos e planos, meus desejos mais secretos</lines>
    </verse>
    <verse name="v3">
      <lines>Entrego a ti, entrego a ti, entrego a ti, me rendo<br/>(2x)</lines>
    </verse>
    <verse name="v4">
      <lines>A minha entrega total, eu não posso mais adiar<br/>O teu Espírito em mim começa a agir<br/>Pois o teu amor me restaurou<br/>Livre sou pra me entregar aos teus pés<br/>Os meus sonhos e planos, meus desejos mais secretos</lines>
    </verse>
    <verse name="v5">
      <lines>Entrego a ti, entrego a ti, entrego a ti, me rendo<br/>(4x)</lines>
    </verse>
    <verse name="v6">
      <lines>Me entrego a ti, me entrego a ti,<br/>Me entrego a ti, me rendo (4x)</lines>
    </verse>
  </lyrics>
</song>
