<?xml version='1.0' encoding='utf-8'?>
<song xmlns="http://openlyrics.info/namespace/2009/song" version="0.8" createdIn="OpenLP 1.9.9" modifiedIn="OpenLP 1.9.9" modifiedDate="2012-09-30T13:19:33">
  <properties>
    <titles>
      <title>es-meu-amado</title>
    </titles>
    <authors>
      <author>Diante do Trono</author>
    </authors>
  </properties>
  <lyrics>
    <verse name="v1">
      <lines>És o meu amado</lines>
    </verse>
    <verse name="v2">
      <lines>O meu Amado é como um rio que vem sobre mim<br/>Que me lava, purifica, justifica o meu ser<br/>E o que eu quero é ser levado pelo Seu amor<br/>E o que eu quero é ser levado para o Seu louvor</lines>
    </verse>
    <verse name="v3">
      <lines>Tu és o meu Amado<br/>És o meu Amado</lines>
    </verse>
    <verse name="v4">
      <lines>Eu sou do meu Amado e Ele é meu<br/>Tu és o desejado de todas as nações<br/>O Teu perfume é precioso<br/>Tua beleza me atrai<br/>E o que eu quero é capturado ser por Teu olhar<br/>E o que eu quero é a Tua presença me entregar</lines>
    </verse>
  </lyrics>
</song>
