<?xml version='1.0' encoding='utf-8'?>
<song xmlns="http://openlyrics.info/namespace/2009/song" version="0.8" createdIn="OpenLP 1.9.9" modifiedIn="OpenLP 1.9.9" modifiedDate="2012-09-30T13:19:33">
  <properties>
    <titles>
      <title>esconde-esconde</title>
    </titles>
    <authors>
      <author>Diante do Trono</author>
    </authors>
  </properties>
  <lyrics>
    <verse name="v1">
      <lines>Esconde-esconde</lines>
    </verse>
    <verse name="v2">
      <lines>Deus conhece o meu coração<br/>Ele sabe tudo o que eu penso<br/>Mesmo quando estou sozinho<br/>Jesus está me vendo</lines>
    </verse>
    <verse name="v3">
      <lines>Ele sabe onde ponho as mãos<br/>Cada passo onde pisam os meus pés<br/>Quando erro não me rejeita<br/>Mas me oferece o perdão</lines>
    </verse>
    <verse name="v4">
      <lines>Não dá pra brincar de esconde-esconde com Deus<br/>Não dá pra viver longe do seu amor<br/>Não importa aonde for ele olha pra mim<br/>Com braços abertos quer me ver feliz</lines>
    </verse>
    <verse name="v5">
      <lines>Não dá pra correr nem fugir do Senhor<br/>Por todos os lados me cerca com amor<br/>Seu poder é mais forte, vence todo o mal<br/>Jesus é meu amigo sem igual</lines>
    </verse>
  </lyrics>
</song>
