<?xml version='1.0' encoding='utf-8'?>
<song xmlns="http://openlyrics.info/namespace/2009/song" version="0.8" createdIn="OpenLP 1.9.9" modifiedIn="OpenLP 1.9.9" modifiedDate="2012-09-30T13:19:34">
  <properties>
    <titles>
      <title>esperanca</title>
    </titles>
    <authors>
      <author>Diante do Trono</author>
    </authors>
  </properties>
  <lyrics>
    <verse name="v1">
      <lines>Esperança</lines>
    </verse>
    <verse name="v2">
      <lines>Quando estou só<br/>E o choro parece querer chegar<br/>E um sentimento de temor<br/>Como será o amanhã que eu não vejo<br/>E quer me assustar?<br/>Oh, meu Deus! Ajuda-me a confiar</lines>
    </verse>
    <verse name="v3">
      <lines>Quando os sonhos se frustram<br/>Ou parecem não se realizar<br/>Quando as forças se acabam<br/>Tudo o que eu sei é Te adorar</lines>
    </verse>
    <verse name="v4">
      <lines>Quando as feridas<br/>Do meu coração não querem sarar<br/>E me atrapalham a visão<br/>Tuas promessas são tão grandes<br/>E as lutas querem me esmagar<br/>Oh, meu Deus! Ajuda-me a avançar</lines>
    </verse>
    <verse name="v5">
      <lines>Quando os sonhos se frustram<br/>Ou parecem não se realizar<br/>Quando as forças se acabam<br/>Tudo o que eu sei é Te adorar</lines>
    </verse>
    <verse name="v6">
      <lines>Tua presença me aquieta a alma<br/>E me faz ninar<br/>Como um bebê que não precisa se preocupar<br/>A minha vida escondida em tuas mãos está<br/>Oh, meu Deus! Em Ti eu posso descansar</lines>
    </verse>
    <verse name="v7">
      <lines>A esperança renasce<br/>E a certeza de que perto estás<br/>Tua paz me invade<br/>Pois tudo o que sei é Te adorar</lines>
    </verse>
    <verse name="v8">
      <lines>É Te adorar</lines>
    </verse>
  </lyrics>
</song>
