<?xml version='1.0' encoding='utf-8'?>
<song xmlns="http://openlyrics.info/namespace/2009/song" version="0.8" createdIn="OpenLP 1.9.9" modifiedIn="OpenLP 1.9.9" modifiedDate="2012-09-30T13:19:34">
  <properties>
    <titles>
      <title>esperar-esperar</title>
    </titles>
    <authors>
      <author>Diante do Trono</author>
    </authors>
  </properties>
  <lyrics>
    <verse name="v1">
      <lines>Esperar, Esperar</lines>
    </verse>
    <verse name="v2">
      <lines>Temos que aprender a esperar<br/>Temos que aprender a esperar<br/>Temos que aprender a esperar<br/>Temos que aprender a esperar</lines>
    </verse>
    <verse name="v3">
      <lines>Tudo na vida tem a hora certa<br/>Não adianta querer apressar<br/>Mesmo nas coisas simples de criança<br/>Temos que aprender a esperar</lines>
    </verse>
    <verse name="v4">
      <lines>Temos que aprender a esperar<br/>Temos que aprender a esperar<br/>Temos que aprender a esperar<br/>Temos que aprender a esperar</lines>
    </verse>
    <verse name="v5">
      <lines>Esperar pela hora certa de brincar<br/>De comer, de sair para passear<br/>Esperar pela hora certa de acordar<br/>Ver tv, estudar e até namorar</lines>
    </verse>
    <verse name="v6">
      <lines>Esperar, esperar esperar, esperar, esperar</lines>
    </verse>
    <verse name="v7">
      <lines>Temos que aprender a esperar<br/>Temos que aprender a esperar<br/>Temos que aprender a esperar<br/>Temos que aprender a esperar</lines>
    </verse>
    <verse name="v8">
      <lines>Tudo na vida tem a hora certa<br/>Não adianta querer apressar<br/>Espera em Deus e em suas promessas<br/>Quem ele espera não vai se frustrar</lines>
    </verse>
    <verse name="v9">
      <lines>Esperar, esperar esperar, esperar, esperar</lines>
    </verse>
  </lyrics>
</song>
