<?xml version='1.0' encoding='utf-8'?>
<song xmlns="http://openlyrics.info/namespace/2009/song" version="0.8" createdIn="OpenLP 1.9.9" modifiedIn="OpenLP 1.9.9" modifiedDate="2012-09-30T13:19:34">
  <properties>
    <titles>
      <title>espirito-de-vida</title>
    </titles>
    <authors>
      <author>Diante do Trono</author>
    </authors>
  </properties>
  <lyrics>
    <verse name="v1">
      <lines>Espírito de Vida</lines>
    </verse>
    <verse name="v2">
      <lines>Espírito de vida, Espírito Santo<br/>Espírito de vida, Espírito Santo</lines>
    </verse>
    <verse name="v3">
      <lines>Eu quero ser movida pela Tua mão<br/>Teu Espírito me guia com suave voz<br/>Ter meu coração pulsando no ritmo do Teu querer<br/>Conduz os meus passos, cada momento<br/>Meus olhos estão em Ti, Senhor</lines>
    </verse>
    <verse name="v4">
      <lines>Eu quero ser movido pela Tua mão<br/>Teu Espírito me guia com suave voz<br/>Ter meu coração pulsando no ritmo do Teu querer<br/>Conduz os meus passos, cada momento<br/>Meus olhos estão em Ti, Senhor</lines>
    </verse>
    <verse name="v5">
      <lines>Lado a lado, Senhor<br/>Contigo eu quero caminhar<br/>E ser um só com Teu Espírito<br/>Em doce comunhão, profunda e santa intimidade<br/>Descansar na Tua direção - BIS</lines>
    </verse>
    <verse name="v6">
      <lines>(INSTRUMENTAL)</lines>
    </verse>
    <verse name="v7">
      <lines>Lado a lado, Senhor<br/>Contigo eu quero caminhar<br/>E ser um só com Teu Espírito<br/>Em doce comunhão, profunda e santa intimidade<br/>Descansar na Tua direção - BIS</lines>
    </verse>
    <verse name="v8">
      <lines>Espírito de vida, Espírito Santo<br/>Espírito de vida, Espírito Santo</lines>
    </verse>
  </lyrics>
</song>
