<?xml version='1.0' encoding='utf-8'?>
<song xmlns="http://openlyrics.info/namespace/2009/song" version="0.8" createdIn="OpenLP 1.9.9" modifiedIn="OpenLP 1.9.9" modifiedDate="2012-09-30T13:19:34">
  <properties>
    <titles>
      <title>espontaneo</title>
    </titles>
    <authors>
      <author>Diante do Trono</author>
    </authors>
  </properties>
  <lyrics>
    <verse name="v1">
      <lines>Espontaneo</lines>
    </verse>
    <verse name="v2">
      <lines>Aleluia, Aleluia, Aleluia, Aleluia. (4x)</lines>
    </verse>
    <verse name="v3">
      <lines>Vamos encher os céus de louvores ao nosso Deus</lines>
    </verse>
    <verse name="v4">
      <lines>Nós começamos essa noite cantando aleluia,<br/>Nós terminamos cantando aleluia.<br/>Mas haverá um dia, quando todos estaremos diante do trono,<br/>Eternamente, sem fim, cantando aleluia!</lines>
    </verse>
    <verse name="v5">
      <lines>Aleluia... Para sempre adorando...</lines>
    </verse>
    <verse name="v6">
      <lines>E se existe uma coisa que nós fazemos aqui na terra<br/>Que vai continuar por toda a eternidade, é a nossa adoração.<br/>Nós estaremos eternamente cantando...</lines>
    </verse>
    <verse name="v7">
      <lines>Aleluia, Aleluia, Aleluia, Aleluia. (4x)</lines>
    </verse>
    <verse name="v8">
      <lines>Digno és para sempre... Aleluia... As horas não parecem passar na Tua presença, diante de ti... Aleluia... Como é bom louvar... Te adorar... Eternamente... Aleluia...</lines>
    </verse>
  </lyrics>
</song>
