<?xml version='1.0' encoding='utf-8'?>
<song xmlns="http://openlyrics.info/namespace/2009/song" version="0.8" createdIn="OpenLP 1.9.9" modifiedIn="OpenLP 1.9.9" modifiedDate="2012-09-30T13:19:34">
  <properties>
    <titles>
      <title>este-o-dia</title>
    </titles>
    <authors>
      <author>Diante do Trono</author>
    </authors>
  </properties>
  <lyrics>
    <verse name="v1">
      <lines>Este É O Dia</lines>
    </verse>
    <verse name="v2">
      <lines>ESTE É O DIA QUE O SENHOR JÁ FEZ<br/>NO MEU DEUS EU ME ALEGRAREI<br/>ESTE É O DIA QUE O SENHOR JÁ FEZ<br/>ME ALEGRAREI , EU DANÇAREI PARA O SEU LOUVOR</lines>
    </verse>
    <verse name="v3">
      <lines>NÃO IMPORTA AONDE FOR , COMIGO SEMPRE ESTÁ<br/>O SENHOR É MEU PASTOR , NADA ME FALTARÁ<br/>SEI QUE AO MEU REDOR ESTÀ O ANJO DO SENHOR<br/>VAI NA MINHA FRENTE PARA ME LIVRAR DE TROPEÇAR</lines>
    </verse>
    <verse name="v4">
      <lines>COM MEUS LÁBIOS CANTAREI O TEU AMOR, SENHOR<br/>EM TODO O TEMPO TU ÉS DIGNO DE LOUVOR<br/>PELO SANGUE DE JESUS SOU MAIS QUE VENCEDOR<br/>ELE ME AMOU , ELE ME COMPROU , ME LIBERTOU</lines>
    </verse>
    <verse name="v5">
      <lines>ME ALEGRAREI,<br/>ME ALEGRAREI,<br/>ME ALEGRAREI, EU DANÇAREI PARA O SEU LOUVOR</lines>
    </verse>
    <verse name="v6">
      <lines>ME ALEGRAREI,<br/>ME ALEGRAREI,<br/>ME ALEGRAREI, EU DANÇAREI PARA O SEU LOUVOR</lines>
    </verse>
    <verse name="v7">
      <lines>ME ALEGRAREI,<br/>ME ALEGRAREI,<br/>ME ALEGRAREI , EU DANÇAREI PARA O SEU LOUVOR</lines>
    </verse>
    <verse name="v8">
      <lines>Fim:</lines>
    </verse>
  </lyrics>
</song>
