<?xml version='1.0' encoding='utf-8'?>
<song xmlns="http://openlyrics.info/namespace/2009/song" version="0.8" createdIn="OpenLP 1.9.9" modifiedIn="OpenLP 1.9.9" modifiedDate="2012-09-30T13:19:34">
  <properties>
    <titles>
      <title>este-reino</title>
    </titles>
    <authors>
      <author>Diante do Trono</author>
    </authors>
  </properties>
  <lyrics>
    <verse name="v1">
      <lines>Este Reino</lines>
    </verse>
    <verse name="v2">
      <lines>Jesus, justiça de Deus<br/>Filho do Homem, Filho de Deus<br/>Teu reino vem<br/>Jesus, por nós sacrificado, glorificado, justificado, Seu reino vem</lines>
    </verse>
    <verse name="v3">
      <lines>Este reino não findará<br/>Sua glória eterna<br/>Pois a majestade e força deste Rei chegou a nós<br/>O Seu reino, Seu domínio, Seu poder e autoridade não tem fim<br/>Jesus, justiça de Deus</lines>
    </verse>
    <verse name="v4">
      <lines>Jesus, a exata expressão<br/>Do amor de Deus, da Sua graça, do Seu perdão<br/>Jesus, Deus santo e adorado<br/>Glorificado, justificado, Seu reino vem</lines>
    </verse>
    <verse name="v5">
      <lines>Este reino não findará<br/>Sua glória eterna<br/>Pois a majestade e força deste Rei chegou a nós<br/>O Seu reino, Seu domínio, Seu poder e autoridade não tem fim<br/>Jesus, justiça de Deus (2x)</lines>
    </verse>
    <verse name="v6">
      <lines>Jesus, justiça de Deus<br/>Jesus, justiça de Deus</lines>
    </verse>
  </lyrics>
</song>
