<?xml version='1.0' encoding='utf-8'?>
<song xmlns="http://openlyrics.info/namespace/2009/song" version="0.8" createdIn="OpenLP 1.9.9" modifiedIn="OpenLP 1.9.9" modifiedDate="2012-09-30T13:19:35">
  <properties>
    <titles>
      <title>estou-procura</title>
    </titles>
    <authors>
      <author>Diante do Trono</author>
    </authors>
  </properties>
  <lyrics>
    <verse name="v1">
      <lines>Estou a procura</lines>
    </verse>
    <verse name="v2">
      <lines>Estou a procurar o milagre<br/>Estou a procurar a resposta<br/>Estou a procurar um amor maior</lines>
    </verse>
    <verse name="v3">
      <lines>Encontrei a razão de viver cantando esta canção<br/>Encontrei a razão de viver cantando esta canção</lines>
    </verse>
    <verse name="v4">
      <lines>O milagre que procuro<br/>A resposta que anseio<br/>O amor maior da minha vida</lines>
    </verse>
    <verse name="v5">
      <lines>É Jesus<br/>É Jesus, meu maior amor</lines>
    </verse>
    <verse name="v6">
      <lines>É Jesus, amado da minh'alma<br/>Jesus, meu amor</lines>
    </verse>
    <verse name="v7">
      <lines>Meu maior milagre é te ter,<br/>Jesus, em minha vida<br/>Te ter, Jesus, no meu coração<br/>Eu te quero mais,<br/>Ô, amado da minh'alma,<br/>Amado da minh'alma, Jesus</lines>
    </verse>
    <verse name="v8">
      <lines>Jesus, Jesus...</lines>
    </verse>
  </lyrics>
</song>
