<?xml version='1.0' encoding='utf-8'?>
<song xmlns="http://openlyrics.info/namespace/2009/song" version="0.8" createdIn="OpenLP 1.9.9" modifiedIn="OpenLP 1.9.9" modifiedDate="2012-09-30T13:19:35">
  <properties>
    <titles>
      <title>eu-jamais-serei</title>
    </titles>
    <authors>
      <author>Diante do Trono</author>
    </authors>
  </properties>
  <lyrics>
    <verse name="v1">
      <lines>Eu Jamais Serei</lines>
    </verse>
    <verse name="v2">
      <lines>Eu jamais serei o mesmo<br/>A porta fechei, não volto atrás<br/>A minha carreira completarei<br/>E eu jamais serei o mesmo</lines>
    </verse>
    <verse name="v3">
      <lines>Eu jamais serei o mesmo<br/>A porta fechei, não volto atrás<br/>A minha carreira completarei<br/>E eu jamais serei o mesmo</lines>
    </verse>
    <verse name="v4">
      <lines>Como o fogo arde em mim<br/>Rio poderoso inunda-me<br/>Destruindo as trevas, queima todo o mal<br/>E acende a chama que glorifica a Ti</lines>
    </verse>
    <verse name="v5">
      <lines>Nas maiores alturas<br/>Eu quero viver Senhor, opera em mim<br/>A glória de Deus enche o meu ser<br/>E eu jamais serei o mesmo</lines>
    </verse>
  </lyrics>
</song>
