<?xml version='1.0' encoding='utf-8'?>
<song xmlns="http://openlyrics.info/namespace/2009/song" version="0.8" createdIn="OpenLP 1.9.9" modifiedIn="OpenLP 1.9.9" modifiedDate="2012-09-30T13:19:35">
  <properties>
    <titles>
      <title>eu-minha-casa</title>
    </titles>
    <authors>
      <author>Diante do Trono</author>
    </authors>
  </properties>
  <lyrics>
    <verse name="v1">
      <lines>Eu e Minha Casa</lines>
    </verse>
    <verse name="v2">
      <lines>Quero consagrar meu lar a Ti<br/>O nosso futuro para Te servir<br/>Com toda minha força e entendimento<br/>Quero dedicar o meu lar a Ti</lines>
    </verse>
    <verse name="v3">
      <lines>Eu e minha casa serviremos a Deus<br/>Com alegria</lines>
    </verse>
    <verse name="v4">
      <lines>Será abençoada minha descendência<br/>Frutificara à Sua presença<br/>Com um bom perfume meus filhos irão<br/>Perfumar todas as nações</lines>
    </verse>
  </lyrics>
</song>
