<?xml version='1.0' encoding='utf-8'?>
<song xmlns="http://openlyrics.info/namespace/2009/song" version="0.8" createdIn="OpenLP 1.9.9" modifiedIn="OpenLP 1.9.9" modifiedDate="2012-09-30T13:19:35">
  <properties>
    <titles>
      <title>eu-nasci-pra-te-adorar</title>
    </titles>
    <authors>
      <author>Diante do Trono</author>
    </authors>
  </properties>
  <lyrics>
    <verse name="v1">
      <lines>Eu nasci pra te adorar</lines>
    </verse>
    <verse name="v2">
      <lines>Não há nenhum nome acima do Teu, Jesus<br/>Não há nenhum trono mais forte que o Teu, Jesus<br/>Todo joelho e domínio se dobrarão<br/>E o engano dos falsos deuses quebrado está</lines>
    </verse>
    <verse name="v3">
      <lines>Jesus, meu Rei<br/>Eu nasci pra te adorar<br/>Jesus, meu Rei<br/>Só pra te adorar</lines>
    </verse>
    <verse name="v4">
      <lines>A minha alegria é estar diante de Ti<br/>Em todo tempo minha alma tem sede de Ti<br/>E pelo poder do Teu Espírito em mim<br/>Eu empenho a minha vida a te servir</lines>
    </verse>
    <verse name="v5">
      <lines>E ser livre de toda injustiça<br/>E ser livre do medo dos homens<br/>E ser livre pra te amar, Senhor<br/>E ser livre, livre em Ti</lines>
    </verse>
  </lyrics>
</song>
