<?xml version='1.0' encoding='utf-8'?>
<song xmlns="http://openlyrics.info/namespace/2009/song" version="0.8" createdIn="OpenLP 1.9.9" modifiedIn="OpenLP 1.9.9" modifiedDate="2012-09-30T13:19:35">
  <properties>
    <titles>
      <title>eu-nasci-de-novo</title>
    </titles>
    <authors>
      <author>Diante do Trono</author>
    </authors>
  </properties>
  <lyrics>
    <verse name="v1">
      <lines>Eu Nasci de Novo</lines>
    </verse>
    <verse name="v2">
      <lines>Senhor, abre os meu olhos preciso ver<br/>A realidade de quem eu sou<br/>Criado em ti, à tua semelhança</lines>
    </verse>
    <verse name="v3">
      <lines>Senhor, o meu passado teu sangue apagou<br/>Uma nova vida me entregou,<br/>O teu poder, transforma meu ser<br/>De glória em glória!</lines>
    </verse>
    <verse name="v4">
      <lines>Eu nasci de novo, nasci de novo<br/>Em ti, sou mais que vencedor</lines>
    </verse>
    <verse name="v5">
      <lines>Eu nasci de novo, nasci de novo<br/>Faz-me ver assim como sou</lines>
    </verse>
    <verse name="v6">
      <lines>Senhor abra...<br/>Eu nasci....<br/>Eu nasci...</lines>
    </verse>
    <verse name="v7">
      <lines>Contigo eu fui crucificado<br/>Morreu meu velho homem<br/>Escravo, do pecado<br/>E agora eu sou livre em ti<br/>Não mais eu, mas cristo vive em mim</lines>
    </verse>
    <verse name="v8">
      <lines>Eu nasci de novo, nasci de novo em ti sou mais que vencedor<br/>Faz-me ver assim como sou</lines>
    </verse>
    <verse name="v9">
      <lines>Eu nasci de novo, nasci de novo<br/>Faz-me ver assim como sou</lines>
    </verse>
    <verse name="v10">
      <lines>Uma nova criação eu sou (espontâneo......várias vezes)<br/>Uma nova criação eu sou (final / última vez)</lines>
    </verse>
  </lyrics>
</song>
