<?xml version='1.0' encoding='utf-8'?>
<song xmlns="http://openlyrics.info/namespace/2009/song" version="0.8" createdIn="OpenLP 1.9.9" modifiedIn="OpenLP 1.9.9" modifiedDate="2012-09-30T13:19:36">
  <properties>
    <titles>
      <title>eu-quero-ser</title>
    </titles>
    <authors>
      <author>Diante do Trono</author>
    </authors>
  </properties>
  <lyrics>
    <verse name="v1">
      <lines>Eu quero ser</lines>
    </verse>
    <verse name="v2">
      <lines>Eu vou amar e ser amado<br/>Vou perdoar e ser perdoaco<br/>Vou abraçar e ser abraçado<br/>Tudo o que eu plantar será colhido</lines>
    </verse>
    <verse name="v3">
      <lines>Por isso eu quero ser<br/>Eu quero ser luz<br/>Eu quero ser sal<br/>Eu quero ser uma benção pra este mundo</lines>
    </verse>
    <verse name="v4">
      <lines>Eu vim ao mundo para vencer<br/>A tristeza não vai me entristecer<br/>As batalhas da vida me fazem crescer<br/>Em Cristo Jesus eu aprendi a vencer</lines>
    </verse>
    <verse name="v5">
      <lines>Aos quatro cantos dessa terra eu vou<br/>Aos quatro cantos dessa terra eu vou<br/>Aos quatro cantos dessa terra<br/>Aos quatro cantos dessa terra<br/>Eu vou...</lines>
    </verse>
  </lyrics>
</song>
