<?xml version='1.0' encoding='utf-8'?>
<song xmlns="http://openlyrics.info/namespace/2009/song" version="0.8" createdIn="OpenLP 1.9.9" modifiedIn="OpenLP 1.9.9" modifiedDate="2012-09-30T13:19:36">
  <properties>
    <titles>
      <title>eu-quero-estar-onde-tu-estas</title>
    </titles>
    <authors>
      <author>Diante do Trono</author>
    </authors>
  </properties>
  <lyrics>
    <verse name="v1">
      <lines>Eu quero estar onde Tu estás</lines>
    </verse>
    <verse name="v2">
      <lines>Com o pequenino Tu estás<br/>Com o humilde Tu estás<br/>Com o desamparado Tu estás<br/>Com o necessitado Tu estás<br/>Com o rejeitado Tu estás<br/>Com o ferido Tu estás<br/>Com o abatido Tu estás<br/>Com o doente Tu estás</lines>
    </verse>
    <verse name="v3">
      <lines>Eu quero estar onde Tu estás<br/>Senhor<br/>E conhecer Teu coração<br/>Senhor<br/>Amar aqueles que Tu amas<br/>Senhor<br/>Eu quero estar onde Tu estás<br/>Senhor</lines>
    </verse>
    <verse name="v4">
      <lines>Teus caminhos são mais altos que os meus<br/>Te seguirei<br/>Os Teus sonhos são mais nobres que os meus<br/>Te seguirei</lines>
    </verse>
  </lyrics>
</song>
