<?xml version='1.0' encoding='utf-8'?>
<song xmlns="http://openlyrics.info/namespace/2009/song" version="0.8" createdIn="OpenLP 1.9.9" modifiedIn="OpenLP 1.9.9" modifiedDate="2012-09-30T13:19:36">
  <properties>
    <titles>
      <title>eu-sou-do-meu-amado</title>
    </titles>
    <authors>
      <author>Diante do Trono</author>
    </authors>
  </properties>
  <lyrics>
    <verse name="v1">
      <lines>Eu Sou do Meu Amado</lines>
    </verse>
    <verse name="v2">
      <lines>Meu coração espera por ti<br/>O teu perfume quero sentir outra vez<br/>Meu coração espera por ti<br/>O teu perfume quero sentir outra vez</lines>
    </verse>
    <verse name="v3">
      <lines>Eu chamo o teu nome Je - sus<br/>Suspiro por ti<br/>Eu chamo o teu nome Je - sus<br/>Suspiro por ti</lines>
    </verse>
    <verse name="v4">
      <lines>Teu amor é melhor que o vinho<br/>Quero me embriagar<br/>Teu amor é melhor que o vinho<br/>Quero me embriagar</lines>
    </verse>
    <verse name="v5">
      <lines>Eu sou do meu amado<br/>Eu sou do meu amado<br/>Eu sou do meu amado<br/>E ele e meu<br/>Eu sou do meu amado<br/>Eu sou do meu amado<br/>Eu sou do meu amado<br/>E ele é meu</lines>
    </verse>
    <verse name="v6">
      <lines>Meu coração espera por ti<br/>O teu perfume quero sentir outra vez<br/>Meu coração espera por ti<br/>O teu perfume quero sentir outra vez</lines>
    </verse>
    <verse name="v7">
      <lines>Eu chamo teu nome Jesus<br/>Suspiro por ti<br/>Eu chamo teu nome Jesus<br/>Suspiro por ti</lines>
    </verse>
    <verse name="v8">
      <lines>Tuas palavras são doces tú és<br/>Totalmente desejável<br/>Tuas palavras são doces tú és<br/>Totalmente desejável</lines>
    </verse>
    <verse name="v9">
      <lines>Eu sou do meu amado<br/>Eu sou do meu amado<br/>Eu sou do meu amado<br/>E ele é meu<br/>Eu sou do meu amado<br/>Eu sou do meu amado<br/>Eu sou do meu amado<br/>E ele e meu</lines>
    </verse>
    <verse name="v10">
      <lines>Quero me lançar aos teus pés<br/>Sem reservas me entregar<br/>Vou correndo pra te encontrar<br/>Contigo quero estar<br/>Quero me lançar aos teus pés<br/>Sem reservas me entregar<br/>Vou correndo pra te encontrar<br/>Contigo quero estar</lines>
    </verse>
    <verse name="v11">
      <lines>Eu sou do meu amado<br/>Eu sou do meu amado<br/>Eu sou do meu amado<br/>E ele é meu<br/>Eu sou do meu amado<br/>Eu sou do meu amado<br/>Eu sou do meu amado<br/>E ele é meu</lines>
    </verse>
  </lyrics>
</song>
