<?xml version='1.0' encoding='utf-8'?>
<song xmlns="http://openlyrics.info/namespace/2009/song" version="0.8" createdIn="OpenLP 1.9.9" modifiedIn="OpenLP 1.9.9" modifiedDate="2012-09-30T13:19:36">
  <properties>
    <titles>
      <title>eu-te-quero</title>
    </titles>
    <authors>
      <author>Diante do Trono</author>
    </authors>
  </properties>
  <lyrics>
    <verse name="v1">
      <lines>Eu Te Quero</lines>
    </verse>
    <verse name="v2">
      <lines>Eu te quero mais do que o ouro<br/>Eu te quero mais do que os tesouros<br/>Eu te quero mais do que a minha vida, senhor!</lines>
    </verse>
    <verse name="v3">
      <lines>Te desejo mais do que mil bençãos<br/>Meu anseio é agradar teu coração<br/>Outro bem não possuo além de ti, senhor!</lines>
    </verse>
    <verse name="v4">
      <lines>Tu és a porção da minha herança<br/>És o bem maior pra mim<br/>O meu coração não pode mais<br/>Viver sem o teu grande amor</lines>
    </verse>
    <verse name="v5">
      <lines>Meu anseio és tu jesus<br/>Meu anseio és tu jesus<br/>Meu anseio és tu jesus<br/>Tú jesus</lines>
    </verse>
  </lyrics>
</song>
