<?xml version='1.0' encoding='utf-8'?>
<song xmlns="http://openlyrics.info/namespace/2009/song" version="0.8" createdIn="OpenLP 1.9.9" modifiedIn="OpenLP 1.9.9" modifiedDate="2012-09-30T13:19:36">
  <properties>
    <titles>
      <title>eu-vou-obedecer</title>
    </titles>
    <authors>
      <author>Diante do Trono</author>
    </authors>
  </properties>
  <lyrics>
    <verse name="v1">
      <lines>Eu vou obedecer</lines>
    </verse>
    <verse name="v2">
      <lines>Mesmo quando parece dificil e as pessoas dizem que é impossivel<br/>Obedecer a Deus é sempre o melhor<br/>Pois Ele é fiel e cumpre o que diz<br/>Obedecer a Deus é sempre o melhor<br/>Pois Ele é fiel e cumpre o que diz</lines>
    </verse>
    <verse name="v3">
      <lines>Eu vou obedecer, eu vou obedecer<br/>Obedecer a Deus é sempre o melhor<br/>Pois Ele é fiel e cumpre o que diz</lines>
    </verse>
    <verse name="v4">
      <lines>Quando penso "não vou conseguir", dá vontade de parar e desistir</lines>
    </verse>
    <verse name="v5">
      <lines>Obedecer a Deus é sempre o melhor<br/>Pois Ele é fiel e cumpre o que diz<br/>Obedecer é sempre o melhor<br/>Pois Ele é fiel e cumpre o que diz</lines>
    </verse>
    <verse name="v6">
      <lines>E tudo que Deus fala, Ele nunca falha, posso confiar<br/>Em meio à tempestade, comigo Ele estará<br/>Eu vou obedecer, eu vou obedecer<br/>Eu vou obedecer</lines>
    </verse>
    <verse name="v7">
      <lines>Obedecer a Deus é sempre o melhor<br/>Pois Ele é fiel (pois Ele é fiel)<br/>Sim, Ele é fiel (sim, Ele é fiel)<br/>Meu Deus é fiel, Ele é fiel e cumpre o que diz</lines>
    </verse>
  </lyrics>
</song>
