<?xml version='1.0' encoding='utf-8'?>
<song xmlns="http://openlyrics.info/namespace/2009/song" version="0.8" createdIn="OpenLP 1.9.9" modifiedIn="OpenLP 1.9.9" modifiedDate="2012-09-30T13:19:36">
  <properties>
    <titles>
      <title>eu-vou-subir</title>
    </titles>
    <authors>
      <author>Diante do Trono</author>
    </authors>
  </properties>
  <lyrics>
    <verse name="v1">
      <lines>Eu Vou Subir</lines>
    </verse>
    <verse name="v2">
      <lines>Aqui nesse mundo estou de passagem<br/>E esta viagem eu quero seguir<br/>Eu acredito nas promessas de Cristo<br/>E é por isso que eu vou subir</lines>
    </verse>
    <verse name="v3">
      <lines>Eu vou subir eu vou subir<br/>Quando Jesus vier nos busca<br/>Eu vou subir eu vou subir<br/>E com Jesus eu vou morar</lines>
    </verse>
    <verse name="v4">
      <lines>Quando o céu si abrir<br/>E as trombetas soarem<br/>Muitos vão ficar por não vigiar<br/>Você irmão esteja atento<br/>O grande momento está pra chegar</lines>
    </verse>
    <verse name="v5">
      <lines>Eu vou subir eu vou subir</lines>
    </verse>
  </lyrics>
</song>
