<?xml version='1.0' encoding='utf-8'?>
<song xmlns="http://openlyrics.info/namespace/2009/song" version="0.8" createdIn="OpenLP 1.9.9" modifiedIn="OpenLP 1.9.9" modifiedDate="2012-09-30T13:19:37">
  <properties>
    <titles>
      <title>exaltado</title>
    </titles>
    <authors>
      <author>Diante do Trono</author>
    </authors>
  </properties>
  <lyrics>
    <verse name="v1">
      <lines>Exaltado</lines>
    </verse>
    <verse name="v2">
      <lines>Exaltado<br/>Exaltado<br/>Exaltado<br/>Oh Senhor</lines>
    </verse>
    <verse name="v3">
      <lines>Sentado à direita de Deus<br/>Coroado de Glória e honra<br/>Tu, Senhor, és exaltado<br/>O todo-poderoso criador<br/>Se esvaziou e morreu por mim<br/>Numa cruz<br/>És exaltado</lines>
    </verse>
    <verse name="v4">
      <lines>E o Pai Lhe deu o nome que está<br/>Sobre todo nome<br/>Jesus, és exaltado</lines>
    </verse>
    <verse name="v5">
      <lines>Moído por minhas transgreções<br/>Ferido por minhas maldições<br/>Tu, Senhor, és exaltado<br/>Levou sobre si a minha dor<br/>O castigo que me traz a paz<br/>Estava sobre Ti<br/>Fui sarado</lines>
    </verse>
    <verse name="v6">
      <lines>Desejado de todas as nações<br/>És o amado da minh'alma<br/>Jesus, és exaltado</lines>
    </verse>
  </lyrics>
</song>
