<?xml version='1.0' encoding='utf-8'?>
<song xmlns="http://openlyrics.info/namespace/2009/song" version="0.8" createdIn="OpenLP 1.9.9" modifiedIn="OpenLP 1.9.9" modifiedDate="2012-09-30T13:19:37">
  <properties>
    <titles>
      <title>exaltado-em-santidade</title>
    </titles>
    <authors>
      <author>Diante do Trono</author>
    </authors>
  </properties>
  <lyrics>
    <verse name="v1">
      <lines>Exaltado Em Santidade</lines>
    </verse>
    <verse name="v2">
      <lines>de todo o coração adoro a ti, senhor<br/>com tudo o que sou me consagro a ti<br/>pois tu, jesus , és exaltado em santidade<br/>pois tu, jesus , és e-xal-tado em santida-de</lines>
    </verse>
    <verse name="v3">
      <lines>em tu-a pre-sen-ça quero estar<br/>o meu prazer é contemplar<br/>tua beleza e majestade<br/>leva-me ao santo lugar<br/>quero pra sempre habitar<br/>na tu-a ca-sa,sobre tuas asas<br/>te coroando,com tudo o que sou</lines>
    </verse>
    <verse name="v4">
      <lines>pois tu jesus , és exaltado em santidade<br/>pois tu jesus , és e-xal-tado em santida-de</lines>
    </verse>
    <verse name="v5">
      <lines>leva-me ao santo lugar<br/>quero pra sempre habitar<br/>na tu-a ca-sa, sob tuas asas<br/>te acoroando,com tudo o que eu sou</lines>
    </verse>
    <verse name="v6">
      <lines>pois tu jesus, és exaltado em santidade<br/>pois tu jesus, és e-xal-tado em santida-de</lines>
    </verse>
  </lyrics>
</song>
