<?xml version='1.0' encoding='utf-8'?>
<song xmlns="http://openlyrics.info/namespace/2009/song" version="0.8" createdIn="OpenLP 1.9.9" modifiedIn="OpenLP 1.9.9" modifiedDate="2012-09-30T13:19:37">
  <properties>
    <titles>
      <title>faz-chover</title>
    </titles>
    <authors>
      <author>Diante do Trono</author>
    </authors>
  </properties>
  <lyrics>
    <verse name="v1">
      <lines>Faz chover</lines>
    </verse>
    <verse name="v2">
      <lines>Assim como a corsa anseia por águas<br/>Como a terra seca precisa da chuva<br/>Meu coração, tem sede de Ti<br/>Rei meu, e Deus meu!<br/>Faz chover... Senhor Jesus!<br/>Derrama chuva neste lugar<br/>Vem com Teu rio... Senhor Jesus<br/>Inundar o meu coração!<br/>Assim como a corsa anseia por águas<br/>Como a terra seca precisa da chuva<br/>Meu coração, tem sede de Ti<br/>Rei meu, e Deus meu!<br/>Faz chover... Senhor Jesus!<br/>Derrama chuva neste lugar<br/>Vem com Teu rio... Senhor Jesus<br/>Inundar o meu coração...<br/>Vem! Vem vem... e faz chover!<br/>Abra as comportas Senhor... e faz chover!<br/>Esta geração precisa da Tua chuva<br/>Esta geração precisa de Santidade...<br/>Aviva-nos Senhor... vem com a chuva<br/>Aviva-nos Senhor... vem com a chuva!<br/>Aviva-nos Senhor... vem com a chuva... faz chover!<br/>Faz chover!</lines>
    </verse>
  </lyrics>
</song>
