<?xml version='1.0' encoding='utf-8'?>
<song xmlns="http://openlyrics.info/namespace/2009/song" version="0.8" createdIn="OpenLP 1.9.9" modifiedIn="OpenLP 1.9.9" modifiedDate="2012-09-30T13:19:37">
  <properties>
    <titles>
      <title>faz-nos-um</title>
    </titles>
    <authors>
      <author>Diante do Trono</author>
    </authors>
  </properties>
  <lyrics>
    <verse name="v1">
      <lines>Faz-nos Um</lines>
    </verse>
    <verse name="v2">
      <lines>Pai, faz-nos um<br/>Pois tens nos dado tua glória<br/>Pra que sejamos um<br/>Perdoa-nos as ofensas<br/>Olhamos as diferenças</lines>
    </verse>
    <verse name="v3">
      <lines>Quando o teu amor já nos uniu<br/>O teu amor já destruiu o que nos separava<br/>Pai, faz-nos um</lines>
    </verse>
    <verse name="v4">
      <lines>A nossa unidade, a nossa unidade<br/>irá trazer a glória do Senhor (2x)<br/>E o Brasil saberá<br/>E o mundo saberá<br/>Que Jesus Cristo é o Senhor<br/>O Salvador que o Pai nos enviou</lines>
    </verse>
  </lyrics>
</song>
