<?xml version='1.0' encoding='utf-8'?>
<song xmlns="http://openlyrics.info/namespace/2009/song" version="0.8" createdIn="OpenLP 1.9.9" modifiedIn="OpenLP 1.9.9" modifiedDate="2012-09-30T13:19:37">
  <properties>
    <titles>
      <title>gente-como-nos</title>
    </titles>
    <authors>
      <author>Diante do Trono</author>
    </authors>
  </properties>
  <lyrics>
    <verse name="v1">
      <lines>Gente Como Nós</lines>
    </verse>
    <verse name="v2">
      <lines>Faz você dançar<br/>Faz você cantar<br/>Faz você gritar bem alto<br/>Grite bem alto<br/>Que Jesus Cristo é rei</lines>
    </verse>
    <verse name="v3">
      <lines>Faz você dançar<br/>Faz você cantar<br/>Faz você gritar bem alto<br/>Grite bem alto<br/>Que Jesus Cristo é rei</lines>
    </verse>
    <verse name="v4">
      <lines>Toda tribo língua<br/>E nação se prostará<br/>Todo olho verá<br/>Todo ouvido ouvirá<br/>Do teu amor<br/>Nós proclamaremos<br/>Até o dia em que Ele voltar<br/>Só o nome de Jesus<br/>Pode ao homem salvar</lines>
    </verse>
    <verse name="v5">
      <lines>No mundo inteiro<br/>Gente como nós<br/>Clama teu nome<br/>Vive teu amor<br/>No mundo inteiro<br/>Gente como nós<br/>Segue a Jesus</lines>
    </verse>
    <verse name="v6">
      <lines>Toda tribo língua<br/>E nação se prostará<br/>Todo olho verá<br/>Todo ouvido ouvirá<br/>Do teu amor<br/>Nós proclamaremos<br/>Até o dia em que Ele voltar<br/>Só o nome de Jesus<br/>Pode ao homem salvar</lines>
    </verse>
    <verse name="v7">
      <lines>No mundo inteiro<br/>Gente como nós<br/>Clama teu nome<br/>Vive teu amor<br/>No mundo inteiro<br/>Gente como nós<br/>Segue a Jesus</lines>
    </verse>
    <verse name="v8">
      <lines>No mundo inteiro<br/>Gente como nós<br/>Clama teu nome<br/>Vive teu amor<br/>No mundo inteiro<br/>Gente como nós<br/>Segue a Jesus<br/>Adoramos a Jesus<br/>Seguimos a Jesus<br/>Adoramos a Jesus<br/>Clamamos a Jesus</lines>
    </verse>
    <verse name="v9">
      <lines>Faz você dançar<br/>Faz você cantar<br/>Faz você gritar bem alto<br/>Grite bem alto<br/>Que Jesus Cristo é rei</lines>
    </verse>
    <verse name="v10">
      <lines>Faz você dançar<br/>Faz você cantar<br/>Faz você gritar bem alto<br/>Grite bem alto<br/>Que Jesus Cristo é rei</lines>
    </verse>
    <verse name="v11">
      <lines>No mundo inteiro<br/>Gente como nós<br/>Clama teu nome<br/>Vive teu amor<br/>No mundo inteiro<br/>Gente como nós<br/>Segue a Jesus</lines>
    </verse>
    <verse name="v12">
      <lines>No mundo inteiro<br/>Gente como nós<br/>Clama teu nome<br/>Vive teu amor<br/>No mundo inteiro<br/>Gente como nós<br/>Segue a Jesus</lines>
    </verse>
    <verse name="v13">
      <lines>No mundo inteiro<br/>Gente como nós<br/>Clama teu nome<br/>Vive teu amor<br/>No mundo inteiro<br/>Gente como nós<br/>Segue a Jesus</lines>
    </verse>
    <verse name="v14">
      <lines>No mundo inteiro<br/>Gente como nós<br/>Clama teu nome<br/>Vive teu amor<br/>No mundo inteiro<br/>Gente como nós<br/>Segue a Jesus<br/>Adoramos a Jesus<br/>Seguimos a Jesus<br/>Adoramos a Jesus<br/>Clamamos a Jesus</lines>
    </verse>
  </lyrics>
</song>
