<?xml version='1.0' encoding='utf-8'?>
<song xmlns="http://openlyrics.info/namespace/2009/song" version="0.8" createdIn="OpenLP 1.9.9" modifiedIn="OpenLP 1.9.9" modifiedDate="2012-09-30T13:19:37">
  <properties>
    <titles>
      <title>geracao-de-samuel</title>
    </titles>
    <authors>
      <author>Diante do Trono</author>
    </authors>
  </properties>
  <lyrics>
    <verse name="v1">
      <lines>Geração de Samuel</lines>
    </verse>
    <verse name="v2">
      <lines>Escute a voz de Deus<br/>Em seu coração<br/>Ele vai falar com você<br/>Até mesmo em uma canção</lines>
    </verse>
    <verse name="v3">
      <lines>Escute a voz de Deus<br/>Em seu coração<br/>Fique bem atento, não perca mais tempo<br/>Ele quer falar com você<br/>Em seu coração</lines>
    </verse>
    <verse name="v4">
      <lines>Hoje mesmo Deus procura<br/>Samuel pra conversar<br/>Corações abertos, ouvidos atentos<br/>Com quem possa compartilhar</lines>
    </verse>
    <verse name="v5">
      <lines>Deus vai falar<br/>Com você<br/>Vai compartilhar<br/>Com você</lines>
    </verse>
    <verse name="v6">
      <lines>Geração de Samuel el el<br/>Que ouve a Deus<br/>Geração de Samuel el el<br/>Que ouve a Deus</lines>
    </verse>
    <verse name="v7">
      <lines>Geração de Samuel</lines>
    </verse>
  </lyrics>
</song>
