<?xml version='1.0' encoding='utf-8'?>
<song xmlns="http://openlyrics.info/namespace/2009/song" version="0.8" createdIn="OpenLP 1.9.9" modifiedIn="OpenLP 1.9.9" modifiedDate="2012-09-30T13:19:38">
  <properties>
    <titles>
      <title>ha-alegria</title>
    </titles>
    <authors>
      <author>Diante do Trono</author>
    </authors>
  </properties>
  <lyrics>
    <verse name="v1">
      <lines>Há Alegria</lines>
    </verse>
    <verse name="v2">
      <lines>Há alegria<br/>E brados de vitória nas tendas dos justos do Senhor<br/>Há alegria<br/>E brados de vitória nas tendas dos justos do Senhor</lines>
    </verse>
    <verse name="v3">
      <lines>Sua destra tem feito grandes coisas<br/>Sua destra pra sempre exaltai<br/>Sua destra opera maravilhas<br/>Sua destra exaltai<br/>Sua destra exaltai</lines>
    </verse>
    <verse name="v4">
      <lines>Há alegria<br/>E brados de vitória nas tendas dos justos do Senhor<br/>Há alegria<br/>E brados de vitória nas tendas dos justos do Senhor</lines>
    </verse>
    <verse name="v5">
      <lines>Sua destra tem feito grandes coisas<br/>Sua destra pra sempre exaltai<br/>Sua destra opera maravilhas<br/>Sua destra exaltai<br/>Sua destra exaltai</lines>
    </verse>
  </lyrics>
</song>
