<?xml version='1.0' encoding='utf-8'?>
<song xmlns="http://openlyrics.info/namespace/2009/song" version="0.8" createdIn="OpenLP 1.9.9" modifiedIn="OpenLP 1.9.9" modifiedDate="2012-09-30T13:19:38">
  <properties>
    <titles>
      <title>ha-esperanca</title>
    </titles>
    <authors>
      <author>Diante do Trono</author>
    </authors>
  </properties>
  <lyrics>
    <verse name="v1">
      <lines>Há esperança</lines>
    </verse>
    <verse name="v2">
      <lines>Há esperança para o ferido, como árvore cortado<br/>marcado pela dor,<br/>Ainda que na terra envelheça a raiz;<br/>e no chão<br/>abandonado o seu tronco morreu;</lines>
    </verse>
    <verse name="v3">
      <lines>Há esperança pra voçê;</lines>
    </verse>
    <verse name="v4">
      <lines>Ao cheiro das águas brotará,<br/>Como planta nova florescerá.<br/>Seus anos se renovarão,<br/>Não cessará os seus frutos<br/>E viverá.</lines>
    </verse>
  </lyrics>
</song>
