<?xml version='1.0' encoding='utf-8'?>
<song xmlns="http://openlyrics.info/namespace/2009/song" version="0.8" createdIn="OpenLP 1.9.9" modifiedIn="OpenLP 1.9.9" modifiedDate="2012-09-30T13:19:38">
  <properties>
    <titles>
      <title>ha-muito-tempo-atras</title>
    </titles>
    <authors>
      <author>Diante do Trono</author>
    </authors>
  </properties>
  <lyrics>
    <verse name="v1">
      <lines>Há Muito Tempo Atrás</lines>
    </verse>
    <verse name="v2">
      <lines>Tudo começou há muito tempo atrás<br/>Quando o mundo ainda não existia<br/>Então Deus falou: "Haja luz!"<br/>E a luz veio a existir<br/>Então Deus falou:"Haja o céu e o mar e tudo que há na terra e no ar"</lines>
    </verse>
    <verse name="v3">
      <lines>Cada plantinha, deserto ou riacho<br/>Cada pedrinha, cada monte ou penhasco<br/>Cada animal, pequeno ou grande<br/>Peixes, passáros, feras, ou insetos e répteis<br/>Todo que respira ou não<br/>Foi Deus quem criou<br/>Há muito tempo atrás</lines>
    </verse>
    <verse name="v4">
      <lines>Foi então que o primeiro homem<br/>Deus criou<br/>Do pó da terra o formou<br/>E então Deus soprou em seu nariz<br/>O sopro da vida<br/>E o colocou em um jardim<br/>E deu a ele uma esposa querida</lines>
    </verse>
    <verse name="v5">
      <lines>Adão e Eva a primeira família<br/>Viviam felizes em perfeita harmonia<br/>Deus os visitava todos os dias<br/>Passeava com eles pelo jardim<br/>Eles eram amigos de Deus<br/>Amigos de Deus</lines>
    </verse>
    <verse name="v6">
      <lines>Há muito tempo atrás...<br/>Há muito tempo atrás...tudo era tão lindo<br/>Há muito tempo atrás...Não havia espinhos<br/>Há muito tempo atrás...Tudo era perfeito<br/>Há muito tempo atrás...Não havia dores</lines>
    </verse>
    <verse name="v7">
      <lines>Há muito tempo atrás (4x)</lines>
    </verse>
  </lyrics>
</song>
