<?xml version='1.0' encoding='utf-8'?>
<song xmlns="http://openlyrics.info/namespace/2009/song" version="0.8" createdIn="OpenLP 1.9.9" modifiedIn="OpenLP 1.9.9" modifiedDate="2012-09-30T13:19:38">
  <properties>
    <titles>
      <title>hiney-ma-tov-quao-bom</title>
    </titles>
    <authors>
      <author>Diante do Trono</author>
    </authors>
  </properties>
  <lyrics>
    <verse name="v1">
      <lines>Hiney Ma Tov (quão Bom)</lines>
    </verse>
    <verse name="v2">
      <lines>Hinei ma tov umanain<br/>Shevet achim gam yachad<br/>Hinei ma tov umanain<br/>Shevet achim gam yachad<br/>Hinei ma tov (hinei ma tov)<br/>Lai lai lai lai lai, lai lai lai lai lai<br/>Hinei ma tov (hinei ma tov)<br/>Lai lai lai lai lai, lai lai lai lai lai<br/>Quão bom e agradável é<br/>Que irmãos vivam em comunhão<br/>Quão bom e agradável é<br/>Que irmãos vivam em comunhão<br/>Em unidade (em unidade)<br/>Lai lai lai lai lai, lai lai lai lai lai<br/>Em unidade (em unidade)<br/>Lai lai lai lai lai, lai lai lai lai lai</lines>
    </verse>
  </lyrics>
</song>
