<?xml version='1.0' encoding='utf-8'?>
<song xmlns="http://openlyrics.info/namespace/2009/song" version="0.8" createdIn="OpenLP 1.9.9" modifiedIn="OpenLP 1.9.9" modifiedDate="2012-09-30T13:19:38">
  <properties>
    <titles>
      <title>historia-de-amor</title>
    </titles>
    <authors>
      <author>Diante do Trono</author>
    </authors>
  </properties>
  <lyrics>
    <verse name="v1">
      <lines>História de Amor</lines>
    </verse>
    <verse name="v2">
      <lines>Em busca de amor, em busca de paz e alegria eu me feri.<br/>Nas ilusões desta vida quase morri<br/>Foi quando escutei, aquilo que um dia Tu fizeste por mim.<br/>Me apaixonei e não volto atrás</lines>
    </verse>
    <verse name="v3">
      <lines>A mais linda historia de amor foi o Senhor quem contou,<br/>E viveu e morreu por mim, me amando ate o fim.<br/>Como não me apaixonar?<br/>A mais linda historia de amor ao mundo eu contarei<br/>Viverei, morrerei por Ti te amando até o fim</lines>
    </verse>
    <verse name="v4">
      <lines>Quero alegrar o Teu coração trazendo muitos a Ti<br/>A nova vida que tenho não posso esconder<br/>Deixar brilhar a luz a esperança que tenho dentro de mim<br/>Nos quatro cantos da Terra quero anunciar</lines>
    </verse>
    <verse name="v5">
      <lines>A mais linda historia de amor foi o Senhor quem contou,<br/>E viveu e morreu por mim, me amando ate o fim.<br/>Como não me apaixonar?<br/>A mais linda historia de amor ao mundo eu contarei<br/>Viverei, morrerei por Ti te amando ate o fim<br/>Como não me apaixonar?<br/>A mais linda historia de amor ao mundo eu contarei<br/>Viverei, morrerei por Ti te amando ate o fim</lines>
    </verse>
    <verse name="v6">
      <lines>Dance Music..</lines>
    </verse>
    <verse name="v7">
      <lines>A mais linda historia de amor ao mundo eu contarei<br/>A mais linda historia de amor ao mundo eu contarei</lines>
    </verse>
  </lyrics>
</song>
