<?xml version='1.0' encoding='utf-8'?>
<song xmlns="http://openlyrics.info/namespace/2009/song" version="0.8" createdIn="OpenLP 1.9.9" modifiedIn="OpenLP 1.9.9" modifiedDate="2012-09-30T13:19:38">
  <properties>
    <titles>
      <title>hoje-eu-sei-quem-tu-es</title>
    </titles>
    <authors>
      <author>Diante do Trono</author>
    </authors>
  </properties>
  <lyrics>
    <verse name="v1">
      <lines>Hoje Eu Sei Quem Tú És</lines>
    </verse>
    <verse name="v2">
      <lines>Jesus,Jesus<br/>Meu salvador Jesus<br/>Morreu por mim (2x)<br/>Meu salvador,Morreu por mim</lines>
    </verse>
    <verse name="v3">
      <lines>Eu abro meu coração para ti<br/>Entrego minha vida pra te servir<br/>Hj eu sei que me amas<br/>Eu sei que tú és real<br/>Mesmo eu sendo criança<br/>Faço minha entraga total<br/>Viverei para ti.</lines>
    </verse>
    <verse name="v4">
      <lines>Hj eu sei quem tú és<br/>meu salvador jesus.</lines>
    </verse>
  </lyrics>
</song>
