<?xml version='1.0' encoding='utf-8'?>
<song xmlns="http://openlyrics.info/namespace/2009/song" version="0.8" createdIn="OpenLP 1.9.9" modifiedIn="OpenLP 1.9.9" modifiedDate="2012-09-30T13:19:38">
  <properties>
    <titles>
      <title>incomparavel</title>
    </titles>
    <authors>
      <author>Diante do Trono</author>
    </authors>
  </properties>
  <lyrics>
    <verse name="v1">
      <lines>Incomparavel</lines>
    </verse>
    <verse name="v2">
      <lines>Tu não habitas em tendas,<br/>Nem em templos feitos por mãos<br/>Eterno, Perfeito, Princípio e Fim<br/>Acima das religiões<br/>Não há nada no céu, Na terra ou no mar<br/>Semelhante a Ti, Senhor<br/>Tua imagem está revelada em nós,<br/>Expressão do Teu amor</lines>
    </verse>
    <verse name="v3">
      <lines>Incomparável, Senhor, Tu és<br/>Tua voz ressoa como um trovão<br/>E as nuvens são o pó dos Teus pés<br/>Incomparável, Senhor, Tu és,<br/>Minhalma está apegada a Ti<br/>Senhor, incomparável és.</lines>
    </verse>
  </lyrics>
</song>
