<?xml version='1.0' encoding='utf-8'?>
<song xmlns="http://openlyrics.info/namespace/2009/song" version="0.8" createdIn="OpenLP 1.9.9" modifiedIn="OpenLP 1.9.9" modifiedDate="2012-09-30T13:19:39">
  <properties>
    <titles>
      <title>inimigo-do-mal</title>
    </titles>
    <authors>
      <author>Diante do Trono</author>
    </authors>
  </properties>
  <lyrics>
    <verse name="v1">
      <lines>Inimigo do Mal</lines>
    </verse>
    <verse name="v2">
      <lines>Eu sou amigo de Deus , sou inimigo do mal, eu sou amgo de Deus<br/>Um amigo de Deus é inimigo do mal<br/>Um amigo de Deus é um vencedor<br/>Um amigo de Deus é inimigo do mal<br/>Eusou amigo de Deus</lines>
    </verse>
    <verse name="v3">
      <lines>Pra ser amigo de Deus preciso abandonar as coisas feias deste mundo, que me fazem pecar eu vou lutar, vou me esforçar, não vou desistir sei que o senhor vai me ajudar a resistir</lines>
    </verse>
    <verse name="v4">
      <lines>Um amigo de Deus é inimigo do mal...</lines>
    </verse>
    <verse name="v5">
      <lines>O inimigo de mancinho, tenta enganar não seja bobo, você tem que vigiar nas brincadeiras, vídia game e em qualquer canção fique atento, se levante e diga não!</lines>
    </verse>
    <verse name="v6">
      <lines>Umamigo de Deus é inimigo do mal...</lines>
    </verse>
    <verse name="v7">
      <lines>E você, colega preste bem atnção não de bobeira em frente da televisão o que não falta é bicho feio pra assustar você escolha bem o que você assiste na tv</lines>
    </verse>
    <verse name="v8">
      <lines>Um amigo de Deus é inimigo do mal...</lines>
    </verse>
    <verse name="v9">
      <lines>Não quero nada em minha vida que me faça pecar do meu Jesus, eu não quero me afastar<br/>eu sei que ele me perdoa toda vez que eu erro mas não quero entristecê-lo , eu quero alegrar</lines>
    </verse>
    <verse name="v10">
      <lines>um amigo de Deus é inimigo do mal...</lines>
    </verse>
    <verse name="v11">
      <lines>E a mentira?tá por fora<br/>E a inveja?tá por fara<br/>E a violência?tá por fora<br/>Eu sou amigo de Deus</lines>
    </verse>
    <verse name="v12">
      <lines>Eo palavrão?tá por fora<br/>desobediência?tá por fora<br/>Todo mal?tá por fora</lines>
    </verse>
    <verse name="v13">
      <lines>Eu sou amigo de Deus<br/>Eu sou amigo de Deus , sou inimigo do mal eu sou amigo de Deus.</lines>
    </verse>
  </lyrics>
</song>
