<?xml version='1.0' encoding='utf-8'?>
<song xmlns="http://openlyrics.info/namespace/2009/song" version="0.8" createdIn="OpenLP 1.9.9" modifiedIn="OpenLP 1.9.9" modifiedDate="2012-09-30T13:19:39">
  <properties>
    <titles>
      <title>insasiavel</title>
    </titles>
    <authors>
      <author>Diante do Trono</author>
    </authors>
  </properties>
  <lyrics>
    <verse name="v1">
      <lines>Insasiável</lines>
    </verse>
    <verse name="v2">
      <lines>Desde que te encontrei nunca mais fui o mesmo<br/>Em tudo mais que procurei só achei desilusão<br/>Mas em ti descobri o sentido da vida<br/>Perdão e a paz que sarou minhas feridas<br/>Nada neste mundo me satisfaz<br/>Te quero mais e mais</lines>
    </verse>
    <verse name="v3">
      <lines>Sou insaciável na minha busca por ti<br/>Desesperadamente te quero mais e mais<br/>Não posso passar nem um dia sequer<br/>Sem viver o teu amor<br/>Sou insaciável apaixonado por ti meu jesus</lines>
    </verse>
    <verse name="v4">
      <lines>Te amo mais e mais<br/>Te quero mais e mais<br/>Te adoro mais e mais<br/>Te espero mais e mais<br/>Te amo mais e mais<br/>Te quero mais e mais<br/>Te adoro mais e mais<br/>Te espero mais e mais<br/>Te amo mais e mais<br/>Te quero mais e mais<br/>Te adoro mais e mais<br/>Te espero mais e mais</lines>
    </verse>
    <verse name="v5">
      <lines>Sou insaciável na minha busca por ti<br/>Desesperadamente te quero mais e mais<br/>Não posso passar nem um dia sequer<br/>Sem viver o teu amor<br/>Sou insaciável apaixonado por ti meu jesus</lines>
    </verse>
  </lyrics>
</song>
