<?xml version='1.0' encoding='utf-8'?>
<song xmlns="http://openlyrics.info/namespace/2009/song" version="0.8" createdIn="OpenLP 1.9.9" modifiedIn="OpenLP 1.9.9" modifiedDate="2012-09-30T13:19:39">
  <properties>
    <titles>
      <title>invoca-me</title>
    </titles>
    <authors>
      <author>Diante do Trono</author>
    </authors>
  </properties>
  <lyrics>
    <verse name="v1">
      <lines>Invoca-me</lines>
    </verse>
    <verse name="v2">
      <lines>Filho meu, estou aqui<br/>Esperando o momento<br/>De te encontrar<br/>Quero te abraçar</lines>
    </verse>
    <verse name="v3">
      <lines>Filho meu, não desisti<br/>Os meus braços<br/>Estão estendidos para ti<br/>Vem correndo, vem pra mim</lines>
    </verse>
    <verse name="v4">
      <lines>Invoca-me, Eu te ouvirei<br/>Serei achado de ti<br/>Tua sorte Eu mudarei<br/>Achega-te a mim<br/>Eu também me achegarei<br/>Te tomarei em meu colo<br/>Novas veste te darei<br/>Filho amado</lines>
    </verse>
  </lyrics>
</song>
