<?xml version='1.0' encoding='utf-8'?>
<song xmlns="http://openlyrics.info/namespace/2009/song" version="0.8" createdIn="OpenLP 1.9.9" modifiedIn="OpenLP 1.9.9" modifiedDate="2012-09-30T13:19:39">
  <properties>
    <titles>
      <title>invoco-senhor</title>
    </titles>
    <authors>
      <author>Diante do Trono</author>
    </authors>
  </properties>
  <lyrics>
    <verse name="v1">
      <lines>Invoco o Senhor</lines>
    </verse>
    <verse name="v2">
      <lines>Invoco o Senhor digno de ser louvado<br/>Invoco o Senhor digno de ser louvado (back)<br/>Serei salvo dos meus inimigos<br/>Serei salvo dos meus inimigos (back)<br/>Serei salvo dos meus inimigos<br/>O Senhor é minha rocha, meu Libertador<br/>O meu Deus, o meu escudo,<br/>A força da minha salvação<br/>Com ele desbarato exércitos<br/>Com meu Deus eu salto muralhas<br/>Quem é Deus se não o senhor ?<br/>O Deus que me cingiu de força<br/>Adestrou minhas mãos para o combate<br/>Pôs em fuga os meus inimigos<br/>Os persegui e os alcancei<br/>Os destruí e os esmaguei<br/>E não puderam levantar-se<br/>O Deus que por mim tomou vingança<br/>E me livrou dos meus inimigos<br/>A ele eu cantarei<br/>O Senhor é minha rocha, meu Libertador<br/>O meu Deus, o meu escudo,<br/>A força da minha salvação</lines>
    </verse>
  </lyrics>
</song>
