<?xml version='1.0' encoding='utf-8'?>
<song xmlns="http://openlyrics.info/namespace/2009/song" version="0.8" createdIn="OpenLP 1.9.9" modifiedIn="OpenLP 1.9.9" modifiedDate="2012-09-30T13:19:39">
  <properties>
    <titles>
      <title>isaias-40</title>
    </titles>
    <authors>
      <author>Diante do Trono</author>
    </authors>
  </properties>
  <lyrics>
    <verse name="v1">
      <lines>Isaías 40</lines>
    </verse>
    <verse name="v2">
      <lines>Uma voz clama no deserto }2x<br/>Preparem, preparem o caminho do Senhor }2x<br/>No deserto façam um caminho reto<br/>Para o nosso Deus um caminho reto no deserto</lines>
    </verse>
    <verse name="v3">
      <lines>Os vales serão levantados e os montes serão aplanados<br/>Os terrenos acidentados serão nivelados<br/>E a glória do Senhor será revelada<br/>E todos a verão, pois é o Senhor quem fala</lines>
    </verse>
    <verse name="v4">
      <lines>Aleluia</lines>
    </verse>
    <verse name="v5">
      <lines>Nós Te louvamos, nós celebramos a chuva sobre a terra seca<br/>Nós Te louvamos, nós celebramos os rios no deserto</lines>
    </verse>
  </lyrics>
</song>
