<?xml version='1.0' encoding='utf-8'?>
<song xmlns="http://openlyrics.info/namespace/2009/song" version="0.8" createdIn="OpenLP 1.9.9" modifiedIn="OpenLP 1.9.9" modifiedDate="2012-09-30T13:19:39">
  <properties>
    <titles>
      <title>isaias-53</title>
    </titles>
    <authors>
      <author>Diante do Trono</author>
    </authors>
  </properties>
  <lyrics>
    <verse name="v1">
      <lines>Isaías 53</lines>
    </verse>
    <verse name="v2">
      <lines>Não havia nEle beleza ou formosura que nos agradasse<br/>Era rejeitado, o mais humilhado entre os homens<br/>Homem de dores, sabe o que é padecer, desprezado<br/>Dele não fizemos caso</lines>
    </verse>
    <verse name="v3">
      <lines>Ele levou sobre si as nossas dores<br/>Ele levou sobre si as nossas trangressões<br/>E nós olhavamos para Ele,<br/>Pensavamos que eram seus próprios pecados que o levavam ali<br/>mas foi por mim e por ti</lines>
    </verse>
    <verse name="v4">
      <lines>Ele foi transpassado, moído pelas nossas iniquidades<br/>Oprimido e humilhado , não abriu a boca como um cordeiro</lines>
    </verse>
    <verse name="v5">
      <lines>Seu castigo nos traz paz, Suas chagas a cura<br/>Por suas pisaduras, fomos sarados</lines>
    </verse>
    <verse name="v6">
      <lines>Ele levou sobre si as nossas dores<br/>Ele levou sobre si as nossas trangressões<br/>E nós olhavamos para Ele,<br/>Pensavamos que eram seus próprios pecados que o levavam ali<br/>mas foi por mim e por ti</lines>
    </verse>
    <verse name="v7">
      <lines>Quando derramou sua alma da morte<br/>Fez oferta pelo pecado e se alegrou<br/>Porque ele nos viu,<br/>Somos fruto do seu penoso trabalho<br/>Somos sua porção, sua satisfação</lines>
    </verse>
    <verse name="v8">
      <lines>Ele levou sobre si as nossas dores<br/>Ele levou sobre si as nossas trangressões<br/>E nos olhavamos para Ele,<br/>Pensavamos que eram seus próprios pecados que o levavam ali<br/>mas foi por mim e por ti</lines>
    </verse>
  </lyrics>
</song>
