<?xml version='1.0' encoding='utf-8'?>
<song xmlns="http://openlyrics.info/namespace/2009/song" version="0.8" createdIn="OpenLP 1.9.9" modifiedIn="OpenLP 1.9.9" modifiedDate="2012-09-30T13:19:40">
  <properties>
    <titles>
      <title>isaque</title>
    </titles>
    <authors>
      <author>Diante do Trono</author>
    </authors>
  </properties>
  <lyrics>
    <verse name="v1">
      <lines>Isaque</lines>
    </verse>
    <verse name="v2">
      <lines>Quando o Senhor restaurou nossa sorte<br/>Parecia um sonho bom<br/>Um sonho tão sonhado<br/>Em lágrimas gerado<br/>Sonhávamos, esperávamos</lines>
    </verse>
    <verse name="v3">
      <lines>Quando o Senhor restaurou nossa sorte<br/>E o nosso sonho se realizou<br/>Um sonho tão sonhado<br/>Dormindo e acordados<br/>Sorríamos, vivíamos</lines>
    </verse>
    <verse name="v4">
      <lines>A cantar, gargalhar, té chorar<br/>De alegria<br/>A cantar, gargalhar, té chorar<br/>De alegria</lines>
    </verse>
    <verse name="v5">
      <lines>E entre as nações se dizia:<br/>Grandes coisas fez o Senhor!<br/>Sim, grandes Deus fez por nós<br/>Quem sai andando e chorando<br/>Semeando suas sementes<br/>Com júbilo voltará certamente</lines>
    </verse>
  </lyrics>
</song>
