<?xml version='1.0' encoding='utf-8'?>
<song xmlns="http://openlyrics.info/namespace/2009/song" version="0.8" createdIn="OpenLP 1.9.9" modifiedIn="OpenLP 1.9.9" modifiedDate="2012-09-30T13:19:40">
  <properties>
    <titles>
      <title>ja-nao-ha-condenacao</title>
    </titles>
    <authors>
      <author>Diante do Trono</author>
    </authors>
  </properties>
  <lyrics>
    <verse name="v1">
      <lines>Já não há condenação</lines>
    </verse>
    <verse name="v2">
      <lines>Já não há</lines>
    </verse>
    <verse name="v3">
      <lines>Já não há condenação<br/>Para aqueles que estão em cristo jesus<br/>Já não há condenação<br/>Para aqueles que estão em cristo jesus<br/>Um povo redimido<br/>Comprado pelo precioso sangue do cordeiro<br/>Seus pecados perdoou<br/>Novas vestes preparou para viverem<br/>Cheios do poder</lines>
    </verse>
    <verse name="v4">
      <lines>Já não há condenação<br/>Para aqueles que estão em cristo jesus<br/>Já não há condenação<br/>Para aqueles que estão em cristo jesus</lines>
    </verse>
    <verse name="v5">
      <lines>Eu também fui redimido<br/>Comprado pelo precioso sangue do cordeiro<br/>Meus pecados perdoou<br/>Novas vestes preparou e eu viverei<br/>Cheio do poder</lines>
    </verse>
    <verse name="v6">
      <lines>Já não há condenação<br/>Para aqueles que estão em cristo jesus<br/>Já não há condenação<br/>Para aqueles que estão<br/>Em cristo jesus<br/>Em cristo jesus</lines>
    </verse>
    <verse name="v7">
      <lines>Jesus<br/>Salvador<br/>Redentor</lines>
    </verse>
  </lyrics>
</song>
