<?xml version='1.0' encoding='utf-8'?>
<song xmlns="http://openlyrics.info/namespace/2009/song" version="0.8" createdIn="OpenLP 1.9.9" modifiedIn="OpenLP 1.9.9" modifiedDate="2012-09-30T13:19:40">
  <properties>
    <titles>
      <title>jeremias-1</title>
    </titles>
    <authors>
      <author>Diante do Trono</author>
    </authors>
  </properties>
  <lyrics>
    <verse name="v1">
      <lines>Jeremias 1</lines>
    </verse>
    <verse name="v2">
      <lines>Antes de formar-te no ventre, eu te escolhi<br/>Antes que naceste, meu filho, eu te separei<br/>Para ser profeta às nações<br/>Não digas que és menino<br/>Pois eu te enviarei<br/>Não temas o inimigo, pois eu te protegerei<br/>Te dou autoridade sobre as nações<br/>Te dou autoridade sobre as nações<br/>Para arrancar, despedaçar<br/>Para destruir e arruinar<br/>Para edificar, para plantas<br/>Para edificar, para plantas<br/>Não temas, Eu sou o teu Deus<br/>Eu irei contigo<br/>Não temas, não temas, não temas<br/>Eu sou o teu Deus</lines>
    </verse>
  </lyrics>
</song>
