<?xml version='1.0' encoding='utf-8'?>
<song xmlns="http://openlyrics.info/namespace/2009/song" version="0.8" createdIn="OpenLP 1.9.9" modifiedIn="OpenLP 1.9.9" modifiedDate="2012-09-30T13:19:40">
  <properties>
    <titles>
      <title>jesus-es-meu-amado</title>
    </titles>
    <authors>
      <author>Diante do Trono</author>
    </authors>
  </properties>
  <lyrics>
    <verse name="v1">
      <lines>Jesus, És meu amado</lines>
    </verse>
    <verse name="v2">
      <lines>Jesus, és meu amado<br/>Jesus, nunca te deixarei<br/>De um lamaçal fui resgatado<br/>Me firmou na rocha<br/>E agora eu sei:<br/>Te amo, te quero<br/>Haja o que houver<br/>Jamais te deixarei<br/>Meu amigo, meu salvador<br/>Enquanto eu viver, te adorarei Senhor</lines>
    </verse>
  </lyrics>
</song>
