<?xml version='1.0' encoding='utf-8'?>
<song xmlns="http://openlyrics.info/namespace/2009/song" version="0.8" createdIn="OpenLP 1.9.9" modifiedIn="OpenLP 1.9.9" modifiedDate="2012-09-30T13:19:40">
  <properties>
    <titles>
      <title>jesus-jesus</title>
    </titles>
    <authors>
      <author>Diante do Trono</author>
    </authors>
  </properties>
  <lyrics>
    <verse name="v1">
      <lines>Jesus, Jesus</lines>
    </verse>
    <verse name="v2">
      <lines>Jesus, Jesus<br/>Teu toque de cura<br/>Completa o meu ser</lines>
    </verse>
    <verse name="v3">
      <lines>Jesus, Jesus<br/>Olhar tua face<br/>Transforma o meu viver</lines>
    </verse>
    <verse name="v4">
      <lines>(refrão)<br/>Venho a Ti<br/>Tua face de amor<br/>Me transforma de glória em glória<br/>Eu posso ver<br/>E conhecer<br/>Teu toque de vida<br/>Traz glória ao meu vier</lines>
    </verse>
    <verse name="v5">
      <lines>Jesus, Jesus<br/>Das trevas pra luz<br/>Tenho vida abundante</lines>
    </verse>
    <verse name="v6">
      <lines>Jesus, Jesus<br/>Tua misericórdia<br/>Como um rio flui em mim</lines>
    </verse>
    <verse name="v7">
      <lines>(refrão)<br/>Venho a Ti<br/>Tua face de amor<br/>Me transforma de glória em glória<br/>Eu posso ver<br/>E conhecer<br/>Teu toque de vida<br/>Traz glória ao meu viver</lines>
    </verse>
    <verse name="v8">
      <lines>(refrão)<br/>Venho a Ti<br/>Tua face de amor<br/>Me transforma de glória em glória<br/>Eu posso ver<br/>E conhecer<br/>Teu toque de vida<br/>Traz glória ao meu viver<br/>Eu posso ver<br/>E conhecer<br/>Teu toque de vida<br/>Traz glória ao meu viver<br/>Eu posso ver<br/>E conhecer<br/>Teu toque de vida<br/>Traz glória ao meu viver</lines>
    </verse>
    <verse name="v9">
      <lines>Jesus, Jesus<br/>Jesus, Jesus<br/>Jesus, Jesus<br/>Jesus, Jesus</lines>
    </verse>
  </lyrics>
</song>
