<?xml version='1.0' encoding='utf-8'?>
<song xmlns="http://openlyrics.info/namespace/2009/song" version="0.8" createdIn="OpenLP 1.9.9" modifiedIn="OpenLP 1.9.9" modifiedDate="2012-09-30T13:19:40">
  <properties>
    <titles>
      <title>jesus-me-amou</title>
    </titles>
    <authors>
      <author>Diante do Trono</author>
    </authors>
  </properties>
  <lyrics>
    <verse name="v1">
      <lines>Jesus Me amou</lines>
    </verse>
    <verse name="v2">
      <lines>foi no alto de um monte que levantarão a cruz<br/>muita gente se reuniu para ver Jesus<br/>enquanto estava ali soffrendo jesus declarou<br/>que tudo estava terminado e gerra e o pecado acabou</lines>
    </verse>
    <verse name="v3">
      <lines>(refrão)<br/>ele conseguiu ele conseguiu<br/>derrotou a maldição a missão cumpriu sim<br/>elecumpriu<br/>derrotou omal e agora as pessoouas podem ser klivre<br/>podem ser felizes é só crer em|JESUS ENO PODER DACRUZ</lines>
    </verse>
    <verse name="v4">
      <lines>REPETIR TUDO</lines>
    </verse>
  </lyrics>
</song>
