<?xml version='1.0' encoding='utf-8'?>
<song xmlns="http://openlyrics.info/namespace/2009/song" version="0.8" createdIn="OpenLP 1.9.9" modifiedIn="OpenLP 1.9.9" modifiedDate="2012-09-30T13:19:40">
  <properties>
    <titles>
      <title>leva-me</title>
    </titles>
    <authors>
      <author>Diante do Trono</author>
    </authors>
  </properties>
  <lyrics>
    <verse name="v1">
      <lines>Leva-Me</lines>
    </verse>
    <verse name="v2">
      <lines>Longe de Ti não quero ficar<br/>Longe do Teu amor não posso viver<br/>Leva-me até aquele lugar<br/>De Intimidade e comunhão</lines>
    </verse>
    <verse name="v3">
      <lines>Pelo Teu Espírito<br/>Leva-me, Senhor<br/>Aos Teus rios<br/>Leva-me em Teus braços<br/>Ao lugar secreto da adoração</lines>
    </verse>
    <verse name="v4">
      <lines>Teu coração desejo tocar<br/>Ver Tua própria vida me envolver<br/>Em Tua presença me derramar<br/>E mergulhar na Tua unção</lines>
    </verse>
    <verse name="v5">
      <lines>Quebra todo jugo no meu interior<br/>Rompe as cadeias<br/>Liberta-me, Senhor,<br/>Quero ir mais fundo no Teu amor</lines>
    </verse>
    <verse name="v6">
      <lines>Pelo Teu Espírito<br/>Quero ir mais fundo</lines>
    </verse>
  </lyrics>
</song>
