<?xml version='1.0' encoding='utf-8'?>
<song xmlns="http://openlyrics.info/namespace/2009/song" version="0.8" createdIn="OpenLP 1.9.9" modifiedIn="OpenLP 1.9.9" modifiedDate="2012-09-30T13:19:41">
  <properties>
    <titles>
      <title>livre-sou</title>
    </titles>
    <authors>
      <author>Diante do Trono</author>
    </authors>
  </properties>
  <lyrics>
    <verse name="v1">
      <lines>Livre Sou</lines>
    </verse>
    <verse name="v2">
      <lines>Cristo me resgatou<br/>Tudo em mim transformou<br/>Hoje livre sou<br/>Para o seu louvor</lines>
    </verse>
    <verse name="v3">
      <lines>Cristo me resgatou<br/>Tudo em mim transformou<br/>Hoje livre sou<br/>Para o seu louvor</lines>
    </verse>
    <verse name="v4">
      <lines>Jesus<br/>Senhor<br/>Jesus<br/>Salvador<br/>Meu milagre<br/>É jesus<br/>Sua morte<br/>Minha vida</lines>
    </verse>
    <verse name="v5">
      <lines>(espontâneo)<br/>Neste dia o seu milagre vai acontecer<br/>A morte de jesus na cruz foi só para você<br/>Nada vai te impedir de viver o milgre<br/>Nada vai te impedir de viver</lines>
    </verse>
  </lyrics>
</song>
