<?xml version='1.0' encoding='utf-8'?>
<song xmlns="http://openlyrics.info/namespace/2009/song" version="0.8" createdIn="OpenLP 1.9.9" modifiedIn="OpenLP 1.9.9" modifiedDate="2012-09-30T13:19:41">
  <properties>
    <titles>
      <title>lugares-altos</title>
    </titles>
    <authors>
      <author>Diante do Trono</author>
    </authors>
  </properties>
  <lyrics>
    <verse name="v1">
      <lines>Lugares Altos</lines>
    </verse>
    <verse name="v2">
      <lines>O Senhor é a minha força<br/>Ele faz os meus pés como os da corsa<br/>O Senhor, o soberano<br/>Me faz andar em lugares altos<br/>Ele me faz andar<br/>Ele me faz andar<br/>Ele me faz andar em lugares altos<br/>Ele me faz andar<br/>Ele me faz andar<br/>Ele me faz andar em lugares altos</lines>
    </verse>
    <verse name="v3">
      <lines>Acima dos problemas , acima das tribulações<br/>Acima do pecado, acima das tentações<br/>Acima das minhas dores, acima das perseguições<br/>Acima deste mundo, acima das desilusões</lines>
    </verse>
    <verse name="v4">
      <lines>O Senhor...</lines>
    </verse>
    <verse name="v5">
      <lines>Acima dos problemas...</lines>
    </verse>
    <verse name="v6">
      <lines>Mais puro,mais puro, mais puro, mais puro<br/>Mais santo, mais santo, mais santo, mais santo<br/>Mais livre, mais livre, mais livre, mais livre<br/>Mais alto, mais alto, mais alto, mais alto</lines>
    </verse>
    <verse name="v7">
      <lines>Mais perto de Ti, mais perto de Ti ,mais perto de Ti ,mais perto de Ti<br/>Mais perto de Ti, mais perto de Ti, mais perto de Ti, mais perto de Ti</lines>
    </verse>
  </lyrics>
</song>
