<?xml version='1.0' encoding='utf-8'?>
<song xmlns="http://openlyrics.info/namespace/2009/song" version="0.8" createdIn="OpenLP 1.9.9" modifiedIn="OpenLP 1.9.9" modifiedDate="2012-09-30T13:19:41">
  <properties>
    <titles>
      <title>lugar-secreto</title>
    </titles>
    <authors>
      <author>Diante do Trono</author>
    </authors>
  </properties>
  <lyrics>
    <verse name="v1">
      <lines>Lugar secreto</lines>
    </verse>
    <verse name="v2">
      <lines>A Tua voz quero ouvir<br/>E aprender mais de Ti<br/>O Teu olhar sobre mim<br/>É o que preciso para prosseguir<br/>Junto a Ti, desejo sempre estar<br/>O Teu coração quero tocar<br/>Então guia-me a um lugar de intimidade<br/>Onde eu possa Te encontrar<br/>Onde eu possa mergulhar no Teu amor<br/>Onde eu possa me entregar<br/>Onde eu possa desfrutar do Teu amor<br/>Um lugar secreto só meu e Teu, Senhor<br/>Eu quero ir, eu quero estar nesse lugar</lines>
    </verse>
  </lyrics>
</song>
