<?xml version='1.0' encoding='utf-8'?>
<song xmlns="http://openlyrics.info/namespace/2009/song" version="0.8" createdIn="OpenLP 1.9.9" modifiedIn="OpenLP 1.9.9" modifiedDate="2012-09-30T13:18:37">
  <properties>
    <titles>
      <title>mais-de-ti</title>
    </titles>
    <authors>
      <author>Aline Barros</author>
    </authors>
  </properties>
  <lyrics>
    <verse name="v1">
      <lines>Mais De Ti</lines>
    </verse>
    <verse name="v2">
      <lines>Ó Santo Deus posso contemplar o Seu poder<br/>E Suas maravilhas<br/>Diante do Trono Pai<br/>Eu agora estou para Te adorar</lines>
    </verse>
    <verse name="v3">
      <lines>Coro<br/>Quero conhecer-Te cada dia mais<br/>Meu coração deseja sempre<br/>Mais de Ti, mais de Ti<br/>Agua Viva Fogo Santo<br/>Vem derramar sobre mim<br/>Mais de Ti, mais de Ti<br/>Meu clamor ele ouvirá<br/>Sua unção renovará<br/>O meu viver, Senhor (O Senhor)</lines>
    </verse>
    <verse name="v4">
      <lines>Seu sacrificio de amor por nós<br/>Trouxe vida, trouxe perdão<br/>Sua doce voz me mostra a direção<br/>para caminhar</lines>
    </verse>
    <verse name="v5">
      <lines>Coro<br/>Quero conhecer-Te cada dia mais<br/>Meu coração deseja sempre<br/>Mais de Ti, mais de Ti<br/>Agua Viva Fogo Santo<br/>Vem derramar sobre mim<br/>Mais de Ti, mais de Ti<br/>Meu clamor ele ouvirá<br/>Sua unção renovará o meu viver, Senhor</lines>
    </verse>
    <verse name="v6">
      <lines>Muito mais de Ti, Muito mais de Ti<br/>Muito (Senhor)mais de Ti, Muito mais de Ti<br/>Mais de Ti, Mais de Ti<br/>Agua Viva Fogo Santo<br/>Vem derramar sobre mim<br/>Mais de Ti, mais de Ti<br/>Meu clamor ele ouvirá<br/>Sua unção renovará<br/>Agua Viva Fogo Santo<br/>Vem derramar sobre mim<br/>Mais de Ti, mais de Ti<br/>Meu clamor ele ouvirá<br/>Sua unção renovará Senhor</lines>
    </verse>
    <verse name="v7">
      <lines>----</lines>
    </verse>
  </lyrics>
</song>
