<?xml version='1.0' encoding='utf-8'?>
<song xmlns="http://openlyrics.info/namespace/2009/song" version="0.8" createdIn="OpenLP 1.9.9" modifiedIn="OpenLP 1.9.9" modifiedDate="2012-09-30T13:19:41">
  <properties>
    <titles>
      <title>mais-de-ti</title>
    </titles>
    <authors>
      <author>Diante do Trono</author>
    </authors>
  </properties>
  <lyrics>
    <verse name="v1">
      <lines>Mais de ti</lines>
    </verse>
    <verse name="v2">
      <lines>Quero te conhecer Senhor<br/>Vem me tocar com sua presenca<br/>Mais de Ti derrama sobre mim<br/>Sei que ha muito mais do seu amor, da sua vida<br/>Mostra-me seu rosto<br/>Ensina me o caminho pra Te encontrar<br/>revela-me Tua face, vou procurar ate te achar<br/>Voce me buscara e me encontrara<br/>Quando me procurar de todo o coracao<br/>voce me buscara e me encontrara<br/>Quando me procurar de todo o coracao<br/>oh quero mais de Ti Senhor<br/>Quero te conhecer Senhor<br/>Vem me tocar com sua presenca<br/>mais de Ti derrama sobre mim<br/>Sei que ha muito mais do teu amor, da sua vida<br/>Mostra-me teu rosto<br/>Ensina me o caminho pra te encontrar( sim eu quero te<br/>encontrar)<br/>Revela-me tua face, vou procurar ate te achar<br/>Voce me buscara e me encontrara<br/>Quando me procurar de todo o coracao<br/>Voce me buscara e me encontrara<br/>Quando me procurar de todo o coracao</lines>
    </verse>
  </lyrics>
</song>
