<?xml version='1.0' encoding='utf-8'?>
<song xmlns="http://openlyrics.info/namespace/2009/song" version="0.8" createdIn="OpenLP 1.9.9" modifiedIn="OpenLP 1.9.9" modifiedDate="2012-09-30T13:19:42">
  <properties>
    <titles>
      <title>mais-que-abundante</title>
    </titles>
    <authors>
      <author>Diante do Trono</author>
    </authors>
  </properties>
  <lyrics>
    <verse name="v1">
      <lines>Mais Que Abundante</lines>
    </verse>
    <verse name="v2">
      <lines>Meu Deus é mais que abundante<br/>Supre as minhas necessidades<br/>Descanso em pastos verdejantes<br/>El Shaday cuida de mim.</lines>
    </verse>
    <verse name="v3">
      <lines>Meu Pastor não vai deixar<br/>Na minha vida algo me faltar<br/>Confio em Ti, meu El Shaday<br/>Jesus, o Bom Pastor, cuida de mim.</lines>
    </verse>
    <verse name="v4">
      <lines>Ainda que a figueira não floreça<br/>E a terra toda estremeça<br/>Levanto minhas mãos a Ti<br/>El Shaday cuida de mim.</lines>
    </verse>
    <verse name="v5">
      <lines>Mais que abundante é o derramar<br/>Do poder de Deus sobre mim<br/>Elevo meu cálice a Ti<br/>Eu sei, irá transbordar...</lines>
    </verse>
    <verse name="v6">
      <lines>...Mais que abundante (3x)<br/>Elevo meu cálice...<br/>...Mais que abundante...</lines>
    </verse>
  </lyrics>
</song>
