<?xml version='1.0' encoding='utf-8'?>
<song xmlns="http://openlyrics.info/namespace/2009/song" version="0.8" createdIn="OpenLP 1.9.9" modifiedIn="OpenLP 1.9.9" modifiedDate="2012-09-30T13:19:42">
  <properties>
    <titles>
      <title>mais-do-que-tudo</title>
    </titles>
    <authors>
      <author>Diante do Trono</author>
    </authors>
  </properties>
  <lyrics>
    <verse name="v1">
      <lines>Mais do Que Tudo</lines>
    </verse>
    <verse name="v2">
      <lines>Quão amáveis são teus tabernáculos<br/>Minh'alma desfalece pelos teus átrios<br/>Meu coração suspira e exulta<br/>Pelo Deus vivo<br/>O pardal encontrou uma casa<br/>E a andorinha o seu ninho<br/>Eu encontrei teus altares Senhor<br/>Rei meu e deus meu<br/>Pois um dia contigo vale mais do que mil<br/>Uma coisa peço ao Senhor e a buscarei<br/>Que eu possa habitar em sua presença pra sempre<br/>Uma coisa peço ao Senhor e receberei<br/>Todos os dias da minha vida<br/>Sua beleza contemplarei<br/>Mais do que tudo te quero senhor<br/>Te buscarei<br/>Pois no dia da adversidade ele me ocultará<br/>No recôndido do tabernáculo me acolherá<br/>Me elevará sobre uma rocha<br/>Minha cabeça exaltará<br/>A ti Senhor, cantarei com júbilo<br/>Mais do que tudo te quero senhor<br/>Mais do que tudo te quero senhor<br/>Mais do que tudo te quero senhor<br/>Te buscarei</lines>
    </verse>
  </lyrics>
</song>
