<?xml version='1.0' encoding='utf-8'?>
<song xmlns="http://openlyrics.info/namespace/2009/song" version="0.8" createdIn="OpenLP 1.9.9" modifiedIn="OpenLP 1.9.9" modifiedDate="2012-09-30T13:19:42">
  <properties>
    <titles>
      <title>mais-uma-vez</title>
    </titles>
    <authors>
      <author>Diante do Trono</author>
    </authors>
  </properties>
  <lyrics>
    <verse name="v1">
      <lines>Mais Uma Vez</lines>
    </verse>
    <verse name="v2">
      <lines>Estou aqui<br/>Mais uma vez pra pedir<br/>Restaura-me, Senhor</lines>
    </verse>
    <verse name="v3">
      <lines>Não preciso mentir<br/>Diante de Ti<br/>Tudo em mim se revela</lines>
    </verse>
    <verse name="v4">
      <lines>Deixa o Teu olhar<br/>Me iluminar<br/>Afastando toda treva<br/>Sinto o Teu soprar<br/>Me refrigerar<br/>E me dar outra vez<br/>Mais uma vez<br/>Um novo fôlego de vida</lines>
    </verse>
    <verse name="v5">
      <lines>Preciso de Ti<br/>Dependo de Ti<br/>Só Tua graça, Senhor<br/>Me sustenta<br/>É melhor que a vida<br/>Me rendo a Ti<br/>Trabalha em mim<br/>Como o oleiro<br/>Que não desiste do barro até ver<br/>O vaso terminado</lines>
    </verse>
    <verse name="v6">
      <lines>Aquele que começou a boa obra em mim<br/>É fiel pra completá-la até o fim</lines>
    </verse>
    <verse name="v7">
      <lines>Restaura-me senhor<br/>Eis-me aqui<br/>Dependo de Ti<br/>Mais uma vez</lines>
    </verse>
  </lyrics>
</song>
