<?xml version='1.0' encoding='utf-8'?>
<song xmlns="http://openlyrics.info/namespace/2009/song" version="0.8" createdIn="OpenLP 1.9.9" modifiedIn="OpenLP 1.9.9" modifiedDate="2012-09-30T13:19:42">
  <properties>
    <titles>
      <title>mais-que-vencedor</title>
    </titles>
    <authors>
      <author>Diante do Trono</author>
    </authors>
  </properties>
  <lyrics>
    <verse name="v1">
      <lines>Mais que Vencedor</lines>
    </verse>
    <verse name="v2">
      <lines>Em Jesus sou mais que vencedor<br/>Em Jesus sou mais que vencedor<br/>Em Jesus sou mais que vencedor<br/>Em Jesus sou mais que vencedor</lines>
    </verse>
    <verse name="v3">
      <lines>Você pensa que vai me fazer tropeçar?<br/>Você pensa que vai me fazer cair?<br/>Você não se cansa de me tentar<br/>Mas eu não me canso de te resistir</lines>
    </verse>
    <verse name="v4">
      <lines>Você quer saber quem vai vencer?<br/>Te digo: "Maior é o que esta em mim"<br/>Bem maior é o que esta em mim</lines>
    </verse>
    <verse name="v5">
      <lines>Eu me cansei sim, de você<br/>Eu me cansei de acreditar em suas mentiras<br/>Não sou mais seu escravo e agora em mim habita<br/>O Espírito de vida que me faz vencer</lines>
    </verse>
    <verse name="v6">
      <lines>Em Jesus sou mais que vencedor<br/>Em Jesus sou mais que vencedor<br/>Em Jesus sou mais que vencedor<br/>Em Jesus sou mais que vencedor</lines>
    </verse>
    <verse name="v7">
      <lines>Ô Ô ÔÔ ÔÔÔÔ Ô Ô<br/>Ô Ô ÔÔ ÔÔÔÔ Ô Ô<br/>Ô Ô ÔÔ ÔÔÔÔ Ô Ô<br/>Ô Ô ÔÔÔÔÔ...</lines>
    </verse>
    <verse name="v8">
      <lines>Você pensa que vai me fazer parar?<br/>Você pensa que vai me fazer desistir?<br/>Você não se cansa de me afrontar<br/>Mas eu não me canso de te resistir</lines>
    </verse>
    <verse name="v9">
      <lines>Você quer saber quem vai vencer?<br/>Te digo: "Maior é o que esta em mim"<br/>Bem maior é o que esta em mim</lines>
    </verse>
    <verse name="v10">
      <lines>Quem vai retroceder é você<br/>Mas eu vou avançar e chegar ao fim<br/>Coroa de vitória é o que vou receber<br/>E no lago de fogo você vai arder</lines>
    </verse>
  </lyrics>
</song>
