<?xml version='1.0' encoding='utf-8'?>
<song xmlns="http://openlyrics.info/namespace/2009/song" version="0.8" createdIn="OpenLP 1.9.9" modifiedIn="OpenLP 1.9.9" modifiedDate="2012-09-30T13:19:42">
  <properties>
    <titles>
      <title>majestoso-deus</title>
    </titles>
    <authors>
      <author>Diante do Trono</author>
    </authors>
  </properties>
  <lyrics>
    <verse name="v1">
      <lines>Majestoso deus</lines>
    </verse>
    <verse name="v2">
      <lines>Tua é Senhor a vitória e majestade<br/>Smpre canterei da Tua santidade<br/>Bendito és Tu Senhor<br/>Meu Deus e salvador<br/>De eternedidade em eternidade</lines>
    </verse>
    <verse name="v3">
      <lines>O poder e a honra pertencem a Ti<br/>Tudo o que há nos céus e na Terra é Teu<br/>Das Tuas mãos jorram força e poder<br/>Para engrandecer o Teu nome e exaltar</lines>
    </verse>
    <verse name="v4">
      <lines>E a Ti dou Graças por Tua glória<br/>Pois de Ti tudo vem e devolvo a Ti<br/>Tu és rei e sobre todos, meu Deus<br/>Tu te exaltas, Senhor, como soberano Rei</lines>
    </verse>
  </lyrics>
</song>
