<?xml version='1.0' encoding='utf-8'?>
<song xmlns="http://openlyrics.info/namespace/2009/song" version="0.8" createdIn="OpenLP 1.9.9" modifiedIn="OpenLP 1.9.9" modifiedDate="2013-06-09T13:49:20">
  <properties>
    <titles>
      <title>MANANCIAL</title>
    </titles>
    <authors>
      <author>DIANTE DO TRONO</author>
    </authors>
  </properties>
  <lyrics>
    <verse name="v1">
      <lines>SENHOR, ESTOU AQUI<br/>PARA TE ADORAR<br/>EM TUA PRESENÇA <br/>DESEJO ESTAR<br/>EU SEI QUE NADA SOU<br/>MAS VIM ME HUMILHAR<br/>PRECISO DE TI<br/>VEM ME RESTAURAR</lines>
    </verse>
    <verse name="v2">
      <lines>EU QUERO SER COMO UM JARDIM <br/>FECHADO REGADO E CUIDADO<br/>PELO TEU ESPÍRITO<br/>FLUA EM MIM COMO UM MANANCIAL<br/>NO MEU INTERIOR COM ÁGUAS VIVAS<br/>RESTAURA O MEU SER <br/>PARA O TEU LOUVOR</lines>
    </verse>
    <verse name="v3">
      <lines>EU TE FAREI<br/>COMO UM JARDIM FECHADO<br/>REGADO E CUIDADO PELO MEU ESPÍRITO<br/>EU FLUIREI COMO UM MANANCIAL<br/>NO TEU INTERIOR COM ÁGUAS VIVAS<br/>TE RESTAURAREI PARA O MEU LOUVOR</lines>
    </verse>
  </lyrics>
</song>
