<?xml version='1.0' encoding='utf-8'?>
<song xmlns="http://openlyrics.info/namespace/2009/song" version="0.8" createdIn="OpenLP 1.9.9" modifiedIn="OpenLP 1.9.9" modifiedDate="2012-09-30T13:19:43">
  <properties>
    <titles>
      <title>marcha-profetica</title>
    </titles>
    <authors>
      <author>Diante do Trono</author>
    </authors>
  </properties>
  <lyrics>
    <verse name="v1">
      <lines>Marcha profética</lines>
    </verse>
    <verse name="v2">
      <lines>Jesus, ali na cruz venceu por nós, para q não somente<br/>nós sejamos livres para conhecer o Deus verdadeiro,<br/>mas para se ele comprou homens de todas as tribos,<br/>povos, línguas e nações. O preço já foi pago por vc,<br/>Oh Brasil! Eu quero vc, pegue na mão de um brasileiro<br/>q está aí do seu lado, vc pode fazer isso??<br/>Eu quero q vc levante a mão desse brasileiro bem alto<br/>e nós vamos marchar como um só exército: Direita,<br/>esquerda [6x] Marche!!<br/>Senhor, olhe para nós olhe para nós reunidos neste<br/>lugar. Marchamos, Senhor, porque somos um povo livre e<br/>sobre nós está a cobertura do teu sangue e queremos<br/>pisar sobre a terra brasileira com os olhos da fé, e<br/>declarar o poder do teu sangue sobre a nossa nação,<br/>sangue q liberta do pecado, sangue q quebra as<br/>maldições, sangue q purifica, sangue q santifica, é o<br/>sangue de Jesuuuuuuuuuus!!!! Marche, Igreja!!<br/>Diante deste nome todo o joelho se prostrará e toda<br/>língua confessará qu Jesus Cristo é o Senhor.<br/>Vamos levantar as nossas mãos bem alto e<br/>declarar:"Jesus é o Senhor do Brasil" [7x]<br/>Se vc crê nisso, Igreja, marchando, dê um brado de<br/>vitóriaaaaaaa!!!<br/>Ele vive...<br/>Hoje eu sou livre para amar a Deus...<br/>Ele vive...<br/>Está assentado- sobre o trono da nossa nação!<br/>Hoje eu sou livre para amar a Deus...<br/>Vamos lá!<br/>Hoje eu sou livre para amar a Deus...<br/>Viver vitorioso como filho seu- como uma nação<br/>vencedora!<br/>Hoje eu sou livre- liiivre...<br/>O pecado não pode Me dominar, aaaaa, aaaaa!!!<br/>Brasiiiiiiil, livre, livre, rara, uh"""</lines>
    </verse>
  </lyrics>
</song>
