<?xml version='1.0' encoding='utf-8'?>
<song xmlns="http://openlyrics.info/namespace/2009/song" version="0.8" createdIn="OpenLP 1.9.9" modifiedIn="OpenLP 1.9.9" modifiedDate="2012-09-30T13:19:43">
  <properties>
    <titles>
      <title>me-derramar</title>
    </titles>
    <authors>
      <author>Diante do Trono</author>
    </authors>
  </properties>
  <lyrics>
    <verse name="v1">
      <lines>Me Derramar</lines>
    </verse>
    <verse name="v2">
      <lines>Eis-me aqui, outra vez<br/>Diante de ti abro o meu coração<br/>Meu clamor, tu escutas<br/>E fazes cair as barreiras em mim<br/>És fiel Senhor, e dizes<br/>Palavras de amor e esperanças sem fim<br/>Ao sentir teu toque<br/>Com tua bondande libertas meu ser<br/>No calor deste lugar<br/>Eu venho me derramar<br/>Dizer que te amo<br/>Me derramar<br/>Dizer te preciso,<br/>Me derramar<br/>Dizer que sou grato<br/>Me derramar<br/>Dizer qúe és formoso...</lines>
    </verse>
  </lyrics>
</song>
