<?xml version='1.0' encoding='utf-8'?>
<song xmlns="http://openlyrics.info/namespace/2009/song" version="0.8" createdIn="OpenLP 1.9.9" modifiedIn="OpenLP 1.9.9" modifiedDate="2012-09-30T13:19:43">
  <properties>
    <titles>
      <title>me-esvaziar</title>
    </titles>
    <authors>
      <author>Diante do Trono</author>
    </authors>
  </properties>
  <lyrics>
    <verse name="v1">
      <lines>Me Esvaziar</lines>
    </verse>
    <verse name="v2">
      <lines>Eu quero me esvaziar de mim<br/>Eu quero me esvaziar da religiosidade<br/>Eu quero me esvaziar de mim<br/>Eu quero me esvaziar de todos os meu títulos<br/>E de tudo o que me afasta de Ti, Jesus</lines>
    </verse>
    <verse name="v3">
      <lines>Eu quero me esvaziar de mim<br/>Eu quero me esvaziar das dores e desilusões<br/>Eu quero me esvaziar de mim<br/>Eu quero me esvaziar da prisão do passado<br/>E de tudo o que me afasta de Ti, Jesus</lines>
    </verse>
    <verse name="v4">
      <lines>Aonde eu irei Senhor?<br/>Pois só Tu tens as palavras de vida eterna<br/>Onde me esconderei?<br/>Tu És o ar que eu respiro Tua presença me atrai</lines>
    </verse>
    <verse name="v5">
      <lines>Inunda-me com Teu amor<br/>Transforma-me com Teu amor<br/>Atrai meu coração a Ti Senhor<br/>Move-me com Teu amor<br/>E usa me pra o Teu louvor<br/>Ensina-me a ouvir o Teu coração</lines>
    </verse>
    <verse name="v6">
      <lines>Eu me esvazio Senhor<br/>Me leva em Teus braços de amor</lines>
    </verse>
  </lyrics>
</song>
