<?xml version='1.0' encoding='utf-8'?>
<song xmlns="http://openlyrics.info/namespace/2009/song" version="0.8" createdIn="OpenLP 1.9.9" modifiedIn="OpenLP 1.9.9" modifiedDate="2012-09-30T13:19:44">
  <properties>
    <titles>
      <title>me-libertou</title>
    </titles>
    <authors>
      <author>Diante do Trono</author>
    </authors>
  </properties>
  <lyrics>
    <verse name="v1">
      <lines>Me Libertou</lines>
    </verse>
    <verse name="v2">
      <lines>Com meus lábios eu te louvarei<br/>Minhas mãos eu levantarei<br/>Com meu coração eu te adorarei<br/>Com meu coração eu te servirei</lines>
    </verse>
    <verse name="v3">
      <lines>E Com meus lábios, eu te louvarei<br/>eu levantarei<br/>Com meu coração eu te adorarei<br/>Com meu coração eu te servirei</lines>
    </verse>
    <verse name="v4">
      <lines>Porque antes eu era perdido, pecador<br/>Mas o teu amor ah me conquistou<br/>Porque antes eu era escravo do pecado<br/>Mas o teu perdão me libertou<br/>Te adorarei, eu dançarei<br/>Em tua presença, Jeová<br/>Te adorarei, eu dançarei<br/>Em tua presença, Jeová</lines>
    </verse>
    <verse name="v5">
      <lines>Se o inimigo vem me acusar<br/>Com meu passado quer me condenar<br/>Em tua palavra eu confiarei<br/>E teu perdão me refugiarei</lines>
    </verse>
    <verse name="v6">
      <lines>E se o inimigo, ele vem me acusar<br/>ele quer me condenar<br/>Em tua palavra eu confiarei<br/>Em teu perdão me refugiarei</lines>
    </verse>
    <verse name="v7">
      <lines>Porque antes eu era perdido, pecador<br/>Mas o teu amor á me conquisou<br/>Porque antes eu era escravo do pecado<br/>Mas o teu perdão me libertou<br/>Te adorarei, eu dançarei<br/>Em tua presença, Jeová<br/>Te adorarei, eu dançarei<br/>Em tua presença, Jeová<br/>(break)<br/>Porque antes eu era perdido, pecador<br/>Mas o teu amor á me conquistou<br/>Porque antes eu era escravo do pecado<br/>Mas o teu perdão me libertou<br/>Te adorarei, eu dançarei<br/>Em tua presença, Jeová<br/>Te adorarei, eu dançarei<br/>Em tua presença, Jeová (2x)</lines>
    </verse>
  </lyrics>
</song>
