<?xml version='1.0' encoding='utf-8'?>
<song xmlns="http://openlyrics.info/namespace/2009/song" version="0.8" createdIn="OpenLP 1.9.9" modifiedIn="OpenLP 1.9.9" modifiedDate="2012-09-30T13:20:26">
  <properties>
    <titles>
      <title>MEU IRMÃO</title>
    </titles>
    <authors>
      <author>DIANTE DO TRONO</author>
      <author>-</author>
    </authors>
  </properties>
  <lyrics>
    <verse name="v1">
      <lines>DENTRO DE MIM EXISTE UM LUGAR<br/>UM ESPAÇO PARA ALGUÉM COMPLETAR<br/>ALGUÉM QUE ME ENTENDA,ME COMPREENDA<br/>ALGUÉM DISPOSTO A AMAR</lines>
    </verse>
    <verse name="v2">
      <lines>NÃO SOU UM SER PERFEITO,<br/>MAS SEI QUE DEUS <br/>EM MIM IRÁ TERMINAR <br/>A SUA OBRA<br/>SUA MISERICÓRDIA CADA DIA<br/>VEJO SE RENOVAR</lines>
    </verse>
    <verse name="v3">
      <lines>SERÁ QUE NAS HORAS EM QUE EU FALHEI<br/>VOCÊ ME OLHOU COM PERDÃO?<br/>NADA É MAIS IMPORTANTE DO QUE NOSSA<br/> COMUNHÃO</lines>
    </verse>
    <verse name="v4">
      <lines>,MEU IRMÃO EU PRECISO TANTO DE <br/>VOCÊ,ME DÊ A MÃO E JUNTOS VAMOS CORRER<br/>PELOS CAMPOS DO SENHOR<br/>E CONHECER O QUE É O AMOR<br/>QUE TRAZ CURA E RESTAURAÇÃO</lines>
    </verse>
  </lyrics>
</song>
