<?xml version='1.0' encoding='utf-8'?>
<song xmlns="http://openlyrics.info/namespace/2009/song" version="0.8" createdIn="OpenLP 1.9.9" modifiedIn="OpenLP 1.9.9" modifiedDate="2012-09-30T13:19:45">
  <properties>
    <titles>
      <title>meu-jesus</title>
    </titles>
    <authors>
      <author>Diante do Trono</author>
    </authors>
  </properties>
  <lyrics>
    <verse name="v1">
      <lines>Meu Jesus</lines>
    </verse>
    <verse name="v2">
      <lines>Meu Jesus ao teu lado eu quero estar<br/>Adormecer em teus braços e acordar contigo<br/>Meu Jesus me libertaste do pecado<br/>Me deste novas vestes, puras e brancas</lines>
    </verse>
    <verse name="v3">
      <lines>Não quero mais ficar longe de Ti<br/>És meu amigo e meu refugio<br/>Aqui estou Senhor pra te encontrar<br/>Em tua presença quero habitar</lines>
    </verse>
    <verse name="v4">
      <lines>Nada satisfaz meu coração (além de Ti) - 3X<br/>Nada satisfaz meu coração</lines>
    </verse>
    <verse name="v5">
      <lines>Não quero mais ficar longe de Ti<br/>És meu amigo e meu refugio<br/>Aqui estou Senhor pra te encontrar<br/>Em tua presença quero habitar<br/>Não quero mais ficar longe de Ti<br/>És meu amigo e meu refugio<br/>Aqui estou Senhor pra te encontrar<br/>Em tua presença quero habitar<br/>Em tua presença quero habitar<br/>Em tua presença quero habitar</lines>
    </verse>
  </lyrics>
</song>
