<?xml version='1.0' encoding='utf-8'?>
<song xmlns="http://openlyrics.info/namespace/2009/song" version="0.8" createdIn="OpenLP 1.9.9" modifiedIn="OpenLP 1.9.9" modifiedDate="2012-09-30T13:19:45">
  <properties>
    <titles>
      <title>meu-milagre-chegou</title>
    </titles>
    <authors>
      <author>Diante do Trono</author>
    </authors>
  </properties>
  <lyrics>
    <verse name="v1">
      <lines>Meu Milagre Chegou</lines>
    </verse>
    <verse name="v2">
      <lines>Obrigado Senhor<br/>Meu milagre chegou<br/>Minha vida mudou<br/>Obrigado Senhor</lines>
    </verse>
    <verse name="v3">
      <lines>Sempre lembras de mim<br/>Mesmo sendo tão grande assim<br/>Sempre cuidas de mim<br/>Me alegro em ti<br/>Me alegro em ti</lines>
    </verse>
    <verse name="v4">
      <lines>Eu não tenho palavras<br/>Eu não tenho palavras<br/>Para agradecer<br/>Para agradecer</lines>
    </verse>
    <verse name="v5">
      <lines>Eu não tenho palavras<br/>Eu não tenho palavras<br/>Meu milagre chegou<br/>Meu milagre chegou<br/>Aleluia, Aleluia, Aleluia, Aleluia</lines>
    </verse>
    <verse name="v6">
      <lines>Recebi a semente<br/>E orei com fervor<br/>Floresceu em minha vida<br/>E meu milagre chegou</lines>
    </verse>
  </lyrics>
</song>
