<?xml version='1.0' encoding='utf-8'?>
<song xmlns="http://openlyrics.info/namespace/2009/song" version="0.8" createdIn="OpenLP 1.9.9" modifiedIn="OpenLP 1.9.9" modifiedDate="2012-09-30T13:19:45">
  <properties>
    <titles>
      <title>meu-filho-nao-temas</title>
    </titles>
    <authors>
      <author>Diante do Trono</author>
    </authors>
  </properties>
  <lyrics>
    <verse name="v1">
      <lines>Meu Filho Não Temas</lines>
    </verse>
    <verse name="v2">
      <lines>Quando estou pronto a desistir,<br/>Pensando que cheguei ao fim.</lines>
    </verse>
    <verse name="v3">
      <lines>A Tua Mão me sustenta,<br/>A Tua Voz me orienta.</lines>
    </verse>
    <verse name="v4">
      <lines>Dizendo:<br/>"Não temas, Meu filho não temas";<br/>"Não temas, Meu filho não temas...".<br/>"Eu te levanto, Eu te ajudo";<br/>"Eu te fortaleço, Meu filho não temas...".</lines>
    </verse>
    <verse name="v5">
      <lines>Levanta-me Senhor, Levanta-me Senhor;<br/>Levanta-me Senhor e Usa-me...</lines>
    </verse>
    <verse name="v6">
      <lines>Ajuda-me Senhor, Ajuda-me Senhor;<br/>Ajuda-me Senhor e Usa-me...</lines>
    </verse>
    <verse name="v7">
      <lines>Fortalece-me Senhor, Fortalece-me Senhor;<br/>Fortalece-me Senhor e Usa-me...</lines>
    </verse>
  </lyrics>
</song>
