<?xml version='1.0' encoding='utf-8'?>
<song xmlns="http://openlyrics.info/namespace/2009/song" version="0.8" createdIn="OpenLP 1.9.9" modifiedIn="OpenLP 1.9.9" modifiedDate="2012-09-30T13:19:45">
  <properties>
    <titles>
      <title>meu-mundo-mudou</title>
    </titles>
    <authors>
      <author>Diante do Trono</author>
    </authors>
  </properties>
  <lyrics>
    <verse name="v1">
      <lines>Meu Mundo Mudou</lines>
    </verse>
    <verse name="v2">
      <lines>Meu coração tem um dono<br/>Que eternamente me comprou<br/>Transformou a minha alma<br/>E o seu mundo, meu mundo mudou.</lines>
    </verse>
    <verse name="v3">
      <lines>Me revestiu de autoridade<br/>Para as nações me consagrou<br/>Mudou pra sempre a minha história<br/>E o seu mundo, meu mundo mudou.</lines>
    </verse>
    <verse name="v4">
      <lines>Eu quero consagrar minha vida a Ti<br/>Te entregar meus sonhos<br/>Quero expressar meu amor por Ti<br/>Meu mundo hoje é Teu mundo.</lines>
    </verse>
    <verse name="v5">
      <lines>Nada vai me impedir de ouvir a Tua voz<br/>Desde o ventre fui chamado<br/>Pro Teu reino de amor.</lines>
    </verse>
    <verse name="v6">
      <lines>Meu mundo é o mundo de Deus ( 2x )<br/>Minha vida é a vida de Deus ( 2x )<br/>Minha paz é a paz de Deus ( 2x )<br/>Minha cura é a cura de Deus ( 2x )<br/>Minha fé é a fé de Deus ( 2x )</lines>
    </verse>
  </lyrics>
</song>
