<?xml version='1.0' encoding='utf-8'?>
<song xmlns="http://openlyrics.info/namespace/2009/song" version="0.8" createdIn="OpenLP 1.9.9" modifiedIn="OpenLP 1.9.9" modifiedDate="2012-09-30T13:19:44">
  <properties>
    <titles>
      <title>meu-deus-meu-pai</title>
    </titles>
    <authors>
      <author>Diante do Trono</author>
    </authors>
  </properties>
  <lyrics>
    <verse name="v1">
      <lines>Meu Deus, Meu Pai</lines>
    </verse>
    <verse name="v2">
      <lines>Eu estava ainda longe, e correste para mim<br/>Os Teus olhos me viram no caminho,<br/>Quando arrependido eu voltei para Ti<br/>E com compaixão<br/>Correste em minha direção<br/>Com um beijo e um abraço, me deste Teu perdão</lines>
    </verse>
    <verse name="v3">
      <lines>Meu Pai<br/>Meus Deus, Meu Pai<br/>Meu Pai<br/>Abba Pai</lines>
    </verse>
    <verse name="v4">
      <lines>Novas vestes eu ganhei<br/>Me deste um anel<br/>Mais que servo, filho do Rei<br/>Vinho do melhor tonél</lines>
    </verse>
  </lyrics>
</song>
