<?xml version='1.0' encoding='utf-8'?>
<song xmlns="http://openlyrics.info/namespace/2009/song" version="0.8" createdIn="OpenLP 1.9.9" modifiedIn="OpenLP 1.9.9" modifiedDate="2012-09-30T13:19:44">
  <properties>
    <titles>
      <title>meu-amor-por-ti</title>
    </titles>
    <authors>
      <author>Diante do Trono</author>
    </authors>
  </properties>
  <lyrics>
    <verse name="v1">
      <lines>Meu Amor Por Ti</lines>
    </verse>
    <verse name="v2">
      <lines>Não sou mais eu quem vivo<br/>Tenho outra vida dentro de mim<br/>É a vida de Cristo que morreu por mim e me salvou</lines>
    </verse>
    <verse name="v3">
      <lines>Me deu sua própia fé<br/>Para que eu possa proclamar<br/>Que a cada dia da minha vida caminharei<br/>Em vitória, em alegria</lines>
    </verse>
    <verse name="v4">
      <lines>Pra sempre vou Te louvar<br/>Contigo quero dançar<br/>Com os anjos vou proclamar<br/>Meu amor por Ti, Jesus</lines>
    </verse>
    <verse name="v5">
      <lines>Posso erguer minha cabeça<br/>Posso levantar as minhas mãos<br/>Posso abrir um sorriso no rosto<br/>Posso tirar meus pés do chão</lines>
    </verse>
  </lyrics>
</song>
