<?xml version='1.0' encoding='utf-8'?>
<song xmlns="http://openlyrics.info/namespace/2009/song" version="0.8" createdIn="OpenLP 1.9.9" modifiedIn="OpenLP 1.9.9" modifiedDate="2012-09-30T13:19:45">
  <properties>
    <titles>
      <title>milagres</title>
    </titles>
    <authors>
      <author>Diante do Trono</author>
    </authors>
  </properties>
  <lyrics>
    <verse name="v1">
      <lines>Milagres<br/>Jesus andava por toda parte fazendo o bem<br/>Curando os doentes<br/>E expulsando os demônios também<br/>Ele contava as boas notícias<br/>Da salvação que deus tem<br/>O amor, a paz, o perdão dos pecados<br/>Descanso para os cansados<br/>Milagres que só deus poderia fazer<br/>Perdão que só Deus poderia oferecer (2x)<br/>Qualquer pessoa que nele crer,<br/>De graça vai receber.</lines>
    </verse>
    <verse name="o1">
      <lines>Não é pessoal?<br/>Toda a humanidade ele presenteou muita<br/>Gente fazendo milagres!<br/>Que não via um palmo diante<br/>Do nariz, passou a enxergar!<br/>Jesus andava por toda parte fazendo o bem<br/>Curando os doentes<br/>E expulsando os demônios também<br/>Ele contava as boas notícias<br/>Da salvação que deus tem<br/>O amor, a paz, o perdão dos pecados<br/>Descanso para os cansados<br/>Milagres que só deus poderia fazer<br/>Perdão que só deus poderia oferecer (2x)<br/>Qualquer pessoa que nele crer,<br/>De graça vai receber<br/>Aquela mulher doente!<br/>Num milagre de amor, ganhou muito pão e peixe!<br/>pecados recebeu o perdão.<br/>Milagres que só deus poderia fazer<br/>Perdão que só deus poderia oferecer (2x)<br/>Qualquer pessoa que nele crer,<br/>De graça vai receber</lines>
    </verse>
  </lyrics>
</song>
