<?xml version='1.0' encoding='utf-8'?>
<song xmlns="http://openlyrics.info/namespace/2009/song" version="0.8" createdIn="OpenLP 1.9.9" modifiedIn="OpenLP 1.9.9" modifiedDate="2012-09-30T13:19:45">
  <properties>
    <titles>
      <title>missionariozinho</title>
    </titles>
    <authors>
      <author>Diante do Trono</author>
    </authors>
  </properties>
  <lyrics>
    <verse name="v1">
      <lines>Missionariozinho</lines>
    </verse>
    <verse name="v2">
      <lines>Ei você meu vizinho<br/>Você que vive pertinho de mim<br/>Ei você amiguinho<br/>Eu sou missionariozinho</lines>
    </verse>
    <verse name="v3">
      <lines>Olhe pra cá<br/>Eu vou te contar<br/>Uma coisa muito boa<br/>É bom, é bom<br/>É muito bom<br/>Ter Jesus</lines>
    </verse>
    <verse name="v4">
      <lines>Ei você lá de longe<br/>Você que vive distante de mim<br/>Ei você amiguinho<br/>Eu sou um missionariozinho</lines>
    </verse>
    <verse name="v5">
      <lines>Olhe pra cá<br/>Eu vou te contar<br/>Uma coisa muito boa<br/>É bom, é bom<br/>É muito bom<br/>Ter Jesus</lines>
    </verse>
  </lyrics>
</song>
