<?xml version='1.0' encoding='utf-8'?>
<song xmlns="http://openlyrics.info/namespace/2009/song" version="0.8" createdIn="OpenLP 1.9.9" modifiedIn="OpenLP 1.9.9" modifiedDate="2012-09-30T13:19:45">
  <properties>
    <titles>
      <title>musica-do-ceu</title>
    </titles>
    <authors>
      <author>Diante do Trono</author>
    </authors>
  </properties>
  <lyrics>
    <verse name="v1">
      <lines>Música do Céu</lines>
    </verse>
    <verse name="v2">
      <lines>Existe um som que vem<br/>Da Tua música, oh Deus<br/>Som de um vento impetuoso<br/>Vento do Espírito<br/>Existe um rio que flui<br/>Dos Teus louvores, oh altíssimo<br/>É como som de muitas águas<br/>Águas do Espírito</lines>
    </verse>
    <verse name="v3">
      <lines>Quero dançar ao som da música do céu<br/>E responder ao Teu chamado<br/>Quero avançar quando Tua nuvem se mover<br/>Obedecer ao Teu compasso</lines>
    </verse>
    <verse name="v4">
      <lines>Sopra Espírito, flua o Teu rio<br/>Ao som da música do céu<br/>Louvores do altíssimo</lines>
    </verse>
  </lyrics>
</song>
