<?xml version='1.0' encoding='utf-8'?>
<song xmlns="http://openlyrics.info/namespace/2009/song" version="0.8" createdIn="OpenLP 1.9.9" modifiedIn="OpenLP 1.9.9" modifiedDate="2012-09-30T13:20:27">
  <properties>
    <titles>
      <title>MUSICA DO CÉU</title>
    </titles>
    <authors>
      <author>DIANTE DO TRONO</author>
    </authors>
  </properties>
  <lyrics>
    <verse name="v1">
      <lines>EXISTE UM SOM QUEM VEM DA TUA MÚSICA.<br/>OH DEUS.<br/>SOM DE UM VENTO IMPETUOSO<br/>VENTO DO ESPIRITO</lines>
    </verse>
    <verse name="v2">
      <lines>EXISTE UM RIO QUE FLUI DOS TEUS LOUVORES<br/>OH ALTISSIMO<br/>É COMO O SOM DE MUITAS ÁGUAS<br/>ÁGUAS DO ESÍRITO</lines>
    </verse>
    <verse name="v3">
      <lines>QUERO DANÇAR AO SOM DA MÚSICA DO CÉU<br/>E RESPONDER AO TEU CHAMADO<br/>QUERO AVANÇAR<br/>QUANDO A TUA NUVEM SE MOVER<br/>E OBEDECER AO TEU COMPASSO</lines>
    </verse>
    <verse name="v4">
      <lines>SOPRA ESPÍRITO<br/>FLUA O TEU RIO<br/>AO SOM DA MÚSICA DO CÉU<br/>LOUVORES DO ALTISSIMO.</lines>
    </verse>
  </lyrics>
</song>
