<?xml version='1.0' encoding='utf-8'?>
<song xmlns="http://openlyrics.info/namespace/2009/song" version="0.8" createdIn="OpenLP 1.9.9" modifiedIn="OpenLP 1.9.9" modifiedDate="2012-09-30T13:19:48">
  <properties>
    <titles>
      <title>na-terra-seca</title>
    </titles>
    <authors>
      <author>Diante do Trono</author>
    </authors>
  </properties>
  <lyrics>
    <verse name="v1">
      <lines>Na terra seca</lines>
    </verse>
    <verse name="v2">
      <lines>Na terra seca e estéril<br/>A chuva do céu desceu<br/>Cobrindo os vales, abrindo as fontes<br/>Tirando o luto e trazendo cor</lines>
    </verse>
    <verse name="v3">
      <lines>Veste de louvor ao invés de espírito angustiado<br/>Veste de justiça ao invés da vergonha do pecado</lines>
    </verse>
    <verse name="v4">
      <lines>Mudaste meu pranto em festa<br/>Em lugar da tristeza me deste dupla alegria<br/>Em vez de desonra, a honra<br/>E um novo nome de vencedor</lines>
    </verse>
    <verse name="v5">
      <lines>De desprezado que eu era<br/>Agora me chama "cidade não deserta"<br/>Ruínas restauradas, onde há dança e brados de louvor</lines>
    </verse>
  </lyrics>
</song>
