<?xml version='1.0' encoding='utf-8'?>
<song xmlns="http://openlyrics.info/namespace/2009/song" version="0.8" createdIn="OpenLP 1.9.9" modifiedIn="OpenLP 1.9.9" modifiedDate="2012-09-30T13:19:46">
  <properties>
    <titles>
      <title>nada-se-compara</title>
    </titles>
    <authors>
      <author>Diante do Trono</author>
    </authors>
  </properties>
  <lyrics>
    <verse name="v1">
      <lines>Nada Se Compara</lines>
    </verse>
    <verse name="v2">
      <lines>Nada se compara, nada se compara<br/>Nada se compara, se compara a Ti</lines>
    </verse>
    <verse name="v3">
      <lines>Quando eu Te conheci<br/>Não olhei mais para mim<br/>Quando eu Te vi<br/>Não olhei as circuntâncias<br/>Quando Te ouvi reconheci<br/>Que nada se compara a Ti</lines>
    </verse>
    <verse name="v4">
      <lines>Nada se compara...</lines>
    </verse>
    <verse name="v5">
      <lines>Nem o céu e o mar, a lua e as estrelas<br/>Nem o brilho deste mundo e suas riquezas<br/>Quando olho tudo isso eu reconheço<br/>Que nada se compara a Ti</lines>
    </verse>
    <verse name="v6">
      <lines>Nada se compara...</lines>
    </verse>
    <verse name="v7">
      <lines>Nada se compara ao Teu amor<br/>Que me conquistou, Jesus<br/>Amor tão grande como este amor<br/>De morte e de cruz</lines>
    </verse>
  </lyrics>
</song>
