<?xml version='1.0' encoding='utf-8'?>
<song xmlns="http://openlyrics.info/namespace/2009/song" version="0.8" createdIn="OpenLP 1.9.9" modifiedIn="OpenLP 1.9.9" modifiedDate="2012-09-30T13:19:47">
  <properties>
    <titles>
      <title>nao-quero-viver-para-mim-mesmo</title>
    </titles>
    <authors>
      <author>Diante do Trono</author>
    </authors>
  </properties>
  <lyrics>
    <verse name="v1">
      <lines>Não quero viver para mim mesmo</lines>
    </verse>
    <verse name="v2">
      <lines>Não quero viver pra mim mesmo<br/>O que tenho o que sou eu Te dou<br/>O Teu amor tocou o meu coração<br/>quero sempre Te exaltar<br/>Como eu Te amo<br/>Amado da minh'alma<br/>A minh'alma anseia por mais de Ti</lines>
    </verse>
  </lyrics>
</song>
