<?xml version='1.0' encoding='utf-8'?>
<song xmlns="http://openlyrics.info/namespace/2009/song" version="0.8" createdIn="OpenLP 1.9.9" modifiedIn="OpenLP 1.9.9" modifiedDate="2012-09-30T13:19:46">
  <properties>
    <titles>
      <title>nao-ha-mais-condenacao</title>
    </titles>
    <authors>
      <author>Diante do Trono</author>
    </authors>
  </properties>
  <lyrics>
    <verse name="v1">
      <lines>Não Há Mais Condenação</lines>
    </verse>
    <verse name="v2">
      <lines>Fui resgatado das trevas do pecado...<br/>Para viver a vida que Deus tem pra mim<br/>Não mais no império do mau estou<br/>Mas do reino de Deus hoje sou<br/>Um cidadão, posso viver em liberdade</lines>
    </verse>
    <verse name="v3">
      <lines>Não há mais condenação prá mim<br/>Não há mais condenação prá mim<br/>Pois a lei do Espírito e da vida... faz parte de mim</lines>
    </verse>
    <verse name="v4">
      <lines>Vida em abundância hoje tenho em Cristo<br/>Com seu próprio sangue me lavou e justificou<br/>Por Ele fui chamado e santificado<br/>Hoje sou filho, herdeiro de Deus, co-herdeiro com Cristo</lines>
    </verse>
    <verse name="v5">
      <lines>Não há mais condenação prá mim<br/>Não há mais condenação prá mim<br/>Pois a lei do Espírito e da vida... faz parte de mim</lines>
    </verse>
    <verse name="v6">
      <lines>Se alguém está em Cristo, nova criatura é...<br/>As coisas velhas já passaram, tudo novo se fez...<br/>Não há mais condenação prá mim<br/>Não há mais condenação prá mim<br/>Pois a lei do Espírito e da vida... faz parte de mim</lines>
    </verse>
  </lyrics>
</song>
