<?xml version='1.0' encoding='utf-8'?>
<song xmlns="http://openlyrics.info/namespace/2009/song" version="0.8" createdIn="OpenLP 1.9.9" modifiedIn="OpenLP 1.9.9" modifiedDate="2012-09-30T13:19:46">
  <properties>
    <titles>
      <title>nao-apenas-com-palavras</title>
    </titles>
    <authors>
      <author>Diante do Trono</author>
    </authors>
  </properties>
  <lyrics>
    <verse name="v1">
      <lines>Não apenas com palavras</lines>
    </verse>
    <verse name="v2">
      <lines>Não apenas com palavras<br/>Mas com tudo o que sou<br/>Eu quero levar o amor de Jesus<br/>E a Deus glorificar<br/>Eu quero levar o amor de Jesus<br/>Por onde eu passa<br/>Que as pessoas possam ver algo diferente em meu viver<br/>E não apenas no meu falar, o amor de Jesus vou mostrar<br/>Ajudando lá em casa<br/>Minhas coisas vou arrumar<br/>Sendo um filho obediente, meus pais vou alegrar<br/>E na escola me esforçando, sei que sou capaz<br/>Meus brinquedos compartilhando, e não brigando mais.<br/>Não vou me calar, envergonhar<br/>Não vou me calar<br/>E com tudo o que sou, quero mostrar a Jesus</lines>
    </verse>
  </lyrics>
</song>
