<?xml version='1.0' encoding='utf-8'?>
<song xmlns="http://openlyrics.info/namespace/2009/song" version="0.8" createdIn="OpenLP 1.9.9" modifiedIn="OpenLP 1.9.9" modifiedDate="2012-09-30T13:19:47">
  <properties>
    <titles>
      <title>nao-me-envergonharei</title>
    </titles>
    <authors>
      <author>Diante do Trono</author>
    </authors>
  </properties>
  <lyrics>
    <verse name="v1">
      <lines>Não me envergonharei</lines>
    </verse>
    <verse name="v2">
      <lines>Deixou o céu<br/>E toda a sua glória<br/>Veio ao mundo pra mudar a história<br/>Tornou-se pobre<br/>Como um de nós viveu<br/>Meu salvador, jesus<br/>Amado meu<br/>Meu salvador<br/>Não se envergonhou de mim<br/>Meu redentor<br/>Me amou até o fim<br/>Naquela cruz<br/>Ele foi humilhado<br/>Por minha causa<br/>Pelo meu pecado<br/>E hoje eu<br/>Não me envergonharei<br/>Do meu salvador jesus<br/>Amado meu<br/>Meu salvador<br/>Não se envergonhou de mim<br/>Meu redentor<br/>Me amou até o fim<br/>E eu também não me envergonharei<br/>De ti, jesus<br/>A todos contarei<br/>Não me envergonharei, não<br/>Eu contarei, eu levarei o teu amor<br/>Jesus, meu salvador<br/>Não me envegonharei<br/>Te louvarei, senhor<br/>Te amarei</lines>
    </verse>
  </lyrics>
</song>
