<?xml version='1.0' encoding='utf-8'?>
<song xmlns="http://openlyrics.info/namespace/2009/song" version="0.8" createdIn="OpenLP 1.9.9" modifiedIn="OpenLP 1.9.9" modifiedDate="2012-09-30T13:19:47">
  <properties>
    <titles>
      <title>nao-havera-impossiveis</title>
    </titles>
    <authors>
      <author>Diante do Trono</author>
    </authors>
  </properties>
  <lyrics>
    <verse name="v1">
      <lines>Não Haverá Impossíveis</lines>
    </verse>
    <verse name="v2">
      <lines>Porque para Deus não haverá impossíveis<br/>Porque para Deus não haverá impossíveis<br/>Em todas as Suas palavras</lines>
    </verse>
    <verse name="v3">
      <lines>Coloco os meus olhos em Ti<br/>Quando as circunstâncias parecem mentir<br/>Tentando roubar minha fé<br/>Tentando me desanimar, me fazer desistir<br/>Mas eu sei que a visão se cumprirá, não falhará<br/>Pode o tempo passar, mas o que Deus falou, Ele fará</lines>
    </verse>
    <verse name="v4">
      <lines>Meus olhos estão em Ti, Senhor<br/>Pois por mim mesmo nada posso fazer<br/>Espero somente em Ti, Senhor<br/>Teu braço forte opera o impossível</lines>
    </verse>
  </lyrics>
</song>
