<?xml version='1.0' encoding='utf-8'?>
<song xmlns="http://openlyrics.info/namespace/2009/song" version="0.8" createdIn="OpenLP 1.9.9" modifiedIn="OpenLP 1.9.9" modifiedDate="2012-09-30T13:19:47">
  <properties>
    <titles>
      <title>nao-temerei</title>
    </titles>
    <authors>
      <author>Diante do Trono</author>
    </authors>
  </properties>
  <lyrics>
    <verse name="v1">
      <lines>Não Temerei</lines>
    </verse>
    <verse name="v2">
      <lines>Tenho prazer em Ti, em toda a Tua lei<br/>Em cada palavra que dizes, firmado sempre estarei.</lines>
    </verse>
    <verse name="v3">
      <lines>Confio meu coração à mais profunda raiz<br/>Inteiro na Tua mão, caminho pra ser feliz.</lines>
    </verse>
    <verse name="v4">
      <lines>Não há trevas para Ti,<br/>Tua luz brilha mais forte<br/>Não há quem possa contra Ti<br/>Nem a própria morte.</lines>
    </verse>
    <verse name="v5">
      <lines>Eu não temerei o inimigo,<br/>Jamais serei abalado<br/>Eu não temerei más notícias<br/>Pois sei que estás ao meu lado.</lines>
    </verse>
    <verse name="v6">
      <lines>Eu não temerei...<br/>Sei que estás comigo<br/>Eu não temerei...<br/>És meu maior abrigo<br/>Eu não temerei...<br/>És meu melhor amigo Eu não temerei...</lines>
    </verse>
    <verse name="v7">
      <lines>Não temerei...<br/>Não temerei...</lines>
    </verse>
  </lyrics>
</song>
