<?xml version='1.0' encoding='utf-8'?>
<song xmlns="http://openlyrics.info/namespace/2009/song" version="0.8" createdIn="OpenLP 1.9.9" modifiedIn="OpenLP 1.9.9" modifiedDate="2012-09-30T13:19:47">
  <properties>
    <titles>
      <title>nao-temas</title>
    </titles>
    <authors>
      <author>Diante do Trono</author>
    </authors>
  </properties>
  <lyrics>
    <verse name="v1">
      <lines>Não Temas</lines>
    </verse>
    <verse name="v2">
      <lines>Não te - mas<br/>Não te - mas<br/>Não te - mas... não!</lines>
    </verse>
    <verse name="v3">
      <lines>Agindo eu, quem impedirá?<br/>Agindo eu, quem impedirá?<br/>Agindo eu, quem impedirá?<br/>Agindo eu, quem impedirá?</lines>
    </verse>
    <verse name="v4">
      <lines>Quando andares pelas águas<br/>Não te afogarás<br/>Quando pelo fogo<br/>Não te queimarás<br/>Não temas, sou contigo<br/>Agindo eu, quem impedirá?</lines>
    </verse>
  </lyrics>
</song>
