<?xml version='1.0' encoding='utf-8'?>
<song xmlns="http://openlyrics.info/namespace/2009/song" version="0.8" createdIn="OpenLP 1.9.9" modifiedIn="OpenLP 1.9.9" modifiedDate="2012-09-30T13:19:47">
  <properties>
    <titles>
      <title>nao-posso-pagar</title>
    </titles>
    <authors>
      <author>Diante do Trono</author>
    </authors>
  </properties>
  <lyrics>
    <verse name="v1">
      <lines>Não Posso Pagar</lines>
    </verse>
    <verse name="v2">
      <lines>Como eu nasci?<br/>Como cheguei aqui?<br/>Para onde vou?<br/>As respostas encontrei no Salvador</lines>
    </verse>
    <verse name="v3">
      <lines>Não posso pagar<br/>Não posso pagar<br/>Tudo o que eu faço é tão pouco<br/>Diante do preço que foi pago<br/>Pra me salvar</lines>
    </verse>
    <verse name="v4">
      <lines>Jesus se entregou<br/>Por mim se humilhou<br/>Pagou a minha dívida na Cruz<br/>E ali me curou e me salvou</lines>
    </verse>
    <verse name="v5">
      <lines>Hoje sei porque nasci<br/>A razão do meu existir<br/>É maior do que eu mesmo<br/>É divino não tem fim<br/>Fui comprado pelo preço<br/>Mais caro deste mundo<br/>A cada dia estou mais preso<br/>Na liberdade que hoje tenho</lines>
    </verse>
  </lyrics>
</song>
