<?xml version='1.0' encoding='utf-8'?>
<song xmlns="http://openlyrics.info/namespace/2009/song" version="0.8" createdIn="OpenLP 1.9.9" modifiedIn="OpenLP 1.9.9" modifiedDate="2012-09-30T13:19:48">
  <properties>
    <titles>
      <title>nenhum-deus-como-tu</title>
    </titles>
    <authors>
      <author>Diante do Trono</author>
    </authors>
  </properties>
  <lyrics>
    <verse name="v1">
      <lines>Nenhum Deus como tu</lines>
    </verse>
    <verse name="v2">
      <lines>Tens o nome sobre todo nome<br/>E no trono do universo, Tu estás<br/>Teu domínio é para sempre<br/>E diante de Tua glória<br/>Tudo se dobrará</lines>
    </verse>
    <verse name="v3">
      <lines>Por que diriam as nações:<br/>"Onde está o teu Deus?"<br/>Soberano Tu és e reinas<br/>Minha vida está em Ti<br/>E vivo a proclamar entre as nações<br/>Que Tu és Deus</lines>
    </verse>
    <verse name="v4">
      <lines>E não há nenhum deus como Tu, Jesus<br/>Não há nenhum deus como Tu<br/>E não há nenhum deus como Tu, Jesus<br/>Adorado, exaltado</lines>
    </verse>
  </lyrics>
</song>
