<?xml version='1.0' encoding='utf-8'?>
<song xmlns="http://openlyrics.info/namespace/2009/song" version="0.8" createdIn="OpenLP 1.9.9" modifiedIn="OpenLP 1.9.9" modifiedDate="2012-09-30T13:20:28">
  <properties>
    <titles>
      <title>NENHUM DEUS COMO TU</title>
    </titles>
    <authors>
      <author>NÍVEA SOARES</author>
    </authors>
  </properties>
  <lyrics>
    <verse name="v1">
      <lines>TENS O NOME<br/>SOBRE TODO NOME<br/>E NO TRONO DO<br/>UNIVERSO TU ESTÁS<br/>TEU DOMÍNIO É PARA SEMPRE<br/>E DIANTE DE TUA GLÓRIA<br/>TUDO SE DOBRARÁ</lines>
    </verse>
    <verse name="v2">
      <lines>PORQUE DIRIAM AS NAÇÕES:<br/>""ONDE ESTÁ O TEU DEUS?""<br/>SOBERANO TU ÉS, E REINAS<br/>MINHA VIDA ESTÁ EM TI<br/>E VIVO A PROCLAMAR<br/>ENTRE AS NAÇÕES<br/>QUE TU ÉS DEUS</lines>
    </verse>
    <verse name="v3">
      <lines>E NÃO HÁ NENHUM DEUS<br/>COMO TU, JESUS<br/>NÃO HÁ NENHUM DEUS<br/>COMO TU<br/>E NÃO HÁ NENHUM DEUS<br/>COMO TU, JESUS<br/>ADORADO, EXALTADO</lines>
    </verse>
    <verse name="v4">
      <lines>ADORADO, EXALTADO</lines>
    </verse>
  </lyrics>
</song>
