<?xml version='1.0' encoding='utf-8'?>
<song xmlns="http://openlyrics.info/namespace/2009/song" version="0.8" createdIn="OpenLP 1.9.9" modifiedIn="OpenLP 1.9.9" modifiedDate="2012-09-30T13:19:48">
  <properties>
    <titles>
      <title>no-mundo-inteiro</title>
    </titles>
    <authors>
      <author>Diante do Trono</author>
    </authors>
  </properties>
  <lyrics>
    <verse name="v1">
      <lines>No Mundo inteiro</lines>
    </verse>
    <verse name="v2">
      <lines>Crianças, Crianças<br/>No Mundo Inteiro<br/>Crianças de toda língua e cor<br/>Crianças, Crianças<br/>No Mundo Inteiro<br/>Crianças queridas do Salvador<br/>No Mundo Inteiro<br/>Queremos Cantar<br/>O amor que Jesus<br/>Tem por todas as crianças<br/>Em todas as nações<br/>Em todo lugar!<br/>Crianças, Crianças<br/>No Mundo Inteiro<br/>Crianças de toda língua e cor<br/>Crianças, Crianças<br/>No Mundo Inteiro<br/>Crianças queridas do Salvador<br/>No Mundo Inteiro<br/>Queremos Cantar<br/>O amor que Jesus<br/>Tem por todas as crianças<br/>Em todas as nações<br/>Em todo lugar!<br/>Crianças no Brasil:<br/>Jesus Te Ama<br/>Lá entre os índios também:<br/>Oyokopi Ituko´oviti (Terena)<br/>Na América do Sul:<br/>Jesús Te Ama (Espanhol)<br/>E lá no norte também:<br/>Jesus Loves You (Inglês)<br/>Crianças no Mundo Inteiro!<br/>Crianças, Crianças<br/>No Mundo Inteiro<br/>Crianças de toda língua e cor<br/>Crianças, Crianças<br/>No Mundo Inteiro<br/>Crianças queridas do Salvador<br/>Crianças na Europa:<br/>Jezusi Të Do (Albanês)<br/>E lá na África também:<br/>Jesus Ogbe Ednva Aniyamo (Dialeto Bijagô)<br/>No Oriente Médio:<br/>Yassua Byahabak (Árabe)<br/>Lá na Ásia também:<br/>Ieshu Anatatawo Ashiteru (Japonês)<br/>Yeshu Pyar Kartha Hai (Hindi)<br/>Crianças No Mundo Inteiro!<br/>Crianças, Crianças<br/>No Mundo Inteiro<br/>Crianças de toda língua e cor<br/>Crianças, Crianças<br/>No Mundo Inteiro<br/>Crianças queridas do Salvador<br/>Jesus Te Ama<br/>Oyokopi Ituko´oviti (Terena)<br/>Jesús Te Ama (Espanhol)<br/>Jesus Loves You (Inglês)<br/>Jezusi Të Do (Albanês)<br/>Jesus Ogbe Ednva Aniyamo (Dialeto Bijagô)<br/>Yassua Byahabak (Árabe)<br/>Ieshu Anatatawo Ashiteru (Japonês)<br/>Yeshu Pyar Kartha Hai (Hindi)<br/>Crianças No Mundo Inteiro!</lines>
    </verse>
  </lyrics>
</song>
