<?xml version='1.0' encoding='utf-8'?>
<song xmlns="http://openlyrics.info/namespace/2009/song" version="0.8" createdIn="OpenLP 1.9.9" modifiedIn="OpenLP 1.9.9" modifiedDate="2012-09-30T13:19:48">
  <properties>
    <titles>
      <title>no-teu-altar</title>
    </titles>
    <authors>
      <author>Diante do Trono</author>
    </authors>
  </properties>
  <lyrics>
    <verse name="v1">
      <lines>No Teu Altar</lines>
    </verse>
    <verse name="v2">
      <lines>Não posso mais viver pra mim mesmo<br/>Ajuda-me Senhor<br/>Ensina-me os Teus pensamentos<br/>Que são maiores que os meus<br/>Os meus sonhos te dou<br/>Os meus planos, meu querer deixo em Teu altar</lines>
    </verse>
    <verse name="v3">
      <lines>Lugar de Morte, lugar de se entregar<br/>Como um sacrifício vivo a Ti<br/>Lugar de Renúncia, lugar de confiar<br/>Que Tua graça é melhor que a vida<br/>Estou no Teu Altar</lines>
    </verse>
  </lyrics>
</song>
