<?xml version='1.0' encoding='utf-8'?>
<song xmlns="http://openlyrics.info/namespace/2009/song" version="0.8" createdIn="OpenLP 1.9.9" modifiedIn="OpenLP 1.9.9" modifiedDate="2012-09-30T13:19:48">
  <properties>
    <titles>
      <title>nos-bracos-do-pai</title>
    </titles>
    <authors>
      <author>Diante do Trono</author>
    </authors>
  </properties>
  <lyrics>
    <verse name="v1">
      <lines>Nos Braços Do Pai</lines>
    </verse>
    <verse name="v2">
      <lines>Pai, estou aqui, olha pra mim<br/>Desesperado por mais de Ti<br/>A Tua presença é o meu sustento<br/>A Tua palavra, meu alimento<br/>Preciso ouvir a Tua Voz dizendo assim:</lines>
    </verse>
    <verse name="v3">
      <lines>Vem filho amado<br/>Vem em meus braços descansar<br/>E bem seguro te conduzirei<br/>Ao meu altar<br/>Ali falarei contigo<br/>Com Meu amor te envolverei<br/>Quero olhar em teus olhos<br/>Tua feridas sararei<br/>Vem filho amado<br/>Vem como estás</lines>
    </verse>
    <verse name="v4">
      <lines>Pai, meu Pai<br/>Meu Papai, Abba Pai</lines>
    </verse>
  </lyrics>
</song>
