<?xml version='1.0' encoding='utf-8'?>
<song xmlns="http://openlyrics.info/namespace/2009/song" version="0.8" createdIn="OpenLP 1.9.9" modifiedIn="OpenLP 1.9.9" modifiedDate="2012-09-30T13:19:48">
  <properties>
    <titles>
      <title>o-amor-do-nosso-deus</title>
    </titles>
    <authors>
      <author>Diante do Trono</author>
    </authors>
  </properties>
  <lyrics>
    <verse name="v1">
      <lines>O Amor do Nosso Deus</lines>
    </verse>
    <verse name="v2">
      <lines>Jesus deixou toda a sua glória<br/>Veio ao mundo como homem pra nos salvar<br/>Viveu aqui e conheceu nossas dores<br/>Mas tudo Ele sofreu e venceu em nosso lugar<br/>Pra nos mostrar que o Criador, o único Deus<br/>Nos ama e deseja restaurar<br/>Seu perdão vai além dos céus<br/>Nem um monte é tão alto<br/>Nem um vale tão profundo<br/>Como o amor do nosso Deus</lines>
    </verse>
    <verse name="v3">
      <lines>Grande, tão grande; alto, tão alto<br/>Fundo, profundo, é maior que o mundo<br/>Mas é pequeno, cabe lá dentro<br/>Do coração de quem se entrega ao Salvador</lines>
    </verse>
    <verse name="v4">
      <lines>Você, também, meu amigo<br/>Precisa abrir o seu coração<br/>E receber o amor de Deus<br/>Se entregando a Jesus</lines>
    </verse>
  </lyrics>
</song>
