<?xml version='1.0' encoding='utf-8'?>
<song xmlns="http://openlyrics.info/namespace/2009/song" version="0.8" createdIn="OpenLP 1.9.9" modifiedIn="OpenLP 1.9.9" modifiedDate="2012-09-30T13:19:50">
  <properties>
    <titles>
      <title>o-arco-iris</title>
    </titles>
    <authors>
      <author>Diante do Trono</author>
    </authors>
  </properties>
  <lyrics>
    <verse name="v1">
      <lines>O arco-íris</lines>
    </verse>
    <verse name="v2">
      <lines>Olhe pra o céu num dia de chuva,<br/>quando sol raiar<br/>você vai ver o arco-íris<br/>pintado nas nuvens para nos<br/>lembrar do que Deus fez.<br/>Celebramos tua bondade<br/>Senhor que nos salvou.<br/>Vamos comemorar a misericórdia do nosso Deus,<br/>vamos nos alegrar na aliança que conosco ele fez.</lines>
    </verse>
  </lyrics>
</song>
