<?xml version='1.0' encoding='utf-8'?>
<song xmlns="http://openlyrics.info/namespace/2009/song" version="0.8" createdIn="OpenLP 1.9.9" modifiedIn="OpenLP 1.9.9" modifiedDate="2012-09-30T13:19:50">
  <properties>
    <titles>
      <title>o-balsamo-de-gileade</title>
    </titles>
    <authors>
      <author>Diante do Trono</author>
    </authors>
  </properties>
  <lyrics>
    <verse name="v1">
      <lines>O Bálsamo de Gileade</lines>
    </verse>
    <verse name="v2">
      <lines>Vinde, voltemos ao senhor<br/>Pois ele nos despedaçou e nos sarará<br/>Fez a ferida e a ligará<br/>Nos revigorará e viveremos diante dele<br/>Há um bálsamo em gileade<br/>Há unção em gileade<br/>Vem sobre mim para curar<br/>Vem sobre a filha de sião<br/>Há um médico em gileade<br/>Há remédio em gileade<br/>Vem sobre mim para curar<br/>Restaura a filha de sião<br/>Há um bálsamo em gileade<br/>Há unção em gileade<br/>Vem sobre mim para curar<br/>Vem sobre a filha de sião<br/>Há um médico em gileade<br/>Há remédio em gileade<br/>Vem sobre mim para curar<br/>Restaura a filha de sião</lines>
    </verse>
  </lyrics>
</song>
