<?xml version='1.0' encoding='utf-8'?>
<song xmlns="http://openlyrics.info/namespace/2009/song" version="0.8" createdIn="OpenLP 1.9.9" modifiedIn="OpenLP 1.9.9" modifiedDate="2012-09-30T13:19:50">
  <properties>
    <titles>
      <title>o-cheiro-das-aguas</title>
    </titles>
    <authors>
      <author>Diante do Trono</author>
    </authors>
  </properties>
  <lyrics>
    <verse name="v1">
      <lines>O Cheiro Das Águas</lines>
    </verse>
    <verse name="v2">
      <lines>Há esperança para o ferido<br/>Como árvore cortado, marcado pela dor<br/>Ainda que na terra envelheça a raiz<br/>E no chão, abandonado, o seu tronco morrer</lines>
    </verse>
    <verse name="v3">
      <lines>Há esperança pra você!</lines>
    </verse>
    <verse name="v4">
      <lines>Ao cheiro das águas brotará<br/>Como planta nova florescerá<br/>Seus ramos se renovarão<br/>Não cessarão os seus frutos<br/>E viverá</lines>
    </verse>
  </lyrics>
</song>
