<?xml version='1.0' encoding='utf-8'?>
<song xmlns="http://openlyrics.info/namespace/2009/song" version="0.8" createdIn="OpenLP 1.9.9" modifiedIn="OpenLP 1.9.9" modifiedDate="2012-09-30T13:19:50">
  <properties>
    <titles>
      <title>o-deus</title>
    </titles>
    <authors>
      <author>Diante do Trono</author>
    </authors>
  </properties>
  <lyrics>
    <verse name="v1">
      <lines>Ó Deus</lines>
    </verse>
    <verse name="v2">
      <lines>Bate no coração um vazio tão grande<br/>Mas sei onde o preencher:<br/>Em Tua presença!<br/>Ouço Tua voz me chamando:<br/>"Meu filho vem me buscar!"<br/>Faz os meus pés como os da corça<br/>Pra Te encontrar.<br/>Ó Deus! Tu és o meu prazer,<br/>Vou correndo pra em Ti me acolher<br/>Ó Deus! Minha alegria é Te amar<br/>Te conhecer, ser amigo Teu!</lines>
    </verse>
  </lyrics>
</song>
