<?xml version='1.0' encoding='utf-8'?>
<song xmlns="http://openlyrics.info/namespace/2009/song" version="0.8" createdIn="OpenLP 1.9.9" modifiedIn="OpenLP 1.9.9" modifiedDate="2012-09-30T13:19:51">
  <properties>
    <titles>
      <title>o-espirito-a-noiva-dizem-vem</title>
    </titles>
    <authors>
      <author>Diante do Trono</author>
    </authors>
  </properties>
  <lyrics>
    <verse name="v1">
      <lines>O Espírito e a Noiva Dizem Vem</lines>
    </verse>
    <verse name="v2">
      <lines>Ouço o som de muitas águas<br/>Ouço vozes celestiais<br/>Toda a criação celebra<br/>Aquele que vem<br/>Multidões com vestes brancas<br/>De toda língua e nação<br/>Aguardando o grande dia<br/>Em que o verão face a face<br/>Seus olhos são como fogo<br/>Sua voz como um trovão<br/>Sobre um cavalo branco ele vem<br/>Amado das nossas almas<br/>Queremos contigo estar<br/>O espírito e a noiva dizem vem<br/>Senhor jesus</lines>
    </verse>
    <verse name="v3">
      <lines>Eis que vem com as nuvens e todo olho o verá<br/>Alfa e ômega, princípio e fim<br/>Aquele que quiser beba da água da vida<br/>Pois sem demora vem<br/>Vem pra nos buscar<br/>Segundo as nossas obras<br/>Nos retribuirá<br/>E o sangue do cordeiro<br/>Queremos nos lavar<br/>Seus olhos são como fogo<br/>Sua voz como um trovão<br/>Sobre um cavalo branco ele vem<br/>Amado das nossas almas<br/>Queremos contigo estar<br/>O espírito e a noiva dizem vem</lines>
    </verse>
  </lyrics>
</song>
