<?xml version='1.0' encoding='utf-8'?>
<song xmlns="http://openlyrics.info/namespace/2009/song" version="0.8" createdIn="OpenLP 1.9.9" modifiedIn="OpenLP 1.9.9" modifiedDate="2012-09-30T13:19:51">
  <properties>
    <titles>
      <title>o-senhor-sempre-esta</title>
    </titles>
    <authors>
      <author>Diante do Trono</author>
    </authors>
  </properties>
  <lyrics>
    <verse name="v1">
      <lines>O Senhor Sempre Está</lines>
    </verse>
    <verse name="v2">
      <lines>Desde o dia em que aceitei a Cristo<br/>A minha vida mudou<br/>Não posso mais viver sem o Seu amor</lines>
    </verse>
    <verse name="v3">
      <lines>Meu companheiro é Seu Santo Espírito<br/>Pra sempre me guiará<br/>Mesmo no vale da Morte comigo está</lines>
    </verse>
    <verse name="v4">
      <lines>Por onde quer que eu vá o Senhor sempre está<br/>Por onde quer que eu vá, Tu estás</lines>
    </verse>
    <verse name="v5">
      <lines>Se eu cair no mais profundo abismo<br/>Contigo me encontrarei<br/>Com a alegria de Cristo me fortalecerei</lines>
    </verse>
    <verse name="v6">
      <lines>Quando estiver perdido em pensamentos<br/>Pra longe me ausentar<br/>Com Sua graça estará pra me resgatar</lines>
    </verse>
    <verse name="v7">
      <lines>Jesus,Jesus,Jesus<br/>Comigo está,nunca me deixará<br/>Comigo está, sempre me guiará.</lines>
    </verse>
  </lyrics>
</song>
