<?xml version='1.0' encoding='utf-8'?>
<song xmlns="http://openlyrics.info/namespace/2009/song" version="0.8" createdIn="OpenLP 1.9.9" modifiedIn="OpenLP 1.9.9" modifiedDate="2012-09-30T13:19:52">
  <properties>
    <titles>
      <title>o-teu-amor</title>
    </titles>
    <authors>
      <author>Diante do Trono</author>
    </authors>
  </properties>
  <lyrics>
    <verse name="v1">
      <lines>O Teu Amor</lines>
    </verse>
    <verse name="v2">
      <lines>O Teu amor é maior que o meu pecado<br/>O Teu amor é mais forte que a minha dor<br/>O Teu amor demonstrado no Calvário<br/>Vai mais além do que eu possa imaginar</lines>
    </verse>
    <verse name="v3">
      <lines>O Teu amor quebra todas as correntes<br/>O Teu amor toca quem ninguém quer mais tocar<br/>O Teu amor que venceu a própria morte<br/>Vai mais além do que eu possa imaginar</lines>
    </verse>
    <verse name="v4">
      <lines>O Teu amor, Senhor Jesus, não tem limites<br/>É incomparável, irresistível<br/>Ninguém é mais o mesmo ao se encontrar contigo<br/>És incomparável, irresistível</lines>
    </verse>
    <verse name="v5">
      <lines>Ninguém tem maior amor<br/>Dar a vida pelo pecador<br/>O Teu amor<br/>Demonstrado no calvário<br/>Vai mais Além do que eu possa imaginar</lines>
    </verse>
    <verse name="v6">
      <lines>Ninguém tem maior amor<br/>Dar a vida pelo pecador<br/>O Teu amor<br/>Que venceu a própria morte<br/>Vai mais além do que eu possa imaginar</lines>
    </verse>
  </lyrics>
</song>
