<?xml version='1.0' encoding='utf-8'?>
<song xmlns="http://openlyrics.info/namespace/2009/song" version="0.8" createdIn="OpenLP 1.9.9" modifiedIn="OpenLP 1.9.9" modifiedDate="2012-09-30T13:19:50">
  <properties>
    <titles>
      <title>oasis</title>
    </titles>
    <authors>
      <author>Diante do Trono</author>
    </authors>
  </properties>
  <lyrics>
    <verse name="v1">
      <lines>Oásis</lines>
    </verse>
    <verse name="v2">
      <lines>Tu és oásis no deserto<br/>Água fresca num dia quente<br/>Se eu não parar pra beber de Ti<br/>Eu não poderei prosseguir</lines>
    </verse>
    <verse name="v3">
      <lines>Tu és o pão que alimenta<br/>Verdadeira comida<br/>Se eu não parar pra comer de Ti<br/>Eu não poderei prosseguir</lines>
    </verse>
    <verse name="v4">
      <lines>Tu és a fonte de vida no meu interior<br/>Tu és o pão da vida<br/>Eu viverei por Ti</lines>
    </verse>
  </lyrics>
</song>
