<?xml version='1.0' encoding='utf-8'?>
<song xmlns="http://openlyrics.info/namespace/2009/song" version="0.8" createdIn="OpenLP 1.9.9" modifiedIn="OpenLP 1.9.9" modifiedDate="2012-09-30T13:19:50">
  <properties>
    <titles>
      <title>obedecer</title>
    </titles>
    <authors>
      <author>Diante do Trono</author>
    </authors>
  </properties>
  <lyrics>
    <verse name="v1">
      <lines>Obedecer<br/>Obedecer é mais que importante<br/>É prova de amor<br/>Com alegria, eu vou obedecer ao senhor</lines>
    </verse>
    <verse name="v2">
      <lines>Jesus falou que se eu sou amigo dele, eu vou obedecer<br/>Aquilo que ele quer pra mim é sempre o melhor, eu vou obedecer<br/>Obedecer é mais que importante...[2x]<br/>A bíblia ensina que eu preciso honrar meus pais, eu vou obedecer<br/>Se eu quero ser um filho abençoado, eu vou obedecer<br/>Obedecer é mais que importante [2x]<br/>Eu sou um filho inteligente, eu sou obediente<br/>Eu provo o mue amor<br/>E tudo o que jesus me diz, eu sigo fielmente<br/>Eu amo o meu senhor<br/>Obedecer é mais que importante...<br/>Obedecer é mais que importante...<br/>Obedecer!</lines>
    </verse>
  </lyrics>
</song>
