<?xml version='1.0' encoding='utf-8'?>
<song xmlns="http://openlyrics.info/namespace/2009/song" version="0.8" createdIn="OpenLP 1.9.9" modifiedIn="OpenLP 1.9.9" modifiedDate="2012-09-30T13:19:50">
  <properties>
    <titles>
      <title>obrigado-jesus</title>
    </titles>
    <authors>
      <author>Diante do Trono</author>
    </authors>
  </properties>
  <lyrics>
    <verse name="v1">
      <lines>Obrigado Jesus</lines>
    </verse>
    <verse name="v2">
      <lines>É pouco é muito pouco<br/>Tem muito mais pra acontecer comigo<br/>É grande é muito grande<br/>Cada promessa que eu tenho em Cristo</lines>
    </verse>
    <verse name="v3">
      <lines>Obrigado Jesus<br/>Te louvo<br/>Pelo preço pago no Calvário</lines>
    </verse>
    <verse name="v4">
      <lines>Pequeno muito pequeno<br/>É o inimigo diante do Deus vivo<br/>Gigante muito gigante<br/>É o anjo que está aqui comigo</lines>
    </verse>
  </lyrics>
</song>
