<?xml version='1.0' encoding='utf-8'?>
<song xmlns="http://openlyrics.info/namespace/2009/song" version="0.8" createdIn="OpenLP 1.9.9" modifiedIn="OpenLP 1.9.9" modifiedDate="2012-09-30T13:19:51">
  <properties>
    <titles>
      <title>onde-eu-tocar</title>
    </titles>
    <authors>
      <author>Diante do Trono</author>
    </authors>
  </properties>
  <lyrics>
    <verse name="v1">
      <lines>Onde Eu Tocar</lines>
    </verse>
    <verse name="v2">
      <lines>Quero ser um instrumento em Tuas mãos<br/>A começar em minha vida, haja libertação<br/>Quero ser um testemunho de transformação<br/>A começar em minha vida, haja restauração</lines>
    </verse>
    <verse name="v3">
      <lines>E onde eu tocar<br/>Haverá mudança<br/>Haverá tua benção, pois estás comigo<br/>Tua glória se revelará</lines>
    </verse>
    <verse name="v4">
      <lines>E onde eu passar<br/>Haverá alegria<br/>Haverá justiça, pois tua santidade<br/>Em mim se mostrará</lines>
    </verse>
    <verse name="v5">
      <lines>Faz-me um instrumento em tuas mãos<br/>Faz-me um testemunho de transformação - 2 vezes</lines>
    </verse>
  </lyrics>
</song>
