<?xml version='1.0' encoding='utf-8'?>
<song xmlns="http://openlyrics.info/namespace/2009/song" version="0.8" createdIn="OpenLP 1.9.9" modifiedIn="OpenLP 1.9.9" modifiedDate="2012-09-30T13:19:51">
  <properties>
    <titles>
      <title>oracao</title>
    </titles>
    <authors>
      <author>Diante do Trono</author>
    </authors>
  </properties>
  <lyrics>
    <verse name="v1">
      <lines>Oração</lines>
    </verse>
    <verse name="v2">
      <lines>Levante as suas mãos e diga: "eu quero, senhor, viver a<br/>Novidade de vida que o senhor conquistou para mim.<br/>Diga: "eu quero, senhor, ver a minha casa, a minha<br/>Família, vivendo uma nova vida, eu quero, senhor, ver<br/>Os meus amigos, meus vizinhos, meus colegas de escola,<br/>De trabalho, conhecendo o teu amor, eu quero, senhor,<br/>Ser sal desta terra, ser luz deste mundo, eu quero,<br/>Senhor, que a tua obra em mim, demonstre a todos o teu<br/>Poder para restaurar. eis-me aqui, senhor, usa a minha<br/>Vida. como um vaso novo, a tua igreja se apresenta a<br/>Ti..."<br/>Uuuu, coloque diante do senhor a sua vida, oh, igreja,<br/>Ah, comece a orar, comece a colocar o seu coração, a<br/>Sua casa. como é que as nossas cidades serão<br/>Transformadas, como é que o nosso brasil vai ser<br/>Alcançado? tem que começar pelo povo de deus que tem<br/>Uma promessa, que tem uma promessa de restauração, de<br/>Vitória, de santidade. ah, coloque diante do senhor,<br/>Talvez aquelas áreas da sua vida, onde vc ainda se vê<br/>Preso, tantos jovens na prostituição, quantas vezes as<br/>Nossas vestes não são vestes de louvor, mas são vestes<br/>De sensualidade, quantas vezes as nossas palavras são<br/>Cheias de murmuração, palavras ferinas. coloque sua<br/>Vida diante do senhor, diga: "eu quero ser livre,<br/>Jesus, nos namoros, nos casamentos, quantas famílias,<br/>O senhor quer levantar a sua casa como referencial na<br/>Nossa nação, ele quer restaurar o seu casamento, oh,<br/>Oh, jesus, faça o teu povo livre, senhor. não queremos<br/>Mais viver a nossa vida, tão limitados em nossos<br/>Próprios pensamentos, em nossas próprias vontades, mas<br/>Queremos, senhor, caminhar aqui dizendo: " não mais eu,<br/>Mas é cristo quem vive em mim, é cristo quem vive em<br/>Mim, senhor", e que o brasil veja a tua igreja<br/>Espelhando a tua glória. coloque-se diante do senhor.<br/>É sua a escolha de sair daqui diferente porque o poder<br/>De deus está aqui para quebrar cadeias....</lines>
    </verse>
  </lyrics>
</song>
