<?xml version='1.0' encoding='utf-8'?>
<song xmlns="http://openlyrics.info/namespace/2009/song" version="0.8" createdIn="OpenLP 1.9.9" modifiedIn="OpenLP 1.9.9" modifiedDate="2012-09-30T13:19:51">
  <properties>
    <titles>
      <title>os-filhos-sao-do-senhor</title>
    </titles>
    <authors>
      <author>Diante do Trono</author>
    </authors>
  </properties>
  <lyrics>
    <verse name="v1">
      <lines>Os Filhos São do Senhor</lines>
    </verse>
    <verse name="v2">
      <lines>Os filhos são do Senhor<br/>Os filhos são do Senhor</lines>
    </verse>
    <verse name="v3">
      <lines>Papai e mamãe tenham coragem<br/>De dedicar seus filhos ao Senhor<br/>Parem de sonhar outros sonhos para nós</lines>
    </verse>
    <verse name="v4">
      <lines>Pode ser músico, ou um cantor<br/>ou um dentista, ou pastor<br/>Mas nós queremos servir ao Senhor</lines>
    </verse>
    <verse name="v5">
      <lines>Os filhos são do Senhor<br/>Os filhos são do Senhor</lines>
    </verse>
    <verse name="v6">
      <lines>Papai e mamãe não tenham medo<br/>De dedicar os seus filhos ao Senhor<br/>Lembre-se de que:<br/>Quem me deu pra você<br/>Não foi o médico, nem a cegonha<br/>Antes mesmo de nascer<br/>Quem me deu pra você?</lines>
    </verse>
    <verse name="v7">
      <lines>Os filhos são do Senhor</lines>
    </verse>
    <verse name="v8">
      <lines>"Herança do Senhor são os filhos, e o fruto do ventre o seu galardão" Salmo 127:3</lines>
    </verse>
    <verse name="v9">
      <lines>Os filhos são do Senhor<br/>Os filhos são do Senhor<br/>Os filhos são do Senhor<br/>Os filhos são do Senhor</lines>
    </verse>
  </lyrics>
</song>
