<?xml version='1.0' encoding='utf-8'?>
<song xmlns="http://openlyrics.info/namespace/2009/song" version="0.8" createdIn="OpenLP 1.9.9" modifiedIn="OpenLP 1.9.9" modifiedDate="2012-09-30T13:19:51">
  <properties>
    <titles>
      <title>os-olhos-do-meu-pai</title>
    </titles>
    <authors>
      <author>Diante do Trono</author>
    </authors>
  </properties>
  <lyrics>
    <verse name="v1">
      <lines>Os olhos do meu pai</lines>
    </verse>
    <verse name="v2">
      <lines>Que profundo olhar me alcançou<br/>Quando eu não tinha forma ou cor<br/>Olhos de amor, de graça e perdão<br/>São os olhos do meu Pai</lines>
    </verse>
    <verse name="v3">
      <lines>Teu olhar, Senhor, me alcançou.<br/>Por detrás das malhadas me viu<br/>Me arrastou para ti, com amor me atraiu<br/>Para viver pra tua Glória</lines>
    </verse>
    <verse name="v4">
      <lines>No mais lindo amanhecer<br/>Ou na noite escura a chorar<br/>Em qualquer lugar, onde quer que eu vá<br/>Teu olhar para sempre eu terei</lines>
    </verse>
    <verse name="v5">
      <lines>Teu olhar, Senhor, me alcançou.<br/>Por detrás das malhadas me viu<br/>Me arrastou para ti, com amor me atraiu<br/>Para viver pra tua Glória</lines>
    </verse>
    <verse name="v6">
      <lines>Teu olhar, Senhor, me alcançou.<br/>Por detrás das malhadas me viu<br/>Me arrastou para ti, com amor me atraiu<br/>Para viver pra tua Glória</lines>
    </verse>
    <verse name="v7">
      <lines>Os teus olhos vão me guiar<br/>Aos perdidos que cegos estão<br/>Quando virem tua luz, como filhos dirão:<br/>"São os olhos do meu Pai"</lines>
    </verse>
    <verse name="v8">
      <lines>Teu olhar, Senhor, me alcançou.<br/>Por detrás das malhadas me viu<br/>Me arrastou para ti, com amor me atraiu<br/>Para viver pra tua Glória</lines>
    </verse>
    <verse name="v9">
      <lines>Teu olhar, Senhor, me alcançou.<br/>Por detrás das malhadas me viu<br/>Me arrastou para ti, com amor me atraiu<br/>Para viver pra tua Glória</lines>
    </verse>
    <verse name="v10">
      <lines>Para viver pra tua glória</lines>
    </verse>
    <verse name="v11">
      <lines>Para viver pra tua glória</lines>
    </verse>
  </lyrics>
</song>
