<?xml version='1.0' encoding='utf-8'?>
<song xmlns="http://openlyrics.info/namespace/2009/song" version="0.8" createdIn="OpenLP 1.9.9" modifiedIn="OpenLP 1.9.9" modifiedDate="2012-09-30T13:19:52">
  <properties>
    <titles>
      <title>ouve-senhor</title>
    </titles>
    <authors>
      <author>Diante do Trono</author>
    </authors>
  </properties>
  <lyrics>
    <verse name="v1">
      <lines>Ouve Senhor</lines>
    </verse>
    <verse name="v2">
      <lines>Ouve Senhor as palavras de afronta<br/>Escuta ó Deus<br/>O que diz o inimigo contra mim<br/>Se levanta para intimidar<br/>Dizendo que o Senhor não me livrará<br/>Mas uma coisa eu faço<br/>Venho a ti em panos de saco<br/>Te apresento o meu clamor<br/>Dia de angústia, de perseguição<br/>Dia de vergonha<br/>Mas sei que o meu Deus não é como os outros<br/>Feitos por mãos<br/>Abre os teus olhos, Senhor, e vê<br/>Criador dos céus e da terra<br/>Salva-nos das suas mãos agora<br/>E que todos saibam<br/>Que só tu Senhor és Deus<br/>Assim diz o senhor, o Deus de Israel<br/>Ouvi filho meu<br/>A oração que fizeste a mim<br/>Eu defenderei tua vida<br/>Te salvarei por amor de mim<br/>E acerca do inimigo<br/>Digo assim não corres perigo<br/>Zomba dele ó filha de Sião<br/>Despreza e zomba do inimigo<br/>Enquanto ele foge<br/>Não foi contra ti que blasfemou<br/>Ou levantou a voz arrogante<br/>Porei um anzol no seu nariz<br/>E um freio na sua boca<br/>E o farei voltar por onde veio<br/>E contra ti nenhuma flecha atirará<br/>Sou Deus que dá vitória<br/>Me buscaste e Eu, Eu te dou a vitória</lines>
    </verse>
  </lyrics>
</song>
