<?xml version='1.0' encoding='utf-8'?>
<song xmlns="http://openlyrics.info/namespace/2009/song" version="0.8" createdIn="OpenLP 1.9.9" modifiedIn="OpenLP 1.9.9" modifiedDate="2012-09-30T13:19:52">
  <properties>
    <titles>
      <title>pai</title>
    </titles>
    <authors>
      <author>Diante do Trono</author>
    </authors>
  </properties>
  <lyrics>
    <verse name="v1">
      <lines>Pai</lines>
    </verse>
    <verse name="v2">
      <lines>Pai como é bom te chamar assim,<br/>Ter você bem junto de mim e deitar em seu colo.<br/>Meu pai precioso é o teu amor por mim<br/>Tua presença me satisfaz, me faz sentir tão seguro.<br/>Corro pros teus braços de amor,<br/>Como a criança que anseia<br/>Por proteção e por um lugar seguro senhor.<br/>Me toma em tuas mãos senhor e me leva pra passear,<br/>Quero ser um contigo, fomos feitos um pro outro</lines>
    </verse>
  </lyrics>
</song>
