<?xml version='1.0' encoding='utf-8'?>
<song xmlns="http://openlyrics.info/namespace/2009/song" version="0.8" createdIn="OpenLP 1.9.9" modifiedIn="OpenLP 1.9.9" modifiedDate="2012-09-30T13:19:52">
  <properties>
    <titles>
      <title>pai-da-criacao</title>
    </titles>
    <authors>
      <author>Diante do Trono</author>
    </authors>
  </properties>
  <lyrics>
    <verse name="v1">
      <lines>Pai da Criação</lines>
    </verse>
    <verse name="v2">
      <lines>Em tua presença viemos Te louvar<br/>Com cânticos de honra<br/>Pois a vitória Tu nos dás<br/>Me deste vida plena, te amo meu Senhor<br/>E agora o meu prazer é Te entregar o meu louvor</lines>
    </verse>
    <verse name="v3">
      <lines>És o Pai da criação<br/>Cordeiro de Deus<br/>És Aquele que morreu, mas a morte venceu<br/>Teu amor nos libertou, nos fez Teu povo<br/>Contigo andarei cada dia em que eu viver (2x)</lines>
    </verse>
    <verse name="v4">
      <lines>Em tua presença viemos Te louvar<br/>Com cânticos de honra<br/>Pois a vitória Tu nos dás<br/>Me deste vida plena, te amo meu Senhor<br/>E agora o meu prazer é Te entregar o meu louvor</lines>
    </verse>
    <verse name="v5">
      <lines>És o Pai da criação<br/>Cordeiro de Deus<br/>És Aquele que morreu, mas a morte venceu<br/>Teu amor nos libertou, nos fez Teu povo<br/>Contigo andarei cada dia em que eu viver (2x)</lines>
    </verse>
  </lyrics>
</song>
