<?xml version='1.0' encoding='utf-8'?>
<song xmlns="http://openlyrics.info/namespace/2009/song" version="0.8" createdIn="OpenLP 1.9.9" modifiedIn="OpenLP 1.9.9" modifiedDate="2012-09-30T13:19:52">
  <properties>
    <titles>
      <title>pais-da-adoracao</title>
    </titles>
    <authors>
      <author>Diante do Trono</author>
    </authors>
  </properties>
  <lyrics>
    <verse name="v1">
      <lines>País da Adoração</lines>
    </verse>
    <verse name="v2">
      <lines>O país do futebol é o país da adoração</lines>
    </verse>
    <verse name="v3">
      <lines>Nossos estádios ficarão lotados<br/>Não só pra diversão<br/>Haverá apenas uma torcida<br/>Vibrando pela salvação</lines>
    </verse>
    <verse name="v4">
      <lines>Já chegou a bola da vez<br/>O avivamento em nossa geração<br/>Jovens, velhos e crianças<br/>Marcando o gol da salvação<br/>Nós já fomos escalados<br/>Para o time da grande decisão<br/>Luz e trevas se encarando<br/>Mas já sabemos o final!</lines>
    </verse>
    <verse name="v5">
      <lines>O povo, o time, o Deus, o Senhor</lines>
    </verse>
  </lyrics>
</song>
