<?xml version='1.0' encoding='utf-8'?>
<song xmlns="http://openlyrics.info/namespace/2009/song" version="0.8" createdIn="OpenLP 1.9.9" modifiedIn="OpenLP 1.9.9" modifiedDate="2012-09-30T13:19:52">
  <properties>
    <titles>
      <title>palavra-profetica</title>
    </titles>
    <authors>
      <author>Diante do Trono</author>
    </authors>
  </properties>
  <lyrics>
    <verse name="v1">
      <lines>Palavra Profética</lines>
    </verse>
    <verse name="v2">
      <lines>Eu queria dizer nesta hora, a você que é daqui do Rio<br/>de<br/>Janeiro. Sim, vamos aplaudi-lo! Rara! O mundo vê esta<br/>cidade como cartão-postal do Brasil. E são muitos e<br/>muitos os que viajam para celebrar o carnaval neste<br/>lugar. E a nossa nação literalmente pára, para<br/>festejar a festa da carne. Estamos nos aproximando do<br/>final do ano, quando outra vez, muitos virão para<br/>celebrar o deus do ventre, o deus da sensualidade. Eu<br/>quero dizer pra vocês, quantos cariocas estão aqui<br/>nesta<br/>noite? O Senhor deu uma visão de uma grande chave, e<br/>nesta chave está escrito: ?A vitória é do Rio de<br/>Janeiro?. Esta cidade será conhecida, não como as<br/>águas de iemanjá, mas como as águas que revelam a<br/>glória<br/>do Senhor! E que flua de seus corações, que flua das<br/>igrejas desta cidade, um poderoso avivamento, e que o<br/>Rio de Janeiro seja sim, castão-postal do reino de<br/>Deus no Brasil para todas as nações! Oh, Jesus! Eu<br/>creio, diga pro seu irmão: ?Eu creio nos sonhos de<br/>Deus?, um dia nós não teremos o Brasil parando para<br/>celebrar o carnaval, mas parará sim, para dançar nas<br/>ruas a libertação que o Senhor Jesus dará a nossa<br/>terra. Não estaremos mais celebrando feriados de<br/>idolatria, de prostituição espiritual, mas nós<br/>pararemos sim, quantas vezes for preciso, para<br/>declarar que Jesus é o Senhor do Brasil! Jesus é o<br/>Senhor da nossa nação! você pode crer nos sonhos de<br/>Deus? Os bares se fecharão, os motéis se fecharão, as<br/>igrejas não caberão, porque por onde este rio passa,<br/>haverá peixe, diga pro seu irmão: ?Muitas vidas,<br/>muitas vidas! Nós veremos a nossa terra restaurada,<br/>porque<br/>por onde este rio passar, tudo viverá! Se você crê<br/>nisso,<br/>eu quero que você diga comigo: ?Senhor, eis-me aqui,<br/>usa-me para gerar os teus sonhos para a nossa terra. E<br/>que este avivamento saia do Brasil e alcance todas as<br/>nações da terra.? E o Senhor me disse: ? Este<br/>avivamento chegará a todas as nações como um fogo que<br/>ninguém pode parar?...<br/>Dê um brado de vitóriaaaaaaaaaaaaaaaa</lines>
    </verse>
  </lyrics>
</song>
