<?xml version='1.0' encoding='utf-8'?>
<song xmlns="http://openlyrics.info/namespace/2009/song" version="0.8" createdIn="OpenLP 1.9.9" modifiedIn="OpenLP 1.9.9" modifiedDate="2012-09-30T13:19:53">
  <properties>
    <titles>
      <title>para-adorar-ao-senhor</title>
    </titles>
    <authors>
      <author>Diante do Trono</author>
    </authors>
  </properties>
  <lyrics>
    <verse name="v1">
      <lines>Para Adorar Ao Senhor</lines>
    </verse>
    <verse name="v2">
      <lines>É tão bom saber que foi Deus quem me criou<br/>Ele me fez para o seu louvor<br/>E tudo o que existe em mim<br/>Eu consagrarei ao Senhor</lines>
    </verse>
    <verse name="v3">
      <lines>Adorarei ao Senhor!</lines>
    </verse>
    <verse name="v4">
      <lines>Eu pulo bem alto, uso minhas mãos e pés<br/>Para adorar ao Senhor, para adorar ao Senhor<br/>Eu grito bem alto, com minha voz eu vou cantar<br/>Para adorar ao Senhor, para adorar ao Senhor</lines>
    </verse>
    <verse name="v5">
      <lines>Todas as partes do meu corpo, eu sei,<br/>Foram preparadas por suas mãos<br/>Na barriga da minha mãe<br/>Foi Deus quem me formou</lines>
    </verse>
    <verse name="v6">
      <lines>Adorarei ao Senhor!</lines>
    </verse>
    <verse name="v7">
      <lines>(Com todo o meu ser adorarei ao Senhor)</lines>
    </verse>
    <verse name="v8">
      <lines>Pés, mãos, cabeça e ombros<br/>Joelhos, olhos, boca e orelhas<br/>Nariz, língua, barriga e coxas<br/>Costas, pescoço, peito e bumbum<br/>Umbigo, testa e cotovelos<br/>Cabelo, unhas, todos os dedos<br/>Calcanhar, braços e tornozelos<br/>Sobrancelhas, queixo e bochechas<br/>E tudo dentro de mim existe<br/>Para adorar ao Senhor</lines>
    </verse>
    <verse name="v9">
      <lines>(Olha, pessoal, se a gente esqueceu de falar alguma parte do nosso corpo, não tem problema, não! O importante é lembrar que tudo em nós existe pra quê? Para adorar ao Senhor!)</lines>
    </verse>
  </lyrics>
</song>
