<?xml version='1.0' encoding='utf-8'?>
<song xmlns="http://openlyrics.info/namespace/2009/song" version="0.8" createdIn="OpenLP 1.9.9" modifiedIn="OpenLP 1.9.9" modifiedDate="2012-09-30T13:19:53">
  <properties>
    <titles>
      <title>pela-manha</title>
    </titles>
    <authors>
      <author>Diante do Trono</author>
    </authors>
  </properties>
  <lyrics>
    <verse name="v1">
      <lines>Pela Manhã</lines>
    </verse>
    <verse name="v2">
      <lines>Pela manhã eu cantarei louvores à Tua força e fidelidade<br/>Pela manhã eu cantarei louvores à Tua força e fidelidade<br/>Pois Tu és meu alto refúgio<br/>Nos tempos difíceis, abrigo seguro</lines>
    </verse>
    <verse name="v3">
      <lines>Ó, Deus, minha força, louvores cantarei<br/>Ó, Deus que me ama, por Ti esperarei<br/>Tu és meu Deus fiel<br/>Ao meu encontro vem<br/>Pela manhã te louvarei</lines>
    </verse>
  </lyrics>
</song>
