<?xml version='1.0' encoding='utf-8'?>
<song xmlns="http://openlyrics.info/namespace/2009/song" version="0.8" createdIn="OpenLP 1.9.9" modifiedIn="OpenLP 1.9.9" modifiedDate="2012-09-30T13:19:53">
  <properties>
    <titles>
      <title>pelo-teu-amor</title>
    </titles>
    <authors>
      <author>Diante do Trono</author>
    </authors>
  </properties>
  <lyrics>
    <verse name="v1">
      <lines>Pelo Teu Amor</lines>
    </verse>
    <verse name="v2">
      <lines>Sara-me, Senhor, e serei curado (4x)<br/>E serei curado (2x)<br/>Pelo Teu amor</lines>
    </verse>
    <verse name="v3">
      <lines>Limpa-me, Senhor, ficarei limpo (4x)<br/>Ficarei limpo (2x)<br/>Pelo Teu amor</lines>
    </verse>
    <verse name="v4">
      <lines>Liberta-me, Senhor, e serei livre (4x)<br/>E serei livre (2x)<br/>Pelo Teu Amor</lines>
    </verse>
    <verse name="v5">
      <lines>Salva-me, Senhor, e serei salvo (4x)<br/>E serei salvo (2x)<br/>Pelo Teu amor</lines>
    </verse>
  </lyrics>
</song>
