<?xml version='1.0' encoding='utf-8'?>
<song xmlns="http://openlyrics.info/namespace/2009/song" version="0.8" createdIn="OpenLP 1.9.9" modifiedIn="OpenLP 1.9.9" modifiedDate="2012-09-30T13:19:53">
  <properties>
    <titles>
      <title>pequeno-coracao</title>
    </titles>
    <authors>
      <author>Diante do Trono</author>
    </authors>
  </properties>
  <lyrics>
    <verse name="v1">
      <lines>Pequeno Coração</lines>
    </verse>
    <verse name="v2">
      <lines>Senhor, eu quero ser uma benção<br/>Ainda criança, sei que posso orar<br/>E alcançar as vidas,<br/>Distantes, tão sofridas,<br/>Que não conhecem Teu amor</lines>
    </verse>
    <verse name="v3">
      <lines>Senhor, sou tão feliz em te conhecer!<br/>Nas horas difíceis posso confiar,<br/>Mas há muitas crianças sem esperança,<br/>Que em oração eu sei que posso abençoar.</lines>
    </verse>
    <verse name="v4">
      <lines>Uma criança ali tão longe,<br/>Pode ser alcançada<br/>Pelos braços de amor do Senhor Jesus!<br/>Se uma criança aqui, antes de dormir pedir a Deus:<br/>- Estende a tua mão e toca,<br/>Traz esperança ao pequeno coração.</lines>
    </verse>
    <verse name="v5">
      <lines>Senhor, abençoe o pequeno coração<br/>Que está sem esperança<br/>As crianças do mundo inteiro!<br/>Que elas conheçam a tua alegria.<br/>Eu te peço, ó Deus que abençoe as suas famílias<br/>Em nome de Jesus.<br/>Amém</lines>
    </verse>
    <verse name="v6">
      <lines>Deus ama as crianças e quer lhes ensinar<br/>A conhecer o Seu carinho e a Sua alegria.<br/>E a minha oração Deus vai escutar:<br/>- Estende Tua mão e toca.<br/>Traz esperança ao pequeno coração.</lines>
    </verse>
  </lyrics>
</song>
