<?xml version='1.0' encoding='utf-8'?>
<song xmlns="http://openlyrics.info/namespace/2009/song" version="0.8" createdIn="OpenLP 1.9.9" modifiedIn="OpenLP 1.9.9" modifiedDate="2012-09-30T13:19:53">
  <properties>
    <titles>
      <title>poder-do-teu-amor</title>
    </titles>
    <authors>
      <author>Diante do Trono</author>
    </authors>
  </properties>
  <lyrics>
    <verse name="v1">
      <lines>Poder do Teu amor</lines>
    </verse>
    <verse name="v2">
      <lines>Senhor eis me aqui<br/>Vem transformar meu ser<br/>No fluir da graça que encontrei em Ti<br/>Senhor descobri<br/>Que as fraquezas que há em mim<br/>Podem ser vencidas no poder do Teu amor</lines>
    </verse>
    <verse name="v3">
      <lines>Junto a Ti, Teu amor me envolve<br/>Atrai-me para ao Teu lado estar<br/>Espero em Ti e subo como águia<br/>Nas asas do Espírito contigo voarei<br/>No poder do Teu amor</lines>
    </verse>
    <verse name="v4">
      <lines>Face a face quero ver-te meu Senhor<br/>E conhecer o Amor que habita em mim<br/>Vem renovar minha mente em Teu querer<br/>Meus dias viverei no poder do Teu amor</lines>
    </verse>
    <verse name="v5">
      <lines>Junto a Ti, Teu amor me envolve<br/>Atrai-me para ao Teu lado estar<br/>Espero em Ti e subo como águia<br/>Nas asas do Espírito contigo voarei<br/>No poder do Teu amor (2x)</lines>
    </verse>
    <verse name="v6">
      <lines>Nas asas do Espírito contigo voarei<br/>No poder do Teu amor (2x)</lines>
    </verse>
  </lyrics>
</song>
