<?xml version='1.0' encoding='utf-8'?>
<song xmlns="http://openlyrics.info/namespace/2009/song" version="0.8" createdIn="OpenLP 1.9.9" modifiedIn="OpenLP 1.9.9" modifiedDate="2012-09-30T13:20:29">
  <properties>
    <titles>
      <title>PODEROSO DEUS</title>
    </titles>
    <authors>
      <author>DIANTE DO TRONO</author>
    </authors>
  </properties>
  <lyrics>
    <verse name="v1">
      <lines>AO QUE ESTÁ <br/>ASSENTADO <br/>NO TRONO<br/>E AO CORDEIRO <br/>SEJA O LOUVOR</lines>
    </verse>
    <verse name="v2">
      <lines>SEJA A HONRA <br/>SEJA A GLORIA <br/>SEJA O DOMÍNIO <br/>PELOS SÉCULOS<br/>DOS SÉCULOS</lines>
    </verse>
    <verse name="v3">
      <lines>PODEROSO DEUS <br/>PODEROSO DEUS <br/>PODEROSO DEUS <br/>MINH'ALMA<br/>ANSEIA POR TI</lines>
    </verse>
  </lyrics>
</song>
