<?xml version='1.0' encoding='utf-8'?>
<song xmlns="http://openlyrics.info/namespace/2009/song" version="0.8" createdIn="OpenLP 1.9.9" modifiedIn="OpenLP 1.9.9" modifiedDate="2012-09-30T13:19:53">
  <properties>
    <titles>
      <title>podes-falar-senhor</title>
    </titles>
    <authors>
      <author>Diante do Trono</author>
    </authors>
  </properties>
  <lyrics>
    <verse name="v1">
      <lines>Podes Falar, Senhor</lines>
    </verse>
    <verse name="v2">
      <lines>Podes falar, senhor<br/>estou ouvindo<br/>eu quero ser teu amigo<br/>enquanto as pessoas nao te escutam<br/>nem querem saber de ti<br/>estou aqui<br/>querendo te ouvir</lines>
    </verse>
    <verse name="v3">
      <lines>Jesus eu quero te conhecer<br/>Jesus contigo eu quero parecer<br/>Jesus eu nao mereço<br/>mas sei que foi o senhor quem<br/>quis ser meu amigo primeiro</lines>
    </verse>
    <verse name="v4">
      <lines>Eu quero ver senhor<br/>o teu rosto<br/>e escutar teu coraçao<br/>quero encostar minha cabeça<br/>no teu peito e descansar<br/>na intimidade desta cançao</lines>
    </verse>
    <verse name="v5">
      <lines>Jesus eu quero te conhecer...(2x)</lines>
    </verse>
    <verse name="v6">
      <lines>"Senhor Jesus nao tenho pressa.<br/>Eu quero estar contigo. quero te adorar, ouvir a tua voz. a nossa amizade para mim e mais importante do que qualquer outra coisa. me abraça senhor. eu sei que tu estas bem pertinho de mim. eu te amo e quero te conhecer a cada dia mais. em teu nome. amem"</lines>
    </verse>
    <verse name="v7">
      <lines>Jesus eu quero te conhecer...(2x)</lines>
    </verse>
    <verse name="v8">
      <lines>Nao tenho pressa<br/>Quero estar ao teu lado, meu senhor<br/>Nao tenho pressa<br/>Quero ser te amigo<br/>Preciso de ti senhor<br/>Jesus eu quero ser teu amigo<br/>Jesus eu quero estar contigo</lines>
    </verse>
  </lyrics>
</song>
