<?xml version='1.0' encoding='utf-8'?>
<song xmlns="http://openlyrics.info/namespace/2009/song" version="0.8" createdIn="OpenLP 1.9.9" modifiedIn="OpenLP 1.9.9" modifiedDate="2012-09-30T13:19:53">
  <properties>
    <titles>
      <title>por-amor-de-ti-oh-brasil</title>
    </titles>
    <authors>
      <author>Diante do Trono</author>
    </authors>
  </properties>
  <lyrics>
    <verse name="v1">
      <lines>Por Amor de Ti, Oh Brasil</lines>
    </verse>
    <verse name="v2">
      <lines>Por amor de Ti, oh Brasil<br/>Não me calarei nem me aquietarei<br/>Sobre os teus muros, oh Brasil, pus guardas<br/>Que todo o dia e toda noite jamais se calarão.</lines>
    </verse>
    <verse name="v3">
      <lines>Por amor de ti, oh Brasil<br/>Não me calarei, nem me aquietarei<br/>Vós que fareis lembrado o Senhor não descanseis<br/>Nem deis a Ele descanso até que nos ponha.</lines>
    </verse>
    <verse name="v4">
      <lines>Por objeto de louvor na terra<br/>Chamados por um novo nome<br/>Que a boca do Senhor dirá<br/>E a nossa justiça brilhará.</lines>
    </verse>
    <verse name="v5">
      <lines>Até que nos faça ser coroa de glória<br/>Nas mãos do nosso Deus<br/>Por amor de ti, oh Brasil<br/>Não me calarei.</lines>
    </verse>
  </lyrics>
</song>
