<?xml version='1.0' encoding='utf-8'?>
<song xmlns="http://openlyrics.info/namespace/2009/song" version="0.8" createdIn="OpenLP 1.9.9" modifiedIn="OpenLP 1.9.9" modifiedDate="2012-09-30T13:19:54">
  <properties>
    <titles>
      <title>porque-me-amou-tanto-assim</title>
    </titles>
    <authors>
      <author>Diante do Trono</author>
    </authors>
  </properties>
  <lyrics>
    <verse name="v1">
      <lines>Porque Me Amou Tanto Assim</lines>
    </verse>
    <verse name="v2">
      <lines>Foi no alto de um monte<br/>Que levantaram a cruz<br/>Muita gente se reuniu pra ver Jesus<br/>Enquanto uns xingavam<br/>E diziam para ele descer<br/>Ninguém entendia o que<br/>Ele tinha vindo fazer</lines>
    </verse>
    <verse name="v3">
      <lines>Porque me amou tanto assim?<br/>Jesus se entregou pra morrer por mim<br/>Sentiu toda dor que eu deveria sentir<br/>Na cruz Jesus me amou até o fim</lines>
    </verse>
    <verse name="v4">
      <lines>De repente o céu escureceu<br/>e a terra tremeu<br/>As pessoas viram que ele era o Filho de Deus<br/>Enquanto estava ali sofrendo, Jesus declarou<br/>Que tudo estava terminado<br/>A força do pecado acabou</lines>
    </verse>
    <verse name="v5">
      <lines>Ele conseguiu<br/>Destruiu a maldição<br/>A missão cumpriu<br/>Derrotou o mal, e agora...<br/>As pessoas podem ser livres<br/>Podem ser felizes<br/>É só crer em Jesus e no poder da cruz</lines>
    </verse>
    <verse name="v6">
      <lines>Porque me amou tanto assim?<br/>Jesus se entregou pra morrer por mim<br/>Sentiu toda dor que eu deveria sentir<br/>Na cruz Jesus me amou até o fim</lines>
    </verse>
    <verse name="v7">
      <lines>Porque me amou tanto assim?<br/>Na cruz Jesus me amou até o fim (2x)</lines>
    </verse>
  </lyrics>
</song>
