<?xml version='1.0' encoding='utf-8'?>
<song xmlns="http://openlyrics.info/namespace/2009/song" version="0.8" createdIn="OpenLP 1.9.9" modifiedIn="OpenLP 1.9.9" modifiedDate="2012-09-30T13:19:54">
  <properties>
    <titles>
      <title>porque-te-amo</title>
    </titles>
    <authors>
      <author>Diante do Trono</author>
    </authors>
  </properties>
  <lyrics>
    <verse name="v1">
      <lines>Porque Te amo</lines>
    </verse>
    <verse name="v2">
      <lines>Eu não quero estar aqui<br/>Por obrigação<br/>Eu não quero estar aqui<br/>Por religião<br/>Eu só quero estar aqui<br/>Porque Te amo</lines>
    </verse>
    <verse name="v3">
      <lines>Eu não quero estar aqui<br/>Pra fazer uma canção<br/>Eu não quero estar aqui<br/>Pra pedir algo de Teuas mãos<br/>Eu só quero estar aqui<br/>Porque Te amo</lines>
    </verse>
    <verse name="v4">
      <lines>Porque Te amo<br/>Eu paro todas as coisas<br/>Porque Te amo<br/>Me prostro diante de Ti<br/>Porque Te amo<br/>Escolho a boa parte<br/>Que é estar aqui<br/>Que é Te adorar, Senhor<br/>Que é Te ouvir<br/>Que é estar aqui<br/>Porque Te amo</lines>
    </verse>
  </lyrics>
</song>
