<?xml version='1.0' encoding='utf-8'?>
<song xmlns="http://openlyrics.info/namespace/2009/song" version="0.8" createdIn="OpenLP 1.9.9" modifiedIn="OpenLP 1.9.9" modifiedDate="2012-09-30T13:19:54">
  <properties>
    <titles>
      <title>pra-sempre</title>
    </titles>
    <authors>
      <author>Diante do Trono</author>
    </authors>
  </properties>
  <lyrics>
    <verse name="v1">
      <lines>Pra Sempre</lines>
    </verse>
    <verse name="v2">
      <lines>Pra sempre hei de te louvar<br/>Pra sempre hei de te adorar<br/>Vivia nas trevas<br/>Hoje tenho a luz<br/>Vivia perdido<br/>Ho - je eu en - con - trei<br/>Jesus<br/>Jesus<br/>Jesus<br/>Salvador<br/>Redentor</lines>
    </verse>
  </lyrics>
</song>
