<?xml version='1.0' encoding='utf-8'?>
<song xmlns="http://openlyrics.info/namespace/2009/song" version="0.8" createdIn="OpenLP 1.9.9" modifiedIn="OpenLP 1.9.9" modifiedDate="2012-09-30T13:20:29">
  <properties>
    <titles>
      <title>PRECISO DE TI</title>
    </titles>
    <authors>
      <author>DIANTE DO TRONO</author>
    </authors>
  </properties>
  <lyrics>
    <verse name="v1">
      <lines>PRECISO DE TI<br/>PRECISO DO TEU PERDÃO<br/>PRECISO DE TI<br/>QUEBRANTA MEU CORAÇÃO</lines>
    </verse>
    <verse name="v2">
      <lines>COMO A CORÇA <br/>ANSEIA POR ÁGUAS<br/>ASSIM TENHO SEDE<br/>COMO TERRA SECA <br/>ASSIM É MINH´ALMA<br/>PRECISO DE TI</lines>
    </verse>
    <verse name="v3">
      <lines>DISTANTE DE TI SENHOR<br/>NÃO POSSO VIVER<br/>NÃO VALE A PENA EXISTIR<br/>ESCUTA O MEU CLAMOR<br/>MAIS QUE O AR<br/>QUE EU RESPIRO<br/>PRECISO DE TI</lines>
    </verse>
    <verse name="v4">
      <lines>NÃO POSSO ESQUECER<br/>O QUE FIZESTES POR MIM<br/>COMO ALTO É O CÉU<br/>TUA MISERICÓRDIA<br/> É SEM FIM</lines>
    </verse>
    <verse name="v5">
      <lines>COMO UM PAI<br/>SE COMPADECE DOS FILHOS<br/>ASSIM TU ME AMAS<br/>AFASTA AS MINHAS<br/>TRANSGRESSÕES<br/>PRECISO DE TI</lines>
    </verse>
    <verse name="v6">
      <lines>E AS LUTAS VÊM TENTANDO<br/> ME AFASTAR DE TI<br/>FRIEZA E ESCURIDÃO<br/>PROCURAM ME CEGAR<br/>MAS EU NÃO VOU DESISTIR<br/>AJUDA-ME SENHOR<br/>EU QUERO PERMANECER<br/>CONTIGO ATÉ O FIM</lines>
    </verse>
  </lyrics>
</song>
