<?xml version='1.0' encoding='utf-8'?>
<song xmlns="http://openlyrics.info/namespace/2009/song" version="0.8" createdIn="OpenLP 1.9.9" modifiedIn="OpenLP 1.9.9" modifiedDate="2012-09-30T13:19:54">
  <properties>
    <titles>
      <title>preciso-de-ti</title>
    </titles>
    <authors>
      <author>Diante do Trono</author>
    </authors>
  </properties>
  <lyrics>
    <verse name="v1">
      <lines>Preciso de Ti</lines>
    </verse>
    <verse name="v2">
      <lines>Preciso de ti<br/>Preciso do teu perdão<br/>Preciso de ti<br/>Quebranta meu coração<br/>Como a corça anseia<br/>Por águas assim tenho sede<br/>Como terra seca assim<br/>É a minh'alma preciso de ti.</lines>
    </verse>
    <verse name="v3">
      <lines>(refrão 2x)<br/>Distante de ti senhor não posso viver<br/>Não vale a pena existir<br/>Escuta o meu clamor mais que o ar que eu respiro<br/>Preciso de ti</lines>
    </verse>
    <verse name="v4">
      <lines>Não posso esquecer o que fizeste por mim<br/>Como alto é o céu tua misericórdia é sem fim<br/>Como um pai se compadece dos filhos assim tu me amas<br/>Afasta as minhas transgressões<br/>Preciso de ti.</lines>
    </verse>
    <verse name="v5">
      <lines>(refrão 2x)<br/>Distante de ti senhor não posso viver<br/>Não vale a pena existir<br/>Escuta o meu clamor mais que o ar que eu respiro<br/>Preciso de ti</lines>
    </verse>
    <verse name="v6">
      <lines>E as lutas vêm tentando me afastar de ti<br/>Frieza e escuridão procuram me cegar<br/>Mas eu não vou desistir ajuda-me senhor<br/>Eu quero permanecer contigo até o fim.</lines>
    </verse>
    <verse name="v7">
      <lines>(refrão 2x)<br/>Distante de ti senhor não posso viver<br/>Não vale a pena existir<br/>Escuta o meu clamor mais que o ar que eu respiro<br/>Preciso de ti .</lines>
    </verse>
    <verse name="v8">
      <lines>Preciso de ti<br/>Preciso de ti<br/>Preciso de ti<br/>Preciso de ti</lines>
    </verse>
  </lyrics>
</song>
