<?xml version='1.0' encoding='utf-8'?>
<song xmlns="http://openlyrics.info/namespace/2009/song" version="0.8" createdIn="OpenLP 1.9.9" modifiedIn="OpenLP 1.9.9" modifiedDate="2012-09-30T13:19:54">
  <properties>
    <titles>
      <title>precioso</title>
    </titles>
    <authors>
      <author>Diante do Trono</author>
    </authors>
  </properties>
  <lyrics>
    <verse name="v1">
      <lines>Precioso</lines>
    </verse>
    <verse name="v2">
      <lines>Não posso viver nenhum dia sem Tua Presença<br/>Jesus, amado do meu coração<br/>Não posso viver nenhum dia sem o Teu Espírito<br/>Fluindo em mim, mostrando-me o Teu coração<br/>Precioso é o Teu amor<br/>É melhor um só dia em Tua casa<br/>Que mil dias em outro lugar</lines>
    </verse>
    <verse name="v3">
      <lines>Jesus, santo<br/>Jesus, meu dono</lines>
    </verse>
  </lyrics>
</song>
