<?xml version='1.0' encoding='utf-8'?>
<song xmlns="http://openlyrics.info/namespace/2009/song" version="0.8" createdIn="OpenLP 1.9.9" modifiedIn="OpenLP 1.9.9" modifiedDate="2012-09-30T13:19:54">
  <properties>
    <titles>
      <title>principe-da-paz</title>
    </titles>
    <authors>
      <author>Diante do Trono</author>
    </authors>
  </properties>
  <lyrics>
    <verse name="v1">
      <lines>Príncipe da Paz</lines>
    </verse>
    <verse name="v2">
      <lines>Tu és o príncipe da paz<br/>Tu és o desejado das nações<br/>Só Tu tens palavras de vida<br/>Esperança para os nossos corações</lines>
    </verse>
    <verse name="v3">
      <lines>Tu és socorro bem presente<br/>Tu és auxílio nas tribulações<br/>Só tu tens o bálsamo de cura<br/>O remédio para os nossos corações</lines>
    </verse>
    <verse name="v4">
      <lines>Príncipe da paz<br/>Reina sobre nós<br/>Reina, reina<br/>Toma o Teu lugar</lines>
    </verse>
    <verse name="v5">
      <lines>Que se estenda o Teu governo<br/>Que se aumente o Teu domínio<br/>Que venha paz sem fim<br/>Vem Jesus, vem<br/>Vem Jesus, vem<br/>Vem Jesus, o príncipe da paz</lines>
    </verse>
  </lyrics>
</song>
