<?xml version='1.0' encoding='utf-8'?>
<song xmlns="http://openlyrics.info/namespace/2009/song" version="0.8" createdIn="OpenLP 1.9.9" modifiedIn="OpenLP 1.9.9" modifiedDate="2012-09-30T13:19:55">
  <properties>
    <titles>
      <title>quando-tempestade-vem</title>
    </titles>
    <authors>
      <author>Diante do Trono</author>
    </authors>
  </properties>
  <lyrics>
    <verse name="v1">
      <lines>Quando A Tempestade Vem</lines>
    </verse>
    <verse name="v2">
      <lines>Quando a tempestade vem,<br/>Quando a tempestade vem<br/>Tudo se transtorna<br/>Quando a tempestade vem,<br/>Quando a tempestade vem<br/>Tudo se transtorna</lines>
    </verse>
    <verse name="v3">
      <lines>E eu corro para o esconderijo do altíssimo<br/>E eu corro para o esconderijo do altíssimo</lines>
    </verse>
    <verse name="v4">
      <lines>É ali que derramo minhas lágrimas<br/>É ali, prostrado aos teus pés, senhor<br/>Que te apresento o meu clamor</lines>
    </verse>
    <verse name="v5">
      <lines>Quando tua presença vem<br/>Quando tua presença vem<br/>Tudo se transforma<br/>Quando tua presença vem<br/>Quando tua presença vem<br/>Tudo se transforma</lines>
    </verse>
    <verse name="v6">
      <lines>E eu me rendo ao doce vento do espírito<br/>E eu me rendo ao doce vento do espírito</lines>
    </verse>
    <verse name="v7">
      <lines>E é assim que meu coração recebe paz<br/>Minha mente e minhas emoções descansam<br/>Na segurança do colo do pai</lines>
    </verse>
  </lyrics>
</song>
