<?xml version='1.0' encoding='utf-8'?>
<song xmlns="http://openlyrics.info/namespace/2009/song" version="0.8" createdIn="OpenLP 1.9.9" modifiedIn="OpenLP 1.9.9" modifiedDate="2012-09-30T13:19:54">
  <properties>
    <titles>
      <title>quando-deus-escolhe-alguem</title>
    </titles>
    <authors>
      <author>Diante do Trono</author>
    </authors>
  </properties>
  <lyrics>
    <verse name="v1">
      <lines>Quando Deus Escolhe Alguem</lines>
    </verse>
    <verse name="v2">
      <lines>Quando Deus escolhe alguém, Ele mesmo faz<br/>Tudo o que determinou em seu coração<br/>Capacita os chamados<br/>Fortalece os seus braços<br/>Pois a obra é dEle e não falhará</lines>
    </verse>
    <verse name="v3">
      <lines>Quando Deus escolhe alguém,bom é obedecer<br/>Custe o que custar é sempre o melhor<br/>Ele cumpre a palavra<br/>Que diz boa e agradável<br/>Perfeita é a vontade do senhor</lines>
    </verse>
    <verse name="v4">
      <lines>Deus te criou para triunfar<br/>Te escolheu para reinar<br/>E viver como um herdeiro<br/>Do que Jesus conquistou</lines>
    </verse>
    <verse name="v5">
      <lines>Ele te fez um sonhador<br/>Com um propósito, uma visão<br/>E nada vai frustrar os planos do Senhor</lines>
    </verse>
    <verse name="v6">
      <lines>Você é um vencedor</lines>
    </verse>
  </lyrics>
</song>
