<?xml version='1.0' encoding='utf-8'?>
<song xmlns="http://openlyrics.info/namespace/2009/song" version="0.8" createdIn="OpenLP 1.9.9" modifiedIn="OpenLP 1.9.9" modifiedDate="2012-09-30T13:19:55">
  <properties>
    <titles>
      <title>quao-gande-es-tu</title>
    </titles>
    <authors>
      <author>Diante do Trono</author>
    </authors>
  </properties>
  <lyrics>
    <verse name="v1">
      <lines>Quão Gande És Tu</lines>
    </verse>
    <verse name="v2">
      <lines>Tu es digno de todo louvor senhor<br/>em tua presença pra sempre eu quero estar<br/>o meu coração deseja de todo se entregar<br/>a Ti somente eu quero adorar</lines>
    </verse>
    <verse name="v3">
      <lines>Quão grande es Tu<br/>quão grande es Tu<br/>es o poderoso Rei<br/>mais vieste em mim reinar</lines>
    </verse>
    <verse name="v4">
      <lines>Quão grande es Tu<br/>quão grande es Tu<br/>tudo que há em mim quer te louvar</lines>
    </verse>
    <verse name="v5">
      <lines>Tu es digno de todo louvor senhor<br/>em tua presença pra sempre eu quero estar<br/>o meu coração deseja de todo se entregar<br/>a Ti somente eu quero adorar</lines>
    </verse>
    <verse name="v6">
      <lines>Quão grande es Tu...</lines>
    </verse>
    <verse name="v7">
      <lines>Tu es digno de todo louvor senhor<br/>em tua presença pra sempre eu quero estar<br/>o meu coração deseja pra de todo se entregar<br/>a Ti somente eu quero adora.</lines>
    </verse>
    <verse name="v8">
      <lines>Quão grande es Tu....</lines>
    </verse>
  </lyrics>
</song>
