<?xml version='1.0' encoding='utf-8'?>
<song xmlns="http://openlyrics.info/namespace/2009/song" version="0.8" createdIn="OpenLP 1.9.9" modifiedIn="OpenLP 1.9.9" modifiedDate="2012-09-30T13:19:56">
  <properties>
    <titles>
      <title>que-paz-de-deus-reine</title>
    </titles>
    <authors>
      <author>Diante do Trono</author>
    </authors>
  </properties>
  <lyrics>
    <verse name="v1">
      <lines>Que a Paz de Deus Reine</lines>
    </verse>
    <verse name="v2">
      <lines>Pai da vida<br/>Atrai-me<br/>Meu coração está em ti<br/>A carreira vou mover<br/>Com tua vida em meu viver<br/>E que a paz de Deus<br/>Reine em mim</lines>
    </verse>
    <verse name="v3">
      <lines>Espirito Santo<br/>Meu consolo<br/>Fortaleza<br/>Que me exalta<br/>Tua verdade eu viverei<br/>Toda glória te darei<br/>E que a paz de Deus<br/>Reine em mim</lines>
    </verse>
    <verse name="v4">
      <lines>Deus, tenho fome<br/>Por mais de ti<br/>Tua verdade<br/>Arde dentro de mim<br/>Espirito Santo<br/>Vem me encher<br/>Com tua vida<br/>Teu poder<br/>Com tua cura<br/>Me faz de novo<br/>E que a paz de Deus<br/>Reine em mim</lines>
    </verse>
    <verse name="v5">
      <lines>Espirito Santo<br/>Meu consolo<br/>Fortaleza<br/>Que me exalta<br/>Tua verdade eu viverei<br/>Toda glória te darei<br/>E que a paz de Deus<br/>Reine em mim</lines>
    </verse>
    <verse name="v6">
      <lines>Deus, tenho fome<br/>Por mais de ti<br/>Tua verdade<br/>Arde dentro de mim<br/>Espirito Santo<br/>Vem me encher<br/>Com tua vida<br/>Teu poder<br/>Com tua cura<br/>Me faz de novo<br/>E que a paz de Deus<br/>Reine em mim</lines>
    </verse>
    <verse name="v7">
      <lines>Deus, tenho fome<br/>Por mais de ti<br/>Tua verdade<br/>Arde dentro de mim<br/>Espirito Santo<br/>Vem me encher<br/>Com tua vida<br/>Teu poder<br/>Com tua cura<br/>Me faz de novo<br/>E que a paz de Deus<br/>Reine em mim</lines>
    </verse>
    <verse name="v8">
      <lines>Com tua vida<br/>Teu poder<br/>Com tua cura<br/>Me faz de novo<br/>E que a paz de Deus<br/>Reine em mim</lines>
    </verse>
  </lyrics>
</song>
