<?xml version='1.0' encoding='utf-8'?>
<song xmlns="http://openlyrics.info/namespace/2009/song" version="0.8" createdIn="OpenLP 1.9.9" modifiedIn="OpenLP 1.9.9" modifiedDate="2012-09-30T13:19:55">
  <properties>
    <titles>
      <title>que-amor-esse</title>
    </titles>
    <authors>
      <author>Diante do Trono</author>
    </authors>
  </properties>
  <lyrics>
    <verse name="v1">
      <lines>Que Amor é Esse?</lines>
    </verse>
    <verse name="v2">
      <lines>Não somos dignos do teu amor<br/>Não merecemos tanto favor<br/>A tua graça nos alcançou<br/>Pelo teu sangue que nos salvou</lines>
    </verse>
    <verse name="v3">
      <lines>Jesus que amor é esse (3x)</lines>
    </verse>
    <verse name="v4">
      <lines>Que me conquistou<br/>Que nos conquistou</lines>
    </verse>
    <verse name="v5">
      <lines>Quero correr pra ti e me entregar<br/>Quero correr pra ti e me humilhar<br/>Quero correr pra ti e te adorar<br/>Quero correr pra ti e te beijar</lines>
    </verse>
  </lyrics>
</song>
