<?xml version='1.0' encoding='utf-8'?>
<song xmlns="http://openlyrics.info/namespace/2009/song" version="0.8" createdIn="OpenLP 1.9.9" modifiedIn="OpenLP 1.9.9" modifiedDate="2012-09-30T13:19:55">
  <properties>
    <titles>
      <title>quem-jesus</title>
    </titles>
    <authors>
      <author>Diante do Trono</author>
    </authors>
  </properties>
  <lyrics>
    <verse name="v1">
      <lines>Quem é Jesus?</lines>
    </verse>
    <verse name="v2">
      <lines>Quem é Jesus? Eu preciso saber<br/>Quem é Jesus? Eu quero muito conhecer<br/>Quem é Jesus? Eu preciso saber<br/>Quem é Jesus? Eu quero muito conhecer</lines>
    </verse>
    <verse name="v3">
      <lines>Tanta gente fala sobre Jesus<br/>Tanta gente diz o nome dele<br/>Deve ser alguém muito importante<br/>Já encontrei pessoas<br/>Com amor tão grande por ele<br/>Mas quem é ele?</lines>
    </verse>
    <verse name="v4">
      <lines>Quem é Jesus? Eu preciso saber<br/>Quem é Jesus? Eu quero muito conhecer<br/>Quem é Jesus? Eu preciso saber<br/>Quem é Jesus? Eu quero muito conhecer</lines>
    </verse>
    <verse name="v5">
      <lines>Como conhecer alguém<br/>Que eu não posso ver?<br/>Será que algum dia eu vou entender?<br/>Talvez alguém possa me explicar<br/>Porque eu quero Verdade encontrar</lines>
    </verse>
    <verse name="v6">
      <lines>Para conhecer o Senhor Jesus<br/>É preciso abrir o coração<br/>E acreditar nas coisas que ele fez<br/>Eu posso te contar uma e outra vez<br/>mas você precisa conhecê-lo também</lines>
    </verse>
    <verse name="v7">
      <lines>Quem é Jesus? Eu preciso saber<br/>Quem é Jesus? Eu quero muito conhecer<br/>Quem é Jesus? Eu preciso saber<br/>Quem é Jesus? Eu quero muito conhecer</lines>
    </verse>
    <verse name="v8">
      <lines>Pra saber quem é Jesus não basta só cantar<br/>Muita gente vai á igreja e só blá blá blá<br/>Jesus Cristo é uma pessoa e você pode crer<br/>Ele mesmo quer se mostrar pra você</lines>
    </verse>
    <verse name="v9">
      <lines>Quem é Jesus? Eu preciso saber<br/>Quem é Jesus? Eu quero muito conhecer<br/>Quem é Jesus? Eu preciso saber<br/>Quem é Jesus? Eu quero muito conhecer</lines>
    </verse>
  </lyrics>
</song>
