<?xml version='1.0' encoding='utf-8'?>
<song xmlns="http://openlyrics.info/namespace/2009/song" version="0.8" createdIn="OpenLP 1.9.9" modifiedIn="OpenLP 1.9.9" modifiedDate="2012-09-30T13:19:55">
  <properties>
    <titles>
      <title>quem-respondera</title>
    </titles>
    <authors>
      <author>Diante do Trono</author>
    </authors>
  </properties>
  <lyrics>
    <verse name="v1">
      <lines>Quem responderá</lines>
    </verse>
    <verse name="v2">
      <lines>Quem entrará na sala do trono pra adorar?<br/>Quem subirá ao monte Santo de Sião pra adorar?</lines>
    </verse>
    <verse name="v3">
      <lines>Quem entrará na sala do trono pra adorar?<br/>Quem subirá ao monte Santo de Sião pra adorar?<br/>Quem será capaz de abrir mão de tudo por amor a mim?<br/>Onde estão aqueles que verão os campos brancos</lines>
    </verse>
    <verse name="v4">
      <lines>Nas nações e trabalharão?</lines>
    </verse>
    <verse name="v5">
      <lines>Em adoração, vivendo como exemplo para os povos<br/>Em adoração, entregando sua vida por amor<br/>Quem ouvirá o meu chamado?<br/>E escutará as batidas do meu coração</lines>
    </verse>
    <verse name="v6">
      <lines>Eu entrarei na sala do trono e adorarei<br/>Eu subirei a montanha contigo e morrerei<br/>Abro mão de tudo, renuncio os meus prazeres por amor a Ti<br/>Ouço Tua voz, escuto o teu chamado, em Tua seara trabalharei</lines>
    </verse>
    <verse name="v7">
      <lines>Em adoração, vivendo como exemplo para os povos<br/>Em adoração, entregando minha vida por amor<br/>Eu me disponho e vou te adorar<br/>O Teu chamado hoje aqui quero aceitar<br/>Eis-me aqui, Senhor, Eis-me aqui, Senhor, envia-me (4X)</lines>
    </verse>
    <verse name="v8">
      <lines>Em adoração, vivendo como exemplo para os povos<br/>Em adoração, entregando minha vida por amor<br/>Eu me disponho e vou te adorar<br/>O Teu chamado hoje aqui quero aceitar</lines>
    </verse>
    <verse name="v9">
      <lines>Em adoração, vivendo como exemplo para os povos<br/>Em adoração, entregando minha vida por amor<br/>Eu me disponho e vou te adorar<br/>O Teu chamado hoje aqui quero aceitar</lines>
    </verse>
  </lyrics>
</song>
