<?xml version='1.0' encoding='utf-8'?>
<song xmlns="http://openlyrics.info/namespace/2009/song" version="0.8" createdIn="OpenLP 1.9.9" modifiedIn="OpenLP 1.9.9" modifiedDate="2012-09-30T13:19:55">
  <properties>
    <titles>
      <title>quem-ama-corrige</title>
    </titles>
    <authors>
      <author>Diante do Trono</author>
    </authors>
  </properties>
  <lyrics>
    <verse name="v1">
      <lines>Quem Ama Corrige</lines>
    </verse>
    <verse name="v2">
      <lines>Quem ama, corrige os seus filhos<br/>Quem ama, corrige os seus filhos</lines>
    </verse>
    <verse name="v3">
      <lines>O pai que ama,<br/>Cedo disciplina a criança<br/>Quem ama, corrige os seus filhos<br/>Quem ama, corrige os seus filhos</lines>
    </verse>
    <verse name="v4">
      <lines>Que menininho lindo<br/>Mas pode virar um monstrinho<br/>Todo o cuidado é pouco<br/>Ensina seu filho de pertinho</lines>
    </verse>
    <verse name="v5">
      <lines>Quem ama, corrige os seus filhos<br/>Quem ama, corrige os seus filhos</lines>
    </verse>
    <verse name="v6">
      <lines>"A estultícia está ligada ao coração da criança,<br/>mas a vara da disciplina a afastará dela" Pv 22:15</lines>
    </verse>
    <verse name="v7">
      <lines>"O que retém a vara, aborrece o seu filho<br/>mas o que o ama, cedo o disciplina" Pv 13:24</lines>
    </verse>
  </lyrics>
</song>
