<?xml version='1.0' encoding='utf-8'?>
<song xmlns="http://openlyrics.info/namespace/2009/song" version="0.8" createdIn="OpenLP 1.9.9" modifiedIn="OpenLP 1.9.9" modifiedDate="2012-09-30T13:19:55">
  <properties>
    <titles>
      <title>quem-deus-como-nosso-deus</title>
    </titles>
    <authors>
      <author>Diante do Trono</author>
    </authors>
  </properties>
  <lyrics>
    <verse name="v1">
      <lines>Quem é Deus Como o Nosso Deus?</lines>
    </verse>
    <verse name="v2">
      <lines>Quem é deus como o nosso Deus?<br/>Poderoso e grande El Shadday<br/>O Deus do impossível<br/>Ainda que invisível posso ver o Seu agir</lines>
    </verse>
    <verse name="v3">
      <lines>Criador dos céus, da terra e mar<br/>Se importa em me ajudar<br/>Me cerca a todo instante<br/>Com Seu cuidado e Seu poder</lines>
    </verse>
    <verse name="v4">
      <lines>(Refrão)<br/>Não há outro igual a ti, Senhor<br/>Antes que eu fale Tu já conheces meu clamor<br/>Deus que responde, Deus que vê<br/>Deus de milagres, eu posso crer<br/>No Teu poder</lines>
    </verse>
    <verse name="v5">
      <lines>Todo poderoso<br/>Grande El Shadday<br/>Maravilhoso<br/>Forte e guerreiro</lines>
    </verse>
    <verse name="v6">
      <lines>Só o Senhor é Deus<br/>Te entronizamos<br/>Não há outro igual<br/>Rei soberano</lines>
    </verse>
  </lyrics>
</song>
