<?xml version='1.0' encoding='utf-8'?>
<song xmlns="http://openlyrics.info/namespace/2009/song" version="0.8" createdIn="OpenLP 1.9.9" modifiedIn="OpenLP 1.9.9" modifiedDate="2012-09-30T13:19:56">
  <properties>
    <titles>
      <title>quero-ser</title>
    </titles>
    <authors>
      <author>Diante do Trono</author>
    </authors>
  </properties>
  <lyrics>
    <verse name="v1">
      <lines>Quero Ser</lines>
    </verse>
    <verse name="v2">
      <lines>Só o teu amor ... só o teu amor<br/>Sara a minha dor<br/>Preenche o meu viver<br/>Só o teu poder ... só o teu poder<br/>Quebra as cadeias<br/>Que prendem o meu ser</lines>
    </verse>
    <verse name="v3">
      <lines>Quero ser livre pra adorar<br/>Quero ser livre pra te amar<br/>E caminhar como um vencedor<br/>Como alguém que já morreu<br/>Mas em ti ressuscitou</lines>
    </verse>
    <verse name="v4">
      <lines>E as feridas que ninguém vê<br/>Vem tocar com teu poder<br/>Me deste vida em abundância<br/>Quero viver</lines>
    </verse>
    <verse name="v5">
      <lines>Quero ser livre pra adorar<br/>Quero ser livre pra te amar<br/>E caminhar como um vencedor<br/>Como alguém que já morreu<br/>Mas em ti ressuscitou</lines>
    </verse>
    <verse name="v6">
      <lines>Como alguém que já morreu<br/>Mas em ti ressuscitou</lines>
    </verse>
  </lyrics>
</song>
