<?xml version='1.0' encoding='utf-8'?>
<song xmlns="http://openlyrics.info/namespace/2009/song" version="0.8" createdIn="OpenLP 1.9.9" modifiedIn="OpenLP 1.9.9" modifiedDate="2012-09-30T13:19:57">
  <properties>
    <titles>
      <title>quero-tocar-te</title>
    </titles>
    <authors>
      <author>Diante do Trono</author>
    </authors>
  </properties>
  <lyrics>
    <verse name="v1">
      <lines>Quero Tocar-te</lines>
    </verse>
    <verse name="v2">
      <lines>Meu maior desejo é,<br/>Saber quem tú és em mim,<br/>Preciso tanto te conhecer,<br/>E responder ao teu amor.<br/>Sei que posso alcançar,<br/>Teu coração com meu louvor.</lines>
    </verse>
    <verse name="v3">
      <lines>Nada vai me separar,<br/>Do teu amor que está em jesus,<br/>Em todo tempo te adorarei,<br/>Na alegria ou na dor,<br/>Sei que posso alcançar,<br/>Teu coração com meu louvor.</lines>
    </verse>
    <verse name="v4">
      <lines>Quero tocar-te,<br/>Quero mover teu coração,<br/>Quero atrair teus olhos, 2x<br/>Com a minha adoração.</lines>
    </verse>
    <verse name="v5">
      <lines>Posso tocar-te,<br/>Posso mover seu coração<br/>Posso atrair teus olhos, 2x<br/>Com a minha adoração.</lines>
    </verse>
  </lyrics>
</song>
