<?xml version='1.0' encoding='utf-8'?>
<song xmlns="http://openlyrics.info/namespace/2009/song" version="0.8" createdIn="OpenLP 1.9.9" modifiedIn="OpenLP 1.9.9" modifiedDate="2012-09-30T13:20:30">
  <properties>
    <titles>
      <title>QUERO SUBIR</title>
    </titles>
    <authors>
      <author>DIANTE DO TRONO</author>
    </authors>
  </properties>
  <lyrics>
    <verse name="v1">
      <lines>QUERO SUBIR<br/>AO MONTE SANTO DE SIÃO<br/>E ENTOAR O NOVO<br/>CÂNTICO AO MEU DEUS<br/>MAIS QUE PALAVRAS<br/>MINHA VIDA<br/>EU QUERO ENTREGAR</lines>
    </verse>
    <verse name="v2">
      <lines>PURIFICA O MEU CORAÇÃO<br/>PARA ENTRAR<br/>EM TUA PRESENÇA<br/>CONTEMPLAR<br/>A TUA GRANDEZA</lines>
    </verse>
    <verse name="v3">
      <lines>TE ADORO SENHOR<br/>EM ESPÍRITO E EM VERDADE<br/>ME PROSTRO AOS TEUS PÉS<br/>NA BELEZA DA SANTIDADE<br/>TE DOU MEU LOUVOR<br/>QUE SEJA UM CHEIRO SUAVE<br/>E O SOM AGRADÁVEL A TI<br/>POIS DIGNO ÉS</lines>
    </verse>
  </lyrics>
</song>
