<?xml version='1.0' encoding='utf-8'?>
<song xmlns="http://openlyrics.info/namespace/2009/song" version="0.8" createdIn="OpenLP 1.9.9" modifiedIn="OpenLP 1.9.9" modifiedDate="2012-09-30T13:19:57">
  <properties>
    <titles>
      <title>quero-so-ti-senhor</title>
    </titles>
    <authors>
      <author>Diante do Trono</author>
    </authors>
  </properties>
  <lyrics>
    <verse name="v1">
      <lines>Quero só a Ti Senhor</lines>
    </verse>
    <verse name="v2">
      <lines>Procurei prazeres ter em todo meu viver<br/>Só senti vazio em mim por onde eu passei<br/>Hoje sei, o que queria era alguém igual a Ti.<br/>O que eu mais desejo ter é a Ti Senhor</lines>
    </verse>
    <verse name="v3">
      <lines>Quero só a Ti Senhor<br/>Quero só a Ti.<br/>O que eu mais desejo ter<br/>É a Ti Senhor</lines>
    </verse>
    <verse name="v4">
      <lines>Todo tempo que passou Tu querias sempre a mim<br/>Ti busquei em todo lugar, não podendo ver-Te aqui.<br/>Em meu ser agora eu sei que Tu és essencial pra mim<br/>O que eu mais desejo ter, é a Ti Senhor.</lines>
    </verse>
  </lyrics>
</song>
