<?xml version='1.0' encoding='utf-8'?>
<song xmlns="http://openlyrics.info/namespace/2009/song" version="0.8" createdIn="OpenLP 1.9.9" modifiedIn="OpenLP 1.9.9" modifiedDate="2012-09-30T13:19:56">
  <properties>
    <titles>
      <title>quero-avivamento</title>
    </titles>
    <authors>
      <author>Diante do Trono</author>
    </authors>
  </properties>
  <lyrics>
    <verse name="v1">
      <lines>Quero o Avivamento</lines>
    </verse>
    <verse name="v2">
      <lines>Eu quero o avivamento</lines>
    </verse>
    <verse name="v3">
      <lines>Em toda a terra pode se ouvir<br/>Um novo som que começa a surgir<br/>A adoração de um povo justo e restaurado<br/>Um som de avivamento</lines>
    </verse>
    <verse name="v4">
      <lines>Em toda a terra começa a queimar<br/>Um fogo santo que vai incendiar<br/>As fortalezas das trevas tudo o que é impuro<br/>Queima fogo do espírito</lines>
    </verse>
    <verse name="v5">
      <lines>Quero ouvir este som<br/>Quero ser parte deste povo<br/>Queima em mim o teu fogo<br/>Do avivamento</lines>
    </verse>
    <verse name="v6">
      <lines>Em toda a terra sinto o soprar<br/>De um vento forte que me faz voar<br/>É um sopro do céu, livre e impetuoso<br/>Sopra vento do espírito</lines>
    </verse>
    <verse name="v7">
      <lines>Na terra seca começa a chover<br/>Uma chuva fresca que deus faz descer<br/>Abre rios nos desertos, fontes nos vales<br/>Chuva de águas vivas</lines>
    </verse>
    <verse name="v8">
      <lines>Quero voar em tuas asas<br/>Sopra em mim o teu vento<br/>Quero dançar em tua chuva<br/>Do avivamento</lines>
    </verse>
    <verse name="v9">
      <lines>Em toda a terra pode se ouvir<br/>Um novo som que começa a surgir<br/>A adoração de um povo justo e restaurado<br/>Um som de avivamento</lines>
    </verse>
    <verse name="v10">
      <lines>Na terra seca começa a chover<br/>Uma chuva fresca que deus faz descer<br/>Abre rios nos desertos, fontes nos vales<br/>Chuva de águas vivas</lines>
    </verse>
    <verse name="v11">
      <lines>Em toda a terra começa a queimar<br/>Um fogo santo que vai incendiar<br/>As fortalezas das trevas tudo o que é impuro<br/>Queima fogo do espírito</lines>
    </verse>
    <verse name="v12">
      <lines>Em toda a terra sinto o soprar<br/>De um vento forte que me faz voar<br/>É um sopro do céu, livre e impetuoso<br/>Sopra vento do espírito</lines>
    </verse>
    <verse name="v13">
      <lines>Quero ouvir este som<br/>Quero ser parte deste povo<br/>Queima em mim o teu fogo<br/>Do avivamento</lines>
    </verse>
    <verse name="v14">
      <lines>Quero voar em tuas asas<br/>Sopra em mim o teu vento<br/>Quero dançar em tua chuva<br/>Do avivamento</lines>
    </verse>
  </lyrics>
</song>
