<?xml version='1.0' encoding='utf-8'?>
<song xmlns="http://openlyrics.info/namespace/2009/song" version="0.8" createdIn="OpenLP 1.9.9" modifiedIn="OpenLP 1.9.9" modifiedDate="2012-09-30T13:19:56">
  <properties>
    <titles>
      <title>quero-celebrar</title>
    </titles>
    <authors>
      <author>Diante do Trono</author>
    </authors>
  </properties>
  <lyrics>
    <verse name="v1">
      <lines>Quero Celebrar</lines>
    </verse>
    <verse name="v2">
      <lines>Quero celebrar minha nova vida<br/>Quero celebrar minha nova vida</lines>
    </verse>
    <verse name="v3">
      <lines>Eu não queria mais viver<br/>Mas teu perdão me fez renascer<br/>Me trouxe esperança e nova vida<br/>Com meu jesus eu vou caminhando<br/>Meu coração está transbordando<br/>Desta alegria que eu sinto em ter a vida</lines>
    </verse>
    <verse name="v4">
      <lines>Celebrai a vida, celebrai jesus!<br/>Celebrai a nova vida!<br/>Celebrai a vida, celebrai jesus!<br/>Celebrai a nova vida com jesus!<br/>Celebrei jesus!</lines>
    </verse>
    <verse name="v5">
      <lines>Esta é a hora de adorar<br/>Venha até Ele sem hesitar<br/>Com todo o seu coração celebre a vida<br/>Deixe a tristeza e a ansiedade<br/>Ele é alegria de verdade<br/>De todo o seu coração celebre a vida</lines>
    </verse>
  </lyrics>
</song>
