<?xml version='1.0' encoding='utf-8'?>
<song xmlns="http://openlyrics.info/namespace/2009/song" version="0.8" createdIn="OpenLP 1.9.9" modifiedIn="OpenLP 1.9.9" modifiedDate="2012-09-30T13:19:56">
  <properties>
    <titles>
      <title>quero-seguir-te</title>
    </titles>
    <authors>
      <author>Diante do Trono</author>
    </authors>
  </properties>
  <lyrics>
    <verse name="v1">
      <lines>Quero Seguir-te</lines>
    </verse>
    <verse name="v2">
      <lines>Quero seguir-Te<br/>Quero viver como Tu<br/>Quero seguir-Te<br/>Dia após dia<br/>Que o meu coração, seja quebrantado<br/>Que o meu prazer seja fazer a Tua vontade<br/>Que o Teu amor flua em minha vida<br/>Que o Teu perdão alcance até os meus inimigos<br/>Quero seguir-Te</lines>
    </verse>
  </lyrics>
</song>
