<?xml version='1.0' encoding='utf-8'?>
<song xmlns="http://openlyrics.info/namespace/2009/song" version="0.8" createdIn="OpenLP 1.9.9" modifiedIn="OpenLP 1.9.9" modifiedDate="2012-09-30T13:19:57">
  <properties>
    <titles>
      <title>quero-subir</title>
    </titles>
    <authors>
      <author>Diante do Trono</author>
    </authors>
  </properties>
  <lyrics>
    <verse name="v1">
      <lines>Quero Subir</lines>
    </verse>
    <verse name="v2">
      <lines>Quero subir ao monte Santo de Sião<br/>E entoar um novo cântico ao meu Deus<br/>Mais que palavras, minha vida eu quero entregar<br/>Purifica o meu coração para entrar em Tua presença<br/>Contemplar Tua grandeza</lines>
    </verse>
    <verse name="v3">
      <lines>Te adoro, Senhor em espírito e em verdade<br/>Me prostro aos Teus pés na beleza da santidade<br/>Te dou meu louvor, que seja um cheiro suave<br/>E um som agradável a Ti, pois digno és</lines>
    </verse>
  </lyrics>
</song>
