<?xml version='1.0' encoding='utf-8'?>
<song xmlns="http://openlyrics.info/namespace/2009/song" version="0.8" createdIn="OpenLP 1.9.9" modifiedIn="OpenLP 1.9.9" modifiedDate="2012-09-30T13:19:57">
  <properties>
    <titles>
      <title>quero-te-ver</title>
    </titles>
    <authors>
      <author>Diante do Trono</author>
    </authors>
  </properties>
  <lyrics>
    <verse name="v1">
      <lines>Quero Te Ver</lines>
    </verse>
    <verse name="v2">
      <lines>Não ha maior amor<br/>Que o amor que tu tens por mim<br/>Não ha melhor romance<br/>Que o meu e o teu jesus, jesus<br/>Nenhuma presença<br/>E mais doce que a tua<br/>Amado meu,<br/>Meu maior anseio e ir alem, te tocar<br/>Quero te ver<br/>Te abraçar<br/>Vem neste lugar<br/>Vem me tocar<br/>Em teus braços quero estar<br/>Vem neste lugar<br/>Jesus jesus<br/>Vem neste lugar...</lines>
    </verse>
  </lyrics>
</song>
