<?xml version='1.0' encoding='utf-8'?>
<song xmlns="http://openlyrics.info/namespace/2009/song" version="0.8" createdIn="OpenLP 1.9.9" modifiedIn="OpenLP 1.9.9" modifiedDate="2012-09-30T13:19:56">
  <properties>
    <titles>
      <title>quero-me-apaixonar</title>
    </titles>
    <authors>
      <author>Diante do Trono</author>
    </authors>
  </properties>
  <lyrics>
    <verse name="v1">
      <lines>Quero Me Apaixonar<br/>Tenho saudades<br/>Saudades de Ti<br/>Minha vontade é<br/>Voltar atrás, onde cai<br/>E recomeçar tudo de novo<br/>E nunca mais deixar<br/>Meu coração se esfriar<br/>Te quero<br/>Preciso do Teu calor...<br/>Tenho saudades<br/>Saudades de Ti<br/>Minha vontade é<br/>Voltar atrás, onde cai<br/>E recomeçar tudo de novo<br/>E nunca mais deixar<br/>Meu coração se esfriar<br/>Te quero<br/>Preciso do Teu calor...<br/>Quero me apaixonar por Ti outra vez<br/>Quero me entregar a Ti mais e mais, Senhor...<br/>Leva-me de volta ao meu primeiro amor.<br/>Quero me apaixonar por Ti outra vez<br/>Quero me entregar a Ti mais e mais, Senhor...<br/>Leva-me de volta ao meu primeiro amor.<br/>Tenho saudades<br/>Saudades de Ti</lines>
    </verse>
    <verse name="o1">
      <lines>Minha vontade é<br/>Voltar atrás, onde cai<br/>E recomeçar tudo de novo<br/>E nunca mais deixar<br/>Meu coração se esfriar<br/>Te quero<br/>Preciso do Teu calor...<br/>Quero me apaixonar por Ti outra vez<br/>Quero me entregar a Ti mais e mais, Senhor...<br/>Leva-me de volta ao meu primeiro amor.<br/>Quero me apaixonar por Ti outra vez<br/>Quero me entregar a Ti mais e mais, Senhor...<br/>Leva-me de volta ao meu primeiro amor.<br/>Leva-me de volta<br/>Mostra-me, revela-me aonde eu cai<br/>E me afastei de Ti, Jesus<br/>Preciso de Ti, Jesus<br/>Perdoa-me, restaura-me, Senhor<br/>Eu Te quero<br/>Eu corro para Ti<br/>Eu Te quero<br/>Recebe-me, Senhor<br/>Eu me arrependo, Senhor...<br/>De coração, eu me arrependo...<br/>Eu me arrependo, Senhor...<br/>Senhor Jesus, preciso de Ti<br/>Eu me arrependo, Senhor...<br/>Eu me arrependo Jesus...<br/>Ouve o meu clamor!<br/>Eu me arrependo!<br/>Eu me arrependo, Senhor...<br/>Eu me arrependo, Senhor...<br/>Quero me apaixonar por Ti outra vez<br/>Quero me entregar a Ti mais e mais, Senhor...<br/>Leva-me de volta ao meu primeiro amor.<br/>Quero me apaixonar por Ti outra vez<br/>Quero me entregar a Ti mais e mais, Senhor...<br/>Leva-me de volta ao meu primeiro amor.</lines>
    </verse>
  </lyrics>
</song>
