<?xml version='1.0' encoding='utf-8'?>
<song xmlns="http://openlyrics.info/namespace/2009/song" version="0.8" createdIn="OpenLP 1.9.9" modifiedIn="OpenLP 1.9.9" modifiedDate="2012-09-30T13:19:56">
  <properties>
    <titles>
      <title>quero-ouvir-voz-de-deus</title>
    </titles>
    <authors>
      <author>Diante do Trono</author>
    </authors>
  </properties>
  <lyrics>
    <verse name="v1">
      <lines>Quero Ouvir a Voz de Deus</lines>
    </verse>
    <verse name="v2">
      <lines>Como será ouvir a voz de Deus?<br/>O Criador do Universo<br/>Ele falou e tudo aconteceu<br/>Sua voz é poderosa<br/>Fez o céu a terra e o mar<br/>Com apenas uma palavra<br/>Tudo Ele pode mudar</lines>
    </verse>
    <verse name="v3">
      <lines>Quero ouvir a voz de Deus<br/>Quero conhecer<br/>A voz do Deus que me criou</lines>
    </verse>
  </lyrics>
</song>
