<?xml version='1.0' encoding='utf-8'?>
<song xmlns="http://openlyrics.info/namespace/2009/song" version="0.8" createdIn="OpenLP 1.9.9" modifiedIn="OpenLP 1.9.9" modifiedDate="2012-09-30T13:19:57">
  <properties>
    <titles>
      <title>rap-da-familia</title>
    </titles>
    <authors>
      <author>Diante do Trono</author>
    </authors>
  </properties>
  <lyrics>
    <verse name="v1">
      <lines>Rap da Família</lines>
    </verse>
    <verse name="v2">
      <lines>Tóin, tóin, tóin, tóin...<br/>(papai nós te amamos!<br/>Mamãe nós te amamos!<br/>Irmão nós te amamos!<br/>Família nós te amamos!)</lines>
    </verse>
    <verse name="v3">
      <lines>Queremos falar sobre uma coisa legal<br/>Foi deus quem inventou e é muito especial<br/>Então preste atenção para entender<br/>Nosso recado é importante e é pra você</lines>
    </verse>
    <verse name="v4">
      <lines>Que bom ter uma família<br/>Família é abençoada por Deus<br/>Papai, mamãe e filhos<br/>Todos sempre unidos buscando a Deus</lines>
    </verse>
    <verse name="v5">
      <lines>A coisa mais preciosa que alguém pode ter<br/>Não são carros nem mansões, dinheiro para dar ou vender<br/>O mais importante, e que mais tem valor<br/>É viver com a família nos caminhos do Senhor</lines>
    </verse>
    <verse name="v6">
      <lines>Papai e mamãe, pensem sempre em mim<br/>Vocês são o modelo que eu vou seguir<br/>Olhando suas vidas quero aprender<br/>A orar, ler a bíblia e o Senhor conhecer</lines>
    </verse>
    <verse name="v7">
      <lines>Minha casa é o melhor lugar<br/>Onde eu posso aprender a amar<br/>Vou orar por minha família<br/>E sei que Deus vai abençoar</lines>
    </verse>
    <verse name="v8">
      <lines>Tóin, tóin, tóin, tóin...</lines>
    </verse>
    <verse name="v9">
      <lines>Eu sou um filho muito inteligente<br/>Em todas as coisas sou obediente<br/>Meu pai e minha mãe quero sempre alegrar<br/>Ajudando em casa e gostando de estudar</lines>
    </verse>
    <verse name="v10">
      <lines>E aí, "vamo brincá"?<br/>E aí, meu brother, você quer brincar?<br/>Os meus brinquedos quero compartilhar<br/>Não falo mentira e não bato em meus irmãos<br/>Porque tenho Jesus dentro do meu coração</lines>
    </verse>
    <verse name="v11">
      <lines>Falando de família, vale a pena dizer<br/>Que o importante é respeitar quem cuida de você<br/>Seja o papai, mamãe, titia, vovó ou vovô<br/>Essa pessoa merece o seu amor</lines>
    </verse>
    <verse name="v12">
      <lines>Minha casa é o melhor lugar<br/>Onde eu posso aprender a amar<br/>Vou orar por minha família<br/>E sei que Deus vai abençoar</lines>
    </verse>
    <verse name="v13">
      <lines>Eu amo minha família!</lines>
    </verse>
    <verse name="v14">
      <lines>Tóin, tóin, tóin, tóin...</lines>
    </verse>
  </lyrics>
</song>
