<?xml version='1.0' encoding='utf-8'?>
<song xmlns="http://openlyrics.info/namespace/2009/song" version="0.8" createdIn="OpenLP 1.9.9" modifiedIn="OpenLP 1.9.9" modifiedDate="2012-09-30T13:19:57">
  <properties>
    <titles>
      <title>razao-da-minha-vida</title>
    </titles>
    <authors>
      <author>Diante do Trono</author>
    </authors>
  </properties>
  <lyrics>
    <verse name="v1">
      <lines>Razão da Minha Vida</lines>
    </verse>
    <verse name="v2">
      <lines>Meu coração pulsa Teu Nome<br/>Meus pensamentos chamam por Ti<br/>Tu és a razão da minha adoração<br/>Tu és o motivo da minha salvação.</lines>
    </verse>
    <verse name="v3">
      <lines>Tu és a razão da minha vida<br/>O motivo de toda alegria<br/>Em todo tempo louvarei<br/>Adorarei a Ti, meu Rei.</lines>
    </verse>
    <verse name="v4">
      <lines>Meus sentimentos foram sarados<br/>O meu amor foi restaurado<br/>Jesus, estou apaixonado<br/>Estou apaixonado por Ti.</lines>
    </verse>
    <verse name="v5">
      <lines>Hoje meus dias são cheios de glória<br/>Meu coração traz à memória<br/>Quando a Ti me entreguei<br/>Pra sempre Teu serei</lines>
    </verse>
  </lyrics>
</song>
