<?xml version='1.0' encoding='utf-8'?>
<song xmlns="http://openlyrics.info/namespace/2009/song" version="0.8" createdIn="OpenLP 1.9.9" modifiedIn="OpenLP 1.9.9" modifiedDate="2012-09-30T13:19:58">
  <properties>
    <titles>
      <title>rei-da-gloria</title>
    </titles>
    <authors>
      <author>Diante do Trono</author>
    </authors>
  </properties>
  <lyrics>
    <verse name="v1">
      <lines>Rei da Glória</lines>
    </verse>
    <verse name="v2">
      <lines>Lalarailá<br/>Abram-se, ó portais<br/>Abram-se, ó portas antigas<br/>Pra que o Rei da glória entre</lines>
    </verse>
    <verse name="v3">
      <lines>Lalarailá<br/>Quem é o Rei da glória?<br/>O Senhor forte e valente<br/>O Senhor valente nas guerras</lines>
    </verse>
    <verse name="v4">
      <lines>Lalarailá<br/>Abram-se, ó portais<br/>Abram-se, ó portas antigas<br/>Pra que o Rei da glória entre<br/>Quem é esse Rei da glória?<br/>O Senhor dos exércitos<br/>Ele é o Rei da glória<br/>Da Glória<br/>Da Glória<br/>Da Glória<br/>Que entre o Rei da glória</lines>
    </verse>
  </lyrics>
</song>
