<?xml version='1.0' encoding='utf-8'?>
<song xmlns="http://openlyrics.info/namespace/2009/song" version="0.8" createdIn="OpenLP 1.9.9" modifiedIn="OpenLP 1.9.9" modifiedDate="2012-09-30T13:19:58">
  <properties>
    <titles>
      <title>rei-dos-reis</title>
    </titles>
    <authors>
      <author>Diante do Trono</author>
    </authors>
  </properties>
  <lyrics>
    <verse name="v1">
      <lines>Rei Dos Reis</lines>
    </verse>
    <verse name="v2">
      <lines>Rei dos Reis, Reina sobre nós<br/>Rei dos Reis, Reina sobre nós</lines>
    </verse>
    <verse name="v3">
      <lines>O Rei dos reis, o Senhor dos senhores<br/>Leão da Tribo de Judá<br/>Cordeiro de Deus que venceu<br/>E assentado no Trono está</lines>
    </verse>
    <verse name="v4">
      <lines>Santo, Santo é o Seu nome<br/>E em santidade governará<br/>Cordeiro de Deus que venceu<br/>Seu domínio se estenderá</lines>
    </verse>
    <verse name="v5">
      <lines>Até destruir as obras do Diabo<br/>Desfazer toda opressão<br/>Até libertar o cativo<br/>Tirar o encarcerado da prisão<br/>Seu reino é de justiça</lines>
    </verse>
    <verse name="v6">
      <lines>Rei dos reis, reina sobre nós<br/>Rei dos reis, reina sobre nós</lines>
    </verse>
  </lyrics>
</song>
