<?xml version='1.0' encoding='utf-8'?>
<song xmlns="http://openlyrics.info/namespace/2009/song" version="0.8" createdIn="OpenLP 1.9.9" modifiedIn="OpenLP 1.9.9" modifiedDate="2012-09-30T13:19:58">
  <properties>
    <titles>
      <title>reina-sobre-mim</title>
    </titles>
    <authors>
      <author>Diante do Trono</author>
    </authors>
  </properties>
  <lyrics>
    <verse name="v1">
      <lines>Reina Sobre Mim</lines>
    </verse>
    <verse name="v2">
      <lines>Correrei para ti meu senhor<br/>Minh'alma anseia por ti<br/>Sou pobre , cego e nu<br/>Nada tenho pra te oferecer<br/>Quero aos teu bracos me entregar<br/>Pois sei que tu me aceitas como estou<br/>Preciso do teu ouro , purifica me senhor<br/>Reina sobre mim<br/>Eu me rendo a ti , eu me rendo a ti<br/>Reina sobre mim<br/>Sou tua noiva espero e anseio por ti</lines>
    </verse>
  </lyrics>
</song>
