<?xml version='1.0' encoding='utf-8'?>
<song xmlns="http://openlyrics.info/namespace/2009/song" version="0.8" createdIn="OpenLP 1.9.9" modifiedIn="OpenLP 1.9.9" modifiedDate="2012-09-30T13:19:58">
  <properties>
    <titles>
      <title>rio</title>
    </titles>
    <authors>
      <author>Diante do Trono</author>
    </authors>
  </properties>
  <lyrics>
    <verse name="v1">
      <lines>Rio</lines>
    </verse>
    <verse name="v2">
      <lines>Rio de Deus<br/>Flua pelas ruas<br/>Rio de Deus<br/>Flua através de mim<br/>Trazendo justiça, paz, alegria<br/>Manifestando graça, misericórdia</lines>
    </verse>
    <verse name="v3">
      <lines>Rio de Deus<br/>Suba pelos morros<br/>Rio de Deus<br/>Brote dos desertos<br/>Trazendo justiça, paz, alegria<br/>Manifestando graça, misericórdia</lines>
    </verse>
    <verse name="v4">
      <lines>Pai de amor, Tu és bem vindo neste lugar<br/>Doce Jesus, Tu és bem vindo neste lugar<br/>Espírito Santo, Tu és bem vindo neste lugar<br/>Flua em mim<br/>Tu és bem vindo neste lugar</lines>
    </verse>
    <verse name="v5">
      <lines>Rio de Deus<br/>Entre pelas grades<br/>Rio de Deus<br/>Rompa as prisões<br/>Trazendo justiça, paz, alegria<br/>Manifestando graça, misericórdia</lines>
    </verse>
    <verse name="v6">
      <lines>Rio de Deus<br/>Cure os enfermos<br/>Rio de Deus<br/>Inunde as nações<br/>Trazendo justiça, paz, alegria<br/>Manifestando graça, misericórdia</lines>
    </verse>
    <verse name="v7">
      <lines>Deixa fluir o rio, rio, rio de Deus</lines>
    </verse>
    <verse name="v8">
      <lines>Aquele que crê em mim, do seu interior fluirão rios</lines>
    </verse>
    <verse name="v9">
      <lines>E aquele que tem sede, venha e beba da água da vida</lines>
    </verse>
  </lyrics>
</song>
