<?xml version='1.0' encoding='utf-8'?>
<song xmlns="http://openlyrics.info/namespace/2009/song" version="0.8" createdIn="OpenLP 1.9.9" modifiedIn="OpenLP 1.9.9" modifiedDate="2012-09-30T13:19:58">
  <properties>
    <titles>
      <title>rio-de-janeiro</title>
    </titles>
    <authors>
      <author>Diante do Trono</author>
    </authors>
  </properties>
  <lyrics>
    <verse name="v1">
      <lines>Rio de Janeiro</lines>
    </verse>
    <verse name="v2">
      <lines>Estende tuas asas<br/>Tua sombra, descanso<br/>Estende tua cura<br/>Teu cetro, teu manto</lines>
    </verse>
    <verse name="v3">
      <lines>E que venha sobre nós Teu Reino<br/>Justiça, alegria e paz<br/>Estende teus braços sobre nós.</lines>
    </verse>
    <verse name="v4">
      <lines>Rio de Janeiro<br/>Que o Cristo vivo e verdadeiro<br/>Estenda os braços sobre nós. - 2x</lines>
    </verse>
    <verse name="v5">
      <lines>E nos abençoe, e nos perdoe, E nos ilumine<br/>Que Ele nos ensine seus caminhos e as suas leis</lines>
    </verse>
    <verse name="v6">
      <lines>E nos abençoe, e nos perdoe...<br/>Estende seus braços sobre nós</lines>
    </verse>
  </lyrics>
</song>
