<?xml version='1.0' encoding='utf-8'?>
<song xmlns="http://openlyrics.info/namespace/2009/song" version="0.8" createdIn="OpenLP 1.9.9" modifiedIn="OpenLP 1.9.9" modifiedDate="2012-09-30T13:19:58">
  <properties>
    <titles>
      <title>ronironibat-zion</title>
    </titles>
    <authors>
      <author>Diante do Trono</author>
    </authors>
  </properties>
  <lyrics>
    <verse name="v1">
      <lines>Roni,roni,bat Zion</lines>
    </verse>
    <verse name="v2">
      <lines>Roni, roni, bat zion<br/>Hariu yisrael<br/>Simchi v'altsi b'chol lev<br/>Bat yerushalayi<br/>Regozija filha de sião<br/>Rejubila israel<br/>Canta e dança, de todo coração<br/>Filha de jerusalém<br/>O senhor levou tuas dívidas<br/>Destrói teus inimigos<br/>Rei de israel, senhor de tudo<br/>Em nosso meio, é poderoso<br/>Resir hashem mishpotaich<br/>Pina oyvech, melech israel<br/>Adonai, bekirbech, al tirai<br/>O senhor teu deus poderoso é<br/>Para te salvar, se deleitará sobre ti<br/>Renovar-te-á no seu amor</lines>
    </verse>
  </lyrics>
</song>
