<?xml version='1.0' encoding='utf-8'?>
<song xmlns="http://openlyrics.info/namespace/2009/song" version="0.8" createdIn="OpenLP 1.9.9" modifiedIn="OpenLP 1.9.9" modifiedDate="2012-09-30T13:19:59">
  <properties>
    <titles>
      <title>salmo-90</title>
    </titles>
    <authors>
      <author>Diante do Trono</author>
    </authors>
  </properties>
  <lyrics>
    <verse name="v1">
      <lines>Salmo 90</lines>
    </verse>
    <verse name="v2">
      <lines>Antes que os montes nascessem<br/>Ou que formasses a terra e o mundo sim<br/>De eternidade a eternidade<br/>Tu és Deus</lines>
    </verse>
    <verse name="v3">
      <lines>Nós somos como a nuvem<br/>Como a relva que desaparece<br/>De eternidade a eternidade<br/>Tu és Deus</lines>
    </verse>
    <verse name="v4">
      <lines>Tu és o mesmo<br/>Ontem, hoje e para sempre<br/>De geração em geração Tu és Deus</lines>
    </verse>
    <verse name="v5">
      <lines>Tu és o mesmo<br/>Sobre o trono eternamente<br/>De geração em geração o nosso refúgio</lines>
    </verse>
    <verse name="v6">
      <lines>Mil anos para Ti<br/>são como o dia que passou</lines>
    </verse>
    <verse name="v7">
      <lines>Bendito és para sempre e sempre<br/>Bendito és para sempre e sempre<br/>Bendito és para sempre e sempre<br/>Bendito és para sempre e sempre<br/>Bendito és para sempre e sempre</lines>
    </verse>
  </lyrics>
</song>
