<?xml version='1.0' encoding='utf-8'?>
<song xmlns="http://openlyrics.info/namespace/2009/song" version="0.8" createdIn="OpenLP 1.9.9" modifiedIn="OpenLP 1.9.9" modifiedDate="2012-09-30T13:19:59">
  <properties>
    <titles>
      <title>salvador</title>
    </titles>
    <authors>
      <author>Diante do Trono</author>
    </authors>
  </properties>
  <lyrics>
    <verse name="v1">
      <lines>Salvador</lines>
    </verse>
    <verse name="v2">
      <lines>Não coloque tua esperança em falsos deuses<br/>Não entregue o teu coração a outro alguém<br/>Pois quem mais te amaria assim?<br/>Pois quem mais te perdoaria assim?<br/>Pois quem mais te restauraria<br/>E te chamaria:<br/>"Vem ferida, terra escolhida, vem, sou teu Salvador!"</lines>
    </verse>
    <verse name="v3">
      <lines>Salvador<br/>Só Jesus é o teu redentor<br/>Salvador<br/>Que em teus céus ecoe o som deste amor<br/>É o clamor do coração de Deus, teu criador<br/>Que naquela cruz o alto preço de sangue pagou<br/>Salvador<br/>Só Jesus é teu Libertador<br/>Salvador<br/>Tua liberdade Ele já conquistou<br/>Quebre todos os grilhões do teu acusador<br/>E declare em alta voz que só Jesus é o Senhor<br/>Savador</lines>
    </verse>
  </lyrics>
</song>
