<?xml version='1.0' encoding='utf-8'?>
<song xmlns="http://openlyrics.info/namespace/2009/song" version="0.8" createdIn="OpenLP 1.9.9" modifiedIn="OpenLP 1.9.9" modifiedDate="2012-09-30T13:19:59">
  <properties>
    <titles>
      <title>santo-deus</title>
    </titles>
    <authors>
      <author>Diante do Trono</author>
    </authors>
  </properties>
  <lyrics>
    <verse name="v1">
      <lines>Santo Deus</lines>
    </verse>
    <verse name="v2">
      <lines>Quando entro em Tua presença<br/>E contemplo a Tua glória<br/>Me esvazio e me prostro aos Teus pés</lines>
    </verse>
    <verse name="v3">
      <lines>Os Teus olhos me consomem<br/>Com Teu infinito amor<br/>Teu perdão me restaurou pra o Teu louvor</lines>
    </verse>
    <verse name="v4">
      <lines>Santo Deus<br/>Santo Deus<br/>Tua glória enche a minha vida<br/>E transforma o meu viver</lines>
    </verse>
    <verse name="v5">
      <lines>Santo Deus<br/>Santo Deus<br/>Não há outro igual a Ti Senhor<br/>Tu és digno de louvor</lines>
    </verse>
    <verse name="v6">
      <lines>Santo é o Senhor</lines>
    </verse>
  </lyrics>
</song>
