<?xml version='1.0' encoding='utf-8'?>
<song xmlns="http://openlyrics.info/namespace/2009/song" version="0.8" createdIn="OpenLP 1.9.9" modifiedIn="OpenLP 1.9.9" modifiedDate="2012-09-30T13:19:59">
  <properties>
    <titles>
      <title>santifica-me</title>
    </titles>
    <authors>
      <author>Diante do Trono</author>
    </authors>
  </properties>
  <lyrics>
    <verse name="v1">
      <lines>Santifica-me</lines>
    </verse>
    <verse name="v2">
      <lines>Santifica-me, purifica-me<br/>Limpa-me, Senhor<br/>Eu quero ser igual a ti<br/>Vem perdoar os meus pecados<br/>Libertar das minhas prisões<br/>Vem curar minhas feridas<br/>Transformar todo o meu ser</lines>
    </verse>
    <verse name="v3">
      <lines>Santifica-me, Santifica-me</lines>
    </verse>
  </lyrics>
</song>
