<?xml version='1.0' encoding='utf-8'?>
<song xmlns="http://openlyrics.info/namespace/2009/song" version="0.8" createdIn="OpenLP 1.9.9" modifiedIn="OpenLP 1.9.9" modifiedDate="2012-09-30T13:19:59">
  <properties>
    <titles>
      <title>santo-como-tu-es</title>
    </titles>
    <authors>
      <author>Diante do Trono</author>
    </authors>
  </properties>
  <lyrics>
    <verse name="v1">
      <lines>Santo como tu és</lines>
    </verse>
    <verse name="v2">
      <lines>Santo como Tu és<br/>Eu quero ser Santo como Tu és</lines>
    </verse>
    <verse name="v3">
      <lines>Sei que um dia Te verei<br/>Face a face e serei<br/>Santo como Tu és</lines>
    </verse>
    <verse name="v4">
      <lines>Por isso eu me santifico<br/>Cada dia me purifico<br/>Pois tenho Te visto, Te conhecido<br/>E Tu és Santo</lines>
    </verse>
    <verse name="v5">
      <lines>Foi para isso que se manifestou<br/>Pra tirar os pecados<br/>Pois Ele é Santo</lines>
    </verse>
    <verse name="v6">
      <lines>Se confessarmos os nossos pecados<br/>Vamos ser perdoados<br/>Pois Ele é Santo</lines>
    </verse>
  </lyrics>
</song>
