<?xml version='1.0' encoding='utf-8'?>
<song xmlns="http://openlyrics.info/namespace/2009/song" version="0.8" createdIn="OpenLP 1.9.9" modifiedIn="OpenLP 1.9.9" modifiedDate="2012-09-30T13:19:59">
  <properties>
    <titles>
      <title>saudades</title>
    </titles>
    <authors>
      <author>Diante do Trono</author>
    </authors>
  </properties>
  <lyrics>
    <verse name="v1">
      <lines>Saudades</lines>
    </verse>
    <verse name="v2">
      <lines>Conhecer-te mais<br/>Estar mais perto de Ti<br/>Mergulhar no teu rio, Senhor<br/>Sentir Teu fluir</lines>
    </verse>
    <verse name="v3">
      <lines>Pois onde Tu estás há liberdade<br/>Espírito Santo fique a vontade</lines>
    </verse>
    <verse name="v4">
      <lines>Temos saudades de Ti, Senhor<br/>Ansiamos por Tua presença<br/>Aqui</lines>
    </verse>
  </lyrics>
</song>
