<?xml version='1.0' encoding='utf-8'?>
<song xmlns="http://openlyrics.info/namespace/2009/song" version="0.8" createdIn="OpenLP 1.9.9" modifiedIn="OpenLP 1.9.9" modifiedDate="2012-09-30T13:20:47">
  <properties>
    <titles>
      <title>SE-NAO-FOR-PRA-TE-ADORAR</title>
    </titles>
    <authors>
      <author>FERNANDINHO</author>
    </authors>
  </properties>
  <lyrics>
    <verse name="v1">
      <lines>SE NAO FOR PRA TE ADORAR</lines>
    </verse>
    <verse name="v2">
      <lines>SE NÃO FOR PRA TE ADORAR PARA QUE NASCI<br/>SE NÃO FOR PRA TE SERVIR POR QUE ESTOU AQUI<br/>SIM EU QUERO TE ADORAR, TE ADORAR, SENHOR ESTOU AQUI.</lines>
    </verse>
    <verse name="v3">
      <lines>DIANTE DO TRONO SENHOR, QUERO LEVAR MINHA OFERTA DE AMOR.<br/>DIANTE DO TRONO SENHOR, QUERO LEVAR MEU SACRIFÍCIO DE LOUVOR.<br/>AS MINHAS MÃOS LEVANTAR, TUA BELEZA ENTÃO CONTEMPLAR.<br/>COM MEUS LÁBIOS DECLARAR TODA A MINHA ADORAÇÃO.</lines>
    </verse>
    <verse name="v4">
      <lines>SE NÃO FOR PRA TE ADORAR PARA QUE NASCI<br/>SE NÃO FOR PRA TE SERVIR POR QUE ESTOU AQUI<br/>SIM EU QUERO TE ADORAR, TE ADORAR, SENHOR ESTOU AQUI.</lines>
    </verse>
  </lyrics>
</song>
