<?xml version='1.0' encoding='utf-8'?>
<song xmlns="http://openlyrics.info/namespace/2009/song" version="0.8" createdIn="OpenLP 1.9.9" modifiedIn="OpenLP 1.9.9" modifiedDate="2012-09-30T13:20:00">
  <properties>
    <titles>
      <title>se-renovam</title>
    </titles>
    <authors>
      <author>Diante do Trono</author>
    </authors>
  </properties>
  <lyrics>
    <verse name="v1">
      <lines>Se Renovam</lines>
    </verse>
    <verse name="v2">
      <lines>Bom é o Senhor prá os que esperam nele<br/>Bom é aguardar a sua sal - va - ção<br/>Suas misericórdias são o que me sustentam<br/>Elas se renovam todas as manhãs<br/>As misericórdias do Senhor se renovam sobre mim (ti)<br/>As misericórdias do Senhor se renovam, não têm fim<br/>As misericórdias do Senhor se renovam sobre mim (ti)<br/>As misericórdias do Senhor se renovam, não têm fim<br/>A minha porção é o Senhor<br/>Portanto nele esperarei.</lines>
    </verse>
  </lyrics>
</song>
