<?xml version='1.0' encoding='utf-8'?>
<song xmlns="http://openlyrics.info/namespace/2009/song" version="0.8" createdIn="OpenLP 1.9.9" modifiedIn="OpenLP 1.9.9" modifiedDate="2012-09-30T13:19:59">
  <properties>
    <titles>
      <title>seja-centro</title>
    </titles>
    <authors>
      <author>Diante do Trono</author>
    </authors>
  </properties>
  <lyrics>
    <verse name="v1">
      <lines>Seja o Centro</lines>
    </verse>
    <verse name="v2">
      <lines>Seja o centro, seja o tudo<br/>Em meu coração, Senhor<br/>Seja a vida em meu peito<br/>Cada dia aqui e eternamente</lines>
    </verse>
    <verse name="v3">
      <lines>Jesus, Jesus,<br/>Jesus, Jesus,</lines>
    </verse>
    <verse name="v4">
      <lines>Seja o sol que me aquece<br/>Em meu coração, Senhor<br/>Seja a força que me sustenta<br/>Cada dia aqui e eternamente</lines>
    </verse>
    <verse name="v5">
      <lines>Jesus, Jesus,<br/>Jesus, Jesus,</lines>
    </verse>
    <verse name="v6">
      <lines>Meu tesouro<br/>Minha razão de viver<br/>Meu anseio<br/>É te conhecer<br/>Pois não há outro igual a ti<br/>A quem tenho eu além de ti<br/>És minha vida, és a fonte, Jesus</lines>
    </verse>
    <verse name="v7">
      <lines>Jesus, Jesus,<br/>Jesus, Jesus,</lines>
    </verse>
    <verse name="v8">
      <lines>Seja o centro, Seja o tudo<br/>Em meu coração, Senhor<br/>Seja a vida em meu peito<br/>Cada dia aqui e eternamente</lines>
    </verse>
    <verse name="v9">
      <lines>Jesus, Jesus,<br/>Jesus, Jesus,</lines>
    </verse>
  </lyrics>
</song>
