<?xml version='1.0' encoding='utf-8'?>
<song xmlns="http://openlyrics.info/namespace/2009/song" version="0.8" createdIn="OpenLP 1.9.9" modifiedIn="OpenLP 1.9.9" modifiedDate="2012-09-30T13:20:00">
  <properties>
    <titles>
      <title>senhor-dos-exercitos-rei</title>
    </titles>
    <authors>
      <author>Diante do Trono</author>
    </authors>
  </properties>
  <lyrics>
    <verse name="v1">
      <lines>Senhor Dos Exércitos, Rei</lines>
    </verse>
    <verse name="v2">
      <lines>Socorre-me, Senhor<br/>Escuta o meu clamor<br/>O inimigo quer me oprimir Procura sempre me destruir<br/>Com coisas vãs quer me seduzir<br/>Com seus enganos sutis<br/>Não me deixes cair<br/>Não me deixes tropeçar<br/>Esconde-me em ti<br/>Pois só assim ele não vai me achar</lines>
    </verse>
    <verse name="v3">
      <lines>Guerreia por mim, glorioso Senhor<br/>Poderoso nas batalhas<br/>Tu és o meu escudo e arma de guerra<br/>Envia teus anjos pra pelejar<br/>Em meu favor nesta batalha<br/>Tu és o Senhor dos exércitos, Rei<br/>Tu és o Senhor dos exércitos, Rei</lines>
    </verse>
    <verse name="v4">
      <lines>Eu sou o teu Senhor<br/>Ouvi o teu clamor<br/>Não temas, pois eu estou aqui<br/>Com meu poder te revesti<br/>O inimigo eu já venci<br/>Maior sou eu em ti<br/>Não te deixo cair<br/>Não te deixo tropeçar<br/>Em Jesus te escondi<br/>E assim o inimigo não vai te achar</lines>
    </verse>
    <verse name="v5">
      <lines>Guerreio por ti<br/>Sou glorioso Senhor<br/>Poderoso nas batalhas<br/>Eu sou o teu escudo e arma de guerra<br/>Envio os meus anjos pra pelejar<br/>Em teu favor nesta batalha<br/>Eu sou o Senhor dos exércitos, Rei<br/>Eu sou o Senhor dos exércitos, Rei</lines>
    </verse>
  </lyrics>
</song>
