<?xml version='1.0' encoding='utf-8'?>
<song xmlns="http://openlyrics.info/namespace/2009/song" version="0.8" createdIn="OpenLP 1.9.9" modifiedIn="OpenLP 1.9.9" modifiedDate="2012-09-30T13:20:00">
  <properties>
    <titles>
      <title>servir</title>
    </titles>
    <authors>
      <author>Diante do Trono</author>
    </authors>
  </properties>
  <lyrics>
    <verse name="v1">
      <lines>Servir</lines>
    </verse>
    <verse name="v2">
      <lines>Servir, servir<br/>Deus me deu duas mãos para servir</lines>
    </verse>
    <verse name="v3">
      <lines>O que é que eu posso fazer por você?<br/>O que é que eu posso fazer para servir você?<br/>O que é que eu posso fazer por você?<br/>O que é que eu posso fazer para servir você?</lines>
    </verse>
    <verse name="v4">
      <lines>Posso arrumar a minha cama<br/>Posso varrer o chão<br/>Posso guardar o meu pijama<br/>Cuidar do meu irmão</lines>
    </verse>
    <verse name="v5">
      <lines>O que é que eu posso fazer por você?<br/>O que é que eu posso fazer para servir você?<br/>O que é que eu posso fazer por você?<br/>O que é que eu posso fazer para servir você?</lines>
    </verse>
    <verse name="v6">
      <lines>Alimentar os pobres<br/>Cobrir alguém no frio<br/>Visitar um doente<br/>Dar um abraço amigo</lines>
    </verse>
    <verse name="v7">
      <lines>O que é que eu posso fazer por você?<br/>O que é que eu posso fazer para servir você?<br/>O que é que eu posso fazer por você?<br/>O que é que eu posso fazer para servir você?</lines>
    </verse>
    <verse name="v8">
      <lines>Servir, servir<br/>Deus me deu duas mãos para servir<br/>Servir, servir<br/>Deus me deu duas mãos para servir<br/>Servir, servir<br/>Deus me deu duas mãos para servir...</lines>
    </verse>
  </lyrics>
</song>
