<?xml version='1.0' encoding='utf-8'?>
<song xmlns="http://openlyrics.info/namespace/2009/song" version="0.8" createdIn="OpenLP 1.9.9" modifiedIn="OpenLP 1.9.9" modifiedDate="2012-09-30T13:20:00">
  <properties>
    <titles>
      <title>shalom-jerusalem</title>
    </titles>
    <authors>
      <author>Diante do Trono</author>
    </authors>
  </properties>
  <lyrics>
    <verse name="v1">
      <lines>Shalom Jerusalém</lines>
    </verse>
    <verse name="v2">
      <lines>Shalom shalom Jerusalém<br/>Paz seja a ti<br/>Quando o messias retornar<br/>Seus louvores encontre em ti</lines>
    </verse>
    <verse name="v3">
      <lines>Ore pela tua paz, Jerusalém<br/>Onde a Salvação se derramou<br/>O sacrifício do Senhor</lines>
    </verse>
    <verse name="v4">
      <lines>Houve gozo em tuas ruas, ramos levantados<br/>Exaltando ao que é santo, Yeshua t'Adonai</lines>
    </verse>
    <verse name="v5">
      <lines>Israel, querido filho do meu amor<br/>Com alegria te ouviei dizer: "O Messias já chegou"</lines>
    </verse>
    <verse name="v6">
      <lines>Ouçam-me meus irmãos<br/>Abram o coração<br/>Voltem-se e adorem Adonai<br/>E o Messias conhecerão</lines>
    </verse>
  </lyrics>
</song>
