<?xml version='1.0' encoding='utf-8'?>
<song xmlns="http://openlyrics.info/namespace/2009/song" version="0.8" createdIn="OpenLP 1.9.9" modifiedIn="OpenLP 1.9.9" modifiedDate="2012-09-30T13:20:00">
  <properties>
    <titles>
      <title>sim-sim-nao-nao</title>
    </titles>
    <authors>
      <author>Diante do Trono</author>
    </authors>
  </properties>
  <lyrics>
    <verse name="v1">
      <lines>Sim! Sim! Não! Não!</lines>
    </verse>
    <verse name="v2">
      <lines>Sim, sim!<br/>Parecia que era o fim<br/>Mas não pense que a história acabaria assim!<br/>Não, não!<br/>A morte não o segurou!<br/>No terceiro dia<br/>A pedra do sepucro rolou</lines>
    </verse>
    <verse name="v3">
      <lines>Jesus ressussitou!<br/>Jesus ressussitou!<br/>ALELUIA!<br/>Vivo está o meu Senhor<br/>Jesus ressussitou!<br/>Jesus ressussitou!<br/>ALELUIA!<br/>Vivo está o meu Senhor</lines>
    </verse>
    <verse name="v4">
      <lines>Sim, sim<br/>Jesus voltou pra o céu<br/>E está sentado no trono<br/>Ao lado do Pai.<br/>Não, não<br/>Não está tão longe, não<br/>Ele também vive em meu coração</lines>
    </verse>
    <verse name="v5">
      <lines>Em meu coração<br/>Em meu coração<br/>ALELUIA!<br/>Jesus vive em meu coração<br/>Em meu coração<br/>Em meu coração<br/>ALELUIA!<br/>Jesus vive em meu coração</lines>
    </verse>
    <verse name="v6">
      <lines>Sim, sim<br/>Ele prometeu voltar<br/>Lá no céu ele está preparando um lugar<br/>Não, não!<br/>Não preciso pagar para entrar lá<br/>De graça recebi,<br/>Aquilo que ele fez por mim</lines>
    </verse>
    <verse name="v7">
      <lines>Jesus vai voltar<br/>Jesus vai voltar<br/>ALELUIA<br/>Lá no céu eu vou morar<br/>Jesus vai voltar<br/>Jesus vai voltar<br/>ALELUIA<br/>Lá no céu eu vou morar</lines>
    </verse>
    <verse name="v8">
      <lines>Jesus vai voltar!!!</lines>
    </verse>
  </lyrics>
</song>
