<?xml version='1.0' encoding='utf-8'?>
<song xmlns="http://openlyrics.info/namespace/2009/song" version="0.8" createdIn="OpenLP 1.9.9" modifiedIn="OpenLP 1.9.9" modifiedDate="2012-09-30T13:20:00">
  <properties>
    <titles>
      <title>so-jesus</title>
    </titles>
    <authors>
      <author>Diante do Trono</author>
    </authors>
  </properties>
  <lyrics>
    <verse name="v1">
      <lines>Só Jesus</lines>
    </verse>
    <verse name="v2">
      <lines>Você pode até pensar<br/>Que as pessoas não precisam de Jesus Mas não se deixe<br/>enganar<br/>Foi por elas que morreu na cruz</lines>
    </verse>
    <verse name="v3">
      <lines>Só Jesus é o caminho<br/>Que o próprio Deus nos preparou<br/>Não existe outro salvador<br/>Só Jesus, só Jesus<br/>Só Jesus salva o pecador</lines>
    </verse>
    <verse name="v4">
      <lines>Sem Jesus as pessoas<br/>Não podem conhecer a Deus<br/>Mesmo aquelas que são boas<br/>Precisam de Jesus Cristo</lines>
    </verse>
    <verse name="v5">
      <lines>Só Jesus é o caminho</lines>
    </verse>
    <verse name="v6">
      <lines>Só Jesus é o caminho<br/>Que o próprio Deus nos preparou<br/>Não existe outro salvador<br/>Só Jesus, só Jesus<br/>Só Jesus salva o pecador</lines>
    </verse>
  </lyrics>
</song>
