<?xml version='1.0' encoding='utf-8'?>
<song xmlns="http://openlyrics.info/namespace/2009/song" version="0.8" createdIn="OpenLP 1.9.9" modifiedIn="OpenLP 1.9.9" modifiedDate="2012-09-30T13:20:01">
  <properties>
    <titles>
      <title>soldado-do-rei</title>
    </titles>
    <authors>
      <author>Diante do Trono</author>
    </authors>
  </properties>
  <lyrics>
    <verse name="v1">
      <lines>Soldado do Rei</lines>
    </verse>
    <verse name="v2">
      <lines>De noite ou de dia, aqui ou ali<br/>Ao meu lado está o anjo do Senhor<br/>Eu sou corajoso, soldado do Rei<br/>Vou marchando como vencedor</lines>
    </verse>
    <verse name="v3">
      <lines>1, 2, 3, 4 - marcha, soldado!</lines>
    </verse>
    <verse name="v4">
      <lines>Não tenho medo do escuro<br/>Não tenho medo de trovão<br/>Em minha vida estou seguro<br/>Jesus está em meu coração</lines>
    </verse>
    <verse name="v5">
      <lines>Se alguma coisa me atormenta<br/>Eu digo: "Sai, em nome de Jesus!"<br/>O mal pra mim não faz careta<br/>Sou um soldado da luz<br/>Sou vencedor em Jesus</lines>
    </verse>
    <verse name="v6">
      <lines>1, 2, 3, 4 - marcha, soldado!</lines>
    </verse>
  </lyrics>
</song>
