<?xml version='1.0' encoding='utf-8'?>
<song xmlns="http://openlyrics.info/namespace/2009/song" version="0.8" createdIn="OpenLP 1.9.9" modifiedIn="OpenLP 1.9.9" modifiedDate="2012-09-30T13:20:01">
  <properties>
    <titles>
      <title>solo-de-elcana</title>
    </titles>
    <authors>
      <author>Diante do Trono</author>
    </authors>
  </properties>
  <lyrics>
    <verse name="v1">
      <lines>Solo de Elcana</lines>
    </verse>
    <verse name="v2">
      <lines>Ana por que está chorando?<br/>Por que não come?<br/>E está tão triste?</lines>
    </verse>
    <verse name="v3">
      <lines>Será que eu não sou melhor pra você<br/>Do que dez filhos?<br/>O que mais posso fazer pra te alegrar meu bem?<br/>Eu não gosto de te ver chorar assim</lines>
    </verse>
    <verse name="v4">
      <lines>Ana por que está chorando?<br/>Por que não come?<br/>E está tão triste?</lines>
    </verse>
    <verse name="v5">
      <lines>Será que eu não sou melhor pra você<br/>Do que dez filhos?<br/>Vem pra cá vou te abraçar<br/>Fique pertinho de mim<br/>Eu não gosto de te ver chorar assim</lines>
    </verse>
    <verse name="v6">
      <lines>Ana por que está chorando?<br/>Por que não come?<br/>E está tão triste?<br/>Será que eu não sou melhor pra você<br/>Do que dez filhos?</lines>
    </verse>
  </lyrics>
</song>
