<?xml version='1.0' encoding='utf-8'?>
<song xmlns="http://openlyrics.info/namespace/2009/song" version="0.8" createdIn="OpenLP 1.9.9" modifiedIn="OpenLP 1.9.9" modifiedDate="2012-09-30T13:20:01">
  <properties>
    <titles>
      <title>som-que-vem-dos-ceus</title>
    </titles>
    <authors>
      <author>Diante do Trono</author>
    </authors>
  </properties>
  <lyrics>
    <verse name="v1">
      <lines>Som Que Vem Dos Céus</lines>
    </verse>
    <verse name="v2">
      <lines>Que se ouça pelas ruas do Brasil<br/>Um novo som que vem dos céus<br/>Que se ouça por entre as nações<br/>O som da música do céus<br/>Que exalta o Teu nome Jesus<br/>Que anuncia o Teu Reino Jesus<br/>Eis que vem surgindo da boca do adorador<br/>Um cântico novo<br/>Eis que vem chegando ao coração dos filhos<br/>A canção que o Pai anseia ouvir<br/>Gerada pelo Espírito de Deus<br/>Que flui como um rio de águas vivas</lines>
    </verse>
    <verse name="v3">
      <lines>Rasga os céus<br/>E faça-se ouvir Tua voz poderosa<br/>Rasga os céus<br/>E como as águas cobrem o mar</lines>
    </verse>
    <verse name="v4">
      <lines>Vem com Tua glória<br/>Vem com Tua glória</lines>
    </verse>
  </lyrics>
</song>
