<?xml version='1.0' encoding='utf-8'?>
<song xmlns="http://openlyrics.info/namespace/2009/song" version="0.8" createdIn="OpenLP 1.9.9" modifiedIn="OpenLP 1.9.9" modifiedDate="2012-09-30T13:20:01">
  <properties>
    <titles>
      <title>sou-atraido</title>
    </titles>
    <authors>
      <author>Diante do Trono</author>
    </authors>
  </properties>
  <lyrics>
    <verse name="v1">
      <lines>Sou Atraído</lines>
    </verse>
    <verse name="v2">
      <lines>Sou atraído por tua palavra<br/>Consumido pelo teu olhar<br/>Constrangido por tão grande amor<br/>Pois tua graça me alcançou</lines>
    </verse>
    <verse name="v3">
      <lines>Quero em teus braços me lançar<br/>Em meio a tempestade te adorar<br/>Sob tuas asas me deitar<br/>Descansar, repousar, esperar</lines>
    </verse>
    <verse name="v4">
      <lines>Posso ouvir tua doce voz<br/>E sentir as marcas em tuas mãos<br/>Teu sorriso me alegra o coração<br/>Pois tua graça me alcançou</lines>
    </verse>
    <verse name="v5">
      <lines>Pra sempre e sempre<br/>Pra sempre e sempre</lines>
    </verse>
  </lyrics>
</song>
