<?xml version='1.0' encoding='utf-8'?>
<song xmlns="http://openlyrics.info/namespace/2009/song" version="0.8" createdIn="OpenLP 1.9.9" modifiedIn="OpenLP 1.9.9" modifiedDate="2012-09-30T13:20:01">
  <properties>
    <titles>
      <title>spontaneous-song</title>
    </titles>
    <authors>
      <author>Diante do Trono</author>
    </authors>
  </properties>
  <lyrics>
    <verse name="v1">
      <lines>Spontaneous Song</lines>
    </verse>
    <verse name="v2">
      <lines>Worship Him, worship the Father<br/>Tell Him you love him<br/>Worship the Father<br/>Delight yourself in Him<br/>With all your heart say<br/>Daddy, daddy, daddy, my daddy</lines>
    </verse>
    <verse name="v3">
      <lines>"Maybe just like me, you were privileged to have a good earthly father, but maybe the only picture you have of a father is a dominating, abusive father, a father who was not there for you, an absent father, a father who never supported you. Maybe the only thing you received from your earthly father were sorrow, resentment and pain, because those things were all he ever received from his father, or maybe you never knew your father, you never knew what a father was supposed to be like, but now, now you can know your heavenly father, you can have a real and intimate relationship with him, He loves you in a way that no earthly father, no matter how loving could never equal, your heavenly father, He never fails, He is a strong and powerful protector, yet a gentle and loving father for his children, YES, your heavenly father, he supplies all your needs and He asks nothing in return, He just wants you to come as his child into his presence, He is always ready to forgive you and restore you, because He loves you with an unconditional love"<br/>Worship Him, worship your heavenly father<br/>He never leaves you alone<br/>He never abandons you<br/>He never forsakes you<br/>He never disappoints you<br/>Worship the father<br/>His touch will never hurt you<br/>But his love can heal your wounded soul<br/>Worship the Father, He is always there for you<br/>Providing for each one of your needs<br/>He always understands you<br/>He knows your deepest thoughts<br/>He never condemns you, but He says, my child<br/>I love you, I love you, I love you }3x<br/>It's so good to have a father<br/>My father, yes you are my father<br/>And I know, I know you care for me, you always care for me<br/>Supplying all of my needs, how I need you, my father<br/>You're so good to me, you're faithful, so faithful<br/>And true to me, you're strong, you protect me<br/>You are all I need, my father, my best friend<br/>My closest friend, I love you<br/>I need you, o how I want you so close to me<br/>Thanks for loving me first, my daddy</lines>
    </verse>
    <verse name="v4">
      <lines>"Sometimes what children grow up, they forget what their father has done for them, but we as God's children don't ever want to forget"</lines>
    </verse>
  </lyrics>
</song>
