<?xml version='1.0' encoding='utf-8'?>
<song xmlns="http://openlyrics.info/namespace/2009/song" version="0.8" createdIn="OpenLP 1.9.9" modifiedIn="OpenLP 1.9.9" modifiedDate="2012-09-30T13:20:01">
  <properties>
    <titles>
      <title>subirei</title>
    </titles>
    <authors>
      <author>Diante do Trono</author>
    </authors>
  </properties>
  <lyrics>
    <verse name="v1">
      <lines>Subirei</lines>
    </verse>
    <verse name="v2">
      <lines>Subirei ao mais alto monte<br/>E lá te encontrarei senhor<br/>Eu subirei (bis)<br/>Te conhecerei pelo teu nome<br/>Tua face eu verei<br/>Transformado serei por teu amor (bis)<br/>Tu es santo santo<br/>Vem me santificar<br/>Tu es santo santo<br/>Contigo eu quero estar (bis)<br/>Ao teu monte subirei pra te adorar<br/>Com mãos limpas e coração puro<br/>Eu subirei a ti ,eu subirei a ti<br/>Ao coração quebrantado, tu não resistiras<br/>Me renderei a ti, eu subirei a ti<br/>Tu es santo santo<br/>Vem me santificar<br/>Tu es santo santo<br/>Contigo eu quero estar (bis)<br/>Ao teu monte subirei pra te adorar</lines>
    </verse>
  </lyrics>
</song>
