<?xml version='1.0' encoding='utf-8'?>
<song xmlns="http://openlyrics.info/namespace/2009/song" version="0.8" createdIn="OpenLP 1.9.9" modifiedIn="OpenLP 1.9.9" modifiedDate="2012-09-30T13:20:35">
  <properties>
    <titles>
      <title>TE AGRADEÇO</title>
    </titles>
    <authors>
      <author>DIANTE DO TRONO</author>
    </authors>
  </properties>
  <lyrics>
    <verse name="v1">
      <lines>POR TUDO O QUE TENS FEITO<br/>POR TUDO QUE VAIS FAZER<br/>POR TUAS PROMESSAS<br/>E  TUDO QUE ÉS<br/>EU QUERO TE AGRADECER<br/>COM TODO MEU SER</lines>
    </verse>
    <verse name="v2">
      <lines>TE AGRADEÇO, <br/>MEU SENHOR<br/>TE AGRADEÇO, <br/>MEU SENHOR</lines>
    </verse>
    <verse name="v3">
      <lines>TE AGRADEÇO <br/>POR ME LIBERTAR E SALVAR<br/>POR TER MORRIDO <br/>EM MEU LUGAR<br/>TE AGRADEÇO<br/>JESUS, TE AGRADEÇO<br/>EU TE AGRADEÇO<br/>TE AGRADEÇO</lines>
    </verse>
  </lyrics>
</song>
