<?xml version='1.0' encoding='utf-8'?>
<song xmlns="http://openlyrics.info/namespace/2009/song" version="0.8" createdIn="OpenLP 1.9.9" modifiedIn="OpenLP 1.9.9" modifiedDate="2012-09-30T13:20:02">
  <properties>
    <titles>
      <title>te-adorar</title>
    </titles>
    <authors>
      <author>Diante do Trono</author>
    </authors>
  </properties>
  <lyrics>
    <verse name="v1">
      <lines>Te adorar</lines>
    </verse>
    <verse name="v2">
      <lines>Te adorar, Te buscar é o meu prazer<br/>Como eu quero Te conhecer<br/>Cada vez mais poder sentir<br/>O Teu amor em meu coração</lines>
    </verse>
    <verse name="v3">
      <lines>Eu não poderia viver sem Ti<br/>Eu jamais teria razão em minha vida<br/>Sem Te encontrar e conhecer Teu grande amor<br/>Senhor minha vida pertece a Ti<br/>Pois é a Tua mão que me dá forças pra caminhar<br/>vivendo os Teus sonhos<br/>andando em direção ao Teu coraçao, Jesus</lines>
    </verse>
  </lyrics>
</song>
