<?xml version='1.0' encoding='utf-8'?>
<song xmlns="http://openlyrics.info/namespace/2009/song" version="0.8" createdIn="OpenLP 1.9.9" modifiedIn="OpenLP 1.9.9" modifiedDate="2012-09-30T13:20:02">
  <properties>
    <titles>
      <title>te-amo-jesus</title>
    </titles>
    <authors>
      <author>Diante do Trono</author>
    </authors>
  </properties>
  <lyrics>
    <verse name="v1">
      <lines>Te Amo Jesus</lines>
    </verse>
    <verse name="v2">
      <lines>Dia após dia eu me achego a a Ti<br/>Ao Teu calor,ao Teu carinho<br/>Ao Teu amor<br/>No lugar secreto corro pra Te encontrar<br/>E a cada passo sinto Tua presença<br/>E Te amo mais</lines>
    </verse>
    <verse name="v3">
      <lines>Quero tocar Tua face<br/>Te beijar<br/>Te abraçar e Te dizer<br/>Te amo<br/>Eu Te amo Jesus</lines>
    </verse>
  </lyrics>
</song>
