<?xml version='1.0' encoding='utf-8'?>
<song xmlns="http://openlyrics.info/namespace/2009/song" version="0.8" createdIn="OpenLP 1.9.9" modifiedIn="OpenLP 1.9.9" modifiedDate="2012-09-30T13:20:02">
  <properties>
    <titles>
      <title>te-amar</title>
    </titles>
    <authors>
      <author>Diante do Trono</author>
    </authors>
  </properties>
  <lyrics>
    <verse name="v1">
      <lines>Te Amar</lines>
    </verse>
    <verse name="v2">
      <lines>Que o meu coração<br/>Seja quebrantado e humilde<br/>Pr'atrair o teu coração.<br/>Que o meu coração,<br/>Se mova com a mesma compaixão,<br/>Que move o teu coração.<br/>Que o teu infinito amor,<br/>Seja marca em tudo o que eu fizer,<br/>E aonde for,<br/>Quero atrair aos teus braços<br/>Todos os feridos, rejeitados<br/>Maltratados pelo mundo.<br/>Quero conduzir ao caminho da cruz,<br/>Aqueles que estão cegos e perdidos,<br/>Iludidos nessa vida.<br/>Quero ver com os teus olhos,<br/>Sentir com o teu coração.</lines>
    </verse>
    <verse name="v3">
      <lines>Eu preciso te amar, te amar,<br/>E ser movido pelo teu amor.</lines>
    </verse>
    <verse name="v4">
      <lines>Pois ainda que eu falasse,<br/>A língua dos homens e dos anjos,<br/>Sem amor, seria sem nenhum valor.<br/>Ainda que eu tivesse dons,<br/>E aprovação dos homens,<br/>Sem amor, eu nada seria.<br/>Pois tudo passará, e permanecerá,<br/>O teu amor.</lines>
    </verse>
  </lyrics>
</song>
