<?xml version='1.0' encoding='utf-8'?>
<song xmlns="http://openlyrics.info/namespace/2009/song" version="0.8" createdIn="OpenLP 1.9.9" modifiedIn="OpenLP 1.9.9" modifiedDate="2012-09-30T13:20:48">
  <properties>
    <titles>
      <title>TE-ADORAREI</title>
    </titles>
    <authors>
      <author>FERNANDINHO</author>
    </authors>
  </properties>
  <lyrics>
    <verse name="v1">
      <lines>TE ADORAREI</lines>
    </verse>
    <verse name="v2">
      <lines>RENDEI GRAÇAS AO SENHOR POIS ELE E SANTO<br/>RENDEI GRAÇAS AO SENHOR POIS ELE E JUSTO<br/>TRIBUTEMOS A ELE O LOUVOR<br/>TRIBUTEMOS ADORAÇAO<br/>PELOS SECULOS DOS SECULOS TE ADORAREI<br/>TE ADORAREI, TE ADORAREI, TE ADORAREI<br/>DIANTE DO TRONO<br/>TE ADORAREI<br/>TE ADORAREI<br/>PRA SEMPRE TE ADORAREI<br/>RENDEI GRAÇAS AO SENHOR POIS ELE E SANTO<br/>RENDEI GRAÇAS AO SENHOR POIS ELE E JUSTO<br/>TRIBUTEMOS A ELE O LOUVOR<br/>TRIBUTEMOS ADORAÇAO<br/>PELOS SECULOS DOS SECULOS TE ADORAREI<br/>QUERUBINS CANTANDO, SERAFINS VOANDO<br/>DIANTE DO TRONO<br/>TUA NOIVA LOUVANDO NAS BODAS DO CORDEIRO<br/>QUERUBINS CANTANDO, SERAFINS VOANDO<br/>DIANTE DO TRONO<br/>TUA NOIVA LOUVANDO NAS BODAS DO CORDEIRO<br/>PRA TE ADORAR SENHOR<br/>PRA TE EXALTAR SENHOR<br/>REI DOS REIS,TE ADORAREI<br/>TE ADORAREI, TE ADORAREI, TE ADORAREI<br/>DIANTE DO TRONO<br/>TE ADORAREI<br/>TE ADORAREI<br/>PRA SEMPRE TE ADORAREI</lines>
    </verse>
  </lyrics>
</song>
