<?xml version='1.0' encoding='utf-8'?>
<song xmlns="http://openlyrics.info/namespace/2009/song" version="0.8" createdIn="OpenLP 1.9.9" modifiedIn="OpenLP 1.9.9" modifiedDate="2012-09-30T13:20:02">
  <properties>
    <titles>
      <title>te-agradeco</title>
    </titles>
    <authors>
      <author>Diante do Trono</author>
    </authors>
  </properties>
  <lyrics>
    <verse name="v1">
      <lines>Te Agradeço</lines>
    </verse>
    <verse name="v2">
      <lines>Por tudo o que tens feito<br/>Por tudo o que vais fazer<br/>Por tuas promessas e tudo o que és<br/>Eu quero te agradecer<br/>Com todo o meu ser</lines>
    </verse>
    <verse name="v3">
      <lines>Te agradeço, meu Senhor<br/>Te agradeço, meu Senhor</lines>
    </verse>
    <verse name="v4">
      <lines>Te agradeço por me libertar e salvar<br/>Por ter morrido em meu lugar<br/>Te agradeço<br/>Jesus, te agradeço<br/>Eu te agradeço<br/>Te agradeço</lines>
    </verse>
  </lyrics>
</song>
