<?xml version='1.0' encoding='utf-8'?>
<song xmlns="http://openlyrics.info/namespace/2009/song" version="0.8" createdIn="OpenLP 1.9.9" modifiedIn="OpenLP 1.9.9" modifiedDate="2012-09-30T13:20:02">
  <properties>
    <titles>
      <title>te-entronizamos</title>
    </titles>
    <authors>
      <author>Diante do Trono</author>
    </authors>
  </properties>
  <lyrics>
    <verse name="v1">
      <lines>Te Entronizamos</lines>
    </verse>
    <verse name="v2">
      <lines>Te entronizamos entre os louvores<br/>Pois Tu És Santo e Digno<br/>De ser engrandecido, ó Deus<br/>Recebe nossa adoração. (Bis)</lines>
    </verse>
    <verse name="v3">
      <lines>Teu povo canta a Ti<br/>Se prostra diante de Ti<br/>Diante do Teu trono<br/>Na beleza da santidade<br/>Te adoramos, Majestade<br/>Rei de toda glória.</lines>
    </verse>
    <verse name="v4">
      <lines>A Ti a glória. (3x)<br/>Pra sempre, amém!</lines>
    </verse>
    <verse name="v5">
      <lines>A ti a honra. (3x)<br/>Pra sempre, amém!</lines>
    </verse>
    <verse name="v6">
      <lines>A ti o domínio. (3x)<br/>Pra sempre, amém!</lines>
    </verse>
    <verse name="v7">
      <lines>Teu domínio não terá fim!</lines>
    </verse>
  </lyrics>
</song>
