<?xml version='1.0' encoding='utf-8'?>
<song xmlns="http://openlyrics.info/namespace/2009/song" version="0.8" createdIn="OpenLP 1.9.9" modifiedIn="OpenLP 1.9.9" modifiedDate="2012-09-30T13:20:04">
  <properties>
    <titles>
      <title>te-quero-mais</title>
    </titles>
    <authors>
      <author>Diante do Trono</author>
    </authors>
  </properties>
  <lyrics>
    <verse name="v1">
      <lines>Te quero mais</lines>
    </verse>
    <verse name="v2">
      <lines>Tenho fome de ti<br/>Te conhecer é o que eu quero mais<br/>Tenho sede de ti<br/>A Tua Paz é o que me satisfaz</lines>
    </verse>
    <verse name="v3">
      <lines>Te quero mais<br/>Te quero mais</lines>
    </verse>
    <verse name="v4">
      <lines>Teu amor me alcançou<br/>A Tua Luz eu vou deixar brilhar<br/>Teu perdão me aceitou<br/>Agora eu vivo só pra te adorar</lines>
    </verse>
    <verse name="v5">
      <lines>Te desejo mais que tudo<br/>És o ar que eu respiro<br/>Te entrego minha vida<br/>Minha vida</lines>
    </verse>
  </lyrics>
</song>
