<?xml version='1.0' encoding='utf-8'?>
<song xmlns="http://openlyrics.info/namespace/2009/song" version="0.8" createdIn="OpenLP 1.9.9" modifiedIn="OpenLP 1.9.9" modifiedDate="2012-09-30T13:20:03">
  <properties>
    <titles>
      <title>tem-todo-poder</title>
    </titles>
    <authors>
      <author>Diante do Trono</author>
    </authors>
  </properties>
  <lyrics>
    <verse name="v1">
      <lines>Tem Todo Poder</lines>
    </verse>
    <verse name="v2">
      <lines>Meu Deus<br/>Nunca falhou<br/>Seu amor<br/>Ele provou<br/>Você vai ver ele<br/>Tem todo poder</lines>
    </verse>
    <verse name="v3">
      <lines>Tenha coragem<br/>Pra confiar<br/>Meu Deus<br/>não se atrasará<br/>Você vai ver ele<br/>Tem todo poder</lines>
    </verse>
    <verse name="v4">
      <lines>Perdoa o pecador<br/>Restaura o que o diabo levou<br/>Pagou por meu resgate<br/>E cada dia vivo seus milagres</lines>
    </verse>
    <verse name="v5">
      <lines>Meu Deus<br/>Nunca falhou<br/>Seu amor<br/>Ele provou<br/>Você vai ver ele<br/>Tem todo poder</lines>
    </verse>
    <verse name="v6">
      <lines>Tenha coragem<br/>Pra confiar<br/>Meu Deus<br/>não se atrasará<br/>Você vai ver ele<br/>Tem todo poder</lines>
    </verse>
    <verse name="v7">
      <lines>Perdoa o pecador<br/>Restaura o que o diabo levou<br/>Pagou por meu resgate<br/>E cada dia vivo seus milagres</lines>
    </verse>
    <verse name="v8">
      <lines>Eu tenho sonhos<br/>Grandes demais<br/>Meu Deus<br/>Os torna reais<br/>Você vai ver ele<br/>Tem todo poder</lines>
    </verse>
    <verse name="v9">
      <lines>É real(2x)<br/>Pela fé,<br/>Vejo além do que é carnal<br/>É real(2x)<br/>Creio no sobrenatural</lines>
    </verse>
    <verse name="v10">
      <lines>Eu tenho sonhos<br/>Grandes demais<br/>Meu Deus<br/>Os torna reais<br/>Você vai ver ele<br/>Tem todo poder</lines>
    </verse>
    <verse name="v11">
      <lines>É real(2x)<br/>Pela fé,<br/>Vejo além do que é carnal<br/>É real(2x)<br/>Creio no sobrenatural</lines>
    </verse>
    <verse name="v12">
      <lines>Eu tenho sonhos<br/>Grandes demais<br/>Meu Deus<br/>Os torna reais<br/>Você vai ver ele<br/>Tem todo poder</lines>
    </verse>
    <verse name="v13">
      <lines>Você vai ver ele<br/>Tem todo poder</lines>
    </verse>
    <verse name="v14">
      <lines>Você vai ver ele<br/>Tem todo poder</lines>
    </verse>
    <verse name="v15">
      <lines>Tem todo poder<br/>Tem todo poder<br/>Tem todo poder<br/>Tem todo poder</lines>
    </verse>
  </lyrics>
</song>
