<?xml version='1.0' encoding='utf-8'?>
<song xmlns="http://openlyrics.info/namespace/2009/song" version="0.8" createdIn="OpenLP 1.9.9" modifiedIn="OpenLP 1.9.9" modifiedDate="2012-09-30T13:20:02">
  <properties>
    <titles>
      <title>tempo-de-adorar</title>
    </titles>
    <authors>
      <author>Diante do Trono</author>
    </authors>
  </properties>
  <lyrics>
    <verse name="v1">
      <lines>Tempo de Adorar</lines>
    </verse>
    <verse name="v2">
      <lines>Ouco a voz do meu amado<br/>E ele vem saltando pelos montes<br/>Com olhos de fogo e pes reluzentes<br/>Sua face brilha como o sol<br/>E com sua voz de muitas aguas, ele me diz<br/>Vem amada minha vem me encontrar<br/>Faz me ouvir a tua voz<br/>Pois ja e tempo de cantar, ele me diz<br/>Vem povo meu vem me encontrar<br/>Faz ouvir a tua voz pois ja e tempo de adorar<br/>Faz ouvir a tua voz pois ja e tempo de adorar<br/>O inverno ja passou<br/>E a videira esta em flor<br/>Um perfume enche a terra<br/>Eu sou do meu amado e o meu amado e meu<br/>Ele me diz<br/>Seu nome e santo<br/>Seu nome e santo de israel<br/>Seu nome e santo<br/>Seu nome e santo de israel (4x)<br/>Ele me diz...</lines>
    </verse>
  </lyrics>
</song>
