<?xml version='1.0' encoding='utf-8'?>
<song xmlns="http://openlyrics.info/namespace/2009/song" version="0.8" createdIn="OpenLP 1.9.9" modifiedIn="OpenLP 1.9.9" modifiedDate="2012-09-30T13:20:03">
  <properties>
    <titles>
      <title>tempo-de-milagres</title>
    </titles>
    <authors>
      <author>Diante do Trono</author>
    </authors>
  </properties>
  <lyrics>
    <verse name="v1">
      <lines>Tempo de Milagres</lines>
    </verse>
    <verse name="v2">
      <lines>Eu já posso ouvir o som que vem do céu<br/>O melhor tempo já chegou<br/>Tempo de milagres, tempo de festa<br/>De festa</lines>
    </verse>
    <verse name="v3">
      <lines>Não vou duvidar, eu já posso crer<br/>Que o tempo de Deus é pra mim e pra você</lines>
    </verse>
    <verse name="v4">
      <lines>Este é o dia que o Senhor já fez<br/>Um dia de milagres que eu viverei<br/>Este dia que o Senhor já fez<br/>Não me entristecerei, mas me alegrare</lines>
    </verse>
  </lyrics>
</song>
