<?xml version='1.0' encoding='utf-8'?>
<song xmlns="http://openlyrics.info/namespace/2009/song" version="0.8" createdIn="OpenLP 1.9.9" modifiedIn="OpenLP 1.9.9" modifiedDate="2012-09-30T13:20:03">
  <properties>
    <titles>
      <title>tempo-de-festa</title>
    </titles>
    <authors>
      <author>Diante do Trono</author>
    </authors>
  </properties>
  <lyrics>
    <verse name="v1">
      <lines>Tempo de Festa</lines>
    </verse>
    <verse name="v2">
      <lines>Este é um tempo de festa<br/>Este é um tempo de louvor<br/>Pra celebrar aquele que primeiro nos amou<br/>Transformou nosso choro em riso<br/>Nos deu novas vestes de louvor<br/>Prá celebrar aquele que primeiro nos amou</lines>
    </verse>
    <verse name="v3">
      <lines>Nos tirou do império das trevas<br/>E nos deu perdão e paz<br/>Arrancou todas as feridas<br/>Nos fez felizes demais</lines>
    </verse>
    <verse name="v4">
      <lines>Festa, alegria<br/>É uma dança de celebração<br/>Ao único digno<br/>Jesus, seu nome é Jesus<br/>Festa, alegria<br/>É um povo que se reúne aqui<br/>Diante do trono do Rei<br/>Do Rei dos reis<br/>Seu nome é Jesus</lines>
    </verse>
    <verse name="v5">
      <lines>Cantamos de alegria ô ô ô ...<br/>Dançamos de alegria ô ô ô ...<br/>Pulamos de alegria ô ô ô ...<br/>Gritamos de alegria ô ô ô ...</lines>
    </verse>
    <verse name="v6">
      <lines>Festa, alegria<br/>É uma dança de celebração<br/>Ao único digno<br/>Jesus, seu nome é Jesus<br/>Festa, alegria<br/>É um povo que se reúne aqui<br/>Diante do trono do Rei<br/>Do Rei dos reis</lines>
    </verse>
    <verse name="v7">
      <lines>Cantamos de alegria ô ô ô ...<br/>Dançamos de alegria ô ô ô ...<br/>Pulamos de alegria ô ô ô ...<br/>Gritamos de alegria ô ô ô ...</lines>
    </verse>
  </lyrics>
</song>
