<?xml version='1.0' encoding='utf-8'?>
<song xmlns="http://openlyrics.info/namespace/2009/song" version="0.8" createdIn="OpenLP 1.9.9" modifiedIn="OpenLP 1.9.9" modifiedDate="2012-09-30T13:20:04">
  <properties>
    <titles>
      <title>terra-das-promessas</title>
    </titles>
    <authors>
      <author>Diante do Trono</author>
    </authors>
  </properties>
  <lyrics>
    <verse name="v1">
      <lines>Terra das Promessas</lines>
    </verse>
    <verse name="v2">
      <lines>Terra das Promessas</lines>
    </verse>
    <verse name="v3">
      <lines>Se tu guardares<br/>O que Deus te ordenou<br/>Se o amares de todo teu coração<br/>Se andares nos seus caminhos<br/>Se inclinares<br/>Os teus ouvidos para obedecer<br/>Todas as bênçãos te alcançarão<br/>Longevidade e multiplicação<br/>Sobre ti e tua descendência<br/>Escolhe a vida<br/>E possuirás a terra das promessas</lines>
    </verse>
    <verse name="v4">
      <lines>Deus te propõe hoje<br/>A vida e o bem, a morte e o mal<br/>Vê se escolhe hoje o melhor que Deus tem<br/>Para que vivas<br/>E possuas a terras que te prometeu o Senhor</lines>
    </verse>
    <verse name="v5">
      <lines>Ame o Senhor, apegue-se a Ele (5x)<br/>Disto depende a tua vida<br/>Disto depende a tua família<br/>Disto depende a tua vida<br/>Disto depende a tua vida</lines>
    </verse>
    <verse name="v6">
      <lines>Deus te propõe hoje<br/>A vida e o bem, a morte não<br/>Vê se escolhe hoje o melhor que Deus tem<br/>Para que vivas<br/>E possuas a terras que te prometeu o Senhor</lines>
    </verse>
  </lyrics>
</song>
