<?xml version='1.0' encoding='utf-8'?>
<song xmlns="http://openlyrics.info/namespace/2009/song" version="0.8" createdIn="OpenLP 1.9.9" modifiedIn="OpenLP 1.9.9" modifiedDate="2012-09-30T13:20:04">
  <properties>
    <titles>
      <title>teu-dominio-nao-tera-fim</title>
    </titles>
    <authors>
      <author>Diante do Trono</author>
    </authors>
  </properties>
  <lyrics>
    <verse name="v1">
      <lines>Teu domínio não terá fim</lines>
    </verse>
    <verse name="v2">
      <lines>Que se estenda da nossa terra<br/>Às longes ilhas do mar<br/>Que alcance crianças, jovens e velhos<br/>O teu reino de justiça, de paz, e esperança<br/>Sara a nossa vida<br/>Sara nossa nação<br/>Sara as nações da terra Senhor</lines>
    </verse>
    <verse name="v3">
      <lines>Teu domínio não terá fim<br/>Teu domínio não terá fim<br/>Um novo tempo de vida<br/>Uma nova história escrita por Ti</lines>
    </verse>
    <verse name="v4">
      <lines>Teu domínio não terá fim<br/>Teu domínio não terá fim<br/>Em vez de pranto, alegria<br/>Transforma todo deserto em jardim<br/>Teu domínio não terá fim...</lines>
    </verse>
    <verse name="v5">
      <lines>Faz chover arrependimento<br/>Faz chover libertação<br/>Faz chover reconciliação<br/>Faz chover perdão<br/>Faz chover prosperidade<br/>Faz chover provisão<br/>Faz chover os Teus milagres<br/>Curas e ressurreição</lines>
    </verse>
    <verse name="v6">
      <lines>Teu domínio não terá fim<br/>Teu domínio não terá fim</lines>
    </verse>
  </lyrics>
</song>
