<?xml version='1.0' encoding='utf-8'?>
<song xmlns="http://openlyrics.info/namespace/2009/song" version="0.8" createdIn="OpenLP 1.9.9" modifiedIn="OpenLP 1.9.9" modifiedDate="2012-09-30T13:20:04">
  <properties>
    <titles>
      <title>torre-forte</title>
    </titles>
    <authors>
      <author>Diante do Trono</author>
    </authors>
  </properties>
  <lyrics>
    <verse name="v1">
      <lines>Torre Forte</lines>
    </verse>
    <verse name="v2">
      <lines>A cada dia posso viver<br/>Protegido por Ti, Senhor<br/>E caminhar em segurança<br/>Guiado por Tua mão de poder.</lines>
    </verse>
    <verse name="v3">
      <lines>Tu es meu refugio e fortaleza<br/>Socorro bem presente<br/>Por Ti protegido estou,<br/>Minha Torre Forte.</lines>
    </verse>
    <verse name="v4">
      <lines>Não temerei o dia de amanhã<br/>Pois o Senhor não mudara<br/>Tua palavra tem para mim...</lines>
    </verse>
    <verse name="v5">
      <lines>...Consolo... Unção... Poder...<br/>Libertação... Proteção... Salvação.</lines>
    </verse>
    <verse name="v6">
      <lines>Eu habito no esconderijo do Altíssimo<br/>Não temerei.</lines>
    </verse>
  </lyrics>
</song>
