<?xml version='1.0' encoding='utf-8'?>
<song xmlns="http://openlyrics.info/namespace/2009/song" version="0.8" createdIn="OpenLP 1.9.9" modifiedIn="OpenLP 1.9.9" modifiedDate="2012-09-30T13:20:05">
  <properties>
    <titles>
      <title>tu-es-cordeiro</title>
    </titles>
    <authors>
      <author>Diante do Trono</author>
    </authors>
  </properties>
  <lyrics>
    <verse name="v1">
      <lines>Tu És o Cordeiro</lines>
    </verse>
    <verse name="v2">
      <lines>Cordeiro, tu és o cordeiro<br/>Sacrificado por mim<br/>Tu és digno de todo louvor e adoração<br/>Teu sangue, precioso sangue,<br/>Foi derramado por mim<br/>E abriu o caminho, eu posso entrar<br/>No santo dos santos venho adorar<br/>Jesus, és maravilhoso, não há outro igual a ti<br/>Jesus, te amo, te louvo<br/>Minha vida pertence a ti<br/>Jesus, tu me perdoaste<br/>Nova vida encontro em ti<br/>Jesus, precioso jesus, tu és o cordeiro<br/>Morreste em meu lugar<br/>Na cruz sofreste pra me salvar<br/>Levando a minha dor e o meu pecado<br/>Por tuas chagas eu fui sarado<br/>Jesus, és maravilhoso, não há outro igual a ti<br/>Jesus, te amo, te louvo<br/>Minha vida pertence a ti<br/>Jesus, tu me perdoaste<br/>Nova vida encontro em ti<br/>Jesus, precioso jesus, tu és o cordeiro</lines>
    </verse>
  </lyrics>
</song>
