<?xml version='1.0' encoding='utf-8'?>
<song xmlns="http://openlyrics.info/namespace/2009/song" version="0.8" createdIn="OpenLP 1.9.9" modifiedIn="OpenLP 1.9.9" modifiedDate="2012-09-30T13:20:06">
  <properties>
    <titles>
      <title>tu-es-minha-coroa</title>
    </titles>
    <authors>
      <author>Diante do Trono</author>
    </authors>
  </properties>
  <lyrics>
    <verse name="v1">
      <lines>Tu és a minha coroa</lines>
    </verse>
    <verse name="v2">
      <lines>Quero seguir teus passos<br/>Quero levar a minha cruz<br/>Quero deixar a minha glória e o meu louvor aos teus pés<br/>O brilho deste mundo toda a glória que ele tem<br/>As tentações das trevas são só ilusão<br/>Todo o louvor dos homens como névoa passará<br/>Mas eternamente em ti a minha vida oculta está</lines>
    </verse>
    <verse name="v3">
      <lines>Tu és a minha coroa<br/>Tu és a minha herança<br/>Tu és a minha porção<br/>Jesus, senhor do meu coração</lines>
    </verse>
    <verse name="v4">
      <lines>Pois não há outro como tu nenhum Nenhum outro como tu<br/>Pois não há lindo como tu<br/>Nenhum lindo como tu<br/>Pois não há santo como tu<br/>Nenhum santo como tu<br/>Pois não há digno como tu<br/>Nenhum digno como tu</lines>
    </verse>
  </lyrics>
</song>
