<?xml version='1.0' encoding='utf-8'?>
<song xmlns="http://openlyrics.info/namespace/2009/song" version="0.8" createdIn="OpenLP 1.9.9" modifiedIn="OpenLP 1.9.9" modifiedDate="2012-09-30T13:20:05">
  <properties>
    <titles>
      <title>tu-es</title>
    </titles>
    <authors>
      <author>Diante do Trono</author>
    </authors>
  </properties>
  <lyrics>
    <verse name="v1">
      <lines>Tu és</lines>
    </verse>
    <verse name="v2">
      <lines>Tudo o que eu anseio está em Ti<br/>Minha esperança está em Ti<br/>Tenho saudades do Teu calor<br/>Desejo tanto Tua presença e amor<br/>Eu tenho fome de Ti, Senhor Jesus</lines>
    </verse>
    <verse name="v3">
      <lines>Pois Tu és<br/>Tu és<br/>Só Tu és Senhor<br/>E escondido estou em Ti<br/>E rendido estou a Ti</lines>
    </verse>
  </lyrics>
</song>
