<?xml version='1.0' encoding='utf-8'?>
<song xmlns="http://openlyrics.info/namespace/2009/song" version="0.8" createdIn="OpenLP 1.9.9" modifiedIn="OpenLP 1.9.9" modifiedDate="2012-09-30T13:20:06">
  <properties>
    <titles>
      <title>tu-es-remedio</title>
    </titles>
    <authors>
      <author>Diante do Trono</author>
    </authors>
  </properties>
  <lyrics>
    <verse name="v1">
      <lines>Tu és o Remédio</lines>
    </verse>
    <verse name="v2">
      <lines>Promessas de cura, para os povos da Terra<br/>Palavras de vida, para essa nação,<br/>Levanta as ruínas, Sara as feridas<br/>Trás restauração que vem do alto.</lines>
    </verse>
    <verse name="v3">
      <lines>Tu és o Remédio, e estás em nós<br/>Liberamos Teu Rio e a cura para os povos.</lines>
    </verse>
  </lyrics>
</song>
