<?xml version='1.0' encoding='utf-8'?>
<song xmlns="http://openlyrics.info/namespace/2009/song" version="0.8" createdIn="OpenLP 1.9.9" modifiedIn="OpenLP 1.9.9" modifiedDate="2012-09-30T13:20:06">
  <properties>
    <titles>
      <title>tu-es-rei</title>
    </titles>
    <authors>
      <author>Diante do Trono</author>
    </authors>
  </properties>
  <lyrics>
    <verse name="v1">
      <lines>Tu És Rei</lines>
    </verse>
    <verse name="v2">
      <lines>Tu és Rei, e não há outro,<br/>sobre o trono, só Tu és Rei.<br/>Tu és Rei, e em toda Terra<br/>não há outro.<br/>Em todo universo tu és Rei.</lines>
    </verse>
    <verse name="v3">
      <lines>Nós queremos Te adorar,<br/>nós queremos Te amar,<br/>e declarar no mundo inteiro,<br/>que Tu és Senhor.<br/>Não há como expressar,<br/>Teu amor em se entregar<br/>para morrer em meu lugar,<br/>só Tu és Rei, igual não há.</lines>
    </verse>
    <verse name="v4">
      <lines>Canções não poderão descrever,<br/>porque quiseste morrer naquela cruz,<br/>pra que eu pudesse viver,<br/>Reina em mim, Reina.</lines>
    </verse>
    <verse name="v5">
      <lines>Tu és Rei, e não há outro<br/>sobre trono, só Tu és Rei.<br/>Tu és Rei, e em minha vida<br/>não há outro,<br/>em meu coração só Tu és Rei.</lines>
    </verse>
  </lyrics>
</song>
