<?xml version='1.0' encoding='utf-8'?>
<song xmlns="http://openlyrics.info/namespace/2009/song" version="0.8" createdIn="OpenLP 1.9.9" modifiedIn="OpenLP 1.9.9" modifiedDate="2012-09-30T13:20:06">
  <properties>
    <titles>
      <title>tu-es-santo</title>
    </titles>
    <authors>
      <author>Diante do Trono</author>
    </authors>
  </properties>
  <lyrics>
    <verse name="v1">
      <lines>Tu És Santo</lines>
    </verse>
    <verse name="v2">
      <lines>Santo, como Tu és<br/>Eu quero ser Santo<br/>Como tu és.</lines>
    </verse>
    <verse name="v3">
      <lines>Sei que um dia Te verei,<br/>Face e face e serei<br/>Santo, como Tu és.</lines>
    </verse>
    <verse name="v4">
      <lines>Por isso eu me santifico,<br/>Cada dia me purifico,<br/>Pois tenho te visto<br/>Te conhecido<br/>e Tu és Santo.</lines>
    </verse>
    <verse name="v5">
      <lines>Foi para isto, que se manifestou<br/>Pra tirar os pecados, pois Ele é Santo.<br/>Se confessarmos os nossos pecados<br/>vamos ser perdoados, pois Ele é santo!</lines>
    </verse>
  </lyrics>
</song>
