<?xml version='1.0' encoding='utf-8'?>
<song xmlns="http://openlyrics.info/namespace/2009/song" version="0.8" createdIn="OpenLP 1.9.9" modifiedIn="OpenLP 1.9.9" modifiedDate="2012-09-30T13:20:06">
  <properties>
    <titles>
      <title>tu-reinas</title>
    </titles>
    <authors>
      <author>Diante do Trono</author>
    </authors>
  </properties>
  <lyrics>
    <verse name="v1">
      <lines>Tu Reinas</lines>
    </verse>
    <verse name="v2">
      <lines>Tu Reinas, soberano<br/>Teu trono é eterno e inabalável<br/>Estás acima de todo principado<br/>Sobre tudo, Teu nome é exaltado</lines>
    </verse>
    <verse name="v3">
      <lines>Jesus, Filho de Deus<br/>Diante de Ti, todo joelho se dobrará<br/>Jesus, Filho de Deus,<br/>Só Tu és digno de ser adorado neste lugar.</lines>
    </verse>
    <verse name="v4">
      <lines>Venha o Teu Reino,<br/>Toma o Teu lugar de honra<br/>Venha o Teu governo,<br/>Teu é o poder e a glória,<br/>pra sempre.</lines>
    </verse>
  </lyrics>
</song>
