<?xml version='1.0' encoding='utf-8'?>
<song xmlns="http://openlyrics.info/namespace/2009/song" version="0.8" createdIn="OpenLP 1.9.9" modifiedIn="OpenLP 1.9.9" modifiedDate="2012-09-30T13:20:06">
  <properties>
    <titles>
      <title>tu-rei</title>
    </titles>
    <authors>
      <author>Diante do Trono</author>
    </authors>
  </properties>
  <lyrics>
    <verse name="v1">
      <lines>Tu é Rei</lines>
    </verse>
    <verse name="v2">
      <lines>Tu és Rei e não há outro<br/>Sobre o trono só tu és rei<br/>Tu és Rei e em toda a terra não há outro<br/>Em todo o universo tu és Rei</lines>
    </verse>
    <verse name="v3">
      <lines>Nós queremos te adorar<br/>Nós queremos te amar<br/>E declarar no mundo inteiro<br/>Que tu és Senhor<br/>Não há como expressar</lines>
    </verse>
    <verse name="v4">
      <lines>Teu amor em se entregar<br/>Para morrer em meu lugar<br/>Só tu és Rei<br/>E igual não há</lines>
    </verse>
    <verse name="v5">
      <lines>Canções não poderão descrever<br/>Por que quiseste morrer<br/>Naquela cruz pra que eu pudesse viver<br/>Reina em mim<br/>Reina</lines>
    </verse>
    <verse name="v6">
      <lines>Tu és rei e não há outro<br/>Sobre o trono só tu és rei<br/>Tu és rei e em minha vida não há outro<br/>Em meu coração só tu és rei</lines>
    </verse>
  </lyrics>
</song>
