<?xml version='1.0' encoding='utf-8'?>
<song xmlns="http://openlyrics.info/namespace/2009/song" version="0.8" createdIn="OpenLP 1.9.9" modifiedIn="OpenLP 1.9.9" modifiedDate="2012-09-30T13:20:36">
  <properties>
    <titles>
      <title>TUA PRESENÇA</title>
    </titles>
    <authors>
      <author>DIANTE DO TRONO</author>
    </authors>
  </properties>
  <lyrics>
    <verse name="v1">
      <lines>ONDE QUER QUE EU ESTEJA SENHOR<br/>EM UM VALE OU ALTA MONTANHA<br/>O QUE FAZ O MEU DIA TER COR<br/>É A BELEZA DA TUA COMPANHIA</lines>
    </verse>
    <verse name="v2">
      <lines>NÃO IMPORTA O LUGAR<br/>SE COMIGO O SENHOR ESTÁ<br/>COM MUITO OU POUCO SOU FELIZ<br/>NÃO IMPORTA O QUE ESTÁ<br/>DO LADO DE FORA ÉS MEU TESOURO<br/>ESTÁS DENTRO DE MIM</lines>
    </verse>
    <verse name="v3">
      <lines>TUA PRESENÇA (2X)<br/>FAZ TODA A DIFERENÇA<br/>TUA PRESENÇA(2X)<br/>TRANSFORMA O MEU DESERTO<br/>EM UM JARDIM SECRETO<br/>LUGAR DE INTIMIDADE CONTIGO<br/>TU ÉS TUDO QUE EU PRECISO</lines>
    </verse>
    <verse name="v4">
      <lines>EU PREFIRO ESTAR NUM DESERTO<br/>E TER O SENHOR BEM POR PERTO<br/>SE GUIADO POR TEU ESPÍRITO SOU<br/>NÃO IMPORTA O LUGAR ONDE ESTOU<br/>EU NÃO TEMEREI</lines>
    </verse>
  </lyrics>
</song>
