<?xml version='1.0' encoding='utf-8'?>
<song xmlns="http://openlyrics.info/namespace/2009/song" version="0.8" createdIn="OpenLP 1.9.9" modifiedIn="OpenLP 1.9.9" modifiedDate="2012-09-30T13:20:04">
  <properties>
    <titles>
      <title>tua-gloria</title>
    </titles>
    <authors>
      <author>Diante do Trono</author>
    </authors>
  </properties>
  <lyrics>
    <verse name="v1">
      <lines>Tua Glória</lines>
    </verse>
    <verse name="v2">
      <lines>Teu trono é eterno, oh Deus, Inabalável<br/>Exército do Céus, proclamam: Santo é o Senhor!<br/>Majestoso és, glorioso Rei<br/>Entronizado entre os louvores</lines>
    </verse>
    <verse name="v3">
      <lines>Tua glória enche a Terra<br/>Tua glória enche os Céus<br/>Desejamos Tua glória, Tua presença<br/>Rei de glória, Jesus</lines>
    </verse>
  </lyrics>
</song>
