<?xml version='1.0' encoding='utf-8'?>
<song xmlns="http://openlyrics.info/namespace/2009/song" version="0.8" createdIn="OpenLP 1.9.9" modifiedIn="OpenLP 1.9.9" modifiedDate="2012-09-30T13:20:04">
  <properties>
    <titles>
      <title>tua-chuva</title>
    </titles>
    <authors>
      <author>Diante do Trono</author>
    </authors>
  </properties>
  <lyrics>
    <verse name="v1">
      <lines>Tua Chuva</lines>
    </verse>
    <verse name="v2">
      <lines>Posso sentir o cheiro suave no ar<br/>Posso ouvir cada vez mais perto<br/>E sei que vai chegar<br/>Os céus anunciaram<br/>Águas vivas vem para regar meu coração<br/>Eu estou está sedento<br/>Derrama sobre mim tua chuva</lines>
    </verse>
    <verse name="v3">
      <lines>Tua chuva...<br/>Tua chuva...<br/>Tua chuva...<br/>Tua chuva...</lines>
    </verse>
    <verse name="v4">
      <lines>Posso sentir o cheiro suave no ar<br/>Posso ouvir cada vez mais perto<br/>E sei que vai chegar<br/>Os céus anunciaram<br/>Águas vivas vem para regar esta nação<br/>Teu povo está sedento<br/>Derrama sobre nós tua chuva</lines>
    </verse>
    <verse name="v5">
      <lines>Tua chuva...<br/>Tua chuva...<br/>Tua chuva...<br/>Tua chuva...</lines>
    </verse>
    <verse name="v6">
      <lines>Côro</lines>
    </verse>
    <verse name="v7">
      <lines>Eu vou me encharcar<br/>Quero dançar<br/>Não vou me esconder<br/>Quero beber</lines>
    </verse>
    <verse name="v8">
      <lines>Eu vou me encharcar<br/>(Derrama Tua chuva Senhor)<br/>Quero dançar<br/>Não vou me esconder<br/>(Derrama Tua chuva ó Pai)<br/>Quero beber</lines>
    </verse>
    <verse name="v9">
      <lines>Águas de restauração e refrigério<br/>Derrama sobre mim tua chuva...</lines>
    </verse>
    <verse name="v10">
      <lines>Tua chuva...<br/>Tua chuva...<br/>Tua chuva...<br/>Tua chuva...</lines>
    </verse>
    <verse name="v11">
      <lines>(Repete côro)</lines>
    </verse>
  </lyrics>
</song>
