<?xml version='1.0' encoding='utf-8'?>
<song xmlns="http://openlyrics.info/namespace/2009/song" version="0.8" createdIn="OpenLP 1.9.9" modifiedIn="OpenLP 1.9.9" modifiedDate="2012-09-30T13:20:05">
  <properties>
    <titles>
      <title>tua-presenca</title>
    </titles>
    <authors>
      <author>Diante do Trono</author>
    </authors>
  </properties>
  <lyrics>
    <verse name="v1">
      <lines>Tua Presença</lines>
    </verse>
    <verse name="v2">
      <lines>Onde quer que eu esteja senhor<br/>Em um vale ou alta montanha<br/>O que faz o meu dia ter cor<br/>É a beleza da tua companhia<br/>Não importa o lugar se comigo o senhor está<br/>Com muito ou pouco sou feliz<br/>Não importa o que está do lado de fora<br/>És o meu tesouro e estás dentro de mim</lines>
    </verse>
    <verse name="v3">
      <lines>Tua presença,Tua presença<br/>Faz toda diferença<br/>Tua presença,Tua presença<br/>Transforma o meu deserto<br/>Em um jardim secreto<br/>Lugar de intimidade contigo<br/>Tu és tudo o que eu preciso</lines>
    </verse>
    <verse name="v4">
      <lines>Eu prefiro estar num deserto<br/>E ter o senhor bem por perto<br/>Se guiado por teu espírito sou<br/>Não importa o lugar onde estou<br/>Eu não temerei</lines>
    </verse>
    <verse name="v5">
      <lines>Tua presença,Tua presença<br/>Faz toda diferença<br/>Tua presença,Tua presença<br/>Transforma o meu deserto<br/>Em um jardim secreto<br/>Lugar de intimidade contigo<br/>Tu és tudo o que eu preciso</lines>
    </verse>
    <verse name="v6">
      <lines>Transforma o meu deserto<br/>Em um jardim secreto<br/>Lugar de intimidade contigo<br/>Tu és tudo o que eu preciso</lines>
    </verse>
  </lyrics>
</song>
