<?xml version='1.0' encoding='utf-8'?>
<song xmlns="http://openlyrics.info/namespace/2009/song" version="0.8" createdIn="OpenLP 1.9.9" modifiedIn="OpenLP 1.9.9" modifiedDate="2012-09-30T13:20:05">
  <properties>
    <titles>
      <title>tudo-vem-de-ti</title>
    </titles>
    <authors>
      <author>Diante do Trono</author>
    </authors>
  </properties>
  <lyrics>
    <verse name="v1">
      <lines>Tudo Vem De Ti</lines>
    </verse>
    <verse name="v2">
      <lines>Tudo vem de Ti, Senhor (2x)<br/>E das Tuas próprias mãos Te damos (2x)</lines>
    </verse>
    <verse name="v3">
      <lines>Quem há semelhante a Ti?<br/>E a quem podes ser comparado?<br/>Deus que tudo fez, tudo é Teu</lines>
    </verse>
    <verse name="v4">
      <lines>Tudo é Teu<br/>Eu sou Teu</lines>
    </verse>
  </lyrics>
</song>
