<?xml version='1.0' encoding='utf-8'?>
<song xmlns="http://openlyrics.info/namespace/2009/song" version="0.8" createdIn="OpenLP 1.9.9" modifiedIn="OpenLP 1.9.9" modifiedDate="2012-09-30T13:20:05">
  <properties>
    <titles>
      <title>tudo-que-eu-preciso</title>
    </titles>
    <authors>
      <author>Diante do Trono</author>
    </authors>
  </properties>
  <lyrics>
    <verse name="v1">
      <lines>Tudo Que Eu Preciso</lines>
    </verse>
    <verse name="v2">
      <lines>Em nada me glorio<br/>Em nada me exalto<br/>Se nao na tua cruz jesus<br/>Por tua condencao<br/>Tenho todas as coisas<br/>E tudo que eu preciso esta em ti<br/>Correrei pra tua cruz<br/>Correrei nao fugirei<br/>Em ti me esconderei<br/>Crucificado contigo serei<br/>Ajuda-me senhor<br/>A contemplar tua dor<br/>Pois tudo o que tenho e sou<br/>Vem de ti jesus , vem da tua cruz , entao</lines>
    </verse>
  </lyrics>
</song>
