<?xml version='1.0' encoding='utf-8'?>
<song xmlns="http://openlyrics.info/namespace/2009/song" version="0.8" createdIn="OpenLP 1.9.9" modifiedIn="OpenLP 1.9.9" modifiedDate="2012-09-30T13:20:05">
  <properties>
    <titles>
      <title>tudo-bem-numa-boa</title>
    </titles>
    <authors>
      <author>Diante do Trono</author>
    </authors>
  </properties>
  <lyrics>
    <verse name="v1">
      <lines>Tudo Bem Numa Boa</lines>
    </verse>
    <verse name="v2">
      <lines>Tudo bem numa boa<br/>Tudo bem numa boa<br/>Tudo, tudo, tudo, tudo<br/>Tudo bem numa boa<br/>Eu posso cantar, posso acreditar<br/>Se a minha vida está nas mãos de Deus<br/>Tudo vai melhorar</lines>
    </verse>
    <verse name="v3">
      <lines>A gente gostaria de viver a vida<br/>Sempre sorrindo e brincando<br/>Mas muitas vezes e por tantos motivos<br/>A gente acaba chorando<br/>São situações, momentos difíceis<br/>Que é preciso acreditar<br/>Se a minha vida está nas mãos de Deus<br/>Tudo vai melhorar</lines>
    </verse>
    <verse name="v4">
      <lines>A Bíblia conta a história de uma família que estava desesperada<br/>O pai havia morrido e agora eles não tinham mais nada<br/>O que fazer, o que comer, com tantas dívidas para pagar?<br/>E aquela mãe corria o risco de seus filhos ter que entregar<br/>Mas havia um homem, um profeta de Deus, seu nome era Elizeu<br/>Ele disse à mulher e aos seus filhos que confiassem em Deus<br/>Um pouco de azeite e muitas vasilhas, começou a multiplicar<br/>Com aquele milagre eles iriam seus problemas solucionar</lines>
    </verse>
    <verse name="v5">
      <lines>Jesus entrou no barco com seus discípulos pra atravessar o lago<br/>Ele se deitou e acabou dormindo, pois estava cansado<br/>Mas, de repente, o céu escureceu e começou a chover<br/>E os discípulos, amendrontados, pensavam que iam morrer<br/>Acordaram Jesus e Ele se levantou<br/>O barco estava afundando<br/>Ordenou que as águas se acalmassem e a chuva foi parando<br/>A tempestade obedeceu e a paz voltaram a ter<br/>Impressionados eles gritaram:<br/>"Meu Jesus tem todo o poder!"</lines>
    </verse>
  </lyrics>
</song>
