<?xml version='1.0' encoding='utf-8'?>
<song xmlns="http://openlyrics.info/namespace/2009/song" version="0.8" createdIn="OpenLP 1.9.9" modifiedIn="OpenLP 1.9.9" modifiedDate="2012-09-30T13:20:05">
  <properties>
    <titles>
      <title>tudo-mudou</title>
    </titles>
    <authors>
      <author>Diante do Trono</author>
    </authors>
  </properties>
  <lyrics>
    <verse name="v1">
      <lines>Tudo mudou</lines>
    </verse>
    <verse name="v2">
      <lines>Tudo em minha vida mudou<br/>Tudo em minha vida mudou<br/>Desde que te conheci oh Deus, oh Deus</lines>
    </verse>
    <verse name="v3">
      <lines>Não vou me esquecer do dia que<br/>Teu amor eu conheci<br/>Amor eterno que eu nunca vi<br/>Amor como esse nunca mereci</lines>
    </verse>
    <verse name="v4">
      <lines>Eu não vou olhar mais para trás<br/>Uma transformação aconteceu<br/>Da dor à cura, da angústia ao prazer<br/>Tu és o meu motivo pra viver</lines>
    </verse>
    <verse name="v5">
      <lines>Tua luz brilhou em minha escuridão<br/>Me arrancaste deste mundo<br/>Me deste um novo cântico pra cantar</lines>
    </verse>
  </lyrics>
</song>
