<?xml version='1.0' encoding='utf-8'?>
<song xmlns="http://openlyrics.info/namespace/2009/song" version="0.8" createdIn="OpenLP 1.9.9" modifiedIn="OpenLP 1.9.9" modifiedDate="2012-09-30T13:20:06">
  <properties>
    <titles>
      <title>tus-es-cordeiro</title>
    </titles>
    <authors>
      <author>Diante do Trono</author>
    </authors>
  </properties>
  <lyrics>
    <verse name="v1">
      <lines>Tus És o Cordeiro</lines>
    </verse>
    <verse name="v2">
      <lines>Cordeiro, tus és o cordeíro<br/>sacríficado por mim<br/>Tu és digno de todo louvor e adoração<br/>Teu sangue precioso sangue<br/>Foi derramdo por mim<br/>E abriu o caminho, eu posso entrar<br/>No Santo dos Santos<br/>Venho adorar</lines>
    </verse>
    <verse name="v3">
      <lines>Jesus és maravilhoso<br/>Não há outro igual a ti<br/>Jesus te amo te louvo<br/>Mínha vida pertence a Ti<br/>Jesus, tu me perduaste<br/>Nova Vida encontro em ti<br/>Jesus , percioso Jesus<br/>Tu é o cordeiro</lines>
    </verse>
    <verse name="v4">
      <lines>Morreste em meu lugar<br/>Na cruz sofreste pra mi salvar<br/>Levando a minha dor e o meu pecado<br/>Por suas chagas eu fui sarado</lines>
    </verse>
  </lyrics>
</song>
