<?xml version='1.0' encoding='utf-8'?>
<song xmlns="http://openlyrics.info/namespace/2009/song" version="0.8" createdIn="OpenLP 1.9.9" modifiedIn="OpenLP 1.9.9" modifiedDate="2012-09-30T13:20:07">
  <properties>
    <titles>
      <title>um-triste-dia</title>
    </titles>
    <authors>
      <author>Diante do Trono</author>
    </authors>
  </properties>
  <lyrics>
    <verse name="v1">
      <lines>Um Triste Dia</lines>
    </verse>
    <verse name="v2">
      <lines>Houve um dia, um triste dia em que Adão pecou<br/>Ele e Eva acreditaram na mentira que o diabo contou<br/>Deus já havia falado: "não comam desse fruto"<br/>Mas ele se rebelaram e comeram tudo</lines>
    </verse>
    <verse name="v3">
      <lines>O homem e a mulher desobedeceram a Deus<br/>Não quiseram mais ser bons amigos de Deus<br/>Eles preferiram morrer, eles escolheram fazer o que era mal<br/>O que era mal<br/>O homem e a mulher se tornaram inimigos de Deus</lines>
    </verse>
    <verse name="v4">
      <lines>Depois disto a amizade do homem com Deus acabou<br/>Com muito medo, Adão e Eva se esconderam do Criador<br/>A terra foi amaldiçoada por causa do pecado<br/>Nasceram os espinhos<br/>A morte e a dor começaram</lines>
    </verse>
    <verse name="v5">
      <lines>O mundo começou a experimentar a tristeza e morte<br/>O pecado trouxe as doenças<br/>As diferenças entre o rico e o pobre<br/>Como fazer pra mudar esta triste história?<br/>O homem rebelde, longe de Deus perdeu a sua glória</lines>
    </verse>
  </lyrics>
</song>
