<?xml version='1.0' encoding='utf-8'?>
<song xmlns="http://openlyrics.info/namespace/2009/song" version="0.8" createdIn="OpenLP 1.9.9" modifiedIn="OpenLP 1.9.9" modifiedDate="2012-09-30T13:20:07">
  <properties>
    <titles>
      <title>uma-crianca</title>
    </titles>
    <authors>
      <author>Diante do Trono</author>
    </authors>
  </properties>
  <lyrics>
    <verse name="v1">
      <lines>Uma Criança</lines>
    </verse>
    <verse name="v2">
      <lines>Uma criança, sim!<br/>Foi com uma criança<br/>Que Deus falou e ela escutou a Sua voz<br/>Foi com uma criança, sim!<br/>Uma criança!<br/>Foi uma criança que ouviu a voz de Deus</lines>
    </verse>
    <verse name="v3">
      <lines>Um menininho chamado Samuel<br/>Pequenininho mas grande para Deus<br/>Um menininho como tantos que a gente vê aí<br/>Ouviu a voz de Deus dizendo assim:<br/>"Samuel Samuel"<br/>Ouviu a voz de Deus</lines>
    </verse>
    <verse name="v4">
      <lines>Não despreze as crianças<br/>Pois foi uma criança que ouviu a voz de Deus</lines>
    </verse>
  </lyrics>
</song>
