<?xml version='1.0' encoding='utf-8'?>
<song xmlns="http://openlyrics.info/namespace/2009/song" version="0.8" createdIn="OpenLP 1.9.9" modifiedIn="OpenLP 1.9.9" modifiedDate="2012-09-30T13:20:07">
  <properties>
    <titles>
      <title>usa-me</title>
    </titles>
    <authors>
      <author>Diante do Trono</author>
    </authors>
  </properties>
  <lyrics>
    <verse name="v1">
      <lines>Usa-me</lines>
    </verse>
    <verse name="v2">
      <lines>As nações esperam por Ti, Senhor<br/>Pelos pés dos que anunciam boas novas<br/>Pelos olhos que se compadecerão<br/>Pelas mãos que feridas tocarão<br/>Quero ir por ti</lines>
    </verse>
    <verse name="v3">
      <lines>Dá-me o Teu coração<br/>Quero ver como Tu vês<br/>E amar os povos e as vidas perdidas<br/>Usa-me, sim, usa-me como um instrumento<br/>Usa-me</lines>
    </verse>
    <verse name="v4">
      <lines>Mostra-me Tua glória<br/>Que enche a terra<br/>Tua glória entre os povos<br/>Teus tesouros<br/>E riquezas<br/>Tua glória entre os povos</lines>
    </verse>
  </lyrics>
</song>
