<?xml version='1.0' encoding='utf-8'?>
<song xmlns="http://openlyrics.info/namespace/2009/song" version="0.8" createdIn="OpenLP 1.9.9" modifiedIn="OpenLP 1.9.9" modifiedDate="2012-09-30T13:20:07">
  <properties>
    <titles>
      <title>vamos-compartilhar</title>
    </titles>
    <authors>
      <author>Diante do Trono</author>
    </authors>
  </properties>
  <lyrics>
    <verse name="v1">
      <lines>Vamos Compartilhar</lines>
    </verse>
    <verse name="v2">
      <lines>Quando a gente ouve uma notícia muito boa<br/>Precisa contar pra os outrso também<br/>Não podemos guardar pra nós a vida toda<br/>Vamos compartilhar o que a gente tem<br/>Eu quero te contar que jesus<br/>Vai te fazer bem</lines>
    </verse>
    <verse name="v3">
      <lines>Quando conheci Jesus<br/>Minha vida se transformou<br/>Ele me deu a paz<br/>Ele me perdoou<br/>Jesus encheu meu coração de amor</lines>
    </verse>
    <verse name="v4">
      <lines>Não posso guardar como um segredo<br/>Eu quero cantar sem nenhum medo<br/>Que Jesus é bom</lines>
    </verse>
    <verse name="v5">
      <lines>Quando a gente ouve uma notícia muito boa<br/>Precisa contar pra os outrso também<br/>Não podemos guardar pra nós a vida toda<br/>Vamos compartilhar o que a gente tem<br/>Eu quero te contar que jesus<br/>Vai te fazer bem</lines>
    </verse>
    <verse name="v6">
      <lines>E você, Bia? O que é que você tem pra contar?</lines>
    </verse>
    <verse name="v7">
      <lines>Quando conheci Jesus<br/>Aprendi que o pai do céu me ama<br/>Ele me planejou<br/>Com tudo o que sou<br/>Quero viver só para o seu louvor</lines>
    </verse>
    <verse name="v8">
      <lines>Não posso guardar como um segredo<br/>Eu quero cantar sem nenhum medo<br/>Que Jesus é bom</lines>
    </verse>
    <verse name="v9">
      <lines>Jesus é bom!</lines>
    </verse>
    <verse name="v10">
      <lines>Quando a gente ouve uma notícia muito boa<br/>Precisa contar pra os outrso também<br/>Não podemos guardar pra nós a vida toda<br/>Vamos compartilhar o que a gente tem<br/>Eu quero te contar que jesus<br/>Vai te fazer bem</lines>
    </verse>
    <verse name="v11">
      <lines>E vocês, brinquedos? O que Jesus fez por vocês?</lines>
    </verse>
    <verse name="v12">
      <lines>Quando conheci Jesus<br/>Eu nunca mais...Espetei meus coleguinhas!</lines>
    </verse>
    <verse name="v13">
      <lines>E eu parei de mentir<br/>Não faço mais... Um monte de malandragem!</lines>
    </verse>
    <verse name="v14">
      <lines>E eu aprendi que Jesus...É o nosso amigo de verdade!<br/>Ele é o nosso amigão!</lines>
    </verse>
    <verse name="v15">
      <lines>Não posso guardar como um segredo<br/>Eu quero cantar sem nenhum medo<br/>Que Jesus é bom</lines>
    </verse>
    <verse name="v16">
      <lines>Quando a gente ouve uma notícia muito boa</lines>
    </verse>
  </lyrics>
</song>
