<?xml version='1.0' encoding='utf-8'?>
<song xmlns="http://openlyrics.info/namespace/2009/song" version="0.8" createdIn="OpenLP 1.9.9" modifiedIn="OpenLP 1.9.9" modifiedDate="2012-09-30T13:20:07">
  <properties>
    <titles>
      <title>vamos-amar-uns-aos-outros</title>
    </titles>
    <authors>
      <author>Diante do Trono</author>
    </authors>
  </properties>
  <lyrics>
    <verse name="v1">
      <lines>Vamos Amar Uns Aos Outros<br/>Tchurup, Tchurup, Tchurup, Tchurup<br/>Vamos amar uns aos outros<br/>Tchurup, Tchurup, Tchurup, Tchurup</lines>
    </verse>
    <verse name="v4">
      <lines>Jesus me ensinou como é importante<br/>Amar o meu irmão, estender a minha mão<br/>Na hora de brincar ou de perdoar<br/>Assim como Ele me amou<br/>Eu quero te amar<br/>Tchurup, Tchurup, Tchurup, Tchurup<br/>Vamos amar uns aos outros<br/>Tchurup, Tchurup, Tchurup, Tchurup</lines>
    </verse>
    <verse name="v2">
      <lines>"Amados, vamos amar uns aos ourtos,<br/>porque o amor vem de Deus, e todos<br/>que amam nasceram de Deus e conhecem a Deus."<br/>"Se você não ama, é porque você<br/>ainda não conhece a Deus,<br/>pois Deus é amor."</lines>
    </verse>
  </lyrics>
</song>
