<?xml version='1.0' encoding='utf-8'?>
<song xmlns="http://openlyrics.info/namespace/2009/song" version="0.8" createdIn="OpenLP 1.9.9" modifiedIn="OpenLP 1.9.9" modifiedDate="2012-09-30T13:20:07">
  <properties>
    <titles>
      <title>vamos-salgar</title>
    </titles>
    <authors>
      <author>Diante do Trono</author>
    </authors>
  </properties>
  <lyrics>
    <verse name="v1">
      <lines>Vamos Salgar</lines>
    </verse>
    <verse name="v2">
      <lines>Somos o sal da Terra<br/>Vamos salgar<br/>Trazer alegria e sabor a vida<br/>Por a gente passar</lines>
    </verse>
    <verse name="v3">
      <lines>O sal é bom<br/>Pode até curar<br/>E muitas feridas sarar<br/>Você e eu podemos levar<br/>Ao coração ferido<br/>O amor de Cristo<br/>Que tudo vai restaurar</lines>
    </verse>
    <verse name="v4">
      <lines>Somos o sal da Terra<br/>Vamos salgar<br/>Trazer alegria<br/>E sabor a vida<br/>Por a gente passar</lines>
    </verse>
    <verse name="v5">
      <lines>O sal é bom pra purificar<br/>E pra lhe conservar<br/>Você e eu podemos levar<br/>Ao mundo tão perdido<br/>O perdão de Cristo<br/>Que tudo vai mudar</lines>
    </verse>
    <verse name="v6">
      <lines>Somos o sal da Terra<br/>Vamos salgar<br/>Trazer alegria e sabor a vida<br/>Por onde a gente passar</lines>
    </verse>
    <verse name="v7">
      <lines>"E ai crianças,como podemos salgar?"</lines>
    </verse>
    <verse name="v8">
      <lines>Com um sorriso<br/>Com uma oração<br/>Com um abraço<br/>Com uma canção</lines>
    </verse>
    <verse name="v9">
      <lines>Se vindo as pessoas<br/>Pois o amor de Jesus<br/>Está em meu coração</lines>
    </verse>
    <verse name="v10">
      <lines>Somos o sal da Terra<br/>Vamos salgar<br/>Trazer alegria e sabor a vida<br/>Por onde a gente passar<br/>Por onde a gente passar<br/>Por onde a gente passar</lines>
    </verse>
    <verse name="v11">
      <lines>Vamos salgar!</lines>
    </verse>
  </lyrics>
</song>
