<?xml version='1.0' encoding='utf-8'?>
<song xmlns="http://openlyrics.info/namespace/2009/song" version="0.8" createdIn="OpenLP 1.9.9" modifiedIn="OpenLP 1.9.9" modifiedDate="2012-09-30T13:20:08">
  <properties>
    <titles>
      <title>vaso-quebrado</title>
    </titles>
    <authors>
      <author>Diante do Trono</author>
    </authors>
  </properties>
  <lyrics>
    <verse name="v1">
      <lines>Desconhecido - Vaso Quebrado</lines>
    </verse>
    <verse name="v2">
      <lines>Quero ser vaso quebrado em tuas mãos<br/>Cacos espalhados pelo chão<br/>Meus desejos e vontades<br/>Não me satisfazem mais</lines>
    </verse>
    <verse name="v3">
      <lines>Eu quero ser um vaso novo em tuas mãos<br/>Eu quero descer à casa do oleiro<br/>Vem e me molda<br/>Segundo o teu coração<br/>Vem e derrama a tua unção</lines>
    </verse>
    <verse name="v4">
      <lines>Espírito, enche-me do teu poder<br/>Do teu amor, Senhor<br/>Um vaso novo feito por ti<br/>Vazio, se enche de ti<br/>Vazio, transborda de ti</lines>
    </verse>
    <verse name="v5">
      <lines>Repetir o louvor</lines>
    </verse>
    <verse name="v6">
      <lines>Quero ser vaso quebrado<br/>em tuas mãos (homens)<br/>Vazio se enche de ti (mulheres)<br/>Eu quero ser um vaso novo<br/>em tuas mãos (homens)<br/>Vazio transborda de ti (mulheres)</lines>
    </verse>
  </lyrics>
</song>
