<?xml version='1.0' encoding='utf-8'?>
<song xmlns="http://openlyrics.info/namespace/2009/song" version="0.8" createdIn="OpenLP 1.9.9" modifiedIn="OpenLP 1.9.9" modifiedDate="2012-09-30T13:20:08">
  <properties>
    <titles>
      <title>veio-ao-mundo-pra-nos-salvar</title>
    </titles>
    <authors>
      <author>Diante do Trono</author>
    </authors>
  </properties>
  <lyrics>
    <verse name="v1">
      <lines>Veio Ao Mundo Pra Nos Salvar</lines>
    </verse>
    <verse name="v2">
      <lines>Um anjo apareceu<br/>A uma jovem Chamada Maria<br/>Ela havia sido escolhida<br/>Pra ser a mãe do Filho de Deus</lines>
    </verse>
    <verse name="v3">
      <lines>E aí, você sabe o que mais aconteceu?</lines>
    </verse>
    <verse name="v4">
      <lines>O anjo também falou com josé<br/>Para que ele cuidasse bem de Maria<br/>Pois a criança que nasceria<br/>Era Jesus, o Filho de Deus</lines>
    </verse>
    <verse name="v5">
      <lines>Ele veio com a missão de nos salvar<br/>Ele veio pra viver como um de nós<br/>Em todas as coisas foi um exemplo<br/>Obediente em todo o tempo<br/>Para que nós andássemos como ele andou<br/>Vivêssemos como ele viveu<br/>Jesus o filho de Deus<br/>Veio ao mundo pra nos salvar</lines>
    </verse>
    <verse name="v6">
      <lines>A criança crescia<br/>A toda trazia muita alegria<br/>Jesus era obediente<br/>Gostava de estudar, era inteligênte<br/>(queremos ser como tú és senhor)</lines>
    </verse>
    <verse name="v7">
      <lines>Ele veio com a missão de nos salvar<br/>Ele veio pra viver como um de nós<br/>Em todas as coisas foi um exemplo<br/>Obediente em todo tempo<br/>Para que nós andássemos como ele andou<br/>Vivissémos como ele viveu<br/>Jesus, o Filho de deus<br/>Veio ao mundo pra nos salvar</lines>
    </verse>
  </lyrics>
</song>
