<?xml version='1.0' encoding='utf-8'?>
<song xmlns="http://openlyrics.info/namespace/2009/song" version="0.8" createdIn="OpenLP 1.9.9" modifiedIn="OpenLP 1.9.9" modifiedDate="2012-09-30T13:20:08">
  <properties>
    <titles>
      <title>vem</title>
    </titles>
    <authors>
      <author>Diante do Trono</author>
    </authors>
  </properties>
  <lyrics>
    <verse name="v1">
      <lines>Vem</lines>
    </verse>
    <verse name="v2">
      <lines>Vem adorar a deus<br/>Vem celebrar aquele<br/>Que nos deu nova vida Que nos deu alegria<br/>Vem derramar seu coração<br/>Vem cantar nova canção<br/>Ao autor da vida Que hoje nos convida</lines>
    </verse>
    <verse name="v3">
      <lines>Vem adorar, Vem se alegrar, Vem renovar<br/>Suas forças na presença do pai<br/>Onde há delícias<br/>Vem, ele nos convida</lines>
    </verse>
    <verse name="v4">
      <lines>Vem receber vitória<br/>Vem proclamar Libertação e celebrar<br/>A nova vida<br/>Vem, ele nos convida</lines>
    </verse>
    <verse name="v5">
      <lines>Eu quero celebrar a tua presença<br/>Celebrar a tua vitória<br/>Celebrar a tua libertação<br/>Eu quero celebrar teu sangue precioso<br/>Celebrar tu és poderoso<br/>Celebrar a tua salvação<br/>Eu quero celebrar Celebrar</lines>
    </verse>
  </lyrics>
</song>
