<?xml version='1.0' encoding='utf-8'?>
<song xmlns="http://openlyrics.info/namespace/2009/song" version="0.8" createdIn="OpenLP 1.9.9" modifiedIn="OpenLP 1.9.9" modifiedDate="2012-09-30T13:20:08">
  <properties>
    <titles>
      <title>vem-de-ti-senhor</title>
    </titles>
    <authors>
      <author>Diante do Trono</author>
    </authors>
  </properties>
  <lyrics>
    <verse name="v1">
      <lines>Vem De Ti, Senhor</lines>
    </verse>
    <verse name="v2">
      <lines>Não tenho palavras pra agradecer tua bondade<br/>Dia após dia me cercas com fidelidade<br/>nunca me deixes esquecer<br/>Que tudo o que tenho<br/>Tudo o que sou<br/>O que vier a ser<br/>Vem de Ti Senhor</lines>
    </verse>
    <verse name="v3">
      <lines>Dependo de Ti<br/>Preciso de Ti<br/>Sozinho, nada posso fazer.<br/>Descanso em Ti<br/>Espero em Ti<br/>Sozinho, nada posso fazer.</lines>
    </verse>
    <verse name="v4">
      <lines>tudo o que tenho<br/>Tudo o que sou<br/>O que vier a ser<br/>vem de Ti Senhor.</lines>
    </verse>
  </lyrics>
</song>
