<?xml version='1.0' encoding='utf-8'?>
<song xmlns="http://openlyrics.info/namespace/2009/song" version="0.8" createdIn="OpenLP 1.9.9" modifiedIn="OpenLP 1.9.9" modifiedDate="2012-09-30T13:20:08">
  <properties>
    <titles>
      <title>vem-neste-lugar</title>
    </titles>
    <authors>
      <author>Diante do Trono</author>
    </authors>
  </properties>
  <lyrics>
    <verse name="v1">
      <lines>Vem Neste Lugar</lines>
    </verse>
    <verse name="v2">
      <lines>Não há nada que eu queira mais<br/>que a Tua presença.<br/>Não há nada que eu anseie mais<br/>que ver a Tua face, Deus.</lines>
    </verse>
    <verse name="v3">
      <lines>Vem neste lugar,<br/>e enche este lugar.<br/>Vem neste lugar,<br/>e enche este lugar.</lines>
    </verse>
    <verse name="v4">
      <lines>Estás assentado<br/>sobre os querubins.<br/>Estás entronizado<br/>em meio aos serafins.<br/>Estás aclamado por anjos.<br/>Vem neste lugar.</lines>
    </verse>
    <verse name="v5">
      <lines>Vem neste lugar,<br/>e enche este lugar.<br/>Enche este lugar,<br/>e enche a minha vida, Senhor!</lines>
    </verse>
  </lyrics>
</song>
