<?xml version='1.0' encoding='utf-8'?>
<song xmlns="http://openlyrics.info/namespace/2009/song" version="0.8" createdIn="OpenLP 1.9.9" modifiedIn="OpenLP 1.9.9" modifiedDate="2012-09-30T13:20:08">
  <properties>
    <titles>
      <title>vim-para-adorar-te</title>
    </titles>
    <authors>
      <author>Diante do Trono</author>
    </authors>
  </properties>
  <lyrics>
    <verse name="v1">
      <lines>Vim Para Adorar-te</lines>
    </verse>
    <verse name="v2">
      <lines>Luz do mundo vieste à Terra<br/>Prá que eu pudesse Te ver<br/>Tua beleza me leva a adorar-Te<br/>Quero contigo viver</lines>
    </verse>
    <verse name="v3">
      <lines>Vim para adorar-Te<br/>Vim para prostrar-me<br/>Vim para dizer que és meu Deus<br/>És totalmente amável<br/>Totalmente digno<br/>Tão maravilhoso para mim</lines>
    </verse>
    <verse name="v4">
      <lines>Eterno Rei, exaltado nas alturas<br/>Glorioso nos céus<br/>Humilde vieste à Terra que criaste<br/>E por amor, pobre se fez</lines>
    </verse>
    <verse name="v5">
      <lines>Eu nunca saberei o preço<br/>Dos meus pecados lá na cruz (2x)</lines>
    </verse>
  </lyrics>
</song>
