<?xml version='1.0' encoding='utf-8'?>
<song xmlns="http://openlyrics.info/namespace/2009/song" version="0.8" createdIn="OpenLP 1.9.9" modifiedIn="OpenLP 1.9.9" modifiedDate="2012-09-30T13:20:08">
  <properties>
    <titles>
      <title>vinde-mim</title>
    </titles>
    <authors>
      <author>Diante do Trono</author>
    </authors>
  </properties>
  <lyrics>
    <verse name="v1">
      <lines>Vinde a Mim</lines>
    </verse>
    <verse name="v2">
      <lines>Vinde a mim todos vos que estais cansados<br/>E eu vos aliviarei tudo novo eu farei<br/>Vinde a mim todos vos que tendes sede<br/>E eu vos saciarei aguas vivas vos darei<br/>Descanso achareis pra vossas almas<br/>E todas as feridas sararei<br/>Um novo nome nova vida vos darei<br/>E vos mostrarei o meu amor<br/>Vinde e bebei das aguas que vem<br/>Do meu trono de amor do meu trono de amor<br/>Vinde e vivei da alegria que vem<br/>Do meu trono de amor do meu trono de amor</lines>
    </verse>
    <verse name="v3">
      <lines>Sim eu venho a ti senhor<br/>Pois eu quero viver em tuas aguas<br/>Tomo sobre mim<br/>Teu jugo ensina me a ser manso e humilde de coracao<br/>Vinde e bebei das aguas que vem<br/>Do meu trono de amor do meu trono de amor<br/>Vinde e vivei da alegria que vem<br/>Do meu trono de amor do meu trono de amor</lines>
    </verse>
  </lyrics>
</song>
