<?xml version='1.0' encoding='utf-8'?>
<song xmlns="http://openlyrics.info/namespace/2009/song" version="0.8" createdIn="OpenLP 1.9.9" modifiedIn="OpenLP 1.9.9" modifiedDate="2012-09-30T13:20:09">
  <properties>
    <titles>
      <title>visitacao</title>
    </titles>
    <authors>
      <author>Diante do Trono</author>
    </authors>
  </properties>
  <lyrics>
    <verse name="v1">
      <lines>Visitação</lines>
    </verse>
    <verse name="v2">
      <lines>Que não passe de mim<br/>O tempo da Tua visitação<br/>Que não passe de mim<br/>O tempo da Tua visitação</lines>
    </verse>
    <verse name="v3">
      <lines>Quero abrir a porta<br/>Adorando a Ti, Senhor<br/>Eu me rendo à Tua voz<br/>Que me chama pelo nome<br/>Pois o que eu mais quero é ser<br/>Habitado por Tua glória<br/>Estabelece o Teu trono<br/>Sobre esta geração</lines>
    </verse>
    <verse name="v4">
      <lines>Espírito Santo de Deus<br/>Sopra sobre mim<br/>Como um vento impetuoso<br/>Oh vem, vivifica-me</lines>
    </verse>
    <verse name="v5">
      <lines>Que não passe de mim<br/>A Tua presença<br/>Que não passe de mim<br/>A Tua glória<br/>Preciso tanto de Ti<br/>Não passe de mim, Senhor</lines>
    </verse>
  </lyrics>
</song>
