<?xml version='1.0' encoding='utf-8'?>
<song xmlns="http://openlyrics.info/namespace/2009/song" version="0.8" createdIn="OpenLP 1.9.9" modifiedIn="OpenLP 1.9.9" modifiedDate="2012-09-30T13:20:09">
  <properties>
    <titles>
      <title>vitoria-na-cruz</title>
    </titles>
    <authors>
      <author>Diante do Trono</author>
    </authors>
  </properties>
  <lyrics>
    <verse name="v1">
      <lines>Vitoria Na Cruz</lines>
    </verse>
    <verse name="v2">
      <lines>Como um leão que ruge o diabo quer nos devorar<br/>Está buscando brechas para destruir,roubar e matar<br/>Não é na nossa força que podemos vencer<br/>Maior é Jesus em nós vem nos defender.<br/>O sangue derramado lá na cruz foi para me salvar<br/>Meu pecado e dor Jesus levou sofreu em meu lugar<br/>A minha dívida pagou para eu livre ser<br/>Cristo morreu por mim posso viver.</lines>
    </verse>
    <verse name="v3">
      <lines>Hoje eu sou livre para amar a Deus<br/>Viver vitorioso como filho seu<br/>Hoje eu sou livre para celebrar<br/>O pecado não pode mais me dominar.</lines>
    </verse>
    <verse name="v4">
      <lines>Jesus crucificado e o inferno em festa se alegrou<br/>Pensavam ter vencido e derrotado o salvador<br/>Mas não eram escravos que prendiam na cruz<br/>Foi meu pecado que matou Jesus.<br/>O dia fez-se em trevas e o universo inteiro estremeceu</lines>
    </verse>
    <verse name="v5">
      <lines>A multidão perdida viu que aquele era o filho de Deus<br/>O véu do templo se rasgou e hoje eu posso entrar<br/>O santo dos santos venho adorar.</lines>
    </verse>
    <verse name="v6">
      <lines>Hoje eu sou livre para amar a Deus<br/>Viver vitorioso como filho seu<br/>Hoje eu sou livre para celebrar<br/>O pecado não pode mais me dominar.</lines>
    </verse>
    <verse name="v7">
      <lines>E no meio da festa o diabo começou a ouvir<br/>Passos fortes que tremiam toda Terra e foi conferir<br/>Quando as portas se abriram ao cordeiro viu<br/>E como um leão Jesus rugiu.<br/>Caiu como serpente e todo principado se prostrou<br/>O leão de Judá pisou bem forte e os esmagou<br/>Tomou as chaves das mãos do diabo<br/>Abriu minhas cadeias e me resgatou.</lines>
    </verse>
    <verse name="v8">
      <lines>Hoje eu sou livre para amar a Deus<br/>Viver vitorioso como filho seu<br/>Hoje eu sou livre para celebrar<br/>O pecado nao pode mais me dominar.</lines>
    </verse>
    <verse name="v9">
      <lines>No terceiro dia a pedra do sepulcro rolou<br/>E lá chegou, chegou Maria mas o corpo ela não<br/>encrontrou<br/>O anjo lhe falou que Ele não estava lá<br/>Entre os mortos não devia procurar<br/>Viu um jardineiro e perguntou:<br/>Onde está o meu Senhor?<br/>Ele olhou nos seus olhos e pelo nome<br/>Ele a chamou<br/>Ela reconheceu a voz do Mestre.<br/>Rabone!!!<br/>Meu Jesus ressuscitou.</lines>
    </verse>
    <verse name="v10">
      <lines>Hoje eu sou livre para amar a Deus<br/>Viver vitorioso como filho seu<br/>Hoje eu sou livre para celebrar<br/>O pecado não pode mais me dominar.</lines>
    </verse>
    <verse name="v11">
      <lines>Ele vive, Ele reina, Ressuscitou, É vencedor!<br/>Está sentado sobre o trono<br/>Só Ele e digno de todo louvor!</lines>
    </verse>
  </lyrics>
</song>
