<?xml version='1.0' encoding='utf-8'?>
<song xmlns="http://openlyrics.info/namespace/2009/song" version="0.8" createdIn="OpenLP 1.9.9" modifiedIn="OpenLP 1.9.9" modifiedDate="2012-09-30T13:20:09">
  <properties>
    <titles>
      <title>viver-por-ti</title>
    </titles>
    <authors>
      <author>Diante do Trono</author>
    </authors>
  </properties>
  <lyrics>
    <verse name="v1">
      <lines>Viver Por Ti</lines>
    </verse>
    <verse name="v2">
      <lines>Quem quiser vir após mim<br/>Negue-se a si mesmo<br/>Quem quiser me seguir<br/>Tome a sua cruz</lines>
    </verse>
    <verse name="v3">
      <lines>Eu quero viver por Ti, Jesus<br/>Por cause do Teu glorioso nome<br/>Não me envergonharei de proclamar<br/>Jesus, meu salvador</lines>
    </verse>
    <verse name="v4">
      <lines>Render a Ti meu caminhar<br/>A cada dia me entregar<br/>Em Teu altar, então viver<br/>Levando a minha cruz</lines>
    </verse>
    <verse name="v5">
      <lines>Se no mundo eu passar<br/>Por muitas aflições<br/>Jamais retrocederei<br/>Se a morte eu tiver que enfrentar<br/>Bem alto bradarei<br/>Somente por Cristo eu viverei.</lines>
    </verse>
  </lyrics>
</song>
