<?xml version='1.0' encoding='utf-8'?>
<song xmlns="http://openlyrics.info/namespace/2009/song" version="0.8" createdIn="OpenLP 1.9.9" modifiedIn="OpenLP 1.9.9" modifiedDate="2012-09-30T13:20:09">
  <properties>
    <titles>
      <title>voce-me-faz-acreditar-no-amor</title>
    </titles>
    <authors>
      <author>Diante do Trono</author>
    </authors>
  </properties>
  <lyrics>
    <verse name="v1">
      <lines>Você me faz acreditar no amor</lines>
    </verse>
    <verse name="v2">
      <lines>Minha mãe hoje quero lhe dizer<br/>Que você é a razão do meu viver<br/>Com você tenho amor e proteção<br/>Segurando a sua mão<br/>Sinto a vida renascer</lines>
    </verse>
    <verse name="v3">
      <lines>Minha mãe hoje a vida é mais feliz<br/>Pois você é o amor que eu sempre quis<br/>Seu cuidado e seu olhar<br/>Ensinando-me a amar</lines>
    </verse>
    <verse name="v4">
      <lines>Coro:<br/>Mamãe você me faz viver em paz<br/>Você me aquece com seu calor<br/>Você traduz na vida o sentimento que é maior<br/>Você me faz acreditar no amor.</lines>
    </verse>
  </lyrics>
</song>
