<?xml version='1.0' encoding='utf-8'?>
<song xmlns="http://openlyrics.info/namespace/2009/song" version="0.8" createdIn="OpenLP 1.9.9" modifiedIn="OpenLP 1.9.9" modifiedDate="2012-09-30T13:20:09">
  <properties>
    <titles>
      <title>vou-vencer</title>
    </titles>
    <authors>
      <author>Diante do Trono</author>
    </authors>
  </properties>
  <lyrics>
    <verse name="v1">
      <lines>Vou Vencer</lines>
    </verse>
    <verse name="v2">
      <lines>Posso olhar as minhas mãos<br/>E ver: sou limitado<br/>Posso ler em tua palavra<br/>Em cristo sou capacitado</lines>
    </verse>
    <verse name="v3">
      <lines>Tenho uma escolha a fazer<br/>Duvidar ou crer<br/>Tenho um caminho a trilhar<br/>Perder ou vencer</lines>
    </verse>
    <verse name="v4">
      <lines>Vou vencer - em Cristo sou mais que vencedor<br/>Vencer - meu milagre bate à porta</lines>
    </verse>
    <verse name="v5">
      <lines>Toc, toc,toc, toque<br/>Meu milagre bate à porta<br/>Eu abro a porta<br/>Eu abro a porta</lines>
    </verse>
  </lyrics>
</song>
