<?xml version='1.0' encoding='utf-8'?>
<song xmlns="http://openlyrics.info/namespace/2009/song" version="0.8" createdIn="OpenLP 1.9.9" modifiedIn="OpenLP 1.9.9" modifiedDate="2012-09-30T13:20:09">
  <properties>
    <titles>
      <title>voz-de-um-clamor</title>
    </titles>
    <authors>
      <author>Diante do Trono</author>
    </authors>
  </properties>
  <lyrics>
    <verse name="v1">
      <lines>Voz de um clamor</lines>
    </verse>
    <verse name="v2">
      <lines>O tempo passa mais não apaga tuas promessas<br/>Quando estou nos caminhos das trevas<br/>O Senhor me refrigera, com o sopro de vida<br/>Tudo se realiza, minha vida modifica, meu deserto em Jardim<br/>Minha adoração por Ti será até o fim</lines>
    </verse>
    <verse name="v3">
      <lines>Ouve Senhor o clamor de um povo santo<br/>Ouve Senhor a voz que clama por um futuro melhor<br/>O choro mais profundo e sofredor<br/>Restaura Senhor, a nossa nação<br/>Quando tudo parece ser o fim<br/>As lutas são tantas o mundo se volta contra mim<br/>Devo prosseguir até o fim e com a tua ajuda, Senhor<br/>Caminhar todo o deserto</lines>
    </verse>
    <verse name="v4">
      <lines>Dá-me Senhor, um novo sopro de vida<br/>Quero me levantar e adorar eternamente<br/>Quero me deitar e falar contigo<br/>Pois a tua glória, venha sobre nós<br/>Pois a tua palavra, ensina os teus caminhos.</lines>
    </verse>
  </lyrics>
</song>
