<?xml version='1.0' encoding='utf-8'?>
<song xmlns="http://openlyrics.info/namespace/2009/song" version="0.8" createdIn="OpenLP 1.9.9" modifiedIn="OpenLP 1.9.9" modifiedDate="2012-09-30T13:20:11">
  <properties>
    <titles>
      <title>ÁGUAS PURIFICADORAS</title>
    </titles>
    <authors>
      <author>DIANTE DO TRONO</author>
    </authors>
  </properties>
  <lyrics>
    <verse name="v1">
      <lines>EXISTE UM RIO, SENHOR<br/>QUE FLUI DO TEU<br/>GRANDE AMOR<br/>ÁGUAS QUE CORREM<br/> DO TRONO <br/>ÁGUAS QUE CURAM, <br/>QUE LIMPAM</lines>
    </verse>
    <verse name="v2">
      <lines>POR ONDE O RIO PASSAR<br/>TUDO VAI TRANSFORMAR<br/>POIS LEVA A VIDA <br/>DO PRÓPRIO DEUS<br/>E ESTE RIO ESTÁ <br/>NESTE LUGAR</lines>
    </verse>
    <verse name="v3">
      <lines>QUERO BEBER DO TEU RIO, SENHOR<br/>SACIA MINHA SEDE,<br/>LAVA O MEU INTERIOR<br/>EU QUERO FLUIR EM TUAS ÁGUAS <br/>EU QUERO BEBER DA TUA FONTE<br/>FONTE DE ÁGUAS VIVAS<br/>TÚ ÉS A FONTE SENHOR</lines>
    </verse>
  </lyrics>
</song>
