<?xml version='1.0' encoding='utf-8'?>
<song xmlns="http://openlyrics.info/namespace/2009/song" version="0.8" createdIn="OpenLP 1.9.9" modifiedIn="OpenLP 1.9.9" modifiedDate="2012-09-30T13:18:24">
  <properties>
    <titles>
      <title>1000-bolinhas-de-sabao</title>
    </titles>
    <authors>
      <author>Aline Barros</author>
    </authors>
  </properties>
  <lyrics>
    <verse name="v1">
      <lines>1000 bolinhas de sabão</lines>
    </verse>
    <verse name="v2">
      <lines>Diga não para a sujeiinha<br/>" Não ! "<br/>Diga Não pro chulezinho<br/>- " Hummm ! "<br/>Diga não pro caracão<br/>E prá melequinha<br/>" Éca que meleca ! "</lines>
    </verse>
    <verse name="v3">
      <lines>Diga sim pro sabonete<br/>- " Yes ! "<br/>Diga sim pro chuveirinho<br/>" AhA ! "<br/>Sim Para a pasta de dente<br/>É tão bom andar limpinho</lines>
    </verse>
    <verse name="v4">
      <lines>Sai Prá lá inhaquinha<br/>Sai prá lá inhacão<br/>Eu tomo banho todo dia<br/>Fazendo um espumão</lines>
    </verse>
    <verse name="v5">
      <lines>Sai Para lá inhaquinha<br/>Sai pra lá inhacão<br/>Eu me livro de vocês<br/>Com 1000 bolinhas de sabão</lines>
    </verse>
    <verse name="v6">
      <lines>----</lines>
    </verse>
  </lyrics>
</song>
