<?xml version='1.0' encoding='utf-8'?>
<song xmlns="http://openlyrics.info/namespace/2009/song" version="0.8" createdIn="OpenLP 1.9.9" modifiedIn="OpenLP 1.9.9" modifiedDate="2012-09-30T13:18:25">
  <properties>
    <titles>
      <title>a-bicharada</title>
    </titles>
    <authors>
      <author>Aline Barros</author>
    </authors>
  </properties>
  <lyrics>
    <verse name="v1">
      <lines>A Bicharada</lines>
    </verse>
    <verse name="v3">
      <lines>Olha o rouxinol rimando outra vez<br/>Mudando as palavrinhas de lugar<br/>A ovelhinha Lana é tão quietinha<br/>É só olhar para ela<br/>Que dá vontade de ninar</lines>
    </verse>
    <verse name="v4">
      <lines>O Jubaldo cara de leão<br/>Não fique com medo desse jubão<br/>Ele e o Maquito tem um grande coração</lines>
    </verse>
    <verse name="v5">
      <lines>A língua que eles falam<br/>Ninguém sabe ler<br/>Só sei que eu entendo<br/>O que eles querem me dizer</lines>
    </verse>
    <verse name="v6">
      <lines>----</lines>
    </verse>
  </lyrics>
</song>
