<?xml version='1.0' encoding='utf-8'?>
<song xmlns="http://openlyrics.info/namespace/2009/song" version="0.8" createdIn="OpenLP 1.9.9" modifiedIn="OpenLP 1.9.9" modifiedDate="2012-09-30T13:18:25">
  <properties>
    <titles>
      <title>a-comunhao-da-tua-gloria</title>
    </titles>
    <authors>
      <author>Aline Barros</author>
    </authors>
  </properties>
  <lyrics>
    <verse name="v1">
      <lines>A Comunhão Da Tua Glória</lines>
    </verse>
    <verse name="v2">
      <lines>A minha vida está em tuas mãos,<br/>Amado meu, Senhor<br/>Todo o meu melhor eu quero te entregar</lines>
    </verse>
    <verse name="v3">
      <lines>Eu ouço a emoção da tua voz a me falar, Senhor<br/>Nem sei como expressar a ti o meu amor</lines>
    </verse>
    <verse name="v4">
      <lines>Tu és a fonte de toda inspiração<br/>És cada nota da canção<br/>És o Regente de glória e majestade<br/>A Ti pertence o meu louvor</lines>
    </verse>
    <verse name="v5">
      <lines>Senhor, o meu coração<br/>Deseja a comunhão da tua glória<br/>Senhor, eu quero fluir no teu Espírito</lines>
    </verse>
    <verse name="v6">
      <lines>Senhor, o meu coração<br/>Deseja a comunhão da tua glória<br/>Senhor, eu quero fluir no teu Espírito</lines>
    </verse>
    <verse name="v7">
      <lines>Glória Oh! Senhor.</lines>
    </verse>
    <verse name="v8">
      <lines>----</lines>
    </verse>
  </lyrics>
</song>
