<?xml version='1.0' encoding='utf-8'?>
<song xmlns="http://openlyrics.info/namespace/2009/song" version="0.8" createdIn="OpenLP 1.9.9" modifiedIn="OpenLP 1.9.9" modifiedDate="2012-09-30T13:18:25">
  <properties>
    <titles>
      <title>a-de-aline-de-alegria</title>
    </titles>
    <authors>
      <author>Aline Barros</author>
    </authors>
  </properties>
  <lyrics>
    <verse name="v1">
      <lines>A De Aline A De Alegria</lines>
    </verse>
    <verse name="v2">
      <lines>Pai, ta difícil manter o caminho<br/>Tenho andado em meio a espinhos<br/>Nem sempre é tão fácil acertar.</lines>
    </verse>
    <verse name="v3">
      <lines>Pai, emoções descalçam os meus pés<br/>Me roubando em meio a cordéis<br/>Que me enlaçam em minhas fraquezas.</lines>
    </verse>
    <verse name="v4">
      <lines>Pai, eu nem sei o que te falar<br/>Mas, eu quero recomeçar<br/>Me ajuda nesse instante.</lines>
    </verse>
    <verse name="v5">
      <lines>Preciso da tua mão<br/>Vem me levantar<br/>Faz-me teu servo Senhor<br/>Me livra do mal<br/>Quero sentir o teu sangue curar-me<br/>Agora meu Senhor, vem restaurar-me.</lines>
    </verse>
    <verse name="v6">
      <lines>----</lines>
    </verse>
  </lyrics>
</song>
