<?xml version='1.0' encoding='utf-8'?>
<song xmlns="http://openlyrics.info/namespace/2009/song" version="0.8" createdIn="OpenLP 1.9.9" modifiedIn="OpenLP 1.9.9" modifiedDate="2012-09-30T13:18:26">
  <properties>
    <titles>
      <title>a-mais-pura-uncao</title>
    </titles>
    <authors>
      <author>Aline Barros</author>
    </authors>
  </properties>
  <lyrics>
    <verse name="v1">
      <lines>A Mais Pura Unção</lines>
    </verse>
    <verse name="v2">
      <lines>Anos e anos clamamos a ti buscamos a tua mais pura unção<br/>Uma promessa de Deus para nós que seguimos com dedicação.</lines>
    </verse>
    <verse name="v3">
      <lines>As lutas não foram poucas<br/>Dores e mágoas sofremos<br/>Mas Tu és digno<br/>Tu és o Senhor<br/>Tu és digno de todo louvor.</lines>
    </verse>
    <verse name="v4">
      <lines>Te dou a glória<br/>Te dou o louvor<br/>Entrego minha vida a Cristo o Senhor<br/>Tua é a glória<br/>Teu é o louvor<br/>Tudo pertence a ti<br/>A cristo meu senhor.</lines>
    </verse>
    <verse name="v5">
      <lines>Entrego minha vida<br/>Ó meu senhor<br/>Sempre te seguirei<br/>Onde quer que eu for.</lines>
    </verse>
    <verse name="v6">
      <lines>A honra, glória, todo o poder<br/>Pra sempre Senhor<br/>Te adoramos glorificamos a ti Jesus<br/>Pra sempre.</lines>
    </verse>
    <verse name="v7">
      <lines>----</lines>
    </verse>
  </lyrics>
</song>
