<?xml version='1.0' encoding='utf-8'?>
<song xmlns="http://openlyrics.info/namespace/2009/song" version="0.8" createdIn="OpenLP 1.9.9" modifiedIn="OpenLP 1.9.9" modifiedDate="2012-09-30T13:18:26">
  <properties>
    <titles>
      <title>a-mensagem-da-cruz</title>
    </titles>
    <authors>
      <author>Aline Barros</author>
    </authors>
  </properties>
  <lyrics>
    <verse name="v1">
      <lines>A Mensagem da Cruz</lines>
    </verse>
    <verse name="v2">
      <lines>Rude cruz se erigiu,<br/>Dela o dia fugiu,<br/>Como emblema de vergonha e dor;<br/>Mas contemplo esta cruz,<br/>Porque nela Jesus<br/>Deu a vida por mim pecador.</lines>
    </verse>
    <verse name="v3">
      <lines>Sim eu amo a mensagem da cruz<br/>Té morrer eu a vou proclamar<br/>Levarei eu também minha cruz<br/>Té por uma coroa trocar</lines>
    </verse>
    <verse name="v4">
      <lines>Desde a glória dos céus,<br/>O cordeiro de Deus,<br/>Ao calvário humilhante baixou;<br/>Essa cruz tem prá mim<br/>Atrativos sem fim,<br/>Porque nela Jesus me salvou</lines>
    </verse>
    <verse name="v5">
      <lines>Coro</lines>
    </verse>
    <verse name="v6">
      <lines>Nesta cruz padeceu<br/>E por mim já morreu,<br/>Meu Jesus para dar-me<br/>O perdão;<br/>E eu me alegro na cruz,<br/>Dela vem graça e luz<br/>Pra minha santificação</lines>
    </verse>
    <verse name="v7">
      <lines>Coro</lines>
    </verse>
    <verse name="v8">
      <lines>E eu aqui com Jesus,<br/>A vergonha da cruz<br/>Quero sempre levar e sofrer;<br/>Cristo vem me buscar, e com Ele , no lar,<br/>Uma parte da glória hei de ter</lines>
    </verse>
    <verse name="v9">
      <lines>----</lines>
    </verse>
  </lyrics>
</song>
