<?xml version='1.0' encoding='utf-8'?>
<song xmlns="http://openlyrics.info/namespace/2009/song" version="0.8" createdIn="OpenLP 1.9.9" modifiedIn="OpenLP 1.9.9" modifiedDate="2012-09-30T13:18:26">
  <properties>
    <titles>
      <title>a-oferta-da-viuvinha</title>
    </titles>
    <authors>
      <author>Aline Barros</author>
    </authors>
  </properties>
  <lyrics>
    <verse name="v1">
      <lines>A Oferta da Viúvinha</lines>
    </verse>
    <verse name="v2">
      <lines>A viuvinha pôs na caixinha<br/>Sua moedinha, o seu melhor<br/>E quem oferta com alegria<br/>Junta o tesouro muito maior</lines>
    </verse>
    <verse name="v3">
      <lines>Jesus se agrada, Jesus se agrada<br/>Da ofertinha da criançada<br/>Das moedinhas fazendo assim:<br/>Tirilim, tim, tim. Tirilim, tim, tim.</lines>
    </verse>
    <verse name="v4">
      <lines>Tirilim, tim, tim. Tirilim, tim, tim.<br/>A oferta vai caindo dentro da caixinha<br/>Tirilim, tim, tim. Tirilim, tim, tim.<br/>Eu quero um coração igual o da viuvinha</lines>
    </verse>
    <verse name="v5">
      <lines>Jesus se grada, Jesus se agrada<br/>Da ofertinha da criançada<br/>Das moedinhas fazendo assim:<br/>Tirilim, tim, tim. Tirilim, tim, tim.</lines>
    </verse>
    <verse name="v6">
      <lines>Tirilim, tim, tim. Tirilim, tim, tim.<br/>A oferta vai caindo dentro da caixinha<br/>Tirilim, tim, tim. Tirilim, tim, tim.<br/>Eu quero um coração igual ao da viuvinha...</lines>
    </verse>
    <verse name="v7">
      <lines>----</lines>
    </verse>
  </lyrics>
</song>
