<?xml version='1.0' encoding='utf-8'?>
<song xmlns="http://openlyrics.info/namespace/2009/song" version="0.8" createdIn="OpenLP 1.9.9" modifiedIn="OpenLP 1.9.9" modifiedDate="2012-09-30T13:18:27">
  <properties>
    <titles>
      <title>a-sementinha</title>
    </titles>
    <authors>
      <author>Aline Barros</author>
    </authors>
  </properties>
  <lyrics>
    <verse name="v1">
      <lines>A Sementinha</lines>
    </verse>
    <verse name="v2">
      <lines>O semeador saiu a semear<br/>jogou a sementinha para a terra cultivar<br/>Um pouco da semente caiu pelo caminho<br/>Vieram os passarinhos, começaram a ciscar</lines>
    </verse>
    <verse name="v3">
      <lines>Xô, xô, xô, xô, passarinho!<br/>Deixa a sementinha para a terra cultivar<br/>Xô, xô, xô, xô, passarinho!<br/>Deixa a sementinha para a terra cultivar</lines>
    </verse>
    <verse name="v4">
      <lines>Um tanto de sementes caiu entre as pedrinhas<br/>Ficaram tão fraquinhas e morreram no calor<br/>Uma outra parte caiu entre os espinhos<br/>E foram sufocadas, espetadas. Que horror!</lines>
    </verse>
    <verse name="v5">
      <lines>Ufa, ufa, ufa! Que sol escaldante!<br/>minha sementinha foi ele quem secou<br/>Ufa, ufa, ufa! Que espinho petulante!<br/>minha sementinha espetou e sufocou</lines>
    </verse>
    <verse name="v6">
      <lines>Então, o semeador lançou em boa terra<br/>enfim a sementinha conseguiu frutificar<br/>depois multiplicou formando um pomar<br/>e o semeador , então pode se alegrar</lines>
    </verse>
    <verse name="v7">
      <lines>tum, tum, tum, o seu coraçãozinho!<br/>é a boa terra pra semente florescer<br/>tum, tum, tum, Jesus lança a semente!<br/>mas só frutifica se de fato você crer (2x)</lines>
    </verse>
    <verse name="v8">
      <lines>----</lines>
    </verse>
  </lyrics>
</song>
