<?xml version='1.0' encoding='utf-8'?>
<song xmlns="http://openlyrics.info/namespace/2009/song" version="0.8" createdIn="OpenLP 1.9.9" modifiedIn="OpenLP 1.9.9" modifiedDate="2012-09-30T13:18:27">
  <properties>
    <titles>
      <title>a-tua-palavra</title>
    </titles>
    <authors>
      <author>Aline Barros</author>
    </authors>
  </properties>
  <lyrics>
    <verse name="v1">
      <lines>A Tua Palavra</lines>
    </verse>
    <verse name="v2">
      <lines>Tua palavra é<br/>Luz para o meu caminho<br/>Tua palavra<br/>Lâmpada para os meus pés</lines>
    </verse>
    <verse name="v3">
      <lines>Tua palavra é<br/>Luz para o meu caminho<br/>Tua palavra<br/>Lâmpada para os meus pés</lines>
    </verse>
    <verse name="v4">
      <lines>E Teu amor<br/>É como a doce água<br/>Que vem a mim<br/>Como em meio à um deserto</lines>
    </verse>
    <verse name="v5">
      <lines>Como um orvalho<br/>Que desce em plena terra seca<br/>E dela faz surgir<br/>Verdes pastos</lines>
    </verse>
    <verse name="v6">
      <lines>Como um orvalho<br/>Que desce em plena terra seca<br/>E dela faz surgir<br/>Verdes pastos</lines>
    </verse>
    <verse name="v7">
      <lines>Quero fazer valer<br/>Tua palavra em mim<br/>Pra que o doente tenha onde<br/>se curar</lines>
    </verse>
    <verse name="v8">
      <lines>Quero fazer valer<br/>Tua palavra em mim<br/>Pra que o mundo saiba que Tu<br/>és Senhor<br/>Tu és Senhor<br/>Tu és Senhor Jesus<br/>Pois em meio a Tua palavra<br/>Se fizeram os céus<br/>E o brilho do sol<br/>Se fez reinar em meio às trevas.</lines>
    </verse>
    <verse name="v9">
      <lines>----</lines>
    </verse>
  </lyrics>
</song>
