<?xml version='1.0' encoding='utf-8'?>
<song xmlns="http://openlyrics.info/namespace/2009/song" version="0.8" createdIn="OpenLP 1.9.9" modifiedIn="OpenLP 1.9.9" modifiedDate="2012-09-30T13:18:27">
  <properties>
    <titles>
      <title>a-viuvinha</title>
    </titles>
    <authors>
      <author>Aline Barros</author>
    </authors>
  </properties>
  <lyrics>
    <verse name="v1">
      <lines>A viuvinha</lines>
    </verse>
    <verse name="v2">
      <lines>A viuvinha pois na caxinha<br/>a ofertinha o seu melhor<br/>E quem oferta com alegria<br/>Junta um tesouro muito maior</lines>
    </verse>
    <verse name="v3">
      <lines>Jesus se agrada<br/>Jesus se agrada da ofertinha da criançada<br/>As moedinhas<br/>Fazendo assim<br/>Tilintintim Tilintintim</lines>
    </verse>
    <verse name="v4">
      <lines>Tilintintim Tilintintim<br/>a oferta vai caindo dentro da caixinha<br/>Tilintintim Tilintintim<br/>Eu quero um coração igual ao da viuvinha</lines>
    </verse>
    <verse name="v5">
      <lines>Tilintintim Tilintintim<br/>a oferta vai caindo dentro da caixinha<br/>Tilintintim Tilintintim<br/>Eu quero um coração igual ao da viuvinha</lines>
    </verse>
    <verse name="v6">
      <lines>----</lines>
    </verse>
  </lyrics>
</song>
