<?xml version='1.0' encoding='utf-8'?>
<song xmlns="http://openlyrics.info/namespace/2009/song" version="0.8" createdIn="OpenLP 1.9.9" modifiedIn="OpenLP 1.9.9" modifiedDate="2012-09-30T13:18:25">
  <properties>
    <titles>
      <title>adonai-aba-pai</title>
    </titles>
    <authors>
      <author>Aline Barros</author>
    </authors>
  </properties>
  <lyrics>
    <verse name="v1">
      <lines>Adonai, Aba Pai</lines>
    </verse>
    <verse name="v2">
      <lines>Adonai, Aba Pai, seja feita a tua vontade<br/>Adonai, Aba Pai, este cálice eu vou beber</lines>
    </verse>
    <verse name="v3">
      <lines>Nascerá um novo olhar<br/>Porque não vou desistir<br/>Quero ser fiel até o fim<br/>Teu caminho vou seguir</lines>
    </verse>
    <verse name="v4">
      <lines>----</lines>
    </verse>
  </lyrics>
</song>
