<?xml version='1.0' encoding='utf-8'?>
<song xmlns="http://openlyrics.info/namespace/2009/song" version="0.8" createdIn="OpenLP 1.9.9" modifiedIn="OpenLP 1.9.9" modifiedDate="2012-09-30T13:18:25">
  <properties>
    <titles>
      <title>aguas-do-trono</title>
    </titles>
    <authors>
      <author>Aline Barros</author>
    </authors>
  </properties>
  <lyrics>
    <verse name="v1">
      <lines>Águas do Trono</lines>
    </verse>
    <verse name="v2">
      <lines>Águas que fluem do coração do Senhor<br/>Fontes eternas<br/>Regam sementes de amor</lines>
    </verse>
    <verse name="v3">
      <lines>(REFRÃO)<br/>Águas que curam<br/>Águas que saram<br/>Águas do trono de Deus<br/>Que santificam, que me restauram<br/>Que purificam meu ser</lines>
    </verse>
    <verse name="v4">
      <lines>E nessas águas eu vou mergulhar<br/>E me entregar por inteiro<br/>Como um rio se rende ao mar<br/>Senhor, me rendo, me rendo</lines>
    </verse>
    <verse name="v5">
      <lines>(Refrão)<br/>Águas que curam<br/>Águas que saram<br/>Águas do trono de Deus<br/>Que santificam, que me restauram<br/>Que purificam meu ser</lines>
    </verse>
    <verse name="v6">
      <lines>Tua presença eu quero buscar<br/>E saciar minha sede<br/>Águas profundas que vão me levar<br/>Pra te encontrar, oh Deus<br/>Te encontrar, oh Deus</lines>
    </verse>
    <verse name="v7">
      <lines>(Refrão)<br/>Águas que curam<br/>Águas que saram<br/>Águas do trono de Deus<br/>Que santificam, que me restauram<br/>Que purificam meu ser</lines>
    </verse>
    <verse name="v8">
      <lines>----</lines>
    </verse>
  </lyrics>
</song>
