<?xml version='1.0' encoding='utf-8'?>
<song xmlns="http://openlyrics.info/namespace/2009/song" version="0.8" createdIn="OpenLP 1.9.9" modifiedIn="OpenLP 1.9.9" modifiedDate="2012-09-30T13:18:25">
  <properties>
    <titles>
      <title>ale-ale</title>
    </titles>
    <authors>
      <author>Aline Barros</author>
    </authors>
  </properties>
  <lyrics>
    <verse name="v1">
      <lines>Alê, Alê</lines>
    </verse>
    <verse name="v2">
      <lines>Vou dançar que nem davi depois de guerrear<br/>Cantar vitória alê, alê, aleluia<br/>Quem é de deus só tem vitória pra contar</lines>
    </verse>
    <verse name="v3">
      <lines>Alê, alê, alê aleluia<br/>A galerinha de jesus vai abalar<br/>Alê, alê, alê aleluia<br/>Quem é de deus só tem vitória pra contar</lines>
    </verse>
    <verse name="v4">
      <lines>Vou vencer que nem moisés atravessando o mar<br/>Cantar vitória alê, alê, aleluia<br/>Quem é de deus só tem vitória pra contar</lines>
    </verse>
    <verse name="v5">
      <lines>Alê, alê, alê aleluia<br/>A galerinha de jesus vai abalar<br/>Alê, alê, alê aleluia<br/>Quem é de deus só tem vitória pra contar</lines>
    </verse>
    <verse name="v6">
      <lines>----</lines>
    </verse>
  </lyrics>
</song>
