<?xml version='1.0' encoding='utf-8'?>
<song xmlns="http://openlyrics.info/namespace/2009/song" version="0.8" createdIn="OpenLP 1.9.9" modifiedIn="OpenLP 1.9.9" modifiedDate="2012-09-30T13:20:11">
  <properties>
    <titles>
      <title>ALELUIA</title>
    </titles>
    <authors>
      <author>ALINE BARROS</author>
    </authors>
  </properties>
  <lyrics>
    <verse name="v1">
      <lines>É O MEU PRAZER<br/>ESTAR EM TUA PRESENÇA<br/>EU VOU ME DELEITAR <br/>MEU CORAÇÃO TE ADORA<br/>EU QUERO TE ENCONTRAR<br/>OH MEU SENHOR<br/>ERGUER A MINHA VOZ<br/>EU VOU CANTANDO</lines>
    </verse>
    <verse name="v2">
      <lines>ALELUIA, ALELUIA<br/>ALELUIA, ALELUIA</lines>
    </verse>
    <verse name="v3">
      <lines>EU VOU DANÇAR PRA DEUS<br/>SOMENTE PARA DEUS<br/>VOU LEVANTAR AS MÃOS<br/>E DECLARAR VITÓRIA<br/>POIS O SENHOR ME DEU <br/>AUTORIDADE<br/>DE ENTRAR NO SANTUÁRIO<br/>DANDO GLÓRIA E</lines>
    </verse>
    <verse name="v4">
      <lines>ALELUIA, ALELUIA<br/> ALELUIA, ALELUIA</lines>
    </verse>
    <verse name="v5">
      <lines>O PODER, O LOUVOR<br/>A GLÓRIA E HONRA <br/>AO NOME DO SENHOR<br/>QUE SOFREU QUE MORREU<br/>NOSSA VERGONHA<br/>MAS ELE RESSUSCITOU</lines>
    </verse>
    <verse name="v6">
      <lines>ALELUIA, ALELUIA, ALELUIA...</lines>
    </verse>
  </lyrics>
</song>
