<?xml version='1.0' encoding='utf-8'?>
<song xmlns="http://openlyrics.info/namespace/2009/song" version="0.8" createdIn="OpenLP 1.9.9" modifiedIn="OpenLP 1.9.9" modifiedDate="2012-09-30T13:18:25">
  <properties>
    <titles>
      <title>amado-da-minhalma</title>
    </titles>
    <authors>
      <author>Aline Barros</author>
    </authors>
  </properties>
  <lyrics>
    <verse name="v1">
      <lines>Amado da Minh'alma</lines>
    </verse>
    <verse name="v2">
      <lines>Quero tocar o coração do Amado da minh'alma<br/>Ser muito mais que uma voz cantando uma canção<br/>Realizar seus sonhos é o desejo meu</lines>
    </verse>
    <verse name="v3">
      <lines>(Refrão)<br/>Jesus<br/>Quero te adorar com um coração sincero<br/>Jesus<br/>Nome sem igual<br/>Tu és o meu amado</lines>
    </verse>
    <verse name="v4">
      <lines>----</lines>
    </verse>
  </lyrics>
</song>
