<?xml version='1.0' encoding='utf-8'?>
<song xmlns="http://openlyrics.info/namespace/2009/song" version="0.8" createdIn="OpenLP 1.9.9" modifiedIn="OpenLP 1.9.9" modifiedDate="2012-09-30T13:18:26">
  <properties>
    <titles>
      <title>Amar-te</title>
    </titles>
    <authors>
      <author>Aline Barros</author>
    </authors>
  </properties>
  <lyrics>
    <verse name="v1">
      <lines>Amarte (tradução)</lines>
    </verse>
    <verse name="v2">
      <lines>Te Amar</lines>
    </verse>
    <verse name="v3">
      <lines>Quando o tempo se desfaz como uma neblina<br/>A força ilumina e logo desvanece<br/>Sei que meu amor permanece<br/>Meu amor permanece</lines>
    </verse>
    <verse name="v4">
      <lines>(REFRÃO)<br/>E conto as horas<br/>E conto os dias<br/>Sei que toda uma vida não é suficiente<br/>Para te amar, oh oh oh oh<br/>Te amar, meu Jesus</lines>
    </verse>
    <verse name="v5">
      <lines>E as relações são eventuais<br/>Sei que meu amor permanece<br/>Meu amor permanece</lines>
    </verse>
    <verse name="v6">
      <lines>(REFRÃO 02X)</lines>
    </verse>
    <verse name="v7">
      <lines>Desejo apenas te abraçar<br/>Desejo apenas te adorar<br/>Desejo apenas te amar<br/>Amar a ti, meu Jesus</lines>
    </verse>
    <verse name="v8">
      <lines>----</lines>
    </verse>
  </lyrics>
</song>
