<?xml version='1.0' encoding='utf-8'?>
<song xmlns="http://openlyrics.info/namespace/2009/song" version="0.8" createdIn="OpenLP 1.9.9" modifiedIn="OpenLP 1.9.9" modifiedDate="2012-09-30T13:18:26">
  <properties>
    <titles>
      <title>amigo-fiel</title>
    </titles>
    <authors>
      <author>Aline Barros</author>
    </authors>
  </properties>
  <lyrics>
    <verse name="v1">
      <lines>Amigo Fiel</lines>
    </verse>
    <verse name="v2">
      <lines>Não há maior<br/>Não há igual a ti<br/>Amigo fiel<br/>Consolador, tu és<br/>Eu quero me entregar<br/>Eu quero derramar<br/>A minha vida em teu altar<br/>A minha vida em teu altar<br/>Atrai-me senhor<br/>Eu correrei para ti<br/>Em teus braços de amor<br/>Me esconderei atrai-me<br/>Tu me sondas e conheces<br/>Vê se há em mim algum caminho mau<br/>És o meu esconderijo<br/>Tu me cercas com alegres cantos de livramento<br/>Não há maior<br/>Não há igual a ti<br/>Amigo fiel<br/>Consolador, tu és<br/>Atrai-me senhor<br/>Eu correrei para ti<br/>Em teus braços de amor<br/>Me esconderei atrai-me<br/>Eu quero me entregar<br/>Eu quero derramar<br/>A minha vida em teu altar<br/>A minha vida em teu altar<br/>Eu quero me entregar<br/>Eu quero derramar<br/>A minha vida em teu altar<br/>A minha vida em teu altar</lines>
    </verse>
    <verse name="v3">
      <lines>----</lines>
    </verse>
  </lyrics>
</song>
