<?xml version='1.0' encoding='utf-8'?>
<song xmlns="http://openlyrics.info/namespace/2009/song" version="0.8" createdIn="OpenLP 1.9.9" modifiedIn="OpenLP 1.9.9" modifiedDate="2012-09-30T13:18:26">
  <properties>
    <titles>
      <title>anos-anos</title>
    </titles>
    <authors>
      <author>Aline Barros</author>
    </authors>
  </properties>
  <lyrics>
    <verse name="v1">
      <lines>Anos E Anos</lines>
    </verse>
    <verse name="v2">
      <lines>Anos e anos clamamos a Ti<br/>Buscando a tua mais pura unção<br/>Uma promessa de Deus para nós<br/>Que seguimos com dedicação<br/>As lutas não foram poucas<br/>Dores e mágoas sofremos<br/>Mas tu és digno<br/>Tu és o Senhor<br/>Tu és digno de todo o louvor</lines>
    </verse>
    <verse name="v3">
      <lines>Coro:<br/>Te dou a glória, te dou o louvor<br/>Entrego minha vida a Cristo o Senhor<br/>Tua é a gloria, Teu o meu louvor<br/>Tudo pertence a ti,<br/>A Cristo, meu Senhor.</lines>
    </verse>
    <verse name="v4">
      <lines>As lutas não fram poucas<br/>dores e mágoas sofremos<br/>mas tu és digno<br/>tu és o senhor<br/>tu és digno de todo o louvor</lines>
    </verse>
    <verse name="v5">
      <lines>Ooooohhhh, Oh Deus!, Ooooo...</lines>
    </verse>
    <verse name="v6">
      <lines>Te dou a glória, te dou o louvor<br/>Entrego minha vida a Cristo o Senhor<br/>Tua é a gloria, Teu o meu louvor<br/>Tudo pertence a ti,<br/>A Cristo, meu Senhor.<br/>Entrego minha vida<br/>Oh meu Senhor<br/>Sempre te seguirei<br/>Onde quer que eu for</lines>
    </verse>
    <verse name="v7">
      <lines>Ieiee... Oooo....</lines>
    </verse>
    <verse name="v8">
      <lines>Oh Honra, Glória,<br/>Todo poder, pra sempre Senhor<br/>Te adoramos, glorificamos<br/>A ti Jesus, pra sempre<br/>Seja dado a ti, Senhor..<br/>Oh Aleluiaaaa...<br/>Sim exaltado tu és,<br/>Glorificado tu és..</lines>
    </verse>
    <verse name="v9">
      <lines>----</lines>
    </verse>
  </lyrics>
</song>
