<?xml version='1.0' encoding='utf-8'?>
<song xmlns="http://openlyrics.info/namespace/2009/song" version="0.8" createdIn="OpenLP 1.9.9" modifiedIn="OpenLP 1.9.9" modifiedDate="2012-09-30T13:18:26">
  <properties>
    <titles>
      <title>antes-de-eu-chorar</title>
    </titles>
    <authors>
      <author>Aline Barros</author>
    </authors>
  </properties>
  <lyrics>
    <verse name="v1">
      <lines>Antes de Eu Chorar</lines>
    </verse>
    <verse name="v2">
      <lines>Antes do sol Nascer<br/>Quero estar em Sua presença<br/>Quero falar de mim<br/>Recomhecer meus erros e pedir perdão</lines>
    </verse>
    <verse name="v3">
      <lines>Antes do sol nascer<br/>Quero lembrar do Teu sacrifício<br/>Do amor que O fez morrer<br/>Do amor que O faz viver<br/>E reinar</lines>
    </verse>
    <verse name="v4">
      <lines>(REFRÃO)<br/>Quero me ajoelhar<br/>Antes do sol nascer<br/>Quero me declarar<br/>Antes do sol nascer<br/>Antes que o mundo acorde<br/>E tente negar você<br/>Quero adorar</lines>
    </verse>
    <verse name="v5">
      <lines>----</lines>
    </verse>
  </lyrics>
</song>
