<?xml version='1.0' encoding='utf-8'?>
<song xmlns="http://openlyrics.info/namespace/2009/song" version="0.8" createdIn="OpenLP 1.9.9" modifiedIn="OpenLP 1.9.9" modifiedDate="2012-09-30T13:20:12">
  <properties>
    <titles>
      <title>AO ERGUERMOS AS MÃOS</title>
    </titles>
    <authors>
      <author>ALINE BARROS</author>
    </authors>
  </properties>
  <lyrics>
    <verse name="v1">
      <lines>AO ERGUERMOS<br/>AS MÃOS PRA ADORAR,<br/>E CLAMARMOS À TI,<br/>TU VIRÁS<br/>NÓS VIEMOS AQUI,<br/>TE ADORAR<br/>DEUS DE GRAÇA E FAVOR</lines>
    </verse>
    <verse name="v2">
      <lines>ÉS TU, MEU SENHOR,<br/>DIGNO ÉS DO MEU LOUVOR,<br/>SÓ TU ÉS, TODOS DIRÃO,<br/>QUE ÉS TU, SIM ÉS TU</lines>
    </verse>
    <verse name="v3">
      <lines>SANTO, SANTO<br/>É O SENHOR PODEROSO<br/>SANTO, SOMENTE<br/>O SEU NOME É</lines>
    </verse>
    <verse name="v4">
      <lines>AO ERGUERMOS AS MÃOS<br/>E CLAMARMOS À TI,<br/>TU VIRÁS ATÉ NÓS,<br/>POR TUA GRAÇA E FAVOR</lines>
    </verse>
  </lyrics>
</song>
