<?xml version='1.0' encoding='utf-8'?>
<song xmlns="http://openlyrics.info/namespace/2009/song" version="0.8" createdIn="OpenLP 1.9.9" modifiedIn="OpenLP 1.9.9" modifiedDate="2012-09-30T13:20:12">
  <properties>
    <titles>
      <title>AO UNICO</title>
    </titles>
    <authors>
      <author>ALINE BARROS</author>
    </authors>
  </properties>
  <lyrics>
    <verse name="v1">
      <lines>AO ÚNICO,<br/>QUE É DIGNO DE RECEBER<br/>A HONRA E A GLÓRIA,<br/>A FORÇA E O PODER<br/>AO REI ETERNO IMORTAL,<br/>INVISÍVEL MAS REAL<br/>A ELE MINISTRAMOS O LOUVOR</lines>
    </verse>
    <verse name="v2">
      <lines>COROAMOS A TI Ó REI JESUS<br/>COROAMOS A TI Ó REI JESUS<br/>ADORAMOS O TEU NOME<br/>NOS RENDEMOS AO TEUS PÉS<br/>CONSAGRAMOS<br/>TODO NOSSO SER A TI</lines>
    </verse>
  </lyrics>
</song>
