<?xml version='1.0' encoding='utf-8'?>
<song xmlns="http://openlyrics.info/namespace/2009/song" version="0.8" createdIn="OpenLP 1.9.9" modifiedIn="OpenLP 1.9.9" modifiedDate="2012-09-30T13:18:26">
  <properties>
    <titles>
      <title>ao-deus-da-minha-salvacao</title>
    </titles>
    <authors>
      <author>Aline Barros</author>
    </authors>
  </properties>
  <lyrics>
    <verse name="v1">
      <lines>Ao Deus Da Minha Salvação</lines>
    </verse>
    <verse name="v2">
      <lines>Vou louvar a Deus<br/>Eu vou louvar<br/>Vou adorar a Deus<br/>Vou louvar ao Rei<br/>Eu vou louvar<br/>Vou adorar ao Rei<br/>Todo louvor e toda adoração<br/>Oh, sim rendemos com toda gratidão<br/>Ele é amparo<br/>Ele é escudo<br/>Ele é luz na escuridão</lines>
    </verse>
    <verse name="v3">
      <lines>O meu louvor e a minha adoração<br/>Só a ti darei Senhor !<br/>Deus da minha salvação<br/>Vou te buscar enquanto eu viver<br/>Toda honra e louvor<br/>Toda glória eu vou te render</lines>
    </verse>
    <verse name="v4">
      <lines>----</lines>
    </verse>
  </lyrics>
</song>
