<?xml version='1.0' encoding='utf-8'?>
<song xmlns="http://openlyrics.info/namespace/2009/song" version="0.8" createdIn="OpenLP 1.9.9" modifiedIn="OpenLP 1.9.9" modifiedDate="2012-09-30T13:18:26">
  <properties>
    <titles>
      <title>ao-erguermos-as-maos</title>
    </titles>
    <authors>
      <author>Aline Barros</author>
    </authors>
  </properties>
  <lyrics>
    <verse name="v1">
      <lines>Ao Erguermos As Mãos</lines>
    </verse>
    <verse name="v2">
      <lines>Ao erguermos as mãos pra adorar,<br/>E clamarmos à Ti, Tu virás<br/>Nós viemos aqui, Te adorar<br/>Deus de graça e favor</lines>
    </verse>
    <verse name="v3">
      <lines>És Tu, meu Senhor,<br/>Digno és do meu louvor,<br/>Só tu és, Todos dirão,<br/>Que és Tu, sim és Tu</lines>
    </verse>
    <verse name="v4">
      <lines>Santo, Santo é o Senhor Poderoso<br/>Santo, somente o Seu nome é<br/>Santo, Santo é o Senhor Poderoso<br/>Santo, somente o Seu nome é</lines>
    </verse>
    <verse name="v5">
      <lines>Ao erguermos as mãos e clamarmos à Ti,<br/>Tu virás até nós, por Tua graça e favor</lines>
    </verse>
    <verse name="v6">
      <lines>----</lines>
    </verse>
  </lyrics>
</song>
