<?xml version='1.0' encoding='utf-8'?>
<song xmlns="http://openlyrics.info/namespace/2009/song" version="0.8" createdIn="OpenLP 1.9.9" modifiedIn="OpenLP 1.9.9" modifiedDate="2012-09-30T13:18:27">
  <properties>
    <titles>
      <title>ao-unico</title>
    </titles>
    <authors>
      <author>Aline Barros</author>
    </authors>
  </properties>
  <lyrics>
    <verse name="v1">
      <lines>Ao Único</lines>
    </verse>
    <verse name="v2">
      <lines>Ao único,que é digno de receber<br/>A honra e a glória ,a força e o poder<br/>Ao rei eterno imortal, invisível mais real<br/>A ele ministramos o louvor</lines>
    </verse>
    <verse name="v3">
      <lines>Coroamos a ti ó rei jesus (bis)<br/>Adoramos o teu nome<br/>Nos rendemos ao seus pés<br/>Consagramos todo nosso ser a ti</lines>
    </verse>
    <verse name="v4">
      <lines>----</lines>
    </verse>
  </lyrics>
</song>
