<?xml version='1.0' encoding='utf-8'?>
<song xmlns="http://openlyrics.info/namespace/2009/song" version="0.8" createdIn="OpenLP 1.9.9" modifiedIn="OpenLP 1.9.9" modifiedDate="2012-09-30T13:18:27">
  <properties>
    <titles>
      <title>aos-olhos-do-pai</title>
    </titles>
    <authors>
      <author>Aline Barros</author>
    </authors>
  </properties>
  <format>
    <tags application="OpenLP"/>
  </format>
  <lyrics>
    <verse name="v1">
      <lines>Aos olhos do pai</lines>
    </verse>
    <verse name="v2">
      <lines>Aos olhos do pai,<br/>Você é uma obra prima<br/>Que ele planejou,<br/>Com suas próprias mãos pintou</lines>
    </verse>
    <verse name="v3">
      <lines>A cor de sua pele<br/>Os seus cabelos desenhou<br/>Cada detalhe,<br/>Num toque de amor</lines>
    </verse>
    <verse name="v4">
      <lines>
        <tag name="bis"/>
      </lines>
    </verse>
    <verse name="v5">
      <lines>Você é linda demais,<br/>Perfeita aos olhos do pai<br/>Alguém igual a você<br/>Não vi jamais</lines>
    </verse>
    <verse name="v6">
      <lines>Princesa linda demais<br/>Perfeita aos olhos do pai<br/>Alguém igual a você<br/>Não vi jamais</lines>
    </verse>
    <verse name="v7">
      <lines>Aos olhos do pai,<br/>Você é uma obra prima<br/>Que te planejou,<br/>Com suas próprias mãos pintou</lines>
    </verse>
    <verse name="v8">
      <lines>A cor de sua pele<br/>Os seus cabelos desenhou<br/>Cada detalhe,<br/>Num toque de amor</lines>
    </verse>
    <verse name="v9">
      <lines>Nunca deixe alguém dizer<br/>Que não é querida<br/>Antes de você nascer<br/>Deus sonhou com você</lines>
    </verse>
    <verse name="v10">
      <lines>
        <tag name="bis"/>
      </lines>
    </verse>
    <verse name="v11">
      <lines>Você é linda demais,<br/>Perfeita aos olhos do pai<br/>Alguém igual a você<br/>Não vi jamais</lines>
    </verse>
    <verse name="v12">
      <lines>Princesa linda demais<br/>Perfeita aos olhos do pai<br/>Alguém igual a você<br/>Não vi jamais</lines>
    </verse>
    <verse name="v13">
      <lines>
        <tag name="bis"/>
      </lines>
    </verse>
    <verse name="v14">
      <lines>Aos olhos do pai</lines>
    </verse>
    <verse name="v15">
      <lines>----</lines>
    </verse>
  </lyrics>
</song>
