<?xml version='1.0' encoding='utf-8'?>
<song xmlns="http://openlyrics.info/namespace/2009/song" version="0.8" createdIn="OpenLP 1.9.9" modifiedIn="OpenLP 1.9.9" modifiedDate="2012-09-30T13:20:12">
  <properties>
    <titles>
      <title>APAIXONADO</title>
    </titles>
    <authors>
      <author>ALINE BARROS</author>
    </authors>
  </properties>
  <lyrics>
    <verse name="v1">
      <lines>VOCE MUDOU MEU <br/>JEITO DE PENSAR<br/>VOCE MUDOU MEU <br/>JEITO DE AGIR<br/>ME DEU SENTIDO<br/>VOCÊ ESTÁ COMIGO 24HS<br/>E AINDA ASSIM<br/>É MUITO POUCO</lines>
    </verse>
    <verse name="v2">
      <lines>VOCE PLANTOU EM MIM<br/>A SEMENTE<br/>DA ETERNIDADE<br/>PRA TE ADORAR</lines>
    </verse>
    <verse name="v3">
      <lines>APAIXONADO<br/>APAIXONADO<br/>APAIXONADO<br/>POR VOCÊ, <br/>SENHOR, ESTOU</lines>
    </verse>
    <verse name="v4">
      <lines>VOCÊ MORREU POR MIM <br/>NAQUELA CRUZ<br/>SUA VERGONHA <br/>FOI EM MEU FAVOR</lines>
    </verse>
    <verse name="v5">
      <lines>E HOJE VIVO POR<br/>MEU SENHOR E CRISTO<br/>24HS E AINDA ASSIM<br/>É MUITO POUCO</lines>
    </verse>
    <verse name="v6">
      <lines>VOCÊ MUDOU<br/>O MEU CAMINHO<br/>E HOJE TE ENCONTREI<br/>E EU NÃO VIVO<br/>MAIS SOZINHO MAS 24HS<br/>E AINDA ASSIM<br/>É MUITO POUCO</lines>
    </verse>
  </lyrics>
</song>
