<?xml version='1.0' encoding='utf-8'?>
<song xmlns="http://openlyrics.info/namespace/2009/song" version="0.8" createdIn="OpenLP 1.9.9" modifiedIn="OpenLP 1.9.9" modifiedDate="2012-09-30T13:18:27">
  <properties>
    <titles>
      <title>banco-de-tras</title>
    </titles>
    <authors>
      <author>Aline Barros</author>
    </authors>
  </properties>
  <lyrics>
    <verse name="v1">
      <lines>Banco de trás</lines>
    </verse>
    <verse name="v2">
      <lines>Por muito tempo dirigi a minha vida em busca de aventura<br/>Como um piloto de corrida que não tinha habilitação<br/>Sem noção eu "pisava fundo", ignorando a sinalização<br/>Nem quebra-mola nem sinal vermelho me parava, não<br/>Diversas vezes derrapei, saí da pista, subi na calçada<br/>E fui multado quando quis "cortar caminho" pela contramão</lines>
    </verse>
    <verse name="v3">
      <lines>Graças a deus eu saí inteiro<br/>Tomei juízo, não me arrisco mais<br/>Chamei jesus pra direção e agora ando no banco de trás</lines>
    </verse>
    <verse name="v4">
      <lines>Eu tô andando numa estrada nova<br/>Vivendo a verdadeira aventura<br/>Nesta viagem estou seguro, jesus sabe onde me levar<br/>Eu confiei a ele o meu destino<br/>E no volante eu não pego mais<br/>Jesus dirige a minha vida<br/>E eu vou tranqüilo no banco de trás</lines>
    </verse>
    <verse name="v5">
      <lines>----</lines>
    </verse>
  </lyrics>
</song>
