<?xml version='1.0' encoding='utf-8'?>
<song xmlns="http://openlyrics.info/namespace/2009/song" version="0.8" createdIn="OpenLP 1.9.9" modifiedIn="OpenLP 1.9.9" modifiedDate="2012-09-30T13:18:27">
  <properties>
    <titles>
      <title>bebe-querido</title>
    </titles>
    <authors>
      <author>Aline Barros</author>
    </authors>
  </properties>
  <lyrics>
    <verse name="v1">
      <lines>Bebê Querido</lines>
    </verse>
    <verse name="v2">
      <lines>É como um sonho que se realizou<br/>Foi longa a espera, tempo que enfim passou<br/>Os nossos corações parecem explodir de amor<br/>Por ti querido<br/>Rendemos a Deus louvor</lines>
    </verse>
    <verse name="v3">
      <lines>Bebê querido dádiva de Deus<br/>Bebê querido presente gracioso<br/>Nós te consagramos<br/>Ao Senhor que te formou<br/>Pedaço do Céu que Deus nos entregou !</lines>
    </verse>
    <verse name="v4">
      <lines>----</lines>
    </verse>
  </lyrics>
</song>
