<?xml version='1.0' encoding='utf-8'?>
<song xmlns="http://openlyrics.info/namespace/2009/song" version="0.8" createdIn="OpenLP 1.9.9" modifiedIn="OpenLP 1.9.9" modifiedDate="2012-09-30T13:20:13">
  <properties>
    <titles>
      <title>BEM AVENTURADO</title>
    </titles>
    <authors>
      <author>ALINE BARROS</author>
    </authors>
  </properties>
  <lyrics>
    <verse name="v1">
      <lines>BEM AVENTURADO<br/>É O QUE ESTÁ<br/>FIRMADO EM TUA CASA<br/>AQUELES QUE TE LOUVAM<br/>CUJO O CORAÇÃO <br/>ESTÁ NO NOSSO DEUS</lines>
    </verse>
    <verse name="v2">
      <lines>BEM AVENTURADO<br/>É O QUE TEM<br/>SEDE DA JUSTIÇA DE DEUS<br/>AQUELES QUE <br/>SÃO FILHOS DA LUZ<br/>CUJA FORÇA VEM <br/>DO NOSSO DEUS</lines>
    </verse>
    <verse name="v3">
      <lines>QUE TEU REINO VENHA<br/>SOBRE NÓS<br/>QUEREMOS TUA GLÓRIA<br/>SOBRE NÓS</lines>
    </verse>
    <verse name="v4">
      <lines>OUVE ÓH DEUS<br/>NOSSA ORAÇÃO<br/>ALTíSSIMO<br/>SARA ESSA NAÇÃO<br/>É O CLAMOR DA IGREJA<br/>QUE TE ADORA</lines>
    </verse>
    <verse name="v5">
      <lines>SÓ TU ÉS SANTO<br/>SÓ TU ÉS SANTO<br/>SÓ TU ÉS SANTO SENHOR</lines>
    </verse>
  </lyrics>
</song>
