<?xml version='1.0' encoding='utf-8'?>
<song xmlns="http://openlyrics.info/namespace/2009/song" version="0.8" createdIn="OpenLP 1.9.9" modifiedIn="OpenLP 1.9.9" modifiedDate="2012-09-30T13:18:27">
  <properties>
    <titles>
      <title>bem-aventurado</title>
    </titles>
    <authors>
      <author>Aline Barros</author>
    </authors>
  </properties>
  <lyrics>
    <verse name="v1">
      <lines>Bem Aventurado</lines>
    </verse>
    <verse name="v2">
      <lines>Bem aventurado é o que está firmado em tua casa<br/>Aqueles que te louvam<br/>Cujo o coração está no nosso Deus<br/>Bem aventurado é quem tem sede da justiça de Deus<br/>Aqueles que são filhos da luz<br/>Cujo a força vem do nosso Deus</lines>
    </verse>
    <verse name="v3">
      <lines>Que o teu reino venha sobre nós<br/>Queremos tua glória sobre nós</lines>
    </verse>
    <verse name="v4">
      <lines>(Refrão)<br/>Ouve, oh Deus, nossa oração, Altíssimo<br/>Sara esta nação<br/>É o clamor da igreja que te adora</lines>
    </verse>
    <verse name="v5">
      <lines>Só tu és Santo<br/>Só tu és Santo<br/>Só tu és Santo, Senhor<br/>Só tu és Santo<br/>Só tu és Santo<br/>Só tu és Santo, Senhor</lines>
    </verse>
    <verse name="v6">
      <lines>(Refrão)<br/>Ouve, oh Deus, nossa oração, Altíssimo<br/>Sara esta nação<br/>É o clamor da igreja que te adora</lines>
    </verse>
    <verse name="v7">
      <lines>----</lines>
    </verse>
  </lyrics>
</song>
