<?xml version='1.0' encoding='utf-8'?>
<song xmlns="http://openlyrics.info/namespace/2009/song" version="0.8" createdIn="OpenLP 1.9.9" modifiedIn="OpenLP 1.9.9" modifiedDate="2012-09-30T13:18:28">
  <properties>
    <titles>
      <title>bem-mais-que-tudo</title>
    </titles>
    <authors>
      <author>Aline Barros</author>
    </authors>
  </properties>
  <lyrics>
    <verse name="v1">
      <lines>Bem Mais Que Tudo</lines>
    </verse>
    <verse name="v2">
      <lines>Bem mais que as forças<br/>Poder e reis<br/>Que a natureza e tudo que se fez<br/>Bem mais que tudo, criado por tuas mãos<br/>Deus tu és o início, meio e fim<br/>Bem mais que os mares<br/>Bem mais que o sol<br/>E as maravilhas que o mundo conheceu<br/>E as riquezas, tesouros desta Terra<br/>Incomparável és pra mim</lines>
    </verse>
    <verse name="v3">
      <lines>Por amor, sua vida entregou<br/>Meu senhor, humilhado foi<br/>Como a flor machucada no jardim<br/>Morreu por mim, pensou em mim<br/>Me amou</lines>
    </verse>
    <verse name="v4">
      <lines>Bem mais que as forças<br/>Poder e reis<br/>Que a natureza e tudo que se fez<br/>Bem mais que tudo, criado por tuas mãos<br/>Deus tu és o início, meio e fim<br/>Bem mais que os mares<br/>Bem mais que o sol<br/>E as maravilhas que o mundo conheceu<br/>E as riquezas, tesouros desta Terra<br/>Incomparável és pra mim</lines>
    </verse>
    <verse name="v5">
      <lines>Por amor, sua vida entregou<br/>Meu senhor, humilhado foi<br/>Como a flor machucada no jardim<br/>Morreu por mim, pensou em mim<br/>Me amou<br/>Por amor, sua vida entregou<br/>Meu senhor, humilhado foi<br/>Como a flor machucada no jardim<br/>Morreu por mim, pensou em mim<br/>Me amou<br/>Como a flor machucada no jardim<br/>Morreu por mim, pensou em mim<br/>Me amou...</lines>
    </verse>
    <verse name="v6">
      <lines>----</lines>
    </verse>
  </lyrics>
</song>
