<?xml version='1.0' encoding='utf-8'?>
<song xmlns="http://openlyrics.info/namespace/2009/song" version="0.8" createdIn="OpenLP 1.9.9" modifiedIn="OpenLP 1.9.9" modifiedDate="2012-09-30T13:18:28">
  <properties>
    <titles>
      <title>bom-ser-crianca</title>
    </titles>
    <authors>
      <author>Aline Barros</author>
    </authors>
  </properties>
  <lyrics>
    <verse name="v1">
      <lines>Bom É Ser Criança</lines>
    </verse>
    <verse name="v2">
      <lines>Já é hora de dormir<br/>Ter um sonho bom<br/>Numa noite de luar<br/>Nos braços do senhor</lines>
    </verse>
    <verse name="v3">
      <lines>Amanhã vou acordar<br/>Com o meu jesus<br/>Mais um dia despertar<br/>Com a tua luz</lines>
    </verse>
    <verse name="v4">
      <lines>Vou beijar o papai<br/>E o meu irmão<br/>Abraçar a mamãe<br/>E depois brincar</lines>
    </verse>
    <verse name="v5">
      <lines>Bom é ser criança<br/>Ter a paz no coração<br/>Um sonho de criança<br/>Como na canção</lines>
    </verse>
    <verse name="v6">
      <lines>Vou beijar o papai<br/>E o meu irmão<br/>Abraçar a mamãe<br/>E depois brincar</lines>
    </verse>
    <verse name="v7">
      <lines>----</lines>
    </verse>
  </lyrics>
</song>
