<?xml version='1.0' encoding='utf-8'?>
<song xmlns="http://openlyrics.info/namespace/2009/song" version="0.8" createdIn="OpenLP 1.9.9" modifiedIn="OpenLP 1.9.9" modifiedDate="2012-09-30T13:18:28">
  <properties>
    <titles>
      <title>brilha-jesus</title>
    </titles>
    <authors>
      <author>Aline Barros</author>
    </authors>
  </properties>
  <lyrics>
    <verse name="v1">
      <lines>Brilha Jesus</lines>
    </verse>
    <verse name="v2">
      <lines>Deus, já brilha a luz do teu amor<br/>Sobre o mundo, com Glória e esplendor.<br/>Brilha em meio a toda escuridão.<br/>Que a verdade nos traga libertação.<br/>Brilha em mim (2x)</lines>
    </verse>
    <verse name="v3">
      <lines>Brilha Jesus,<br/>Enche a terra com a tua glória<br/>Arde em nós, santo espírito<br/>Flua de ti<br/>Sobre os povos perdão e graça<br/>Brilha Jesus,<br/>Vem trazer tua luz!</lines>
    </verse>
    <verse name="v4">
      <lines>Deus, em tua presença, eu posso estar<br/>Com o sangue de Cristo a me limpar<br/>Resgatado das trevas pra tua luz,<br/>Que minha vida reflita a ti, Jesus<br/>Brilha em mim (2x)</lines>
    </verse>
    <verse name="v5">
      <lines>Brilha Jesus,<br/>Enche a terra com a tua glória<br/>Arde em nós, Santo Espírito<br/>Flua de ti<br/>Sobre os povos perdão e graça<br/>Brilha Jesus,<br/>Vem trazer tua luz!<br/>Brilha Jesus,<br/>Enche a terra com a tua glória<br/>Arde em nós, Santo Espírito<br/>Flua de ti<br/>Sobre os povos perdão e graça<br/>Brilha Jesus,<br/>Vem trazer tua luz!<br/>Brilha Jesus,<br/>Enche a terra com a tua glória<br/>Arde em nós, Santo Espírito...</lines>
    </verse>
    <verse name="v6">
      <lines>----</lines>
    </verse>
  </lyrics>
</song>
