<?xml version='1.0' encoding='utf-8'?>
<song xmlns="http://openlyrics.info/namespace/2009/song" version="0.8" createdIn="OpenLP 1.9.9" modifiedIn="OpenLP 1.9.9" modifiedDate="2012-09-30T13:18:28">
  <properties>
    <titles>
      <title>brilha-jesus-shine-jesus-shine</title>
    </titles>
    <authors>
      <author>Aline Barros</author>
    </authors>
  </properties>
  <lyrics>
    <verse name="v1">
      <lines>Brilha Jesus! / Shine - Jesus - Shine</lines>
    </verse>
    <verse name="v2">
      <lines>Brilha jesus,<br/>Enche a terra com a tua glória<br/>Arde em nós, santo espírito<br/>Flua de ti<br/>Sobre os povos perdão e graça<br/>Brilha jesus,<br/>Vem trazer tua luz!</lines>
    </verse>
    <verse name="v3">
      <lines>Deus, já brilha a luz do teu amor<br/>Sobre o mundo, com glória e esplendor.<br/>Brilha em meio a toda escuridão.<br/>Que a verdade nos traga libertação.<br/>Brilha em mim (2x)</lines>
    </verse>
    <verse name="v4">
      <lines>Deus, em tua presença, eu posso estar<br/>Com o sangue de cristo a me limpar<br/>Resgatado das trevas pra tua luz,<br/>Que minha vida reflita a ti, jesus<br/>Brilha em mim (2x)</lines>
    </verse>
    <verse name="v5">
      <lines>Shine, jesus, shine<br/>Fill this land with<br/>The father's glory<br/>Blaze, spirit, blaze<br/>Set our hearts on fire<br/>Flow river, flow<br/>Flood the nations<br/>With grace and mercy<br/>Send forth your word, lord<br/>And let there be light !</lines>
    </verse>
    <verse name="v6">
      <lines>Lord, the light of your love</lines>
    </verse>
    <verse name="v7">
      <lines>----</lines>
    </verse>
  </lyrics>
</song>
