<?xml version='1.0' encoding='utf-8'?>
<song xmlns="http://openlyrics.info/namespace/2009/song" version="0.8" createdIn="OpenLP 1.9.9" modifiedIn="OpenLP 1.9.9" modifiedDate="2012-09-30T13:18:28">
  <properties>
    <titles>
      <title>bye-bye</title>
    </titles>
    <authors>
      <author>Aline Barros</author>
    </authors>
  </properties>
  <lyrics>
    <verse name="v1">
      <lines>Bye Bye</lines>
    </verse>
    <verse name="v2">
      <lines>Todo dia<br/>Todo instante<br/>Toda hora<br/>Eu desejava ser feliz como agora<br/>Chorava à toa<br/>Reclamava à toa<br/>Estava tudo sempre mal pra mim</lines>
    </verse>
    <verse name="v3">
      <lines>Agora tudo em minha vida faz sentido<br/>O dono da alegria<br/>Já está comigo</lines>
    </verse>
    <verse name="v4">
      <lines>Jesus entrou<br/>No meu coração<br/>Se acomodou e mandou<br/>A tristeza embora</lines>
    </verse>
    <verse name="v5">
      <lines>Bye bye<br/>Tristeza nunca mais<br/>Faz a mala, vai embora<br/>E não volte mais<br/>Vem, vem<br/>Alegria do senhor<br/>Entre logo<br/>Em minha casa<br/>E não saia mais</lines>
    </verse>
    <verse name="v6">
      <lines>----</lines>
    </verse>
  </lyrics>
</song>
