<?xml version='1.0' encoding='utf-8'?>
<song xmlns="http://openlyrics.info/namespace/2009/song" version="0.8" createdIn="OpenLP 1.9.9" modifiedIn="OpenLP 1.9.9" modifiedDate="2012-09-30T13:18:28">
  <properties>
    <titles>
      <title>cada-dia-solo-eres-tu</title>
    </titles>
    <authors>
      <author>Aline Barros</author>
    </authors>
  </properties>
  <lyrics>
    <verse name="v1">
      <lines>Cada Dia Solo Eres Tu</lines>
    </verse>
    <verse name="v2">
      <lines>Cada dia solo eres Tu<br/>Cada hora nada más que Tu<br/>En Ti pienso y vivo<br/>De Tu amor yo respiro<br/>El cientro de mi vida<br/>Solo eres Tu</lines>
    </verse>
    <verse name="v3">
      <lines>Cristo, Tu eres mi luz<br/>Cristo, que me hace soñar<br/>Cristo, mi único amor<br/>El cientro de mi vida<br/>Solo eres Tu</lines>
    </verse>
    <verse name="v4">
      <lines>Na na na na - na na<br/>Solo eres Tu<br/>Na na na na - na na<br/>Nada más que Tu</lines>
    </verse>
    <verse name="v5">
      <lines>----</lines>
    </verse>
  </lyrics>
</song>
