<?xml version='1.0' encoding='utf-8'?>
<song xmlns="http://openlyrics.info/namespace/2009/song" version="0.8" createdIn="OpenLP 1.9.9" modifiedIn="OpenLP 1.9.9" modifiedDate="2012-09-30T13:18:28">
  <properties>
    <titles>
      <title>caminho-de-milagres</title>
    </titles>
    <authors>
      <author>Aline Barros</author>
    </authors>
  </properties>
  <lyrics>
    <verse name="v1">
      <lines>Caminho de Milagres</lines>
    </verse>
    <verse name="v2">
      <lines>Tudo o que eu fiz foi acreditar<br/>Eu ouvi Tua voz e obedeci<br/>Como pude então ter chegado aqui<br/>Eu não posso crer que é o fim</lines>
    </verse>
    <verse name="v3">
      <lines>Dizem: "Onde está o teu Deus?"<br/>Me perguntam o que fazer</lines>
    </verse>
    <verse name="v4">
      <lines>(Refrão)<br/>Quando o que era difícil se torna impossível<br/>Deus começa a agir<br/>Ele abre sempre uma porta onde não há saída<br/>O impossível faz acontecer</lines>
    </verse>
    <verse name="v5">
      <lines>O impossível ele faz<br/>Ele faz um caminho de milagres pelo mar</lines>
    </verse>
    <verse name="v6">
      <lines>----</lines>
    </verse>
  </lyrics>
</song>
