<?xml version='1.0' encoding='utf-8'?>
<song xmlns="http://openlyrics.info/namespace/2009/song" version="0.8" createdIn="OpenLP 1.9.9" modifiedIn="OpenLP 1.9.9" modifiedDate="2012-09-30T13:18:28">
  <properties>
    <titles>
      <title>caminho-da-fe</title>
    </titles>
    <authors>
      <author>Aline Barros</author>
    </authors>
  </properties>
  <lyrics>
    <verse name="v1">
      <lines>Caminho da Fé</lines>
    </verse>
    <verse name="v2">
      <lines>Cada dia que se passa<br/>São lutas sem cessar<br/>Que as vezes você pensa em desistir<br/>Mas Deus está contigo<br/>Por onde tu andares<br/>Vai nessa força<br/>Que você vai conseguir</lines>
    </verse>
    <verse name="v3">
      <lines>Eu não vejo o porque<br/>De você abandonar<br/>Tudo aquilo que Jesus<br/>Tem prá te dar<br/>Mas olhe para o alto<br/>E veja o céu tão perto<br/>Jesus está juntinho de você !</lines>
    </verse>
    <verse name="v4">
      <lines>Eu quero ver você<br/>Sempre sorrindo<br/>Coração que se abre prá Fé<br/>E mesmo que haja pedras no caminho<br/>Jesus Cristo sempre te põe de pé</lines>
    </verse>
    <verse name="v5">
      <lines>----</lines>
    </verse>
  </lyrics>
</song>
