<?xml version='1.0' encoding='utf-8'?>
<song xmlns="http://openlyrics.info/namespace/2009/song" version="0.8" createdIn="OpenLP 1.9.9" modifiedIn="OpenLP 1.9.9" modifiedDate="2012-09-30T13:18:28">
  <properties>
    <titles>
      <title>caminho-para-felicidade</title>
    </titles>
    <authors>
      <author>Aline Barros</author>
    </authors>
  </properties>
  <lyrics>
    <verse name="v1">
      <lines>Caminho Para a Felicidade</lines>
    </verse>
    <verse name="v2">
      <lines>Você quer a felicidade e está difícil de se achar<br/>Pois, anda numa estrada onde ela não está<br/>Se o caminho não for Jesus<br/>Se for a treva ao invés da Luz<br/>Ser feliz você jamais vai conseguir<br/>Chegando a desistir</lines>
    </verse>
    <verse name="v3">
      <lines>Olha àquele que está feliz<br/>(Diferente de você)!<br/>Vai correndo perguntar, então<br/>Qual a saída pra teu coração</lines>
    </verse>
    <verse name="v4">
      <lines>Não são prazeres<br/>Nem as ilusões que o mundo apresenta<br/>Que o homem te diz<br/>Nem as riquezas que estão por aí<br/>A verdade é só uma:<br/>Somente JESUS CRISTO vai te fazer feliz</lines>
    </verse>
    <verse name="v5">
      <lines>O caminho pra felicidade é Jesus Cristo, O Rei dos<br/>Reis<br/>Que em toda a minha vida a transformação já fez<br/>Ainda é tempo de mudar<br/>De se encontrar, se libertar<br/>A felicidade é fruto do amor<br/>Que vem do Salvador</lines>
    </verse>
    <verse name="v6">
      <lines>----</lines>
    </verse>
  </lyrics>
</song>
