<?xml version='1.0' encoding='utf-8'?>
<song xmlns="http://openlyrics.info/namespace/2009/song" version="0.8" createdIn="OpenLP 1.9.9" modifiedIn="OpenLP 1.9.9" modifiedDate="2012-09-30T13:18:29">
  <properties>
    <titles>
      <title>campeao</title>
    </titles>
    <authors>
      <author>Aline Barros</author>
    </authors>
  </properties>
  <lyrics>
    <verse name="v1">
      <lines>Campeão</lines>
    </verse>
    <verse name="v2">
      <lines>Sou do time mais que vencedor<br/>Jesus Cristo é meu treinador<br/>Meu time não perde, também não empata<br/>E vence só com gol de placa</lines>
    </verse>
    <verse name="v3">
      <lines>Quando a fé entra em campo, entra pra valer,<br/>Com Cristo é vencer ou vencer<br/>Quando eu leio a Palavra eu marco um gol<br/>E quando eu faço oração eu marco mais um<br/>Driblo o adversário e um golaço<br/>E corro pra te dar um abraço.</lines>
    </verse>
    <verse name="v4">
      <lines>Vamos balançar a rede. Explode coração.<br/>O time de Jesus é Campeão.<br/>Vamos balançar a rede. Explode coração.<br/>O time de Jesus é Campeão!</lines>
    </verse>
    <verse name="v5">
      <lines>Eu marco, eu marco um gol e corro pro abraço<br/>Eu marco, eu marco,<br/>Pra Jesus eu marco um golaço<br/>É campeão, é campeão...</lines>
    </verse>
    <verse name="v6">
      <lines>----</lines>
    </verse>
  </lyrics>
</song>
