<?xml version='1.0' encoding='utf-8'?>
<song xmlns="http://openlyrics.info/namespace/2009/song" version="0.8" createdIn="OpenLP 1.9.9" modifiedIn="OpenLP 1.9.9" modifiedDate="2012-09-30T13:18:29">
  <properties>
    <titles>
      <title>cantarei-desse-amor</title>
    </titles>
    <authors>
      <author>Aline Barros</author>
    </authors>
  </properties>
  <lyrics>
    <verse name="v1">
      <lines>Cantarei Desse Amor</lines>
    </verse>
    <verse name="v2">
      <lines>Nos altos montes ou no mar<br/>Rios de amor correm sobre mim<br/>Eu sinto no meu coração a Tua cura e o Teu poder<br/>Firmado estou nessa verdade<br/>E não há outro como Deus<br/>Por isso eu declaro<br/>O amor do Pai a me envolver</lines>
    </verse>
    <verse name="v3">
      <lines>Cantarei desse amor pra sempre<br/>Viverei esse amor pra sempre</lines>
    </verse>
    <verse name="v4">
      <lines>Sinto que dançando<br/>Eu, celebro ao Senhor<br/>E quando o mundo vir tua luz<br/>Eles dançarão de alegria como eu.</lines>
    </verse>
    <verse name="v5">
      <lines>Cantarei desse amor pra sempre<br/>Viverei esse amor pra sempre</lines>
    </verse>
    <verse name="v6">
      <lines>----</lines>
    </verse>
  </lyrics>
</song>
