<?xml version='1.0' encoding='utf-8'?>
<song xmlns="http://openlyrics.info/namespace/2009/song" version="0.8" createdIn="OpenLP 1.9.9" modifiedIn="OpenLP 1.9.9" modifiedDate="2012-09-30T13:18:29">
  <properties>
    <titles>
      <title>captura-me</title>
    </titles>
    <authors>
      <author>Aline Barros</author>
    </authors>
  </properties>
  <lyrics>
    <verse name="v1">
      <lines>Captura-me</lines>
    </verse>
    <verse name="v2">
      <lines>Em todo tempo chamo o Teu nome<br/>Pois minha alma tem sede e tem fome<br/>De conhecer mais e mais de Ti</lines>
    </verse>
    <verse name="v3">
      <lines>É o meu desejo estar contigo<br/>És meu refúgio, meu abrigo<br/>Quero muito mais e mais de Ti</lines>
    </verse>
    <verse name="v4">
      <lines>Quero ouvir Teus passos<br/>Em minha direção a me encontrar<br/>Quero olhar em Teus olhos<br/>E ser capturado pelo Teu olhar</lines>
    </verse>
    <verse name="v5">
      <lines>(Refrão)<br/>Vem e captura-me, Senhor<br/>Prenda-me e leva-me a Ti<br/>Dá-me Teus olhares<br/>Estou Te esperando<br/>Vem e captura-me aqui, Senhor</lines>
    </verse>
    <verse name="v6">
      <lines>----</lines>
    </verse>
  </lyrics>
</song>
