<?xml version='1.0' encoding='utf-8'?>
<song xmlns="http://openlyrics.info/namespace/2009/song" version="0.8" createdIn="OpenLP 1.9.9" modifiedIn="OpenLP 1.9.9" modifiedDate="2012-09-30T13:18:29">
  <properties>
    <titles>
      <title>casa-de-deus</title>
    </titles>
    <authors>
      <author>Aline Barros</author>
    </authors>
  </properties>
  <lyrics>
    <verse name="v1">
      <lines>Casa de Deus</lines>
    </verse>
    <verse name="v2">
      <lines>Amado meu, entrego a Ti o meu coração<br/>Espírito de Deus, eu sou tua habitação<br/>Sou morada adornada pela santidade<br/>Tua voz nessa geração</lines>
    </verse>
    <verse name="v3">
      <lines>Amado meu, estou aqui e vejo pela fé<br/>O céu se abrir, e o derramar de tudo que Tu és<br/>O amor do Noivo pela Noiva restaurada<br/>Corpo Santo em família</lines>
    </verse>
    <verse name="v4">
      <lines>(REFRÃO)<br/>Somos casa de Deus, a morada do Pai<br/>Contra ela nada prevalecerá<br/>Somos um no Senhor, somos povo de Deus<br/>Tua Igreja resplandecerá</lines>
    </verse>
    <verse name="v5">
      <lines>Na Tua palavra, me edificarei<br/>A Tua palavra eu multiplicarei<br/>Na Tua palavra, me edificarei<br/>A Tua palavra eu multiplicarei</lines>
    </verse>
    <verse name="v6">
      <lines>(REFRÃO)<br/>Somos casa de Deus, a morada do Pai<br/>Contra ela nada prevalecerá<br/>Somos um no Senhor, somos povo de Deus<br/>Tua Igreja resplandecerá</lines>
    </verse>
    <verse name="v7">
      <lines>----</lines>
    </verse>
  </lyrics>
</song>
