<?xml version='1.0' encoding='utf-8'?>
<song xmlns="http://openlyrics.info/namespace/2009/song" version="0.8" createdIn="OpenLP 1.9.9" modifiedIn="OpenLP 1.9.9" modifiedDate="2012-09-30T13:18:29">
  <properties>
    <titles>
      <title>casa-de-rato</title>
    </titles>
    <authors>
      <author>Aline Barros</author>
    </authors>
  </properties>
  <lyrics>
    <verse name="v1">
      <lines>Cara de Rato</lines>
    </verse>
    <verse name="v2">
      <lines>Esse bicho é doido, só pensa em atrapalhar<br/>Bota a gente em confusão, ele quer trapacear<br/>Mente que nem sente, só sabe fofocar<br/>Maus eu já to ligado, vou orar e vigiar</lines>
    </verse>
    <verse name="v3">
      <lines>Ah, ah, ah, o cara de rato não vai me pegar<br/>Ah, ah, ah, com esse jesus estou firme<br/>Vai, sai pra lá!</lines>
    </verse>
    <verse name="v4">
      <lines>Nunca joga limpo,<br/>Ele jamais se cansa<br/>Numa distração<br/>Se bobear a gente dança</lines>
    </verse>
    <verse name="v5">
      <lines>Mente que nem sente, só sabe fofocar<br/>Maus eu já to ligado, vou orar e vigiar<br/>Esse é o famoso cara de rato<br/>Esse é o perigoso, cara de rato<br/>Mas em nome de jesus ele está derrotado!</lines>
    </verse>
    <verse name="v6">
      <lines>Cara de rato<br/>Você não vai me enganar<br/>Jesus cristo é o meu amigo<br/>E isso nunca vai mudar</lines>
    </verse>
    <verse name="v7">
      <lines>----</lines>
    </verse>
  </lyrics>
</song>
