<?xml version='1.0' encoding='utf-8'?>
<song xmlns="http://openlyrics.info/namespace/2009/song" version="0.8" createdIn="OpenLP 1.9.9" modifiedIn="OpenLP 1.9.9" modifiedDate="2012-09-30T13:18:29">
  <properties>
    <titles>
      <title>chuachua</title>
    </titles>
    <authors>
      <author>Aline Barros</author>
    </authors>
  </properties>
  <lyrics>
    <verse name="v1">
      <lines>Chuá,Chuá</lines>
    </verse>
    <verse name="v2">
      <lines>Chuá é o som da nossa onda<br/>Chuá, chuá...<br/>Chuá, chuá, Jesus é nossa onda<br/>Chuá, chuá, chuá, chuá, chuá</lines>
    </verse>
    <verse name="v3">
      <lines>Minha mãe me acordou<br/>Dizendo que é verão<br/>Brilha o sol amarelo e grandão<br/>As nuvens de algodão já foram embora<br/>E brilha o lindo céu azul igual do mar</lines>
    </verse>
    <verse name="v4">
      <lines>A cigarra que não pára de cantar<br/>Convidando os passarinhos pra louvar<br/>A galerinha de Jesus é dessa praia<br/>E todo o mundo agradece nesse som</lines>
    </verse>
    <verse name="v5">
      <lines>Chuá é o som da nossa onda<br/>Chuá, chuá...<br/>Pega a prancha e vem surfar<br/>Na onda desse mar<br/>Eu já sei quem preparou esse lugar<br/>O dono disso tudo é o paizão<br/>Que lá do céu recebe nossa gratidão</lines>
    </verse>
    <verse name="v6">
      <lines>----</lines>
    </verse>
  </lyrics>
</song>
