<?xml version='1.0' encoding='utf-8'?>
<song xmlns="http://openlyrics.info/namespace/2009/song" version="0.8" createdIn="OpenLP 1.9.9" modifiedIn="OpenLP 1.9.9" modifiedDate="2012-09-30T13:18:29">
  <properties>
    <titles>
      <title>cidade-santa</title>
    </titles>
    <authors>
      <author>Aline Barros</author>
    </authors>
  </properties>
  <lyrics>
    <verse name="v1">
      <lines>Cidade Santa</lines>
    </verse>
    <verse name="v2">
      <lines>Dormindo no meu leito,<br/>Em sonho encantador.<br/>Um dia eu vi Jerusalém<br/>E o templo do Senhor.<br/>Ouvir cantar crianças,<br/>E em meio ao seu cantar<br/>Rompeu a voz dos anjos,<br/>Do céu a proclamar:<br/>Rompeu a voz dos anjos,<br/>Do céu a proclamar:<br/>Jerusalém! Jerusalém!<br/>Cantai, ó Santa Grei!<br/>Hosana! Ho - sa - na!</lines>
    </verse>
    <verse name="v3">
      <lines>Ho - sana ao<br/>Vosso Rei!<br/>Então o sonho se alterou,<br/>Não mais o som feliz<br/>Ouvi-a das Hosanas<br/>Os coros infantis.<br/>O ar em torno se esfriou,<br/>Do sol faltava a luz,<br/>E num alto e tosco monte vi<br/>O vulto de uma cruz!<br/>E num alto e tosco mon te<br/>Vi o vulto de uma cruz!<br/>Jerusalém! Jerusalém!<br/>(Aos anjos escutei),<br/>Hosana! Ho - sa - na!</lines>
    </verse>
    <verse name="v4">
      <lines>Ho- sana ao vosso Rei!<br/>Jerusalém! Jerusalém!<br/>Teu dia vai raiar!<br/>Hosana! Hosa - na!<br/>Ho - sana sem cessar!<br/>Hosana sem<br/>cessar!</lines>
    </verse>
    <verse name="v5">
      <lines>(Falando)<br/>Ainda a cena se mudou;<br/>Surgia em resplendor a divinal<br/>cidade,<br/>Morada do Senhor.<br/>Da lua não brilhava a luz,<br/>Nem sol nascia lá<br/>Mas só fulgia a luz de Deus,<br/>Mui pura em seu brilhar.<br/>E todos que queria, sim,<br/>Podiam logo entrar<br/>Na mui feliz Jerusalém,que nunca passará</lines>
    </verse>
    <verse name="v6">
      <lines>----</lines>
    </verse>
  </lyrics>
</song>
