<?xml version='1.0' encoding='utf-8'?>
<song xmlns="http://openlyrics.info/namespace/2009/song" version="0.8" createdIn="OpenLP 1.9.9" modifiedIn="OpenLP 1.9.9" modifiedDate="2012-09-30T13:18:29">
  <properties>
    <titles>
      <title>clame-jesus</title>
    </titles>
    <authors>
      <author>Aline Barros</author>
    </authors>
  </properties>
  <lyrics>
    <verse name="v1">
      <lines>Clame a Jesus</lines>
    </verse>
    <verse name="v2">
      <lines>Se estais cansado<br/>E o coração está em pedaços<br/>Não há um gesto de carinho<br/>E nesta vida está sozinho<br/>E não há ninguém á lhe estender a mão<br/>Isso corta o coração<br/>Mas o que confia no Senhor<br/>Nunca perde a esperança<br/>Que a vitória vai chegar.</lines>
    </verse>
    <verse name="v3">
      <lines>Se entra na batalha<br/>É pra vencer<br/>Quem disse que<br/>Você vai perder<br/>Se a peleja tão difícil é<br/>Clame á Jesus com fé<br/>Ele não te deixará morrer<br/>Esta luta você vencerá<br/>Quem luta pôr você é Jeová.</lines>
    </verse>
    <verse name="v4">
      <lines>Ele te dá vitória<br/>Ninguém pode com o seu poder<br/>O mar em sua frente se abrirá<br/>Seus inimigos iram perecer<br/>O canto de vitória cantará<br/>Dizendo que o Senhor é Deus<br/>Não há quem possa te deter<br/>Com Jesus Cristo é vencer ou vencer.</lines>
    </verse>
    <verse name="v5">
      <lines>----</lines>
    </verse>
  </lyrics>
</song>
