<?xml version='1.0' encoding='utf-8'?>
<song xmlns="http://openlyrics.info/namespace/2009/song" version="0.8" createdIn="OpenLP 1.9.9" modifiedIn="OpenLP 1.9.9" modifiedDate="2012-09-30T13:18:29">
  <properties>
    <titles>
      <title>clame-nome-de-jesus</title>
    </titles>
    <authors>
      <author>Aline Barros</author>
    </authors>
  </properties>
  <lyrics>
    <verse name="v1">
      <lines>Clame o Nome De Jesus</lines>
    </verse>
    <verse name="v2">
      <lines>Se você já clamou, e Deus não respondeu.<br/>Alguma coisa está faltando em você<br/>Deus não se esquece de nós<br/>Nunca nos desamparou<br/>São os pecados que afastam-nos de Deus</lines>
    </verse>
    <verse name="v3">
      <lines>(CORO)</lines>
    </verse>
    <verse name="v4">
      <lines>Quando o pecado chegar em você<br/>Clame o nome de Jesus<br/>Ele está pronto pra te socorrer<br/>Mas você precisa clamar<br/>Por Jesus</lines>
    </verse>
    <verse name="v5">
      <lines>Basta você reconhecer que Jesus<br/>O teu pecado tirou<br/>Por isso vem, vem.<br/>Agora vem, vem.<br/>Não peques mais!</lines>
    </verse>
    <verse name="v6">
      <lines>----</lines>
    </verse>
  </lyrics>
</song>
