<?xml version='1.0' encoding='utf-8'?>
<song xmlns="http://openlyrics.info/namespace/2009/song" version="0.8" createdIn="OpenLP 1.9.9" modifiedIn="OpenLP 1.9.9" modifiedDate="2012-09-30T13:18:30">
  <properties>
    <titles>
      <title>como-israel</title>
    </titles>
    <authors>
      <author>Aline Barros</author>
    </authors>
  </properties>
  <lyrics>
    <verse name="v1">
      <lines>Como Israel</lines>
    </verse>
    <verse name="v2">
      <lines>Deus de Israel<br/>Estás presente em nós<br/>Força de Sião<br/>Escudo da nação</lines>
    </verse>
    <verse name="v3">
      <lines>Ele é água no deserto<br/>Pai da vida, do perdão<br/>É a chave da vitória se clamar de coração</lines>
    </verse>
    <verse name="v4">
      <lines>(Refrão)<br/>(Então)<br/>Clame (3x)<br/>Como Israel<br/>Clame (3x)<br/>Como Israel<br/>Louve (3x)<br/>Como Israel<br/>Louve (3x)<br/>Como Israel</lines>
    </verse>
    <verse name="v5">
      <lines>Deus de Israel<br/>Estás presente em nós<br/>Força de Sião<br/>Escudo da nação<br/>Ele é água no deserto<br/>Pai da vida, do perdão<br/>É a chave da vitória se clamar de coração</lines>
    </verse>
    <verse name="v6">
      <lines>(Refrão)<br/>(Então)<br/>Clame (3x)<br/>Como Israel<br/>Clame (3x)<br/>Como Israel<br/>Louve (3x)<br/>Como Israel<br/>Louve (3x)<br/>Como Israel<br/>Dance (3x)<br/>Como Israel<br/>Dance (3x)<br/>Como Israel<br/>Conquiste (3x)<br/>Como Israel<br/>Conquiste (3x)<br/>Como Israel</lines>
    </verse>
    <verse name="v7">
      <lines>Conquiste</lines>
    </verse>
    <verse name="v8">
      <lines>----</lines>
    </verse>
  </lyrics>
</song>
