<?xml version='1.0' encoding='utf-8'?>
<song xmlns="http://openlyrics.info/namespace/2009/song" version="0.8" createdIn="OpenLP 1.9.9" modifiedIn="OpenLP 1.9.9" modifiedDate="2012-09-30T13:18:30">
  <properties>
    <titles>
      <title>conquista</title>
    </titles>
    <authors>
      <author>Aline Barros</author>
    </authors>
  </properties>
  <lyrics>
    <verse name="v1">
      <lines>Conquista</lines>
    </verse>
    <verse name="v2">
      <lines>Eu vou erguer as minhas mãos<br/>E com meu coração vou te adorar<br/>Santo<br/>Diante dos teus pés<br/>Eu vou me derramar, eu vou te exaltar<br/>Santo, Santo<br/>Mergulhar em Teu coração<br/>Descobrir o segredo pra te conquistar</lines>
    </verse>
    <verse name="v3">
      <lines>Tu és o meu tesouro<br/>Que a traça e a ferrugem não consomem<br/>Aleluia<br/>Eis-me aqui para Te oferecer primícias, oh meu Salvador<br/>Deus eterno</lines>
    </verse>
    <verse name="v4">
      <lines>Pai de amor<br/>Ouça as batidas do meu coração<br/>Em busca de Te amar</lines>
    </verse>
    <verse name="v5">
      <lines>(Refrão)<br/>Me diz o que fazer, Senhor, pra te agradar melhor<br/>Minha finalidade é dar o meu melhor pra ti</lines>
    </verse>
    <verse name="v6">
      <lines>----</lines>
    </verse>
  </lyrics>
</song>
