<?xml version='1.0' encoding='utf-8'?>
<song xmlns="http://openlyrics.info/namespace/2009/song" version="0.8" createdIn="OpenLP 1.9.9" modifiedIn="OpenLP 1.9.9" modifiedDate="2012-09-30T13:20:14">
  <properties>
    <titles>
      <title>CONSAGRAÇÃO</title>
    </titles>
    <authors>
      <author>ALINE BARROS</author>
    </authors>
  </properties>
  <lyrics>
    <verse name="v1">
      <lines>AO REI DOS REIS <br/>CONSAGRO<br/>TUDO O QUE SOU<br/>DE GRATOS LOUVORES<br/>TRANSBORDA <br/>O MEU CORAÇÃO</lines>
    </verse>
    <verse name="v2">
      <lines>A MINHA VIDA <br/>EU ENTREGO<br/>NAS TUAS MÃOS <br/>MEU SENHOR<br/>PRA TE EXALTAR<br/>COM TODO MEU AMOR</lines>
    </verse>
    <verse name="v3">
      <lines>EU TE LOUVAREI<br/>CONFORME<br/>A TUA JUSTIÇA<br/>E CANTAREI LOUVORES<br/>POIS TU ÉS ALTÍSSIMO</lines>
    </verse>
    <verse name="v4">
      <lines>CELEBRAREI A TI <br/>Ó DEUS COM MEU VIVER<br/>CANTAREI E CONTAREI<br/>AS TUAS OBRAS<br/>POIS COM TUAS MÃOS<br/>FORAM CRIADOS<br/>TERRA, CÉU E MAR<br/>E TODO SER<br/>QUE NELES HÁ</lines>
    </verse>
    <verse name="v5">
      <lines>TODA A TERRA <br/>CELEBRA A TI<br/>COM CÂNTICOS <br/>DE JÚBILO<br/>POIS TU ÉS <br/>O DEUS CRIADOR<br/>POIS TU ÉS<br/>O DEUS CRIADOR</lines>
    </verse>
    <verse name="v6">
      <lines>A HONRA, A GLÓRIA,<br/>A FORÇA E O PODER<br/>AO REI JESUS<br/>E O LOUVOR<br/>AO REI JESUS</lines>
    </verse>
  </lyrics>
</song>
