<?xml version='1.0' encoding='utf-8'?>
<song xmlns="http://openlyrics.info/namespace/2009/song" version="0.8" createdIn="OpenLP 1.9.9" modifiedIn="OpenLP 1.9.9" modifiedDate="2012-09-30T13:18:30">
  <properties>
    <titles>
      <title>consagracao</title>
    </titles>
    <authors>
      <author>Aline Barros</author>
    </authors>
  </properties>
  <lyrics>
    <verse name="v1">
      <lines>Consagração</lines>
    </verse>
    <verse name="v2">
      <lines>Ao Reis dos reis consagro tudo o que sou<br/>De gratos louvores transborda o meu coração<br/>A minha vida eu entrego nas tuas mãos meu Senhor<br/>Pra te exaltar com todo meu amor<br/>Eu te louvarei conforme a tua justiça<br/>E cantarei louvores pois tu és altíssimo</lines>
    </verse>
    <verse name="v3">
      <lines>Celebrarei a ti ó Deus com meu viver<br/>Cantarei e contarei as tuas obras<br/>Pois por tuas mãos foram criados<br/>Terra céu e mar e todo ser que neles há<br/>Toda a Terra celebra a ti, com cânticos de júbilo<br/>Pois tu és o Deus criador<br/>Pois tu és o Deus criador</lines>
    </verse>
    <verse name="v4">
      <lines>A honra<br/>A glória<br/>A força<br/>E o poder<br/>Ao Rei Jesus<br/>E o louvor<br/>Ao Rei Jesus</lines>
    </verse>
    <verse name="v5">
      <lines>----</lines>
    </verse>
  </lyrics>
</song>
