<?xml version='1.0' encoding='utf-8'?>
<song xmlns="http://openlyrics.info/namespace/2009/song" version="0.8" createdIn="OpenLP 1.9.9" modifiedIn="OpenLP 1.9.9" modifiedDate="2012-09-30T13:18:30">
  <properties>
    <titles>
      <title>consagracaolouvor-ao-rei</title>
    </titles>
    <authors>
      <author>Aline Barros</author>
    </authors>
  </properties>
  <lyrics>
    <verse name="v1">
      <lines>Consagração/Louvor ao Rei</lines>
    </verse>
    <verse name="v2">
      <lines>Ao Rei dos reis consagro tudo o que sou<br/>E de gratos louvores transborda o meu coração<br/>A minha vida eu entrego nas tuas mãos meu Senhor<br/>Pra te exaltar com todo meu amor<br/>Eu te louvarei conforme a tua justiça<br/>E cantarei louvores pois tu és altíssimo</lines>
    </verse>
    <verse name="v3">
      <lines>Celebrarei a ti ó Deus com meu viver<br/>Cantarei e contarei as tuas obras<br/>Pois por tuas mãos foram criados<br/>Terra, céu e mar e todo ser que neles há<br/>Toda a terra celebra a ti<br/>Com cânticos de júbilo<br/>Pois tu és o Deus criador</lines>
    </verse>
    <verse name="v4">
      <lines>Toda a terra celebra a ti<br/>Com cânticos de júbilo<br/>Pois tu és o Deus criador</lines>
    </verse>
    <verse name="v5">
      <lines>Celebrarei a ti ó Deus com meu viver<br/>Cantarei e contarei as tuas obras<br/>Pois por tuas mãos foram criados<br/>Terra, céu e mar e todo ser que neles há</lines>
    </verse>
    <verse name="v6">
      <lines>Toda a terra celebra a ti<br/>Com canticos de júbilo<br/>Pois tu és o Deus criador</lines>
    </verse>
    <verse name="v7">
      <lines>Toda a terra celebre a ti<br/>Com canticos de júbilo<br/>Pois tu és o Deus criador<br/>Pois tu és o Deus criador<br/>Pois tu és o Deus criador</lines>
    </verse>
    <verse name="v8">
      <lines>A honra, a glória, a força<br/>E o poder ao Rei Jesus<br/>E o louvor ao rei Jesus</lines>
    </verse>
    <verse name="v9">
      <lines>A honra, a glória, a força<br/>E o poder ao rei Jesus<br/>E o louvor ao rei Jesus</lines>
    </verse>
    <verse name="v10">
      <lines>A honra, a glória, a força<br/>E o poder ao rei Jesus<br/>E o louvor ao rei Jesus</lines>
    </verse>
    <verse name="v11">
      <lines>A honra, a glória, a força<br/>E o poder ao rei Jesus<br/>E o louvor ao rei Jesus</lines>
    </verse>
    <verse name="v12">
      <lines>A honra, a glória, a força<br/>E o poder ao rei Jesus<br/>E o louvor ao rei Jesus</lines>
    </verse>
    <verse name="v13">
      <lines>----</lines>
    </verse>
  </lyrics>
</song>
