<?xml version='1.0' encoding='utf-8'?>
<song xmlns="http://openlyrics.info/namespace/2009/song" version="0.8" createdIn="OpenLP 1.9.9" modifiedIn="OpenLP 1.9.9" modifiedDate="2012-09-30T13:18:30">
  <properties>
    <titles>
      <title>contar-meus-segredos</title>
    </titles>
    <authors>
      <author>Aline Barros</author>
    </authors>
  </properties>
  <lyrics>
    <verse name="v1">
      <lines>Contar Meus Segredos</lines>
    </verse>
    <verse name="v2">
      <lines>Senhor, às vezes sinto em mim uma vontade<br/>De entrar no quarto e trancar a porta<br/>E assim falar contigo<br/>Contar meus segredos<br/>Te confessar os meus pecados e fraquezas<br/>Me quebrantar e ser achado como alguém<br/>Segundo o Teu querer<br/>Segundo o Teu coração</lines>
    </verse>
    <verse name="v3">
      <lines>Tudo que eu quero é poder Te adorar<br/>Ficar a sós contigo e em Teus braços me encontrar</lines>
    </verse>
    <verse name="v4">
      <lines>(Refrão)<br/>Só quero Te adorar<br/>Só quero Te adorar<br/>Preciso Te adorar<br/>Permita-me Te adorar</lines>
    </verse>
    <verse name="v5">
      <lines>Em Ti eu quero me perder em adoração<br/>Vem consumir meu coração com as chamas do Teu olhar<br/>Te amo demais</lines>
    </verse>
    <verse name="v6">
      <lines>Tudo que eu quero é poder Te adorar<br/>Ficar a sós contigo e em Teus braços me encontrar</lines>
    </verse>
    <verse name="v7">
      <lines>(Refrão)<br/>Só quero Te adorar<br/>Só quero Te adorar<br/>Preciso Te adorar<br/>Permita-me Te adorar</lines>
    </verse>
    <verse name="v8">
      <lines>----</lines>
    </verse>
  </lyrics>
</song>
