<?xml version='1.0' encoding='utf-8'?>
<song xmlns="http://openlyrics.info/namespace/2009/song" version="0.8" createdIn="OpenLP 1.9.9" modifiedIn="OpenLP 1.9.9" modifiedDate="2012-09-30T13:18:30">
  <properties>
    <titles>
      <title>conta-outra</title>
    </titles>
    <authors>
      <author>Aline Barros</author>
    </authors>
  </properties>
  <lyrics>
    <verse name="v1">
      <lines>Conta Outra</lines>
    </verse>
    <verse name="v2">
      <lines>Dorme, mamãe te conta uma história<br/>Era uma vez uma floresta com um castelo encantado<br/>Onde o sol se espreguiçava e a princesinha acordava<br/>E o príncipe de capa e espada lutava com o bicho papão.</lines>
    </verse>
    <verse name="v3">
      <lines>Dorme neném que o papão já vem...<br/>Papão ?!!!!!!!!!!!!<br/>Papão, não vem nada !</lines>
    </verse>
    <verse name="v4">
      <lines>Mãe aquela princesinha e o lobo mal<br/>Abriram uma tendinha dentro da floresta<br/>Estão vendendo tudo<br/>Algodão doce e babalú lá lá lé lí ló lú</lines>
    </verse>
    <verse name="v5">
      <lines>Mãe me conta outra história, está tudo embolado<br/>Eu ouvi dizer que o príncipe encantado<br/>Já ficou de bem até com o sapo cururú</lines>
    </verse>
    <verse name="v6">
      <lines>Mamãe me conta uma outra história<br/>Mas uma história de verdade<br/>E que ninguém pode mudar</lines>
    </verse>
    <verse name="v7">
      <lines>Era uma vez um lugar muito longe, numa estrebaria<br/>Lá em Belém, nasceu um menino chamado Jesus<br/>Ele sim, mudou toda a nossa história</lines>
    </verse>
    <verse name="v8">
      <lines>Mãe, que bom que essa história<br/>Acabou tão linda e o nosso<br/>Príncipe que é muito forte<br/>Bom e verdadeiro tá bem vivo lá no céu<br/>Mas vive aqui bem pertinho junto ao<br/>Meu lado e está bem vivinho<br/>Dentro do meu coração</lines>
    </verse>
    <verse name="v9">
      <lines>----</lines>
    </verse>
  </lyrics>
</song>
