<?xml version='1.0' encoding='utf-8'?>
<song xmlns="http://openlyrics.info/namespace/2009/song" version="0.8" createdIn="OpenLP 1.9.9" modifiedIn="OpenLP 1.9.9" modifiedDate="2012-09-30T13:18:30">
  <properties>
    <titles>
      <title>cordao-de-tres-dobras</title>
    </titles>
    <authors>
      <author>Aline Barros</author>
    </authors>
  </properties>
  <lyrics>
    <verse name="v1">
      <lines>Cordão de Três Dobras</lines>
    </verse>
    <verse name="v2">
      <lines>Quem anda sozinho pode ir mais rápido<br/>Mas nem sempre vai mais longe<br/>Pois temos aprendido que é melhor<br/>Serem dois do que um<br/>É bem melhor serem dois do que um<br/>Porque o cordão de três dobras não se pode<br/>romper</lines>
    </verse>
    <verse name="v3">
      <lines>Quando dois trabalham há mais ganho em seu labor<br/>E quando há tristeza, há consolo para a dor<br/>E quando a um cair, juntos se levantarão<br/>Estando unidos na batalha vencerão</lines>
    </verse>
    <verse name="v4">
      <lines>----</lines>
    </verse>
  </lyrics>
</song>
