<?xml version='1.0' encoding='utf-8'?>
<song xmlns="http://openlyrics.info/namespace/2009/song" version="0.8" createdIn="OpenLP 1.9.9" modifiedIn="OpenLP 1.9.9" modifiedDate="2012-09-30T13:18:30">
  <properties>
    <titles>
      <title>corpo-familia</title>
    </titles>
    <authors>
      <author>Aline Barros</author>
    </authors>
  </properties>
  <lyrics>
    <verse name="v1">
      <lines>Corpo e Família</lines>
    </verse>
    <verse name="v2">
      <lines>Recebi um novo coração do Pai,<br/>Coração regenerado, coração transformado<br/>Coração que é inspirado por Jesus.</lines>
    </verse>
    <verse name="v3">
      <lines>Como fruto desse novo coração<br/>Eu declaro a paz de Cristo<br/>Te abençôo meu irmão<br/>Preciosa é a nossa comunhão</lines>
    </verse>
    <verse name="v4">
      <lines>Refrão:</lines>
    </verse>
    <verse name="v5">
      <lines>Somos corpo<br/>E assim bem ajustado<br/>Totalmente ligados, unidos,<br/>Vivendo em amor.</lines>
    </verse>
    <verse name="v6">
      <lines>Uma família<br/>Sem qualquer falsidade,<br/>Vivendo a verdade,<br/>Expressando a glória do Senhor.</lines>
    </verse>
    <verse name="v7">
      <lines>Uma família vivendo o compromisso<br/>Do grande amor de Cristo</lines>
    </verse>
    <verse name="v8">
      <lines>Eu preciso de ti<br/>Querido irmão<br/>Precioso és para mim<br/>Querido irmão.</lines>
    </verse>
    <verse name="v9">
      <lines>Eu preciso de ti<br/>Querido irmão<br/>Precioso és para mim<br/>Querido irmão.</lines>
    </verse>
    <verse name="v10">
      <lines>----</lines>
    </verse>
  </lyrics>
</song>
