<?xml version='1.0' encoding='utf-8'?>
<song xmlns="http://openlyrics.info/namespace/2009/song" version="0.8" createdIn="OpenLP 1.9.9" modifiedIn="OpenLP 1.9.9" modifiedDate="2012-09-30T13:18:30">
  <properties>
    <titles>
      <title>correr-pra-deus</title>
    </titles>
    <authors>
      <author>Aline Barros</author>
    </authors>
  </properties>
  <lyrics>
    <verse name="v1">
      <lines>Correr pra Deus</lines>
    </verse>
    <verse name="v2">
      <lines>Descerá sobre mim a unção do Senhor<br/>Sinto em mim fogo consumidor já arder</lines>
    </verse>
    <verse name="v3">
      <lines>Vou pedir, vou buscar<br/>Vou sonhar, conquistar<br/>Derramar minha vida no altar e te adorar</lines>
    </verse>
    <verse name="v4">
      <lines>(REFRÃO)<br/>Vou correr para Deus<br/>Como um rio corre para o mar, eu corro para ti<br/>Vou viver só pra Deus<br/>Regressar ao meu lugar e ao primeiro amor voltar</lines>
    </verse>
    <verse name="v5">
      <lines>Descerá sobre ti<br/>Descerá sobre ti<br/>Descerá sobre ti (com fé)<br/>Descerá sobre ti<br/>Descerá sobre ti<br/>Descerá sobre ti (a unção do Senhor)</lines>
    </verse>
    <verse name="v6">
      <lines>(REFRÃO)<br/>Vou correr para Deus<br/>Como um rio corre para o mar, eu corro para ti<br/>Vou viver só pra Deus<br/>Regressar ao meu lugar e ao primeiro amor voltar</lines>
    </verse>
    <verse name="v7">
      <lines>----</lines>
    </verse>
  </lyrics>
</song>
