<?xml version='1.0' encoding='utf-8'?>
<song xmlns="http://openlyrics.info/namespace/2009/song" version="0.8" createdIn="OpenLP 1.9.9" modifiedIn="OpenLP 1.9.9" modifiedDate="2012-09-30T13:18:30">
  <properties>
    <titles>
      <title>corra-para-os-bracos-do-pai</title>
    </titles>
    <authors>
      <author>Aline Barros</author>
    </authors>
  </properties>
  <lyrics>
    <verse name="v1">
      <lines>Corra Para os Braços do Pai</lines>
    </verse>
    <verse name="v2">
      <lines>São tantas desilusões<br/>E você já não sabe o que fazer<br/>Sofrendo decepções<br/>Se sentindo sozinho<br/>Sem direção<br/>Chora teu coração<br/>A dor dessa solidão<br/>Sem rumo prá caminhar<br/>Sem resposta prá essa situação</lines>
    </verse>
    <verse name="v3">
      <lines>Esse mundo não tem mais direção<br/>Corra para os braços do Pai<br/>Se você não encontra solução<br/>Deixe Cristo te guiar<br/>Ele sim te completará</lines>
    </verse>
    <verse name="v4">
      <lines>Não fique tão triste assim<br/>Pois eu sei que há um Rei<br/>Que te quer demais<br/>Você vai poder sentir<br/>Esse amor, essa paz<br/>No seu interior<br/>Ponha tua Fé em Jesus<br/>Ouça a voz do seu coração<br/>Pegue nas mãos do senhor<br/>E caminhe sempre com proteção</lines>
    </verse>
    <verse name="v5">
      <lines>Esse mundo não tem mais direção<br/>Corra para os braços do Pai<br/>Se você não encontra solução<br/>Deixe Cristo te guiar<br/>Ele sim te completará</lines>
    </verse>
    <verse name="v6">
      <lines>Entregue agora o coração<br/>Ao Rei Jesus o Salvador<br/>Pois Ele te abençoará<br/>Tuas Promessas herdará<br/>E então feliz tu viverá</lines>
    </verse>
    <verse name="v7">
      <lines>Esse mundo não tem mais direção<br/>Corra para os braços do Pai<br/>Se você não encontra solução<br/>Deixe Cristo te guiar<br/>Ele sim te completará</lines>
    </verse>
    <verse name="v8">
      <lines>----</lines>
    </verse>
  </lyrics>
</song>
