<?xml version='1.0' encoding='utf-8'?>
<song xmlns="http://openlyrics.info/namespace/2009/song" version="0.8" createdIn="OpenLP 1.9.9" modifiedIn="OpenLP 1.9.9" modifiedDate="2012-09-30T13:18:31">
  <properties>
    <titles>
      <title>crianca-de-jesus</title>
    </titles>
    <authors>
      <author>Aline Barros</author>
    </authors>
  </properties>
  <lyrics>
    <verse name="v1">
      <lines>Criança de Jesus</lines>
    </verse>
    <verse name="v2">
      <lines>Criança de Jesus tem energia<br/>Pra gastar<br/>Corre pra cá, corre pra lá</lines>
    </verse>
    <verse name="v3">
      <lines>Bate com as mãos<br/>Bate os pés no chão<br/>Pula, pula, pula<br/>Ter Jesus é muito bom</lines>
    </verse>
    <verse name="v4">
      <lines>Joga as mãos pro alto<br/>Põe as mãos no chão<br/>Dá uma rodadinha<br/>Ter Jesus é muito bom!</lines>
    </verse>
    <verse name="v5">
      <lines>- Atenção!<br/>- Sim!<br/>- Vocês querem louvar?<br/>- Sim, senhor!<br/>- Vocês tão com sono?<br/>- Sim, senhor!<br/>- Entao eu vou desligar o som...<br/>- Nãaaaaaaao!</lines>
    </verse>
    <verse name="v6">
      <lines>----</lines>
    </verse>
  </lyrics>
</song>
