<?xml version='1.0' encoding='utf-8'?>
<song xmlns="http://openlyrics.info/namespace/2009/song" version="0.8" createdIn="OpenLP 1.9.9" modifiedIn="OpenLP 1.9.9" modifiedDate="2012-09-30T13:18:31">
  <properties>
    <titles>
      <title>cristo-nasceu-em-belem-hark-the-herald-angel-sing-gloria</title>
    </titles>
    <authors>
      <author>Aline Barros</author>
    </authors>
  </properties>
  <lyrics>
    <verse name="v1">
      <lines>Cristo Nasceu Em Belém / Hark! The Herald Angel Sing ! Glória</lines>
    </verse>
    <verse name="v2">
      <lines>In excelcious deo</lines>
    </verse>
    <verse name="v3">
      <lines>Luz dos anjos, harmonia<br/>Cantam glória ao novo rei<br/>Paz aos homens e alegria<br/>Paz com deus e a sua lei</lines>
    </verse>
    <verse name="v4">
      <lines>Ouçam povos exultantes<br/>Ergam salmos triunfantes<br/>Aclamando o seu senhor<br/>Nasce cristo redentor<br/>Toda terra e alto céu<br/>Cantem glória ao rei dos reis</lines>
    </verse>
    <verse name="v5">
      <lines>In excelcious deo<br/>Glória</lines>
    </verse>
    <verse name="v6">
      <lines>Anjos cantam lá no céu<br/>Glória ao príncipe da paz<br/>Doce graça revelada<br/>Vida e luz ao mundo traz</lines>
    </verse>
    <verse name="v7">
      <lines>Ouçam povos exultantes<br/>Ergam salmos triunfantes<br/>Ao profeta e salvador<br/>Louvem todos ao senhor<br/>Toda terra e alto céu<br/>Cantem glória ao rei dos reis</lines>
    </verse>
    <verse name="v8">
      <lines>Glória ao nosso deus</lines>
    </verse>
    <verse name="v9">
      <lines>----</lines>
    </verse>
  </lyrics>
</song>
