<?xml version='1.0' encoding='utf-8'?>
<song xmlns="http://openlyrics.info/namespace/2009/song" version="0.8" createdIn="OpenLP 1.9.9" modifiedIn="OpenLP 1.9.9" modifiedDate="2012-09-30T13:18:31">
  <properties>
    <titles>
      <title>cubra-me</title>
    </titles>
    <authors>
      <author>Aline Barros</author>
    </authors>
  </properties>
  <lyrics>
    <verse name="v1">
      <lines>Cubra-me</lines>
    </verse>
    <verse name="v2">
      <lines>(Refrão)<br/>Cubra-me, abraçe-me<br/>Vem esconder-me em suas asas, oh Senhor<br/>Cubra-me, abraçe-me<br/>Vem esconder-me em suas asas, oh Senhor<br/>Não me deixe ir sem que eu receba da Sua graça, do Seu amor</lines>
    </verse>
    <verse name="v3">
      <lines>Se o medo inundar meu coração<br/>Tentando me impedir de avançar e prosseguir<br/>Fazendo-me pensar que é pouco o meu valor<br/>Me lembrarei de tudo o que me prometeu</lines>
    </verse>
    <verse name="v4">
      <lines>E é quando mais eu te quero<br/>E é quando mais eu necessito<br/>Ouvir tua doce voz dizendo: "Eu estou aqui"</lines>
    </verse>
    <verse name="v5">
      <lines>(Refrão)<br/>Cubra-me, abraçe-me<br/>Vem esconder-me em suas asas, oh Senhor<br/>Cubra-me, abraçe-me<br/>Vem esconder-me em suas asas, oh Senhor<br/>Não me deixe ir sem que eu receba da Sua graça, do Seu amor</lines>
    </verse>
    <verse name="v6">
      <lines>----</lines>
    </verse>
  </lyrics>
</song>
