<?xml version='1.0' encoding='utf-8'?>
<song xmlns="http://openlyrics.info/namespace/2009/song" version="0.8" createdIn="OpenLP 1.9.9" modifiedIn="OpenLP 1.9.9" modifiedDate="2012-09-30T13:18:31">
  <properties>
    <titles>
      <title>dai-louvor</title>
    </titles>
    <authors>
      <author>Aline Barros</author>
    </authors>
  </properties>
  <lyrics>
    <verse name="v1">
      <lines>Dai Louvor</lines>
    </verse>
    <verse name="v2">
      <lines>Daí louvor !<br/>A quem pertence toda glória<br/>Daí louvor !<br/>Ao nosso grande Rei<br/>Daí louvor !<br/>Todos povos e raças<br/>Ao Deus de toda Graça<br/>Daí louvor !</lines>
    </verse>
    <verse name="v3">
      <lines>Os astros e estrelas<br/>São obras das suas mãos<br/>Toda a existência<br/>Deve ao Senhor adoração</lines>
    </verse>
    <verse name="v4">
      <lines>Celebremos a vida<br/>Pois quem nos dá é o Senhor<br/>Louvores sem medida<br/>Sejam dados ao soberano<br/>Deus</lines>
    </verse>
    <verse name="v5">
      <lines>----</lines>
    </verse>
  </lyrics>
</song>
