<?xml version='1.0' encoding='utf-8'?>
<song xmlns="http://openlyrics.info/namespace/2009/song" version="0.8" createdIn="OpenLP 1.9.9" modifiedIn="OpenLP 1.9.9" modifiedDate="2012-09-30T13:18:31">
  <properties>
    <titles>
      <title>dame-paz-traducao</title>
    </titles>
    <authors>
      <author>Aline Barros</author>
    </authors>
  </properties>
  <lyrics>
    <verse name="v1">
      <lines>Dame Paz (tradução)</lines>
    </verse>
    <verse name="v2">
      <lines>Cada anoitecer ao despertar<br/>Dá-me paz, meu Cristo</lines>
    </verse>
    <verse name="v3">
      <lines>Dá-me paz<br/>Toma-me em teus braços<br/>Dá-me paz<br/>Tua voz quero escutar<br/>Dá-me paz<br/>Cessa o temor que há em mim<br/>Si pequeno sou e em teus braços vou</lines>
    </verse>
    <verse name="v4">
      <lines>Em minha solidão distante de tudo<br/>Dá-me paz, meu Cristo<br/>E ao descansar desce a tua luz<br/>Dá-me paz, meu Cristo</lines>
    </verse>
    <verse name="v5">
      <lines>----</lines>
    </verse>
  </lyrics>
</song>
