<?xml version='1.0' encoding='utf-8'?>
<song xmlns="http://openlyrics.info/namespace/2009/song" version="0.8" createdIn="OpenLP 1.9.9" modifiedIn="OpenLP 1.9.9" modifiedDate="2012-09-30T13:18:31">
  <properties>
    <titles>
      <title>danca-do-pinguim</title>
    </titles>
    <authors>
      <author>Aline Barros</author>
    </authors>
  </properties>
  <lyrics>
    <verse name="v1">
      <lines>Dança do Pinguim</lines>
    </verse>
    <verse name="v2">
      <lines>É assim, assim<br/>Essa é a alegria do Senhor<br/>Dentro de mim.<br/>É assim, assim<br/>Eu vou te ensinar<br/>Como é a dança do pingüim</lines>
    </verse>
    <verse name="v3">
      <lines>Sabe o quê que inventaram agora?<br/>Eu sei!<br/>Tá rolando o maior buchicho!<br/>Eu já ouvi!</lines>
    </verse>
    <verse name="v4">
      <lines>Olha que esse papo é da hora!<br/>Eu sei!<br/>Festa de esquimó só rola isso!</lines>
    </verse>
    <verse name="v5">
      <lines>É assim, assim...</lines>
    </verse>
    <verse name="v6">
      <lines>Arraste o pezinho quase levantando vôo,<br/>Batendo as asinhas nesse balanço é que eu vou,<br/>Esquerda e direita. Assim, assim, pra lá e pra cá,<br/>Olha que maneiro ninguém vai querer parar</lines>
    </verse>
    <verse name="v7">
      <lines>----</lines>
    </verse>
  </lyrics>
</song>
