<?xml version='1.0' encoding='utf-8'?>
<song xmlns="http://openlyrics.info/namespace/2009/song" version="0.8" createdIn="OpenLP 1.9.9" modifiedIn="OpenLP 1.9.9" modifiedDate="2012-09-30T13:18:31">
  <properties>
    <titles>
      <title>danca-do-quaquito</title>
    </titles>
    <authors>
      <author>Aline Barros</author>
    </authors>
  </properties>
  <lyrics>
    <verse name="v1">
      <lines>Dança do Quaquito</lines>
    </verse>
    <verse name="v2">
      <lines>Ele é artista<br/>Louva ao criador<br/>Ele está bombando<br/>Toca até tambor</lines>
    </verse>
    <verse name="v3">
      <lines>Um pato falante<br/>Saindo do ovinho<br/>Desengonçadinho<br/>Pra pular, pra correr<br/>Pronto para dançar</lines>
    </verse>
    <verse name="v4">
      <lines>Esse é a dança do quaquito<br/>Vem com esse andar de bambolê<br/>Eu na cintura ele no bico<br/>Quê quê rê quê quê</lines>
    </verse>
    <verse name="v5">
      <lines>Essa é a dança do quaquito<br/>Ele inventou o padedê<br/>Cisca de ladinho batendo as asas<br/>Quê quê rê quê quê</lines>
    </verse>
    <verse name="v6">
      <lines>----</lines>
    </verse>
  </lyrics>
</song>
