<?xml version='1.0' encoding='utf-8'?>
<song xmlns="http://openlyrics.info/namespace/2009/song" version="0.8" createdIn="OpenLP 1.9.9" modifiedIn="OpenLP 1.9.9" modifiedDate="2012-09-30T13:18:31">
  <properties>
    <titles>
      <title>danca-do-nickinho</title>
    </titles>
    <authors>
      <author>Aline Barros</author>
    </authors>
  </properties>
  <lyrics>
    <verse name="v1">
      <lines>Dança do Nickinho</lines>
    </verse>
    <verse name="v2">
      <lines>E balançando a cabeça, ele chegou<br/>Nickinho uma criança do senhor<br/>E dando glória, dando glória sem cessar<br/>Dançando, era nickinho a louvar<br/>Mexendo a cabeça e os braços sem parar<br/>Dando volta, dando volta<br/>Não parava de pular<br/>E mexe pra lá e mexe pra cá<br/>E todas as pessoas começaram a pular</lines>
    </verse>
    <verse name="v3">
      <lines>Nickinho, não pare, por favor<br/>Essa alegria já me contagiou<br/>Como nickinho<br/>Eu também quero louvar<br/>Chegou a hora<br/>Vamos todos celebrar</lines>
    </verse>
    <verse name="v4">
      <lines>Vem, vem ta querendo<br/>Vem louvar como nickinho<br/>Vem dançar<br/>A deus você vai agradar<br/>Se com o coração o agradar</lines>
    </verse>
    <verse name="v5">
      <lines>----</lines>
    </verse>
  </lyrics>
</song>
