<?xml version='1.0' encoding='utf-8'?>
<song xmlns="http://openlyrics.info/namespace/2009/song" version="0.8" createdIn="OpenLP 1.9.9" modifiedIn="OpenLP 1.9.9" modifiedDate="2012-09-30T13:18:31">
  <properties>
    <titles>
      <title>dando-vueltas-traducao</title>
    </titles>
    <authors>
      <author>Aline Barros</author>
    </authors>
  </properties>
  <lyrics>
    <verse name="v1">
      <lines>Dando Vueltas (tradução)</lines>
    </verse>
    <verse name="v2">
      <lines>Em outra direção estou me movendo<br/>Nunca se sabe se algo mudará<br/>Fui infectada e levo Cristo em mim<br/>Não sou o mesmo devo confessar</lines>
    </verse>
    <verse name="v3">
      <lines>Sou diferente, é evidente<br/>Estou indo em direção a Cristo<br/>E assim quero seguir</lines>
    </verse>
    <verse name="v4">
      <lines>Ela faz com que eu<br/>Salte, brinque dando voltas<br/>Dia e noite poderia pular<br/>Salte, brinque dando voltas por Ele</lines>
    </verse>
    <verse name="v5">
      <lines>Hoje vou em busca de um novo destino<br/>Vou muito atento ao que posso ver<br/>Vou caminhando, Ele me ensina o caminho<br/>Nele confio, Ele salvou meu ser</lines>
    </verse>
    <verse name="v6">
      <lines>Seu Espírito me move e sacia<br/>Tenho Sua força, e posso vencer<br/>Por mim ressuscitaste, graças te dou<br/>Já não estás morto, te levo em meu ser</lines>
    </verse>
    <verse name="v7">
      <lines>Ele nunca muda<br/>Sempre é o mesmo<br/>Por que não vais em direção a Cristo (?)<br/>Tua vida mudará</lines>
    </verse>
    <verse name="v8">
      <lines>----</lines>
    </verse>
  </lyrics>
</song>
