<?xml version='1.0' encoding='utf-8'?>
<song xmlns="http://openlyrics.info/namespace/2009/song" version="0.8" createdIn="OpenLP 1.9.9" modifiedIn="OpenLP 1.9.9" modifiedDate="2012-09-30T13:18:31">
  <properties>
    <titles>
      <title>davizinho</title>
    </titles>
    <authors>
      <author>Aline Barros</author>
    </authors>
  </properties>
  <lyrics>
    <verse name="v1">
      <lines>Davizinho</lines>
    </verse>
    <verse name="v2">
      <lines>Um menininho bem pequenininho<br/>Tomava conta de suas ovelhinhas<br/>Ele matou um urso e um leão<br/>Com sua harpa acalma o coração</lines>
    </verse>
    <verse name="v3">
      <lines>Um belo dia ele desafiou<br/>Um homem grande,<br/>Um homem bem grandão<br/>Com uma pedra ele o derrubou<br/>E o gigante caiu<br/>Com a cara no chão<br/>Pou, pou, pou, pou</lines>
    </verse>
    <verse name="v4">
      <lines>O nome dele era davi<br/>Igualzinho a davi<br/>Eu posso ser<br/>Basta somente<br/>A voz de deus<br/>Obedecer</lines>
    </verse>
    <verse name="v5">
      <lines>----</lines>
    </verse>
  </lyrics>
</song>
