<?xml version='1.0' encoding='utf-8'?>
<song xmlns="http://openlyrics.info/namespace/2009/song" version="0.8" createdIn="OpenLP 1.9.9" modifiedIn="OpenLP 1.9.9" modifiedDate="2012-09-30T13:18:32">
  <properties>
    <titles>
      <title>dentro-da-arca-de-noe</title>
    </titles>
    <authors>
      <author>Aline Barros</author>
    </authors>
  </properties>
  <lyrics>
    <verse name="v1">
      <lines>Dentro Da Arca De Noé</lines>
    </verse>
    <verse name="v2">
      <lines>Vejam só o que aconteceu dentro da arca de noé<br/>Logo que o dia clareou, um tal chamado galo, então cantou<br/>A bicharada toda acordou. era uma cena engraçada<br/>O nosso tio noé, sem, cão e jafé, ficaram sem saber o que fazer<br/>O canguru pulava, o sapo sumia<br/>A hiena se acabava em gargalhada<br/>O porco roncava, a zebra corria<br/>E o chipanzé pedia bis<br/>E o elefante grandalhão, parecia não se incomodar<br/>A girafa nem estava ali, ficava olhando do terceiro andar<br/>Mas o papaguaio falador, ficava imitando todo mundo<br/>E o nosso tio noé, sem, cão e jafé, corriam de um lado para o outro<br/>E a vaquinha mugia, o ganso voava<br/>A foca com o patinho no nariz<br/>O gato miava, o cachorro latia<br/>O ururbu com pinta de feliz<br/>O leão, rei dos animais, e seu amigo, tigre de bengala<br/>Ficavam observando o beija-flor, ouvibndo a gritaria das araras<br/>A tartaruga junto com o tatu e o avestruz se ocultavam<br/>E o nosso tio noé, sem, cão e jafé, tentavam acalmar a bicharada<br/>E a coruja piava, o urso dormia<br/>O jacaré ficava a sorrir<br/>A lontra saltava, o lobo comia<br/>E a macacada só curtia</lines>
    </verse>
    <verse name="v3">
      <lines>----</lines>
    </verse>
  </lyrics>
</song>
