<?xml version='1.0' encoding='utf-8'?>
<song xmlns="http://openlyrics.info/namespace/2009/song" version="0.8" createdIn="OpenLP 1.9.9" modifiedIn="OpenLP 1.9.9" modifiedDate="2012-09-30T13:18:32">
  <properties>
    <titles>
      <title>derrama</title>
    </titles>
    <authors>
      <author>Aline Barros</author>
    </authors>
  </properties>
  <lyrics>
    <verse name="v1">
      <lines>Derrama</lines>
    </verse>
    <verse name="v2">
      <lines>Derrama Tua shekinah sobre nós<br/>Derrama Tua shekinah sobre nós<br/>Não conseguiremos ficar de pé<br/>Tamanha é Sua glória sobre nós</lines>
    </verse>
    <verse name="v3">
      <lines>Derrama Teu espírito sobre nós<br/>Derrama Teu espírito sobre nós<br/>Não conseguiremos ficar de pé<br/>Tamanho é Seu poder sobre nós</lines>
    </verse>
    <verse name="v4">
      <lines>----</lines>
    </verse>
  </lyrics>
</song>
