<?xml version='1.0' encoding='utf-8'?>
<song xmlns="http://openlyrics.info/namespace/2009/song" version="0.8" createdIn="OpenLP 1.9.9" modifiedIn="OpenLP 1.9.9" modifiedDate="2012-09-30T13:20:15">
  <properties>
    <titles>
      <title>DESCERÁ SOBRE TI</title>
    </titles>
    <authors>
      <author>ALINE BARROS</author>
    </authors>
  </properties>
  <lyrics>
    <verse name="v1">
      <lines>DESCERÁ SOBRE MIM<br/>A UNÇÃO DO SENHOR<br/>SINTO EM MIM FOGO <br/>CONSUMIDOR JÁ ARDER<br/>VOU PEDIR, VOU BUSCAR<br/>VOU SONHAR, CONQUISTAR<br/>DERRAMAR MINHA VIDA<br/>NO ALTAR E TE ADORAR</lines>
    </verse>
    <verse name="v2">
      <lines>VOU CORRER PARA DEUS<br/>COMO RIO CORRE PARA O MAR<br/>EU CORRO PARA TI<br/>VOU VIVER SÓ PRA DEUS<br/>REGRESSAR AO MEU LUGAR<br/>E AO PRIMEIRO AMOR VOLTAR</lines>
    </verse>
    <verse name="v3">
      <lines>DESCERÁ SOBRE TI<br/>DESCERÁ SOBRE TI<br/>DESCERÁ SOBRE TI</lines>
    </verse>
  </lyrics>
</song>
