<?xml version='1.0' encoding='utf-8'?>
<song xmlns="http://openlyrics.info/namespace/2009/song" version="0.8" createdIn="OpenLP 1.9.9" modifiedIn="OpenLP 1.9.9" modifiedDate="2012-09-30T13:18:32">
  <properties>
    <titles>
      <title>detalhes</title>
    </titles>
    <authors>
      <author>Aline Barros</author>
    </authors>
  </properties>
  <lyrics>
    <verse name="v1">
      <lines>Detalhes</lines>
    </verse>
    <verse name="v2">
      <lines>Faz proezas entre nós<br/>Realiza teus milagres<br/>Nos traz o impossível<br/>Mas não posso esquecer dos mínimos detalhes que movem o teu coração</lines>
    </verse>
    <verse name="v3">
      <lines>Oh vem me ensinar uma canção que toca no teu coração<br/>Mostra-me o caminho da santidade, da adoração</lines>
    </verse>
    <verse name="v4">
      <lines>(Refrão)<br/>Que eu tenha um coração humilde<br/>Que eu tenha um coração sincero<br/>Que eu tenha a vida no altar com lábios santos pra adorar<br/>E o céu irá se abrir e o milagre acontecer<br/>Tuas proezas sobre mim<br/>Detalhes que movem teu coração</lines>
    </verse>
    <verse name="v5">
      <lines>Ensina-me a mover o céu e o teu coração com o meu coração<br/>Ensina-me a tocar o céu com meu louvor e a minha adoração</lines>
    </verse>
    <verse name="v6">
      <lines>(Refrão)<br/>Que eu tenha um coração humilde<br/>Que eu tenha um coração sincero<br/>Que eu tenha a vida no altar com lábios santos pra adorar<br/>E o céu irá se abrir e o milagre acontecer<br/>Tuas proezas sobre mim<br/>Detalhes que movem teu coração</lines>
    </verse>
    <verse name="v7">
      <lines>----</lines>
    </verse>
  </lyrics>
</song>
