<?xml version='1.0' encoding='utf-8'?>
<song xmlns="http://openlyrics.info/namespace/2009/song" version="0.8" createdIn="OpenLP 1.9.9" modifiedIn="OpenLP 1.9.9" modifiedDate="2012-09-30T13:18:32">
  <properties>
    <titles>
      <title>deus-provera</title>
    </titles>
    <authors>
      <author>Aline Barros</author>
    </authors>
  </properties>
  <lyrics>
    <verse name="v1">
      <lines>Deus Proverá</lines>
    </verse>
    <verse name="v2">
      <lines>Subirei ao monte da adoração<br/>Pra oferecer ao Senhor<br/>Um sacrifício de louvor<br/>O melhor de mim quero dar<br/>Vou reconstruir meu altar<br/>Com pedras eu não quebrem jamais<br/>Pedras que resistam ao vento<br/>Pedras que resistam à chuva<br/>Porque na alegria ou na luta<br/>Eu vou louvar<br/>E o cordeiro, onde está?<br/>Jeová Jirê, Deus proverá</lines>
    </verse>
    <verse name="v3">
      <lines>Deus Proverá<br/>Minha vida, minha casa<br/>Meus problemas já estão no altar<br/>Deus proverá<br/>Ele sempre tem uma resposta<br/>Pra quem clamar<br/>Jesus não foi crucificado em vão<br/>O meu Deus tem solução pra tudo<br/>Em suas mãos".</lines>
    </verse>
    <verse name="v4">
      <lines>----</lines>
    </verse>
  </lyrics>
</song>
