<?xml version='1.0' encoding='utf-8'?>
<song xmlns="http://openlyrics.info/namespace/2009/song" version="0.8" createdIn="OpenLP 1.9.9" modifiedIn="OpenLP 1.9.9" modifiedDate="2012-09-30T13:18:32">
  <properties>
    <titles>
      <title>deus-poderoso</title>
    </titles>
    <authors>
      <author>Aline Barros</author>
    </authors>
  </properties>
  <lyrics>
    <verse name="v1">
      <lines>Deus Poderoso</lines>
    </verse>
    <verse name="v2">
      <lines>O nosso Deus é poderoso pra fazer<br/>infinitamente mais<br/>do que tudo<br/>do que tudo que pedimos<br/>do que tudo que pensamos<br/>do que tudo que sonhamos<br/>e esperamos</lines>
    </verse>
    <verse name="v3">
      <lines>O nosso Deus é poderoso pra mudar<br/>situaçãoes que nos afligem<br/>todo dia<br/>ele faz o impossivel<br/>ressucita até os mortos<br/>não há nada que o possa derrotar</lines>
    </verse>
    <verse name="v4">
      <lines>Lance tua rede ao mar<br/>creia na palavra de Deus<br/>os sinais e maravilhas<br/>ele hoje vai fazer<br/>Lance tua rede ao mar<br/>creia na palavra de Deus<br/>Tudo é possivel ao que crê<br/>Tudo é possivel ao que crê</lines>
    </verse>
    <verse name="v5">
      <lines>----</lines>
    </verse>
  </lyrics>
</song>
