<?xml version='1.0' encoding='utf-8'?>
<song xmlns="http://openlyrics.info/namespace/2009/song" version="0.8" createdIn="OpenLP 1.9.9" modifiedIn="OpenLP 1.9.9" modifiedDate="2012-09-30T13:18:32">
  <properties>
    <titles>
      <title>deus-que-move-os-ceus</title>
    </titles>
    <authors>
      <author>Aline Barros</author>
    </authors>
  </properties>
  <lyrics>
    <verse name="v1">
      <lines>Deus Que Move os Céus</lines>
    </verse>
    <verse name="v2">
      <lines>Reconheço que rendido estou<br/>Ao erguer as minhas mãos pra Te adorar<br/>Quando clamo, me respondes<br/>Teu cuidado está sobre mim, Senhor<br/>És o dono do meu coração<br/>Decidi te amar<br/>Te ouvir e obedecer<br/>E ser guiado pelo Espírito Santo</lines>
    </verse>
    <verse name="v3">
      <lines>Quero mais e mais de Ti<br/>E menos de mim, Senhor</lines>
    </verse>
    <verse name="v4">
      <lines>(Refrão)<br/>Santo<br/>Deus de aliança<br/>Santo<br/>Tu és Deus de milagres<br/>Santo<br/>Deus que move os céus a meu favor</lines>
    </verse>
    <verse name="v5">
      <lines>Quero muito, muito mais da tua vida<br/>Sou totalmente Teu com tudo o que há em mim<br/>E quanto mais me esvaziar<br/>Mais completo eu serei<br/>E transbordarei de ti, Senhor</lines>
    </verse>
    <verse name="v6">
      <lines>(Refrão)<br/>Santo<br/>Deus de aliança<br/>Santo<br/>Tu és Deus de milagres<br/>Santo<br/>Deus que move os céus a meu favor</lines>
    </verse>
    <verse name="v7">
      <lines>----</lines>
    </verse>
  </lyrics>
</song>
