<?xml version='1.0' encoding='utf-8'?>
<song xmlns="http://openlyrics.info/namespace/2009/song" version="0.8" createdIn="OpenLP 1.9.9" modifiedIn="OpenLP 1.9.9" modifiedDate="2012-09-30T13:18:32">
  <properties>
    <titles>
      <title>deus-do-impossivel</title>
    </titles>
    <authors>
      <author>Aline Barros</author>
    </authors>
  </properties>
  <lyrics>
    <verse name="v1">
      <lines>Deus do Impossível</lines>
    </verse>
    <verse name="v2">
      <lines>O meu Deus, é o Deus do impossível<br/>Jeová jiré o grande el shadai<br/>Que abriu o mar vermelho<br/>E ao seu povo fez passar<br/>Que da rocha água limpa fez brotar<br/>O meu Deus é o Deus do impossível<br/>Que liberta encarcerados das prisões<br/>Faz da estéril mãe de filhos<br/>Restaura a alma do ferido<br/>E dilata o amor nos corações.<br/>Que dá vista aos cegos<br/>E aos surdos faz ouvir<br/>Faz a tempestade se acalmar<br/>Andou por sobre o mar<br/>E aos mudos fez falar<br/>Paralíticos e coxos fez andar.<br/>O meu Deus é o Deus do impossível<br/>É o mesmo hoje e sempre há de ser<br/>O meu Deus é o Deus do impossível<br/>E fará o impossível pra você,<br/>E fará o impossível por você.</lines>
    </verse>
    <verse name="v3">
      <lines>----</lines>
    </verse>
  </lyrics>
</song>
