<?xml version='1.0' encoding='utf-8'?>
<song xmlns="http://openlyrics.info/namespace/2009/song" version="0.8" createdIn="OpenLP 1.9.9" modifiedIn="OpenLP 1.9.9" modifiedDate="2012-09-30T13:18:32">
  <properties>
    <titles>
      <title>deus-cuida-de-mim</title>
    </titles>
    <authors>
      <author>Aline Barros</author>
    </authors>
  </properties>
  <format>
    <tags application="OpenLP"/>
  </format>
  <lyrics>
    <verse name="v1">
      <lines>Deus cuida de mim</lines>
    </verse>
    <verse name="v2">
      <lines>Deus cuida de mim <tag name="6x"/></lines>
    </verse>
    <verse name="v3">
      <lines>O meu futuro é certo porque Deus cuida de mim<br/>Deus cuida de mim<br/>Não tenho o que temer porque Deus cuida de mim<br/>Deus cuida de mim</lines>
    </verse>
    <verse name="v4">
      <lines>Mesmo se eu errar e o meu pecado me acusar.<br/>Deus cuida de mim<br/>Eu sempre peço perdão entrego minha vida em Suas mãos<br/>E Deus cuida de mim</lines>
    </verse>
    <verse name="v5">
      <lines>Sou uma ovelha dependente do senhor<br/>Por isso eu seu que nada mais me faltará.<br/>Não há impossível para Deus bom pastor<br/>Problema algum vai conseguir me desanimar<br/>Ouço a voz de deus dentro de mim dizendo assim:<br/>Na tua fraqueza eu te fortaleço<br/>Filho, eu cuido de ti.</lines>
    </verse>
    <verse name="v6">
      <lines>Deus cuida de mim <tag name="3"/></lines>
    </verse>
    <verse name="v7">
      <lines>O meu futuro é certo porque Deus cuida de mim<br/>Deus cuida de mim<br/>Não tenho o que temer porque Deus cuida de mim<br/>Deus cuida de mim</lines>
    </verse>
    <verse name="v8">
      <lines>Mesmo se eu errar e o meu pecado me acusar.<br/>Deus cuida de mim<br/>Eu sempre peço perdão entrego minha vida em Suas mãos<br/>E Deus cuida de mim</lines>
    </verse>
    <verse name="v9">
      <lines>Sou uma ovelha dependente do senhor<br/>Por isso eu seu que nada mais me faltará.<br/>Não há impossível para Deus bom pastor<br/>Problema algum vai conseguir me desanimar<br/>Ouço a voz de deus dentro de mim dizendo assim:<br/>Na tua fraqueza eu te fortaleço<br/>Filho, eu cuido de ti.</lines>
    </verse>
    <verse name="v10">
      <lines>Deus cuida de mim <tag name="6"/></lines>
    </verse>
    <verse name="v11">
      <lines>----</lines>
    </verse>
  </lyrics>
</song>
