<?xml version='1.0' encoding='utf-8'?>
<song xmlns="http://openlyrics.info/namespace/2009/song" version="0.8" createdIn="OpenLP 1.9.9" modifiedIn="OpenLP 1.9.9" modifiedDate="2012-09-30T13:18:32">
  <properties>
    <titles>
      <title>diante-da-cruz</title>
    </titles>
    <authors>
      <author>Aline Barros</author>
    </authors>
  </properties>
  <lyrics>
    <verse name="v1">
      <lines>Diante da Cruz</lines>
    </verse>
    <verse name="v2">
      <lines>Ó Deus me sondas, conheces-me<br/>Mesmo quando falho, eu sei me amas<br/>Estás presente, a me cercar<br/>Em todo tempo eu sei, me amas<br/>Eu sei, me amas</lines>
    </verse>
    <verse name="v3">
      <lines>(Refrão)<br/>Prostro-me diante da cruz<br/>Vejo o sangue de Jesus<br/>Nunca houve amor assim<br/>Sobre a morte já venceu<br/>Sua glória o céu encheu<br/>Nada irá me separar</lines>
    </verse>
    <verse name="v4">
      <lines>Tu és meu Guia, meu Protetor<br/>Tua mão me firma<br/>Eu sei me amas<br/>Eu sei me amas</lines>
    </verse>
    <verse name="v5">
      <lines>(Refrão)<br/>Prostro-me diante da cruz<br/>Vejo o sangue de Jesus<br/>Nunca houve amor assim<br/>Sobre a morte já venceu<br/>Sua glória o céu encheu<br/>Nada irá me separar</lines>
    </verse>
    <verse name="v6">
      <lines>O véu rasgou, o caminho abriu<br/>Tudo consumado está<br/>O véu rasgou, o caminho abriu<br/>Tudo consumado está<br/>E quando tudo, se acabar, estarei seguro<br/>Pois sei, me amas<br/>Pois sei, me amas</lines>
    </verse>
    <verse name="v7">
      <lines>(Refrão)<br/>Prostro-me diante da cruz<br/>Vejo o sangue de Jesus<br/>Nunca houve amor assim<br/>Sobre a morte já venceu<br/>Sua glória o céu encheu<br/>Nada irá me separar</lines>
    </verse>
    <verse name="v8">
      <lines>----</lines>
    </verse>
  </lyrics>
</song>
