<?xml version='1.0' encoding='utf-8'?>
<song xmlns="http://openlyrics.info/namespace/2009/song" version="0.8" createdIn="OpenLP 1.9.9" modifiedIn="OpenLP 1.9.9" modifiedDate="2012-09-30T13:18:33">
  <properties>
    <titles>
      <title>digno-o-senhor</title>
    </titles>
    <authors>
      <author>Aline Barros</author>
    </authors>
  </properties>
  <lyrics>
    <verse name="v1">
      <lines>Digno é o Senhor</lines>
    </verse>
    <verse name="v2">
      <lines>Graças eu te dou Pai<br/>Pelo preço que pagou<br/>Sacrifício de amor<br/>Que me comprou<br/>Ungido do Senhor</lines>
    </verse>
    <verse name="v3">
      <lines>Pelos cravos em tuas mãos<br/>Graças eu te dou, oh meu Senhor<br/>Lavou minha mente e coração<br/>Me deu perdão</lines>
    </verse>
    <verse name="v4">
      <lines>Restaurou-me a comunhão</lines>
    </verse>
    <verse name="v5">
      <lines>Digno é o Senhor<br/>Sobre o trono está<br/>Soberano e criador<br/>Vou sempre te adorar<br/>Elevo minhas mãos<br/>Ao Cristo que venceu<br/>Cordeiro de Deus morreu por mim<br/>Mas ressuscitou<br/>Digno é o Senhor</lines>
    </verse>
    <verse name="v6">
      <lines>----</lines>
    </verse>
  </lyrics>
</song>
