<?xml version='1.0' encoding='utf-8'?>
<song xmlns="http://openlyrics.info/namespace/2009/song" version="0.8" createdIn="OpenLP 1.9.9" modifiedIn="OpenLP 1.9.9" modifiedDate="2012-09-30T13:18:33">
  <properties>
    <titles>
      <title>digno-es-el-cordero-traducao</title>
    </titles>
    <authors>
      <author>Aline Barros</author>
    </authors>
  </properties>
  <lyrics>
    <verse name="v1">
      <lines>Digno Es El Cordero (tradução)</lines>
    </verse>
    <verse name="v2">
      <lines>Ao redor do mundo<br/>Ouve-se um clamor de exaltação<br/>Corações sedentos dando ao Rei adoração<br/>E todas as nações clamam famintas por seu amor<br/>E toda a criação, quer te dar adoração</lines>
    </verse>
    <verse name="v3">
      <lines>Digno é o Cordeiro<br/>Digno é o Cordeiro<br/>Digno é o Cordeiro de Deus</lines>
    </verse>
    <verse name="v4">
      <lines>Santo é o Cordeiro<br/>Santo é o Cordeiro<br/>Santo é o Cordeiro<br/>Santo é o Cordeiro de Deus</lines>
    </verse>
    <verse name="v5">
      <lines>----</lines>
    </verse>
  </lyrics>
</song>
