<?xml version='1.0' encoding='utf-8'?>
<song xmlns="http://openlyrics.info/namespace/2009/song" version="0.8" createdIn="OpenLP 1.9.9" modifiedIn="OpenLP 1.9.9" modifiedDate="2012-09-30T13:20:18">
  <properties>
    <titles>
      <title>DIGNO É O SENHOR</title>
    </titles>
    <authors>
      <author>ALINE BARROS</author>
    </authors>
  </properties>
  <lyrics>
    <verse name="v1">
      <lines>GRAÇAS EU TE DOU PAI <br/>PELO PREÇO QUE PAGOU<br/>SACRIFÍCIO DE AMOR<br/>QUE ME COMPROU<br/>UNGIDO DO SENHOR</lines>
    </verse>
    <verse name="v2">
      <lines>PELOS CRAVOS <br/>EM TUAS MÃOS<br/>GRAÇAS EU TE DOU,<br/>OH MEU SENHOR<br/>LAVOU MINHA MENTE <br/>E CORAÇÃO<br/>ME DEU PERDÃO</lines>
    </verse>
    <verse name="v3">
      <lines>RESTAUROU-ME <br/>A COMUNHÃO</lines>
    </verse>
    <verse name="v4">
      <lines>DIGNO É O SENHOR<br/>SOBRE O TRONO ESTÁ<br/>SOBERANO E CRIADOR <br/>VOU SEMPRE TE ADORAR<br/>ELEVO MINHAS MÃOS<br/>AO CRISTO QUE VENCEU<br/>CORDEIRO DE DEUS <br/>MORREU POR MIM<br/>MAS RESSUSCITOU<br/>DIGNO É O SENHOR</lines>
    </verse>
  </lyrics>
</song>
