<?xml version='1.0' encoding='utf-8'?>
<song xmlns="http://openlyrics.info/namespace/2009/song" version="0.8" createdIn="OpenLP 1.9.9" modifiedIn="OpenLP 1.9.9" modifiedDate="2012-09-30T13:18:33">
  <properties>
    <titles>
      <title>ding-dong-ding-dong</title>
    </titles>
    <authors>
      <author>Aline Barros</author>
    </authors>
  </properties>
  <lyrics>
    <verse name="v1">
      <lines>Ding Dong Ding Dong</lines>
    </verse>
    <verse name="v2">
      <lines>Ding dong ding dong ping dong<br/>Ding dong<br/>Ding dong ding dong ping dong<br/>Ding dong</lines>
    </verse>
    <verse name="v3">
      <lines>Ele reloj ya tocó ping dong ping dong<br/>Ya es hora de dormir<br/>El sol ya se fue y la luna llegó<br/>Invitando al bebé a formir<br/>Descansa bebé a dormir<br/>Descansa bebé que yo descanso también<br/>Pues jesús cuidándonos está<br/>Descansa mi bien nuevo día vendrá</lines>
    </verse>
    <verse name="v4">
      <lines>Lindo dia mañana será</lines>
    </verse>
    <verse name="v5">
      <lines>Ding dong ding dong ping dong<br/>Ding dong<br/>Ding dong ding dong ping dong<br/>Ding dong<br/>Ding<br/>El reloj tocará<br/>Ding dong ding dong ping dong<br/>Ding dong<br/>Ding dong ding dong ping dong<br/>Ding dong<br/>Ding<br/>Y mañana te despertarás</lines>
    </verse>
    <verse name="v6">
      <lines>----</lines>
    </verse>
  </lyrics>
</song>
