<?xml version='1.0' encoding='utf-8'?>
<song xmlns="http://openlyrics.info/namespace/2009/song" version="0.8" createdIn="OpenLP 1.9.9" modifiedIn="OpenLP 1.9.9" modifiedDate="2012-09-30T13:18:33">
  <properties>
    <titles>
      <title>dios-bueno-traducao</title>
    </titles>
    <authors>
      <author>Aline Barros</author>
    </authors>
  </properties>
  <lyrics>
    <verse name="v1">
      <lines>Dios Bueno (tradução)</lines>
    </verse>
    <verse name="v2">
      <lines>Tua graça me surpreende<br/>E cada dia é mais e mais<br/>Tua bondade que desde o céu<br/>É constante como o mar</lines>
    </verse>
    <verse name="v3">
      <lines>Bom Deus, és isso para mim<br/>Bom Deus, és isso para mim</lines>
    </verse>
    <verse name="v4">
      <lines>Tua graça me sustenta<br/>Ainda que me afaste de ti<br/>E mesmo sem merecer<br/>Por tua graça estás aqui</lines>
    </verse>
    <verse name="v5">
      <lines>Tua graça me sustenta<br/>Ainda que me afaste de ti<br/>E mesmo sem merecer<br/>Por tua graça estás aqui</lines>
    </verse>
    <verse name="v6">
      <lines>----</lines>
    </verse>
  </lyrics>
</song>
