<?xml version='1.0' encoding='utf-8'?>
<song xmlns="http://openlyrics.info/namespace/2009/song" version="0.8" createdIn="OpenLP 1.9.9" modifiedIn="OpenLP 1.9.9" modifiedDate="2012-09-30T13:18:33">
  <properties>
    <titles>
      <title>dom-dim-dom-dom</title>
    </titles>
    <authors>
      <author>Aline Barros</author>
    </authors>
  </properties>
  <lyrics>
    <verse name="v1">
      <lines>Dom dim dom dom</lines>
    </verse>
    <verse name="v2">
      <lines>Dom - dim - dom - dom, dim- dom - dom<br/>Dim- dom - dom, dim- dom - dom<br/>Dim- dom - Dom, dim- dom - dom<br/>O reloginho tocou dim- dom - dom<br/>Tá na hora de dormir<br/>O sol já se foi e alua chegou<br/>Convidando o neném para dormir<br/>Descansa neném que eu descanso também<br/>Pois Jesus nos guardando está<br/>Descansa meu bem, novo dia já vem<br/>Amanhã um lindo dia será</lines>
    </verse>
    <verse name="v3">
      <lines>Dom - dim - dom - dom, dim- dom - dom<br/>Dim- dom - dom, dim- dom - dom<br/>O reloginho a tocar<br/>Dom - dim - dom - dom, dim- dom - dom<br/>Dim- dom - dom<br/>Amanhã ele vai te acordar</lines>
    </verse>
    <verse name="v4">
      <lines>----</lines>
    </verse>
  </lyrics>
</song>
