<?xml version='1.0' encoding='utf-8'?>
<song xmlns="http://openlyrics.info/namespace/2009/song" version="0.8" createdIn="OpenLP 1.9.9" modifiedIn="OpenLP 1.9.9" modifiedDate="2012-09-30T13:18:33">
  <properties>
    <titles>
      <title>dominio-poder</title>
    </titles>
    <authors>
      <author>Aline Barros</author>
    </authors>
  </properties>
  <lyrics>
    <verse name="v1">
      <lines>Domínio e Poder</lines>
    </verse>
    <verse name="v2">
      <lines>Domínio e poder<br/>Pertencem a Jesus<br/>Louvores em Sião<br/>Sejam dados ao Rei.</lines>
    </verse>
    <verse name="v3">
      <lines>Seu trono está no céu<br/>Seus pés aqui na terra</lines>
    </verse>
    <verse name="v4">
      <lines>E o Pai o corou<br/>E o Pai o corou<br/>E o Pai o corou</lines>
    </verse>
    <verse name="v5">
      <lines>E o Pai o corou,<br/>Sim corou Rei de Israel.</lines>
    </verse>
    <verse name="v6">
      <lines>Domínio e poder<br/>Pertencem a Jesus<br/>Louvores em Sião<br/>Sejam dados ao Rei.</lines>
    </verse>
    <verse name="v7">
      <lines>Seu trono está no céu<br/>Seus pés aqui na terra</lines>
    </verse>
    <verse name="v8">
      <lines>E o Pai o corou<br/>E o Pai o corou<br/>E o Pai o corou</lines>
    </verse>
    <verse name="v9">
      <lines>E o Pai o corou,<br/>Sim corou Rei de Israel.</lines>
    </verse>
    <verse name="v10">
      <lines>----</lines>
    </verse>
  </lyrics>
</song>
