<?xml version='1.0' encoding='utf-8'?>
<song xmlns="http://openlyrics.info/namespace/2009/song" version="0.8" createdIn="OpenLP 1.9.9" modifiedIn="OpenLP 1.9.9" modifiedDate="2012-09-30T13:18:33">
  <properties>
    <titles>
      <title>domingo-legal</title>
    </titles>
    <authors>
      <author>Aline Barros</author>
    </authors>
  </properties>
  <lyrics>
    <verse name="v1">
      <lines>Domingo Legal</lines>
    </verse>
    <verse name="v2">
      <lines>Segunda-feira,<br/>Terça-feira,<br/>Quarta-feira,<br/>Quinta-feira,<br/>Sexta-feira,<br/>Vou pra escola estudar<br/>E no sábado reúno a galera,<br/>Escovo os dentes, leio a bíblia<br/>E começo a brincar<br/>E no domingo<br/>Vou contigo adorar ao senhor,<br/>Louvá-lo por esta semana,</lines>
    </verse>
    <verse name="v3">
      <lines>----</lines>
    </verse>
  </lyrics>
</song>
