<?xml version='1.0' encoding='utf-8'?>
<song xmlns="http://openlyrics.info/namespace/2009/song" version="0.8" createdIn="OpenLP 1.9.9" modifiedIn="OpenLP 1.9.9" modifiedDate="2012-09-30T13:18:33">
  <properties>
    <titles>
      <title>dona-mentirinha</title>
    </titles>
    <authors>
      <author>Aline Barros</author>
    </authors>
  </properties>
  <lyrics>
    <verse name="v1">
      <lines>Dona Mentirinha</lines>
    </verse>
    <verse name="v2">
      <lines>Dona mentirinha, você não é legal,<br/>Vamos, galera, combater esse mal<br/>Somos da força do bem,<br/>Ninguém pode nos derrotar,<br/>Com a espada da verdade vamos lutar</lines>
    </verse>
    <verse name="v3">
      <lines>Mas essa dona tá lelé da cuca<br/>Pensa que pode a todos enganar<br/>Primeiro de abril<br/>Não é o dia dessa dona mentirinha</lines>
    </verse>
    <verse name="v4">
      <lines>Sai, sai, sai, sai do meu pé<br/>Dona mentirinha, sai do meu pé, chulé<br/>Mais, mais, mais,<br/>Todo dia é dia de aprender<br/>Da verdade mais e mais</lines>
    </verse>
    <verse name="v5">
      <lines>Dona mentirinha, você não sabe correr<br/>Tem a perna curta, não pode se esconder<br/>Somos invencíveis, do exército de deus<br/>Jesus é a verdade, vamos vencer<br/>Mas essa dona...<br/>Por todos os dias que ele criou.<br/>E no domingo</lines>
    </verse>
    <verse name="v6">
      <lines>----</lines>
    </verse>
  </lyrics>
</song>
