<?xml version='1.0' encoding='utf-8'?>
<song xmlns="http://openlyrics.info/namespace/2009/song" version="0.8" createdIn="OpenLP 1.9.9" modifiedIn="OpenLP 1.9.9" modifiedDate="2012-09-30T13:18:34">
  <properties>
    <titles>
      <title>e-primavera</title>
    </titles>
    <authors>
      <author>Aline Barros</author>
    </authors>
  </properties>
  <lyrics>
    <verse name="v1">
      <lines>É Primavera</lines>
    </verse>
    <verse name="v2">
      <lines>Mil motivos, mil razões<br/>Tenho para te amar<br/>Tantas vezes eu tentei demonstrar<br/>A grandeza desse amor<br/>Que arde no meu coração<br/>Você é tudo que um dia eu sempre quis</lines>
    </verse>
    <verse name="v3">
      <lines>Hoje já é primavera<br/>Te tenho ao meu lado<br/>Em todos os momentos<br/>Sigo te amando (Coro)<br/>Sigo te querendo<br/>Já não importa o que vão dizer<br/>Porque te quero e sempre vou amar você</lines>
    </verse>
    <verse name="v4">
      <lines>Procurei um amigo<br/>Que pudesse então me compreender<br/>Foi quando encontrei você<br/>Para sempre vou agradecer a Deus<br/>O melhor Ele me deu<br/>Você é mais do que eu podia imaginar</lines>
    </verse>
    <verse name="v5">
      <lines>E Mesmo que a vida seja tão difícil<br/>Em minha frente esteja o impossível<br/>Brilha a luz do teu olhar<br/>Que aquece o meu coração</lines>
    </verse>
    <verse name="v6">
      <lines>----</lines>
    </verse>
  </lyrics>
</song>
