<?xml version='1.0' encoding='utf-8'?>
<song xmlns="http://openlyrics.info/namespace/2009/song" version="0.8" createdIn="OpenLP 1.9.9" modifiedIn="OpenLP 1.9.9" modifiedDate="2012-09-30T13:18:34">
  <properties>
    <titles>
      <title>e-so-acreditar</title>
    </titles>
    <authors>
      <author>Aline Barros</author>
    </authors>
  </properties>
  <lyrics>
    <verse name="v1">
      <lines>É só acreditar</lines>
    </verse>
    <verse name="v2">
      <lines>Teu coração te diz que não tem jeito<br/>Uma voz te diz que acabou<br/>Quem te conhece diz só um milagre<br/>Dizem tantas coisas<br/>As circunstancias dizem impossível<br/>Amigos dizem que você falhou<br/>Mas Deus está dizendo eu posso tudo<br/>Se você crer que eu sou capaz</lines>
    </verse>
    <verse name="v3">
      <lines>(Refrão)<br/>Chega de ficar dizendo que não é ninguém<br/>Use essa fé que eu sei que você tem<br/>Que eu te faço um campeão<br/>Só depende de você essa é a hora<br/>Posso mudar a sua história<br/>É só acreditar que é capaz</lines>
    </verse>
    <verse name="v4">
      <lines>As circunstancias dizem impossível<br/>Amigos dizem que você falhou<br/>Mas Deus está dizendo eu posso tudo<br/>Se você crer que eu sou capaz<br/>Se for chorar eu sou o seu consolo<br/>Estou contigo no teu caminhar<br/>E se encontrar barreiras no caminho<br/>A fé vai te dar asas pra alcançar</lines>
    </verse>
    <verse name="v5">
      <lines>(Refrão)</lines>
    </verse>
    <verse name="v6">
      <lines>----</lines>
    </verse>
  </lyrics>
</song>
