<?xml version='1.0' encoding='utf-8'?>
<song xmlns="http://openlyrics.info/namespace/2009/song" version="0.8" createdIn="OpenLP 1.9.9" modifiedIn="OpenLP 1.9.9" modifiedDate="2012-09-30T13:18:33">
  <properties>
    <titles>
      <title>emanuel</title>
    </titles>
    <authors>
      <author>Aline Barros</author>
    </authors>
  </properties>
  <lyrics>
    <verse name="v1">
      <lines>Emanuel</lines>
    </verse>
    <verse name="v2">
      <lines>Teus olhos estão sobre mim<br/>O Teu favor me alcançou<br/>Deus conosco, Emanuel<br/>Te bendirei e adorarei<br/>Eu te amo tanto, Emanuel</lines>
    </verse>
    <verse name="v3">
      <lines>Força que me põe de pé<br/>Meu protetor, meu salvador<br/>Deus conosco, Emanuel<br/>Não há outro além de Ti<br/>Amado do meu coração, Emanuel</lines>
    </verse>
    <verse name="v4">
      <lines>Quero mais e mais da Tua presença<br/>Deus meu, Deus meu, quero Te adorar</lines>
    </verse>
    <verse name="v5">
      <lines>(REFRÃO)<br/>Quero te adorar<br/>Quero ouvir somente a Tua voz<br/>E guardar Tuas palavras em meu coração<br/>Toma minha vida, Senhor<br/>Quero te glorificar<br/>Pra que todos saibam que Tu és meu grande amor</lines>
    </verse>
    <verse name="v6">
      <lines>(03x)<br/>Emanuel<br/>Emanuel<br/>Emanuel<br/>Emanuel</lines>
    </verse>
    <verse name="v7">
      <lines>----</lines>
    </verse>
  </lyrics>
</song>
