<?xml version='1.0' encoding='utf-8'?>
<song xmlns="http://openlyrics.info/namespace/2009/song" version="0.8" createdIn="OpenLP 1.9.9" modifiedIn="OpenLP 1.9.9" modifiedDate="2012-09-30T13:18:34">
  <properties>
    <titles>
      <title>enamorado</title>
    </titles>
    <authors>
      <author>Aline Barros</author>
    </authors>
  </properties>
  <lyrics>
    <verse name="v1">
      <lines>Enamorado</lines>
    </verse>
    <verse name="v2">
      <lines>Tu cambiaste mi manera de piensar<br/>Tu Cambiaste mi manera de vivir<br/>Me dió sentido e ahora Tu estas conmigo<br/>vinte y cuatro horas y aún asi no es bastante.</lines>
    </verse>
    <verse name="v3">
      <lines>Haz cosesha en mi, con la semiente de la eternidad<br/>para adorarte...</lines>
    </verse>
    <verse name="v4">
      <lines>Chorus:<br/>Enamorado, enamorado<br/>enamorado, por ti señor estoy.</lines>
    </verse>
    <verse name="v5">
      <lines>Tu morieste en la aquella cruz<br/>Toda tu dolor fue en mi favor (mi favor, mi favor)<br/>Y hoy vivo, para mi señor y Cristo<br/>vinte y cuatro horas y aún asi no es bastante.</lines>
    </verse>
    <verse name="v6">
      <lines>Haz cosesha en mi, con la semiente de la eternidad<br/>para adorarte...</lines>
    </verse>
    <verse name="v7">
      <lines>Chorus:<br/>Enamorado, enamorado<br/>enamorado, por ti señor estoy.</lines>
    </verse>
    <verse name="v8">
      <lines>Tu Cambiaste mi camiño<br/>y hoy te encontré<br/>y yo no vivo mas tan solo mas...<br/>vinte y cuatro horas y aún asi no es bastante.</lines>
    </verse>
    <verse name="v9">
      <lines>Haz cosesha en mi, con la semiente de la eternidad<br/>para adorarte...</lines>
    </verse>
    <verse name="v10">
      <lines>Chorus:<br/>Enamorado, enamorado<br/>enamorado, por ti señor estoy.</lines>
    </verse>
    <verse name="v11">
      <lines>----</lines>
    </verse>
  </lyrics>
</song>
