<?xml version='1.0' encoding='utf-8'?>
<song xmlns="http://openlyrics.info/namespace/2009/song" version="0.8" createdIn="OpenLP 1.9.9" modifiedIn="OpenLP 1.9.9" modifiedDate="2012-09-30T13:18:34">
  <properties>
    <titles>
      <title>escolinha-dominical</title>
    </titles>
    <authors>
      <author>Aline Barros</author>
    </authors>
  </properties>
  <lyrics>
    <verse name="v1">
      <lines>Escolinha dominical</lines>
    </verse>
    <verse name="v2">
      <lines>Pé bate pé<br/>Levante a mão quem é que sabe responder<br/>Pé bate pé<br/>Levante a mão quem é que sabe responder</lines>
    </verse>
    <verse name="v3">
      <lines>Um menino foi chamado por seu Deus<br/>Pra ser profeta lá na terra dos judeus<br/>"Samuel"</lines>
    </verse>
    <verse name="v4">
      <lines>Será que foi<br/>José ou Samuel<br/>Foi Davi ou Daniel<br/>Foi Moisés ou Abraão</lines>
    </verse>
    <verse name="v5">
      <lines>Um jovenzinho foi chamado por seu Deus<br/>Matou com a pedra o gigante filisteu<br/>"Davi"</lines>
    </verse>
    <verse name="v6">
      <lines>Um menino que era só um sonhador<br/>Deus levantou para ser grande governador<br/>"José"</lines>
    </verse>
    <verse name="v7">
      <lines>Um menino que escapou de faraó<br/>Deus levantou prá libertar a Israel<br/>"Moisés"</lines>
    </verse>
    <verse name="v8">
      <lines>----</lines>
    </verse>
  </lyrics>
</song>
