<?xml version='1.0' encoding='utf-8'?>
<song xmlns="http://openlyrics.info/namespace/2009/song" version="0.8" createdIn="OpenLP 1.9.9" modifiedIn="OpenLP 1.9.9" modifiedDate="2012-09-30T13:18:34">
  <properties>
    <titles>
      <title>espero-em-ti</title>
    </titles>
    <authors>
      <author>Aline Barros</author>
    </authors>
  </properties>
  <lyrics>
    <verse name="v1">
      <lines>Espero em Ti</lines>
    </verse>
    <verse name="v2">
      <lines>Vou preparar-me<br/>Para encontrar o Redentor Jesus<br/>Vou alegrar-me<br/>Pois logo eu verei o Mestre Jesus</lines>
    </verse>
    <verse name="v3">
      <lines>E num segundo já estarei<br/>Sobre as nuvens junto do Rei<br/>E face a face vou adorar<br/>Vou exaltar<br/>Vou exaltar</lines>
    </verse>
    <verse name="v4">
      <lines>(Refrão)<br/>Espero em ti<br/>Espero em ti<br/>Espero em ti<br/>Oh, meu amado<br/>Para voar pra eternidade<br/>E o adorar face a face<br/>Espero em ti</lines>
    </verse>
    <verse name="v5">
      <lines>----</lines>
    </verse>
  </lyrics>
</song>
