<?xml version='1.0' encoding='utf-8'?>
<song xmlns="http://openlyrics.info/namespace/2009/song" version="0.8" createdIn="OpenLP 1.9.9" modifiedIn="OpenLP 1.9.9" modifiedDate="2012-09-30T13:18:34">
  <properties>
    <titles>
      <title>esperanca-linda</title>
    </titles>
    <authors>
      <author>Aline Barros</author>
    </authors>
  </properties>
  <lyrics>
    <verse name="v1">
      <lines>Esperança Linda</lines>
    </verse>
    <verse name="v2">
      <lines>Veja este céu se abrir<br/>E a noiva então subir<br/>Ir voando neste céu<br/>Encontrar o emanuel<br/>Veja este mundo atrás<br/>Ver a glória que não viu jamais<br/>E subir em meio a esta luz<br/>Quero ver o rosto de jesus</lines>
    </verse>
    <verse name="v3">
      <lines>Aleluia ele vem<br/>Aleluia neste céu<br/>Aleluia vejo a luz<br/>Vejo o lindo rosto de jesus</lines>
    </verse>
    <verse name="v4">
      <lines>Vendo este mundo para trás<br/>Ver a glória que não viu jamais<br/>E subir em meio a esta luz<br/>Quero ver o rosto de jesus</lines>
    </verse>
    <verse name="v5">
      <lines>Aleluia ele vem<br/>Aleluia neste céu<br/>Aleluia vejo a luz<br/>Vejo o lindo rosto de jesus</lines>
    </verse>
    <verse name="v6">
      <lines>----</lines>
    </verse>
  </lyrics>
</song>
