<?xml version='1.0' encoding='utf-8'?>
<song xmlns="http://openlyrics.info/namespace/2009/song" version="0.8" createdIn="OpenLP 1.9.9" modifiedIn="OpenLP 1.9.9" modifiedDate="2012-09-30T13:18:34">
  <properties>
    <titles>
      <title>esta-obra-do-senhor</title>
    </titles>
    <authors>
      <author>Aline Barros</author>
    </authors>
  </properties>
  <lyrics>
    <verse name="v1">
      <lines>Está Obra É do Senhor</lines>
    </verse>
    <verse name="v2">
      <lines>se seus olhos começam a brilhar<br/>quando ouve a palavra do senhor<br/>e não se sente mais vazio<br/>no seu interior</lines>
    </verse>
    <verse name="v3">
      <lines>abraçe o seu irmão</lines>
    </verse>
    <verse name="v4">
      <lines>ele começa pelejar por ti<br/>nos caminhos da verdade<br/>ele ti ensina a navegar<br/>nesse mar de desigualdade</lines>
    </verse>
    <verse name="v5">
      <lines>este lugar não é longe<br/>é dentro do seu coração<br/>deixe jesus te tocar<br/>trabalhar e dar a salvação</lines>
    </verse>
    <verse name="v6">
      <lines>Esta obra é do semhor<br/>Está obra é do senhor<br/>Esta obra é do senhor</lines>
    </verse>
    <verse name="v7">
      <lines>(volta tudo 1x)</lines>
    </verse>
    <verse name="v8">
      <lines>----</lines>
    </verse>
  </lyrics>
</song>
