<?xml version='1.0' encoding='utf-8'?>
<song xmlns="http://openlyrics.info/namespace/2009/song" version="0.8" createdIn="OpenLP 1.9.9" modifiedIn="OpenLP 1.9.9" modifiedDate="2012-09-30T13:18:34">
  <properties>
    <titles>
      <title>estas-tu-traducao</title>
    </titles>
    <authors>
      <author>Aline Barros</author>
    </authors>
  </properties>
  <lyrics>
    <verse name="v1">
      <lines>Estás Tú (Tradução)</lines>
    </verse>
    <verse name="v2">
      <lines>Tu Estás</lines>
    </verse>
    <verse name="v3">
      <lines>Tu estás, tu estás<br/>Onde seja que eu olhe, tu estás<br/>Tu estás, tu estás<br/>Onde seja que eu olhe, tu estás</lines>
    </verse>
    <verse name="v4">
      <lines>Que toda nação cante ao nosso Deus<br/>Que teu Espírito flua sem cessar<br/>Dá-nos, dá-nos teu amor<br/>Dá-nos, dá-nos teu amor</lines>
    </verse>
    <verse name="v5">
      <lines>----</lines>
    </verse>
  </lyrics>
</song>
