<?xml version='1.0' encoding='utf-8'?>
<song xmlns="http://openlyrics.info/namespace/2009/song" version="0.8" createdIn="OpenLP 1.9.9" modifiedIn="OpenLP 1.9.9" modifiedDate="2012-09-30T13:18:35">
  <properties>
    <titles>
      <title>eu-danco-como-davi</title>
    </titles>
    <authors>
      <author>Aline Barros</author>
    </authors>
  </properties>
  <lyrics>
    <verse name="v1">
      <lines>Eu Danço Como Davi</lines>
    </verse>
    <verse name="v2">
      <lines>Eu danço como Davi<br/>Danço pro meu Senhor<br/>Eu salto como Davi<br/>Em seu louvor</lines>
    </verse>
    <verse name="v3">
      <lines>Guerreio como Davi<br/>Coma força de um rei<br/>E venço mais uma vez</lines>
    </verse>
    <verse name="v4">
      <lines>Oh, oh, oh, oh,<br/>Com palmas louvo ao Senhor<br/>Oh, oh, oh, oh,<br/>Com danças louvo ao Senhor</lines>
    </verse>
    <verse name="v5">
      <lines>Oh, oh, oh, oh,<br/>Eu venço e louvo ao Senhor<br/>Oh, oh, oh, oh,</lines>
    </verse>
    <verse name="v6">
      <lines>Ele vem e se move em mi,<br/>É o Espírito do Senhor<br/>Me dá a lança e o escudo, eu vou<br/>Pular, dançar, lutar e vencer</lines>
    </verse>
    <verse name="v7">
      <lines>----</lines>
    </verse>
  </lyrics>
</song>
