<?xml version='1.0' encoding='utf-8'?>
<song xmlns="http://openlyrics.info/namespace/2009/song" version="0.8" createdIn="OpenLP 1.9.9" modifiedIn="OpenLP 1.9.9" modifiedDate="2012-09-30T13:18:35">
  <properties>
    <titles>
      <title>eu-tenho-certeza</title>
    </titles>
    <authors>
      <author>Aline Barros</author>
    </authors>
  </properties>
  <lyrics>
    <verse name="v1">
      <lines>Eu Tenho Certeza</lines>
    </verse>
    <verse name="v2">
      <lines>Eu tenho certeza conhecendo tua grandeza<br/>De que nada poderá nos separar<br/>Do teu amor Oh Pai<br/>Pois a nossa aliança é firmada na confiança<br/>De que o teu amor em nós é bem maior<br/>É bem maior</lines>
    </verse>
    <verse name="v3">
      <lines>Do que toda a potestade<br/>Ou qualquer enfermidade<br/>Amor que cura as feridas<br/>É maior que a morte ou mesmo a vida</lines>
    </verse>
    <verse name="v4">
      <lines>Que perdoou os nossos pecados<br/>Do presente do passado<br/>Amor que nos uniu,<br/>Amor que em nós fluiu<br/>Através de Jesus Cristo, o Senhor</lines>
    </verse>
    <verse name="v5">
      <lines>----</lines>
    </verse>
  </lyrics>
</song>
