<?xml version='1.0' encoding='utf-8'?>
<song xmlns="http://openlyrics.info/namespace/2009/song" version="0.8" createdIn="OpenLP 1.9.9" modifiedIn="OpenLP 1.9.9" modifiedDate="2012-09-30T13:18:35">
  <properties>
    <titles>
      <title>familia</title>
    </titles>
    <authors>
      <author>Aline Barros</author>
    </authors>
  </properties>
  <lyrics>
    <verse name="v1">
      <lines>Família</lines>
    </verse>
    <verse name="v2">
      <lines>Vem desfrutar do amor de Deus, você e sua casa<br/>Deixe Jesus que é Rei, entrar em seu coração<br/>Vida melhor Ele quer te dar, restaurar seu lar<br/>Paz a harmonia Ele quer trazer, pra você</lines>
    </verse>
    <verse name="v3">
      <lines>Lá, lá, lá...(3x)</lines>
    </verse>
    <verse name="v4">
      <lines>Deus alcançou e modificou, toda a minha casa<br/>Ainda que venha a tempestade, não nos abalará<br/>Vida melhor Ele quer te dar, restaurar seu lar<br/>Paz a harmonia Ele quer trazer, pra você<br/>Paz a harmonia Ele quer trazer, pra você</lines>
    </verse>
    <verse name="v5">
      <lines>( Jesus quer trazer paz pra você )</lines>
    </verse>
    <verse name="v6">
      <lines>----</lines>
    </verse>
  </lyrics>
</song>
