<?xml version='1.0' encoding='utf-8'?>
<song xmlns="http://openlyrics.info/namespace/2009/song" version="0.8" createdIn="OpenLP 1.9.9" modifiedIn="OpenLP 1.9.9" modifiedDate="2012-09-30T13:18:35">
  <properties>
    <titles>
      <title>faz-chover</title>
    </titles>
    <authors>
      <author>Aline Barros</author>
    </authors>
  </properties>
  <lyrics>
    <verse name="v1">
      <lines>Faz Chover</lines>
    </verse>
    <verse name="v2">
      <lines>Faz Chover! Faz Chover!<br/>Abra as comportas do céu. (8x).</lines>
    </verse>
    <verse name="v3">
      <lines>Eu vejo uma pequena nuvem, do tamanho da mão de um homem.<br/>Mas esse é o sinal que a sua chuva vai descer. (2x).</lines>
    </verse>
    <verse name="v4">
      <lines>Faz Chover! Faz Chover!<br/>Abra as comportas do céu. (6x).</lines>
    </verse>
    <verse name="v5">
      <lines>Se pedirmos Jesus virá como chuva descerá. (2x).<br/>Se pedirmos Jesus virá... Então clame, então grite, então chame por Ele.</lines>
    </verse>
    <verse name="v6">
      <lines>Faz Chover! Faz Chover!<br/>Abra as comportas do céu. (5x).</lines>
    </verse>
    <verse name="v7">
      <lines>----</lines>
    </verse>
  </lyrics>
</song>
