<?xml version='1.0' encoding='utf-8'?>
<song xmlns="http://openlyrics.info/namespace/2009/song" version="0.8" createdIn="OpenLP 1.9.9" modifiedIn="OpenLP 1.9.9" modifiedDate="2012-09-30T13:18:35">
  <properties>
    <titles>
      <title>festa-no-jardim</title>
    </titles>
    <authors>
      <author>Aline Barros</author>
    </authors>
  </properties>
  <lyrics>
    <verse name="v1">
      <lines>Festa no jardim</lines>
    </verse>
    <verse name="v2">
      <lines>No Jardim do Paraíso<br/>Numa noite enluarada<br/>Fizeram uma festinha<br/>De louvor ao Criador<br/>Os bichinhos se uniram<br/>E fizeram uma orquestra<br/>Uma sinfonia de amor</lines>
    </verse>
    <verse name="v3">
      <lines>O macaco na percussão<br/>A cotia no reco-reco<br/>O leão tocava uma harpa<br/>O elefante no trombone<br/>O tatu no violão<br/>E o papagaio assoviava</lines>
    </verse>
    <verse name="v4">
      <lines>A coruja de maestro<br/>O ratinho organizava<br/>Os insetos que chegavam<br/>Para a festa no jardim<br/>A girafa e o avestruz<br/>Dirigiam a passarada<br/>Num coro de louvor ao Criador</lines>
    </verse>
    <verse name="v5">
      <lines>O castor no rabecão<br/>O urubu tocava gaita<br/>A tartaruga só observava<br/>O hiena no ganzá<br/>O sapinho na guitarra<br/>E a floresta toda adorava</lines>
    </verse>
    <verse name="v6">
      <lines>----</lines>
    </verse>
  </lyrics>
</song>
