<?xml version='1.0' encoding='utf-8'?>
<song xmlns="http://openlyrics.info/namespace/2009/song" version="0.8" createdIn="OpenLP 1.9.9" modifiedIn="OpenLP 1.9.9" modifiedDate="2012-09-30T13:18:35">
  <properties>
    <titles>
      <title>festinha-de-crianca</title>
    </titles>
    <authors>
      <author>Aline Barros</author>
    </authors>
  </properties>
  <lyrics>
    <verse name="v1">
      <lines>Festinha de Criança</lines>
    </verse>
    <verse name="v2">
      <lines>Festinha de criança pode tudo que rolar<br/>É só ligar o som pra galerinha se agitar<br/>Cai tudo no tapete cai pipoca e guaraná<br/>É só rolar um funk que a ordem é balançar<br/>(Refrão)<br/>Balançando de ladinho<br/>Da um toque no DJ<br/>Faz um giro no pezinho<br/>Esse rap eu já sei<br/>Quem disse que não pode<br/>Misturar funk, rap com charme no mesmo acorde<br/>Quem disse que não pode<br/>Misturar bolo, bala, chiclete e um bom hot dog</lines>
    </verse>
    <verse name="v3">
      <lines>----</lines>
    </verse>
  </lyrics>
</song>
