<?xml version='1.0' encoding='utf-8'?>
<song xmlns="http://openlyrics.info/namespace/2009/song" version="0.8" createdIn="OpenLP 1.9.9" modifiedIn="OpenLP 1.9.9" modifiedDate="2012-09-30T13:18:35">
  <properties>
    <titles>
      <title>fez-voce-pra-mim</title>
    </titles>
    <authors>
      <author>Aline Barros</author>
    </authors>
  </properties>
  <lyrics>
    <verse name="v1">
      <lines>Fez Você Pra Mim</lines>
    </verse>
    <verse name="v2">
      <lines>Deus é perfeito, em tudo que criou<br/>Tudo que Ele fez, fez com tão grande amor<br/>Fez você pra mim e me deu<br/>Em um momento especial</lines>
    </verse>
    <verse name="v3">
      <lines>Vou cuidar de ti pra sempre<br/>Com um amor sem igual<br/>Nada e ninguém no mundo, vai nos separar<br/>O que Deus uniu selado vai ficar</lines>
    </verse>
    <verse name="v4">
      <lines>Nos ensina ó Deus a cuidarmos desta união<br/>Nos ensina ó Deus a buscarmos sempre a tua direção<br/>(Coro)<br/>Na alegria e na tristeza, vamos sempre te louvar<br/>E sermos luz aonde o Senhor nos levar</lines>
    </verse>
    <verse name="v5">
      <lines>... e sermos luz aonde o Senhor nos levar<br/>Deus é perfeito</lines>
    </verse>
    <verse name="v6">
      <lines>----</lines>
    </verse>
  </lyrics>
</song>
