<?xml version='1.0' encoding='utf-8'?>
<song xmlns="http://openlyrics.info/namespace/2009/song" version="0.8" createdIn="OpenLP 1.9.9" modifiedIn="OpenLP 1.9.9" modifiedDate="2012-09-30T13:18:35">
  <properties>
    <titles>
      <title>fico-feliz</title>
    </titles>
    <authors>
      <author>Aline Barros</author>
    </authors>
  </properties>
  <lyrics>
    <verse name="v1">
      <lines>Fico Feliz</lines>
    </verse>
    <verse name="v2">
      <lines>Fico feliz em vir em tua casa<br/>Erguer minha voz e cantar(aleluia)<br/>Fico feliz em vir em tua casa<br/>Erguer minhas mãos e adorar<br/>Bendito é o nome do senhor,(aleluia)<br/>Bendito é o nome do senhor,(para sempre)<br/>Bendito é o nome do senhor<br/>Pra sempre, pra sempre</lines>
    </verse>
    <verse name="v3">
      <lines>----</lines>
    </verse>
  </lyrics>
</song>
