<?xml version='1.0' encoding='utf-8'?>
<song xmlns="http://openlyrics.info/namespace/2009/song" version="0.8" createdIn="OpenLP 1.9.9" modifiedIn="OpenLP 1.9.9" modifiedDate="2012-09-30T13:20:23">
  <properties>
    <titles>
      <title>FICO FELIZ</title>
    </titles>
    <authors>
      <author>ALINE BARROS</author>
    </authors>
  </properties>
  <lyrics>
    <verse name="v1">
      <lines>FICO FELIZ<br/>EM VIR EM TUA CASA<br/>ERGUER MINHA VOZ<br/>E CANTAR ALELUIA<br/>FICO FELIZ<br/>EM VIR EM TUA CASA<br/>ERGUER MINHAS<br/>MÃOS E ADORAR</lines>
    </verse>
    <verse name="v2">
      <lines>BENDITO É O NOME DO SENHOR<br/>BENDITO É O NOME DO SENHOR<br/>BENDITO É O NOME DO SENHOR<br/>PRA SEMPRE</lines>
    </verse>
  </lyrics>
</song>
