<?xml version='1.0' encoding='utf-8'?>
<song xmlns="http://openlyrics.info/namespace/2009/song" version="0.8" createdIn="OpenLP 1.9.9" modifiedIn="OpenLP 1.9.9" modifiedDate="2012-09-30T13:18:35">
  <properties>
    <titles>
      <title>gracias-dios-traducao</title>
    </titles>
    <authors>
      <author>Aline Barros</author>
    </authors>
  </properties>
  <lyrics>
    <verse name="v1">
      <lines>Gracias Dios (tradução)</lines>
    </verse>
    <verse name="v2">
      <lines>Diante de ti, venho Senhor<br/>Apenas algo quero dizer<br/>Graças Deus, graças Deus</lines>
    </verse>
    <verse name="v3">
      <lines>Por tudo o que me das<br/>E bençãos que eu não posso ver<br/>Graças Deus, graças Deus</lines>
    </verse>
    <verse name="v4">
      <lines>Com o coração eu te louvarei<br/>E em cada canção sempre te direi<br/>Graças Deus, quero dar-te graças Deus<br/>Graças Deus, quero dar-te graças Deus<br/>Graças Deus</lines>
    </verse>
    <verse name="v5">
      <lines>Pelo que fizeste em meu ser<br/>Por encher com a tua luz minha escuridão<br/>Graças Deus, graças Deus<br/>Saraste minha enfermidade<br/>Cessaste toda dor e maldade<br/>Graças Deus, graças Deus</lines>
    </verse>
    <verse name="v6">
      <lines>----</lines>
    </verse>
  </lyrics>
</song>
