<?xml version='1.0' encoding='utf-8'?>
<song xmlns="http://openlyrics.info/namespace/2009/song" version="0.8" createdIn="OpenLP 1.9.9" modifiedIn="OpenLP 1.9.9" modifiedDate="2012-09-30T13:18:36">
  <properties>
    <titles>
      <title>grande-es-dios-traducao</title>
    </titles>
    <authors>
      <author>Aline Barros</author>
    </authors>
  </properties>
  <lyrics>
    <verse name="v1">
      <lines>Grande És Dios (tradução)</lines>
    </verse>
    <verse name="v2">
      <lines>A criação aclama a ti<br/>Adorando em espírito e verdade<br/>Glória seja ao que é fiel<br/>Jesus Cristo, filho de Deus</lines>
    </verse>
    <verse name="v3">
      <lines>Te adora, a criação, oh magnífico Senhor<br/>Somente tu és Rei pela eternidade</lines>
    </verse>
    <verse name="v4">
      <lines>Grande és Deus<br/>Tua adoração enche a terra e os céus<br/>E teu nome, em todo o mundo adorarão<br/>Grande és Deus<br/>Preenche toda a terra e os céus<br/>Pois, vivemos para glorificar teu nome<br/>Glorificar teu nome</lines>
    </verse>
    <verse name="v5">
      <lines>Atraimos tudo a ti<br/>Cristo, ensina-me a viver<br/>Que teu fogo acenda-nos<br/>Que todos possam ver e ouvir</lines>
    </verse>
    <verse name="v6">
      <lines>Santo é o Senhor<br/>Canta a criação<br/>Santo é o Senhor<br/>Canta a criação</lines>
    </verse>
    <verse name="v7">
      <lines>----</lines>
    </verse>
  </lyrics>
</song>
