<?xml version='1.0' encoding='utf-8'?>
<song xmlns="http://openlyrics.info/namespace/2009/song" version="0.8" createdIn="OpenLP 1.9.9" modifiedIn="OpenLP 1.9.9" modifiedDate="2012-09-30T13:18:36">
  <properties>
    <titles>
      <title>guarda-tua-fe</title>
    </titles>
    <authors>
      <author>Aline Barros</author>
    </authors>
  </properties>
  <lyrics>
    <verse name="v1">
      <lines>Guarda a Tua Fé</lines>
    </verse>
    <verse name="v2">
      <lines>Quando estou cansada na batalha pela fé<br/>a tua sombra é o meu esconderijo oh Deus</lines>
    </verse>
    <verse name="v3">
      <lines>Mais uma vez estou aqui oh Pai<br/>Quero tua graça sobre mim<br/>São tantos os meus planos<br/>E tão grandes as barreiras para me impedir<br/>Mas eu tenho o teu socorro<br/>Há momentos que me fazem meditar<br/>Dos teus pensamentos sobre mim<br/>Eu sei que vale a pena<br/>Trilhar o teu caminho<br/>E quero prosseguir</lines>
    </verse>
    <verse name="v4">
      <lines>A tristeza é como o mar<br/>Tentando afogar os sonhos<br/>Sonhos que nasceram no teu coração pra mim, Senhor</lines>
    </verse>
    <verse name="v5">
      <lines>(Coro)<br/>Mesmo quando estou cansado<br/>Na batalha pela fé<br/>A tua sombra é o meu esconderijo, oh Deus<br/>E quando penso em desistir<br/>O meu Senhor me diz assim<br/>Se tu me amas<br/>Então guarda a tua fé<br/>Guarda até o fim<br/>Oh, filho meu</lines>
    </verse>
    <verse name="v6">
      <lines>Guarda a tua fé</lines>
    </verse>
    <verse name="v7">
      <lines>Guarda até o fim oh oh oh</lines>
    </verse>
    <verse name="v8">
      <lines>Guarda a tua fé</lines>
    </verse>
    <verse name="v9">
      <lines>Guarda a tua fé</lines>
    </verse>
    <verse name="v10">
      <lines>Guarda até o fim o filho meu</lines>
    </verse>
    <verse name="v11">
      <lines>----</lines>
    </verse>
  </lyrics>
</song>
