<?xml version='1.0' encoding='utf-8'?>
<song xmlns="http://openlyrics.info/namespace/2009/song" version="0.8" createdIn="OpenLP 1.9.9" modifiedIn="OpenLP 1.9.9" modifiedDate="2012-09-30T13:18:36">
  <properties>
    <titles>
      <title>gula-ta-amarrada</title>
    </titles>
    <authors>
      <author>Aline Barros</author>
    </authors>
  </properties>
  <lyrics>
    <verse name="v1">
      <lines>Gula, Tá Amarrada</lines>
    </verse>
    <verse name="v2">
      <lines>Uma mochila cheia de caramelo<br/>Outra mochila só de amendoim<br/>E puxa, puxa eu quero mais marshmallow<br/>Porque será que eu tô cheinho assim</lines>
    </verse>
    <verse name="v3">
      <lines>Também é tanto recheado e crocante<br/>Vida doce vida é o pudim<br/>Ainda ontem eu fugi da balança<br/>Mas hoje o que será de mim<br/>O que será de mim</lines>
    </verse>
    <verse name="v4">
      <lines>Gula, eu disse tá amarrada<br/>Oh!!!! eu não vou comer assim<br/>Oh!!!! um chocolatinho basta<br/>Oh!!!! todo dia só pra mim</lines>
    </verse>
    <verse name="v5">
      <lines>----</lines>
    </verse>
  </lyrics>
</song>
