<?xml version='1.0' encoding='utf-8'?>
<song xmlns="http://openlyrics.info/namespace/2009/song" version="0.8" createdIn="OpenLP 1.9.9" modifiedIn="OpenLP 1.9.9" modifiedDate="2012-09-30T13:18:36">
  <properties>
    <titles>
      <title>ha-um-doce-espirito</title>
    </titles>
    <authors>
      <author>Aline Barros</author>
    </authors>
  </properties>
  <lyrics>
    <verse name="v1">
      <lines>Há um doce Espirito</lines>
    </verse>
    <verse name="v2">
      <lines>Há um doce Espírito aqui<br/>E eu que é o Espírito de Deus<br/>Já podemos todos perceber<br/>A presença de Jesus o Salvador.</lines>
    </verse>
    <verse name="v3">
      <lines>Refão:</lines>
    </verse>
    <verse name="v4">
      <lines>Doce presença,<br/>Presença Santa<br/>Vem sobre nós<br/>Encher-nos.</lines>
    </verse>
    <verse name="v5">
      <lines>----</lines>
    </verse>
  </lyrics>
</song>
