<?xml version='1.0' encoding='utf-8'?>
<song xmlns="http://openlyrics.info/namespace/2009/song" version="0.8" createdIn="OpenLP 1.9.9" modifiedIn="OpenLP 1.9.9" modifiedDate="2012-09-30T13:18:36">
  <properties>
    <titles>
      <title>hambrienta-traducao</title>
    </titles>
    <authors>
      <author>Aline Barros</author>
    </authors>
  </properties>
  <lyrics>
    <verse name="v1">
      <lines>Hambrienta (tradução)</lines>
    </verse>
    <verse name="v2">
      <lines>Sedenta venho a ti<br/>Sei que me saciarás<br/>Quebrantada corro para ti<br/>Sei que me abraçarás</lines>
    </verse>
    <verse name="v3">
      <lines>Espero por ti<br/>Espero por ti<br/>Me prosto diante de ti<br/>Me ofereço toda a ti<br/>Meu coração clama só por ti</lines>
    </verse>
    <verse name="v4">
      <lines>Quebrantada corro para ti<br/>Sei que me abraçarás</lines>
    </verse>
    <verse name="v5">
      <lines>----</lines>
    </verse>
  </lyrics>
</song>
