<?xml version='1.0' encoding='utf-8'?>
<song xmlns="http://openlyrics.info/namespace/2009/song" version="0.8" createdIn="OpenLP 1.9.9" modifiedIn="OpenLP 1.9.9" modifiedDate="2012-09-30T13:18:36">
  <properties>
    <titles>
      <title>homenzinho-torto</title>
    </titles>
    <authors>
      <author>Aline Barros</author>
    </authors>
  </properties>
  <lyrics>
    <verse name="v1">
      <lines>Homenzinho Torto</lines>
    </verse>
    <verse name="v2">
      <lines>Havia um homenzinho torto<br/>Morava numa casa torta<br/>Andava num caminho torto<br/>Sua vida era torta<br/>Um dia o homenzinho torto<br/>A Bíblia encontrou<br/>E tudo que era torto<br/>Jesus endireitou</lines>
    </verse>
    <verse name="v3">
      <lines>----</lines>
    </verse>
  </lyrics>
</song>
