<?xml version='1.0' encoding='utf-8'?>
<song xmlns="http://openlyrics.info/namespace/2009/song" version="0.8" createdIn="OpenLP 1.9.9" modifiedIn="OpenLP 1.9.9" modifiedDate="2012-09-30T13:20:24">
  <properties>
    <titles>
      <title>HÁ UM DOCE ESPIRITO</title>
    </titles>
    <authors>
      <author>ALINE BARROS</author>
    </authors>
  </properties>
  <lyrics>
    <verse name="v1">
      <lines>HÁ UM DOCE ESPÍRITO AQUI<br/>E EU QUE É O ESPÍRITO DE DEUS<br/>JÁ PODEMOS TODOS PERCEBER<br/>A PRESENÇA DE JESUS O SALVADOR.</lines>
    </verse>
    <verse name="v2">
      <lines>DOCE PRESENÇA, <br/>PRESENÇA SANTA<br/>VEM SOBRE NÓS<br/>ENCHER-NOS.</lines>
    </verse>
  </lyrics>
</song>
