<?xml version='1.0' encoding='utf-8'?>
<song xmlns="http://openlyrics.info/namespace/2009/song" version="0.8" createdIn="OpenLP 1.9.9" modifiedIn="OpenLP 1.9.9" modifiedDate="2012-09-30T13:18:36">
  <properties>
    <titles>
      <title>jesus-cristo-mudou-meu-viver</title>
    </titles>
    <authors>
      <author>Aline Barros</author>
    </authors>
  </properties>
  <lyrics>
    <verse name="v1">
      <lines>Jesus Cristo Mudou Meu Viver</lines>
    </verse>
    <verse name="v2">
      <lines>Jesus Cristo mudou meu viver<br/>Jesus Cristo mudou meu viver<br/>É a luz que ilumina meu ser<br/>Sim, Jesus Cristo mudou meu viver</lines>
    </verse>
    <verse name="v3">
      <lines>Diferente hoje é o meu coração<br/>Diferente hoje é o meu coração<br/>Cristo deu-me paz e perdão<br/>Sim, diferente hoje é o meu coração</lines>
    </verse>
    <verse name="v4">
      <lines>O amor só conhecia em canções<br/>Que falavam de ilusões<br/>Mas tudo agora é diferente,<br/>Cristo fala com a gente<br/>Pois Cristo deu-me seu amor</lines>
    </verse>
    <verse name="v5">
      <lines>Jesus Cristo mudou meu viver<br/>Jesus Cristo mudou meu viver<br/>É a luz que ilumina meu ser<br/>Sim, Jesus Cristo mudou<br/>Ele mudou meu viver</lines>
    </verse>
    <verse name="v6">
      <lines>O amor só conhecia em canções<br/>Que falavam de ilusões<br/>Mas tudo agora é diferente,<br/>Cristo fala com a gente<br/>Pois Cristo deu-me seu amor</lines>
    </verse>
    <verse name="v7">
      <lines>Diferente hoje é o meu coração<br/>Diferente hoje é o meu coração<br/>Cristo deu-me paz e perdão<br/>Sim, diferente hoje é o meu coração</lines>
    </verse>
    <verse name="v8">
      <lines>Jesus Cristo mudou meu viver...</lines>
    </verse>
    <verse name="v9">
      <lines>----</lines>
    </verse>
  </lyrics>
</song>
