<?xml version='1.0' encoding='utf-8'?>
<song xmlns="http://openlyrics.info/namespace/2009/song" version="0.8" createdIn="OpenLP 1.9.9" modifiedIn="OpenLP 1.9.9" modifiedDate="2012-09-30T13:18:37">
  <properties>
    <titles>
      <title>jesus-filho-de-deus</title>
    </titles>
    <authors>
      <author>Aline Barros</author>
    </authors>
  </properties>
  <lyrics>
    <verse name="v1">
      <lines>Jesus, Filho de Deus</lines>
    </verse>
    <verse name="v2">
      <lines>Em minha vida está o Espírito de Deus<br/>Meus lábios o Senhor ungiu pra anunciar<br/>As boas novas do evangelho ao mundo inteiro<br/>Por ti eu viverei<br/>Não me envergonharei<br/>Preciso revelar ao mundo quem Tu és<br/>Falar dessa verdade eterna, Jesus</lines>
    </verse>
    <verse name="v3">
      <lines>Quão formosos são os pés<br/>Daqueles que falam do Teu reino<br/>E do teu poder<br/>Toma a minha vida, podes me usar<br/>Com autoridade quero declarar</lines>
    </verse>
    <verse name="v4">
      <lines>(Refrão)<br/>Ele é o autor da vida<br/>É a própria salvação<br/>Ele é a única esperança de toda nação<br/>Foi enviado ao mundo pra salvar você e eu<br/>Jesus, Jesus, o Filho de Deus<br/>É a maior riqueza que o homem pode ter<br/>Ele é a porta que se bate<br/>E se encontra a paz<br/>Uma semente foi lançada<br/>Pelo próprio Pai<br/>Jesus, Jesus, o filho de Deus</lines>
    </verse>
    <verse name="v5">
      <lines>----</lines>
    </verse>
  </lyrics>
</song>
