<?xml version='1.0' encoding='utf-8'?>
<song xmlns="http://openlyrics.info/namespace/2009/song" version="0.8" createdIn="OpenLP 1.9.9" modifiedIn="OpenLP 1.9.9" modifiedDate="2012-09-30T13:18:36">
  <properties>
    <titles>
      <title>jesus-em-tua-presenca</title>
    </titles>
    <authors>
      <author>Aline Barros</author>
    </authors>
  </properties>
  <lyrics>
    <verse name="v1">
      <lines>Jesus em Tua presença</lines>
    </verse>
    <verse name="v2">
      <lines>Jesus em tua presença reunimo-nos aqui<br/>Contemplamos tua face e rendemo-nos a ti<br/>Pois um dia tua morte trouxe vida a todos nós<br/>E nos deu completo acesso ao coração do pai</lines>
    </verse>
    <verse name="v3">
      <lines>O véu que separava já não separa mais<br/>A luz que outrora apagada<br/>Agora brilha e cada dia brilha mais</lines>
    </verse>
    <verse name="v4">
      <lines>Só pra te adorar e fazer teu nome grande<br/>E te dar o louvor que é devido<br/>Estamos nós aqui</lines>
    </verse>
    <verse name="v5">
      <lines>----</lines>
    </verse>
  </lyrics>
</song>
