<?xml version='1.0' encoding='utf-8'?>
<song xmlns="http://openlyrics.info/namespace/2009/song" version="0.8" createdIn="OpenLP 1.9.9" modifiedIn="OpenLP 1.9.9" modifiedDate="2012-09-30T13:18:37">
  <properties>
    <titles>
      <title>jesus-faz-parte</title>
    </titles>
    <authors>
      <author>Aline Barros</author>
    </authors>
  </properties>
  <lyrics>
    <verse name="v1">
      <lines>Jesus Faz Parte</lines>
    </verse>
    <verse name="v2">
      <lines>É eu pude crer e ver<br/>O seu poder<br/>Que me transformou, me converteu<br/>O céu se abriu p`ra mim<br/>E eu pude conquistar<br/>Uma forma de vida p'ro meu andar</lines>
    </verse>
    <verse name="v3">
      <lines>É, Jesus faz parte do meu ser<br/>E pra mim é um prazer<br/>Ver o eterno amor de Deus<br/>Na minha vida,<br/>Foi tão bom te conhecer<br/>E pra mim e um prazer<br/>Ter Sempre o Rei Dos Reis<br/>Habitando em mim.</lines>
    </verse>
    <verse name="v4">
      <lines>É a solidão feriu meu cora ção<br/>Trouxe a incerteza do talvez</lines>
    </verse>
    <verse name="v5">
      <lines>Jesus com seu poder<br/>Num gesto de amor<br/>Fez que eu nascesse outra vez.</lines>
    </verse>
    <verse name="v6">
      <lines>É, Jesus faz parte do meu ser<br/>E pra mim é um prazer<br/>Ver o eterno amor de Deus<br/>Na minha vida,<br/>Foi tão bom te conhecer<br/>E pra mim e um prazer<br/>Ter Sempre o Rei Dos Reis<br/>Habitando em mim.</lines>
    </verse>
    <verse name="v7">
      <lines>É eu pude crer e ver<br/>O seu poder<br/>Que me transformou, me converteu<br/>O céu se abriu p`ra mim<br/>E eu pude conquistar<br/>Uma forma de vida p'ro meu andar</lines>
    </verse>
    <verse name="v8">
      <lines>----</lines>
    </verse>
  </lyrics>
</song>
