<?xml version='1.0' encoding='utf-8'?>
<song xmlns="http://openlyrics.info/namespace/2009/song" version="0.8" createdIn="OpenLP 1.9.9" modifiedIn="OpenLP 1.9.9" modifiedDate="2012-09-30T13:18:37">
  <properties>
    <titles>
      <title>leva-me-aos-sedentos</title>
    </titles>
    <authors>
      <author>Aline Barros</author>
    </authors>
  </properties>
  <lyrics>
    <verse name="v1">
      <lines>Leva-me Aos Sedentos</lines>
    </verse>
    <verse name="v2">
      <lines>Já chegou o tempo, não há como esperar<br/>A unção foi derramada em nós<br/>E com ela recebemos a missão<br/>Nossa unidade nos respaldará<br/>O pão da vida está em nós<br/>Então ressuscitaremos multidões</lines>
    </verse>
    <verse name="v3">
      <lines>A profecia se cumpriu<br/>Trazendo fome e sede de Deus<br/>Não vou deixar que os meus olhos se sequem<br/>Preciso chorar<br/>Sentir a dor<br/>Me desesperar</lines>
    </verse>
    <verse name="v4">
      <lines>(Refrão)<br/>Senhor, leva-me aos famintos<br/>Senhor, leva-me aos sedentos<br/>Senhor eu quero as nações<br/>Que são minha herança<br/>Eu vou levar o pão da vida<br/>Eu vou dar de beber de ti<br/>Eu vou ver toda a terra te adorar</lines>
    </verse>
    <verse name="v5">
      <lines>Dá-me teu amor pelas nações</lines>
    </verse>
    <verse name="v6">
      <lines>(Refrão)<br/>Senhor, leva-me aos famintos<br/>Senhor, leva-me aos sedentos<br/>Senhor eu quero as nações<br/>Que são minha herança<br/>Eu vou levar o pão da vida<br/>Eu vou dar de beber de ti<br/>Eu vou ver toda a terra te adorar</lines>
    </verse>
    <verse name="v7">
      <lines>----</lines>
    </verse>
  </lyrics>
</song>
