<?xml version='1.0' encoding='utf-8'?>
<song xmlns="http://openlyrics.info/namespace/2009/song" version="0.8" createdIn="OpenLP 1.9.9" modifiedIn="OpenLP 1.9.9" modifiedDate="2012-09-30T13:18:37">
  <properties>
    <titles>
      <title>lirio-dos-vales</title>
    </titles>
    <authors>
      <author>Aline Barros</author>
    </authors>
  </properties>
  <lyrics>
    <verse name="v1">
      <lines>Lirio Dos Vales</lines>
    </verse>
    <verse name="v2">
      <lines>Santo, Santo, Santo<br/>Te adoramos e vemos Tua glória em nós resplandecer<br/>Jesus, lírio dos vales, exalas o amor<br/>Mais doce que o próprio mel colhido da flor<br/>Reina em nossas vidas para sempre<br/>E faz morada eterna em nossos corações<br/>Tu sabes que te amamos<br/>Mas é tão bom dizer<br/>Tua graça é bem melhor, Jesus<br/>Melhor que viver</lines>
    </verse>
    <verse name="v3">
      <lines>Tu que estas a direita de Deus<br/>nossas vozes a Ti subirão<br/>Formando um coral com anjos, regidos por arcanjos<br/>Tu que estás à direita de Deus<br/>Nossas vozes a Ti subirão<br/>Digno de todo louvor e da mais perfeita adoração</lines>
    </verse>
    <verse name="v4">
      <lines>----</lines>
    </verse>
  </lyrics>
</song>
