<?xml version='1.0' encoding='utf-8'?>
<song xmlns="http://openlyrics.info/namespace/2009/song" version="0.8" createdIn="OpenLP 1.9.9" modifiedIn="OpenLP 1.9.9" modifiedDate="2012-09-30T13:18:37">
  <properties>
    <titles>
      <title>louvar-bom-demais</title>
    </titles>
    <authors>
      <author>Aline Barros</author>
    </authors>
  </properties>
  <lyrics>
    <verse name="v1">
      <lines>Louvar É Bom Demais</lines>
    </verse>
    <verse name="v2">
      <lines>Deus fez o meu corpo com toda a perfeição<br/>Cabeça, tronco e membros pra sua adoração<br/>Com todo o meu corpo, eu vou louvar a Deus<br/>Com meus olhos, coração, com minha voz eu vou louvar</lines>
    </verse>
    <verse name="v3">
      <lines>Louvor é bom demais!<br/>Cantar louvores a Jesus<br/>Louvar é bom demais!<br/>Eu sempre quero andar na luz (2x)</lines>
    </verse>
    <verse name="v4">
      <lines>----</lines>
    </verse>
  </lyrics>
</song>
