<?xml version='1.0' encoding='utf-8'?>
<song xmlns="http://openlyrics.info/namespace/2009/song" version="0.8" createdIn="OpenLP 1.9.9" modifiedIn="OpenLP 1.9.9" modifiedDate="2012-09-30T13:18:37">
  <properties>
    <titles>
      <title>majestuoso-rey-traducao</title>
    </titles>
    <authors>
      <author>Aline Barros</author>
    </authors>
  </properties>
  <lyrics>
    <verse name="v1">
      <lines>Majestuoso Rey (tradução)</lines>
    </verse>
    <verse name="v2">
      <lines>Majestoso Rei</lines>
    </verse>
    <verse name="v3">
      <lines>Tua misericórdia me alcançou<br/>Me permitiu estar junto a ti<br/>Com amor te entregaste para o meu passado cobrir</lines>
    </verse>
    <verse name="v4">
      <lines>E surpreso estou<br/>Surpreendido por ti</lines>
    </verse>
    <verse name="v5">
      <lines>(REFRÃO)<br/>Majestoso Rei<br/>Soberano Deus<br/>Em tuas mãos a minha vida está<br/>Me alegro em poder te adorar<br/>Soberano Deus</lines>
    </verse>
    <verse name="v6">
      <lines>Senhor de poder e autoridade<br/>Tu és Deus de majestade</lines>
    </verse>
    <verse name="v7">
      <lines>----</lines>
    </verse>
  </lyrics>
</song>
