<?xml version='1.0' encoding='utf-8'?>
<song xmlns="http://openlyrics.info/namespace/2009/song" version="0.8" createdIn="OpenLP 1.9.9" modifiedIn="OpenLP 1.9.9" modifiedDate="2012-09-30T13:18:38">
  <properties>
    <titles>
      <title>manancial</title>
    </titles>
    <authors>
      <author>Aline Barros</author>
    </authors>
  </properties>
  <lyrics>
    <verse name="v1">
      <lines>Manancial</lines>
    </verse>
    <verse name="v2">
      <lines>Manancial<br/>Fonte de vida<br/>De onde preciso e quero beber todos os dias<br/>Bem mais que um desejo<br/>Tu és essencial pra sustentar a minha vida<br/>Senhor Jesus</lines>
    </verse>
    <verse name="v3">
      <lines>(Refrão)<br/>Eu tenho sede de Ti<br/>Minha alma anseia por Ti<br/>Só me satisfaço quando estou junto aos teus pés<br/>Eu tenho sede de Ti<br/>Minha alma anseia por Ti<br/>Manancial, única fonte de vida Tu És</lines>
    </verse>
    <verse name="v4">
      <lines>----</lines>
    </verse>
  </lyrics>
</song>
