<?xml version='1.0' encoding='utf-8'?>
<song xmlns="http://openlyrics.info/namespace/2009/song" version="0.8" createdIn="OpenLP 1.9.9" modifiedIn="OpenLP 1.9.9" modifiedDate="2012-09-30T13:18:38">
  <properties>
    <titles>
      <title>me-encanta-amarte-traducao</title>
    </titles>
    <authors>
      <author>Aline Barros</author>
    </authors>
  </properties>
  <lyrics>
    <verse name="v1">
      <lines>Me Encanta Amarte (tradução)</lines>
    </verse>
    <verse name="v2">
      <lines>Me Encanta Adorar-te</lines>
    </verse>
    <verse name="v3">
      <lines>Me encanta amar-te<br/>Me encanta adorar-te<br/>Me encanta dar-te meu coração<br/>Em tua presença encontro a vida<br/>Tu és a fonte de todo meu amor</lines>
    </verse>
    <verse name="v4">
      <lines>Cristo te amo<br/>Cristo te adoro<br/>Tu és o meu amado<br/>Tu és o meu amado</lines>
    </verse>
    <verse name="v5">
      <lines>Aleluia<br/>Aleluia<br/>Aleluia</lines>
    </verse>
    <verse name="v6">
      <lines>----</lines>
    </verse>
  </lyrics>
</song>
