<?xml version='1.0' encoding='utf-8'?>
<song xmlns="http://openlyrics.info/namespace/2009/song" version="0.8" createdIn="OpenLP 1.9.9" modifiedIn="OpenLP 1.9.9" modifiedDate="2012-09-30T13:18:38">
  <properties>
    <titles>
      <title>melo-do-resfriado</title>
    </titles>
    <authors>
      <author>Aline Barros</author>
    </authors>
  </properties>
  <lyrics>
    <verse name="v1">
      <lines>Melô do resfriado</lines>
    </verse>
    <verse name="v2">
      <lines>Cuidado com o resfriado<br/>O resfriado não é bom<br/>Se o resfriado te pegar<br/>Toma o remedinho e comece a orar<br/>(e diga) dizendo</lines>
    </verse>
    <verse name="v3">
      <lines>Sai dorzinha você não é amiguinha<br/>Sai febrinha você não é amiguinha<br/>Sai tossinha você não é amiguinha<br/>Bom é ter saúde pra brincar</lines>
    </verse>
    <verse name="v4">
      <lines>Atchim, atchim sai de mim<br/>Atchim, atchim sai pra lá<br/>Bom é ter saúde pra brincar</lines>
    </verse>
    <verse name="v5">
      <lines>----</lines>
    </verse>
  </lyrics>
</song>
