<?xml version='1.0' encoding='utf-8'?>
<song xmlns="http://openlyrics.info/namespace/2009/song" version="0.8" createdIn="OpenLP 1.9.9" modifiedIn="OpenLP 1.9.9" modifiedDate="2012-09-30T13:18:38">
  <properties>
    <titles>
      <title>melo-do-sapo</title>
    </titles>
    <authors>
      <author>Aline Barros</author>
    </authors>
  </properties>
  <lyrics>
    <verse name="v1">
      <lines>Melô do sapo</lines>
    </verse>
    <verse name="v2">
      <lines>Eu sou o sapo<br/>E lavo o pé<br/>Meu pé não tem chulé<br/>Essa história quem inventou<br/>Foi o jacaré</lines>
    </verse>
    <verse name="v3">
      <lines>Não, não, não, mentirinha<br/>Não, não, na lagoa eu lavo o pé<br/>Meu pé não tem chulé</lines>
    </verse>
    <verse name="v4">
      <lines>Jacaré, larga do meu pé<br/>Todo mundo sabe<br/>Todo mundo sente<br/>É você que não escova o dente</lines>
    </verse>
    <verse name="v5">
      <lines>----</lines>
    </verse>
  </lyrics>
</song>
