<?xml version='1.0' encoding='utf-8'?>
<song xmlns="http://openlyrics.info/namespace/2009/song" version="0.8" createdIn="OpenLP 1.9.9" modifiedIn="OpenLP 1.9.9" modifiedDate="2012-09-30T13:18:38">
  <properties>
    <titles>
      <title>melo-da-criacao</title>
    </titles>
    <authors>
      <author>Aline Barros</author>
    </authors>
  </properties>
  <lyrics>
    <verse name="v1">
      <lines>Melô da criação</lines>
    </verse>
    <verse name="v2">
      <lines>Um, dois, três, quatro, cinco, seis<br/>Foi nesses dias que o Senhor o mundo fez</lines>
    </verse>
    <verse name="v3">
      <lines>No primeiro dia ele criou a luz<br/>O dia e a noite para a gente descansar<br/>No segundo dia ele criou o mar<br/>As praias e as águas para a gente se banhar</lines>
    </verse>
    <verse name="v4">
      <lines>Um, dois, três, quatro, cinco, seis<br/>Foi nesses dias que o Senhor o mundo fez</lines>
    </verse>
    <verse name="v5">
      <lines>No terceiro dia ele criou os vegetais<br/>Criou também a terra para gente trabalhar<br/>E no quarto dia ele criou os céus<br/>A lua e as estrelas para nos iluminar</lines>
    </verse>
    <verse name="v6">
      <lines>Um, dois, três, quatro, cinco, seis<br/>Foi nesses dias que o Senhor o mundo fez</lines>
    </verse>
    <verse name="v7">
      <lines>E no quinto dia criou os animais<br/>As aves e os peixinhos para nos alimentar<br/>E no sexto dia seu trabalho terminou<br/>Criou as criancinhas para a glória do Senhor<br/>Então descansou</lines>
    </verse>
    <verse name="v8">
      <lines>Um, dois, três, quatro, cinco, seis<br/>Foi nesses dias que o Senhor o mundo fez</lines>
    </verse>
    <verse name="v9">
      <lines>----</lines>
    </verse>
  </lyrics>
</song>
