<?xml version='1.0' encoding='utf-8'?>
<song xmlns="http://openlyrics.info/namespace/2009/song" version="0.8" createdIn="OpenLP 1.9.9" modifiedIn="OpenLP 1.9.9" modifiedDate="2012-09-30T13:18:38">
  <properties>
    <titles>
      <title>meu-mestre-mandou</title>
    </titles>
    <authors>
      <author>Aline Barros</author>
    </authors>
  </properties>
  <lyrics>
    <verse name="v1">
      <lines>Meu Mestre mandou</lines>
    </verse>
    <verse name="v2">
      <lines>Se o Mestre falou, tá falado<br/>Vou fazer o que Ele mandar<br/>Se o Mestre falou<br/>Vou obedecer o que Ele mandar</lines>
    </verse>
    <verse name="v3">
      <lines>Tudo o que Jesus fala é perfeito<br/>Eu posso confiar<br/>Que vai ser bom<br/>Que vai dar certo<br/>Ele é meu amigo e sempre está por perto<br/>Fechei com Ele e disso eu não abro mão<br/>Ele já me chama até de campeão<br/>E nessa brincadeira eu tô ligado<br/>Vou obedecer e ser muito abençoado</lines>
    </verse>
    <verse name="v4">
      <lines>O Mestre mandou eu ser legal com o coleguinha<br/>Dividir os meus brinquedos e brincar de amarelinha<br/>O Mestre mandou virar estátua<br/>E fazer cosquinha até cair no chão<br/>O Mestre mandou gritar bem alto<br/>Que Jesus é muito bom! bom! bom!<br/>O Mestre mandou eu abraçar o meu irmão<br/>E levantar as minhas mãos em adoração<br/>O Mestre mandou eu ler a bíblia todo dia<br/>E pular bem alto de alegria</lines>
    </verse>
    <verse name="v5">
      <lines>----</lines>
    </verse>
  </lyrics>
</song>
