<?xml version='1.0' encoding='utf-8'?>
<song xmlns="http://openlyrics.info/namespace/2009/song" version="0.8" createdIn="OpenLP 1.9.9" modifiedIn="OpenLP 1.9.9" modifiedDate="2012-09-30T13:18:38">
  <properties>
    <titles>
      <title>meu-eterno-namorado</title>
    </titles>
    <authors>
      <author>Aline Barros</author>
    </authors>
  </properties>
  <lyrics>
    <verse name="v1">
      <lines>Meu Eterno Namorado</lines>
    </verse>
    <verse name="v2">
      <lines>Não há nada que você me faça<br/>Pra que eu te ame mais<br/>Não há nada que você me diga<br/>Pra que eu te esqueça</lines>
    </verse>
    <verse name="v3">
      <lines>Você é a maior prova do carinho e do cuidado,<br/>Desse Deus que te fez pra ser só meu</lines>
    </verse>
    <verse name="v4">
      <lines>Depois de sonhar com teu sorriso,<br/>Eu acordei e vi<br/>O teu nome estava bem guardado<br/>E protegido em Deus pra mim</lines>
    </verse>
    <verse name="v5">
      <lines>Você é o sonho mais real<br/>Que Deus me fez viver<br/>Gerações futuras vão saber<br/>Sobre mim e você</lines>
    </verse>
    <verse name="v6">
      <lines>As muitas águas não podem apagar<br/>O nosso amor<br/>Nem os rios afogá-lo<br/>Onde você estiver é só chamar<br/>Que eu também vou, meu amor<br/>Meu eterno namorado</lines>
    </verse>
    <verse name="v7">
      <lines>Depois de sonhar com teu sorriso,<br/>Eu acordei e vi<br/>O teu nome estava bem guardado<br/>E protegido em Deus pra mim</lines>
    </verse>
    <verse name="v8">
      <lines>Você é o sonho mais real<br/>Que Deus me fez viver<br/>Gerações futuras vão saber<br/>Sobre mim e você</lines>
    </verse>
    <verse name="v9">
      <lines>As muitas águas não podem apagar<br/>O nosso amor<br/>Nem os rios afogá-lo<br/>Onde você estiver é só chamar<br/>Que eu também vou, meu amor<br/>Meu eterno namorado</lines>
    </verse>
    <verse name="v10">
      <lines>Corri na tua direção<br/>Na direção do teu sorriso</lines>
    </verse>
    <verse name="v11">
      <lines>Nos teus braços<br/>No teu coração<br/>Pros teus sonhos<br/>Pra tua visão</lines>
    </verse>
    <verse name="v12">
      <lines>As muitas águas não podem apagar<br/>O nosso amor<br/>Nem os rios afogá-lo<br/>Onde você estiver é só chamar<br/>Que eu também vou, meu amor<br/>Meu eterno namorado</lines>
    </verse>
    <verse name="v13">
      <lines>----</lines>
    </verse>
  </lyrics>
</song>
