<?xml version='1.0' encoding='utf-8'?>
<song xmlns="http://openlyrics.info/namespace/2009/song" version="0.8" createdIn="OpenLP 1.9.9" modifiedIn="OpenLP 1.9.9" modifiedDate="2012-09-30T13:18:38">
  <properties>
    <titles>
      <title>mi-creador-mi-rey-traducao</title>
    </titles>
    <authors>
      <author>Aline Barros</author>
    </authors>
  </properties>
  <lyrics>
    <verse name="v1">
      <lines>Mi Creador, Mi Rey (tradução)</lines>
    </verse>
    <verse name="v2">
      <lines>Criaste as montanhas e o mar<br/>Pintaste o universo, e formaste a mim<br/>O eco da tua voz tornou o mundo<br/>Através do tempo e hoje, falas aqui<br/>Meu criador, meu Rei<br/>Criaste toda cor, o horizonte em frente a mim<br/>Sinto teu amor<br/>Fizeste as estrelas e o atardecer<br/>Deste nome a tudo em meu ser<br/>Meu Criador, meu Rei</lines>
    </verse>
    <verse name="v3">
      <lines>Quem sou eu para que penses em mim<br/>Quem sou eu, que teu amor põe em mim<br/>Meu Criador, meu Rei<br/>Criaste as trevas e a luz<br/>Sol e Lua para iluminar meu caminhar<br/>Como um manto, tua mão estendeu o céu<br/>Cobre toda o universo e cuida do meu andar<br/>Meu Criador, meu Rei</lines>
    </verse>
    <verse name="v4">
      <lines>----</lines>
    </verse>
  </lyrics>
</song>
