<?xml version='1.0' encoding='utf-8'?>
<song xmlns="http://openlyrics.info/namespace/2009/song" version="0.8" createdIn="OpenLP 1.9.9" modifiedIn="OpenLP 1.9.9" modifiedDate="2012-09-30T13:18:39">
  <properties>
    <titles>
      <title>mi-heroe</title>
    </titles>
    <authors>
      <author>Aline Barros</author>
    </authors>
  </properties>
  <lyrics>
    <verse name="v1">
      <lines>Mi Héroe</lines>
    </verse>
    <verse name="v2">
      <lines>Mi héroe no es un héroe de juguete<br/>Mi héroe no es un dibujo animado<br/>Como los que aparecen en TV<br/>Mi héroe no usa máscara negra<br/>Ni espinaca para fuerza y poder<br/>Mi héroe no se disfraza de nada<br/>Ni se esconde atrás de una TV</lines>
    </verse>
    <verse name="v3">
      <lines>Mi héroe es todopoderoso<br/>Él es más fuerte que supermán<br/>Tan solo oro y Él aparece<br/>Él llega rápido a socorrer</lines>
    </verse>
    <verse name="v4">
      <lines>Mi héroe es Jesús<br/>Mi héroe es Jesús<br/>Mi héroe es Jesús<br/>Él me protegerá</lines>
    </verse>
    <verse name="v5">
      <lines>Mi héroe es Jesús<br/>Mi héroe es Jesús<br/>Mi héroe es Jesús<br/>Y con Él yo venceré</lines>
    </verse>
    <verse name="v6">
      <lines>Mi héroe es todopoderoso<br/>Él es el hijo de un gradioso Dios<br/>No ni un arma solo su palabra<br/>Es una espada con mucho poder</lines>
    </verse>
    <verse name="v7">
      <lines>----</lines>
    </verse>
  </lyrics>
</song>
