<?xml version='1.0' encoding='utf-8'?>
<song xmlns="http://openlyrics.info/namespace/2009/song" version="0.8" createdIn="OpenLP 1.9.9" modifiedIn="OpenLP 1.9.9" modifiedDate="2012-09-30T13:18:39">
  <properties>
    <titles>
      <title>minha-rainha</title>
    </titles>
    <authors>
      <author>Aline Barros</author>
    </authors>
  </properties>
  <lyrics>
    <verse name="v1">
      <lines>Minha Rainha</lines>
    </verse>
    <verse name="v2">
      <lines>O que quer dizer teu nome? Não existe tradução<br/>Uma graça de Maria fez um X na tua mão<br/>Cada dia mais amada, essa menina, essa mulher<br/>Cada pétala tirada vira mais um bem-me-quer</lines>
    </verse>
    <verse name="v3">
      <lines>E tudo que você sonhar, o teu sonho mais feliz<br/>Qualquer dia vai virar realidade<br/>E quando você precisar nos momentos mais difíceis de enfrentar<br/>Terá sempre um ombro amigo pra vc se aconchegar</lines>
    </verse>
    <verse name="v4">
      <lines>Minha rainha, minha estrela encantada<br/>Vc é iluminada pelos raios da paixão<br/>Minha rainha, fada mãe, fada madrinha<br/>Nos teus olhos se adivinha o que diz teu coração</lines>
    </verse>
    <verse name="v5">
      <lines>Escrevi teu nome num papel<br/>E depois juntei ao meu pra vc saber que nunca está sozinha<br/>Mas não cabe tudo num papel porque é grande demais<br/>O amor que tenho por você rainha</lines>
    </verse>
    <verse name="v6">
      <lines>Minha rainha, minha estrela encantada<br/>Você é iluminada pelos raios da paixão<br/>Minha rainha, fada mãe, fada madrinha<br/>Nos teus olhos se adivinha o que diz teu coração</lines>
    </verse>
    <verse name="v7">
      <lines>Quanto mais o tempo passa mais bonita você é<br/>Uma luz te acompanha onde você estiver<br/>Nosso amor é desse jeito tão sincero e natural<br/>Eu te guardo aqui no peito num lugar especial</lines>
    </verse>
    <verse name="v8">
      <lines>Minha rainha, minha estrela encantada<br/>Você é iluminada pelos raios da paixão<br/>Minha rainha, fada mãe, fada madrinha<br/>Nos teus olhos se adivinha o que diz teu coração</lines>
    </verse>
    <verse name="v9">
      <lines>Escrevi teu nome num papel<br/>E depois juntei ao meu pra você saber que nunca está sozinha<br/>Mas não cabe tudo num papel porque é grande demais<br/>O amor que tenho por vc rainha</lines>
    </verse>
    <verse name="v10">
      <lines>Oh! minha rainha, minha estrela encantada<br/>Vc é iluminada pelos raios da paixão<br/>Minha rainha, fada mãe, fada madrinha<br/>Nos teus olhos se adivinha o que diz teu coração</lines>
    </verse>
    <verse name="v11">
      <lines>----</lines>
    </verse>
  </lyrics>
</song>
