<?xml version='1.0' encoding='utf-8'?>
<song xmlns="http://openlyrics.info/namespace/2009/song" version="0.8" createdIn="OpenLP 1.9.9" modifiedIn="OpenLP 1.9.9" modifiedDate="2012-09-30T13:18:39">
  <properties>
    <titles>
      <title>minha-estrela</title>
    </titles>
    <authors>
      <author>Aline Barros</author>
    </authors>
  </properties>
  <lyrics>
    <verse name="v1">
      <lines>Minha Estrela<br/>Quando eu vejo as estrelas lá no céu<br/>Eu começo a pensar em você<br/>E no brilho do seu olhar e no teu lindo sorriso...<br/>E depois começo a imaginar como te falar<br/>O quanto eu te amo e<br/>Sofro em pensar em te perder<br/>Nunca... Será possível te esqueçer por que você estará<br/>Marcado no fundo da memória em uma página especial chamado coração...<br/>Tentei te esqueçer... Quando você me fez sofrer, mas percebi<br/>Que meu amor era maior que o mundo e o proprio sofrer..<br/>Mais o que eu faço pra mudar<br/>Eu corro atrás da esperança<br/>Por que eu sei que Deus nunca me abandonará<br/>Me proponho a continuar<br/>Mas o AMOR é uma palavra que q devemos confiar<br/>Amo Deus, amo a minha Vida<br/>Eu amo tudo isso, que Deus me deu...</lines>
    </verse>
    <verse name="v2">
      <lines>Quando eu vejo as estrelas lá no céu<br/>Eu começo a pensar em você<br/>E no brilho do seu olhar e no teu lindo sorriso...<br/>E depois começo a imaginar como te falar<br/>O quanto eu te amo e<br/>Sofro em pensar em te perder<br/>Nunca... Será possível te esqueçer por que você estará<br/>Marcado no fundo da memória em uma página especial chamado coração...<br/>Tentei te esqueçer... Quando você me fez sofrer, mas percebi<br/>Que meu amor era maior que o mundo e o proprio sofrer..<br/>Mais o que eu faço pra mudar<br/>Eu corro atrás da esperança<br/>Por que eu sei que Deus nunca me abandonará<br/>Me proponho a continuar<br/>Mas o AMOR é uma palavra que q devemos confiar<br/>Amo Deus, amo a minha Vida<br/>Eu amo tudo isso, que Deus me deu...<br/>E no brilho do seu olhar e no teu lindo sorriso...<br/>E depois começo a imaginar como te falar<br/>O quanto eu te amo e<br/>Sofro em pensar em te perder<br/>Nunca... Será possível te esqueçer por que você estará<br/>Marcado no fundo da memória em uma página especial chamado coração...<br/>Tentei te esqueçer... Quando você me fez sofrer, mas percebi<br/>Que meu amor era maior que o mundo e o proprio sofrer..<br/>Maior que o mundo e o proprio sofrer...<br/>----</lines>
    </verse>
  </lyrics>
</song>
