<?xml version='1.0' encoding='utf-8'?>
<song xmlns="http://openlyrics.info/namespace/2009/song" version="0.8" createdIn="OpenLP 1.9.9" modifiedIn="OpenLP 1.9.9" modifiedDate="2012-09-30T13:18:39">
  <properties>
    <titles>
      <title>minha-vida-entao-mudou</title>
    </titles>
    <authors>
      <author>Aline Barros</author>
    </authors>
  </properties>
  <lyrics>
    <verse name="v1">
      <lines>Minha Vida Então Mudou</lines>
    </verse>
    <verse name="v2">
      <lines>Minha vida então mudou<br/>Quando eu o vi chegar<br/>Alegria no olhar, tão feliz por aceitar</lines>
    </verse>
    <verse name="v3">
      <lines>Sim foi a primeira vez<br/>Tais palavras escutei<br/>Num momento especial<br/>Foi aí que me encontrei<br/>Meu coração viu o Rei</lines>
    </verse>
    <verse name="v4">
      <lines>E agora me conduz<br/>Pra esse sentimento diferente</lines>
    </verse>
    <verse name="v5">
      <lines>Deixe ele entrar, no teu ser te transformar<br/>Estou aqui pra te falar<br/>Coração sempre aberto<br/>Jesus é o teu amigo</lines>
    </verse>
    <verse name="v6">
      <lines>Oh vem, vem sentir a alegria<br/>De um Rei na tua vida<br/>Que te ama<br/>E deu a Sua vida por você</lines>
    </verse>
    <verse name="v7">
      <lines>----</lines>
    </verse>
  </lyrics>
</song>
