<?xml version='1.0' encoding='utf-8'?>
<song xmlns="http://openlyrics.info/namespace/2009/song" version="0.8" createdIn="OpenLP 1.9.9" modifiedIn="OpenLP 1.9.9" modifiedDate="2012-09-30T13:18:39">
  <properties>
    <titles>
      <title>mundo-da-esperanca</title>
    </titles>
    <authors>
      <author>Aline Barros</author>
    </authors>
  </properties>
  <lyrics>
    <verse name="v1">
      <lines>Mundo Da Esperança</lines>
    </verse>
    <verse name="v2">
      <lines>Brilhar como as estrelas do céu brincar com os grãos de áreia do<br/>Mar<br/>Cria um mundo só de papel viver a vida como deus quiser (2<br/>Vezes)<br/>Vou viajar no mundo da esperança e vou bricar com meu Jesus<br/>Com um sorriso de criança a vida pode ser ,mais feliz o mundo<br/>Pode ser,mais feliz<br/>-refrão-<br/>É bom viver,é bom cantar,é bom sorrir,é bom sonhar , é bom<br/>Dançar,é bom<br/>Louvar ao criador.</lines>
    </verse>
    <verse name="v3">
      <lines>----</lines>
    </verse>
  </lyrics>
</song>
