<?xml version='1.0' encoding='utf-8'?>
<song xmlns="http://openlyrics.info/namespace/2009/song" version="0.8" createdIn="OpenLP 1.9.9" modifiedIn="OpenLP 1.9.9" modifiedDate="2012-09-30T13:18:39">
  <properties>
    <titles>
      <title>nacio-jesus</title>
    </titles>
    <authors>
      <author>Aline Barros</author>
    </authors>
  </properties>
  <lyrics>
    <verse name="v1">
      <lines>Nació Jesús</lines>
    </verse>
    <verse name="v2">
      <lines>Todo comenzó con Maria y José<br/>En un lugar lejano que llamaron Nazaret<br/>Dios envió para María un aviso con el ángel Gabriel<br/>Que ella iba a dar a luz a un ser de los cielos</lines>
    </verse>
    <verse name="v3">
      <lines>Tuvieron que huir de Herodes el rey de Judea<br/>María entonces Dios a luz a su hijo en Belén</lines>
    </verse>
    <verse name="v4">
      <lines>En el cielo aparecieron ángeles y<br/>Una estrella de intesa luz porque<br/>nació Jesús</lines>
    </verse>
    <verse name="v5">
      <lines>Gloria a Dios en las alturas paz en la tierra<br/>A los hombres de buena voluntad<br/>Gloria a Dios en las alturas paz en la tierra<br/>Se cumplió las escrituras<br/>Porque nació Jesús</lines>
    </verse>
    <verse name="v6">
      <lines>----</lines>
    </verse>
  </lyrics>
</song>
