<?xml version='1.0' encoding='utf-8'?>
<song xmlns="http://openlyrics.info/namespace/2009/song" version="0.8" createdIn="OpenLP 1.9.9" modifiedIn="OpenLP 1.9.9" modifiedDate="2012-09-30T13:18:40">
  <properties>
    <titles>
      <title>nao-sejam-ansiosos</title>
    </titles>
    <authors>
      <author>Aline Barros</author>
    </authors>
  </properties>
  <lyrics>
    <verse name="v1">
      <lines>Não Sejam Ansiosos</lines>
    </verse>
    <verse name="v2">
      <lines>O mestre jesus disse: não se preocupem com a comida e com a bebida que precisam para ver, nem com a roupa que precisam para vestir. afinal, será que a vida não é mais importante que a comida?<br/>E será que o corpo não é mais importante do que as roupas? vejam os passarinhos que voam por aí: eles não semeiam, não colhem, nem ajuntam em depósitos. no enatnto o pai que está bno céu dá de comer a eles. será que vocês não valem muito mais que os passarinhos? nenhum de vocês podem vive alguns anos mais, por se preocuopar com isso.<br/>Porque vocês estão preocupados com as roupas? vejam como crescem os lírios do campo: eles não trabalham nem fazem roupas para si mesmos. mas eu afirmo que nem mesmo salomão, sendo tão rico, usava roupas tão bonitas quanto essa flores.<br/>É deus quem veste a erva do campo, que hoje floresce e amnhã desaparece, queimada no forno. então é claro que deus vestirá também vocês que tem uma fé tão pequena! portanto não fiquem preocupados, dizendo: onde é que vou arrumar comida, bebidas e roupas? os pagãos estão sempre preocupados com essas coisas. o pai de vocês, que esta´no céu, sabe que vocês preciasm de tudo isso.<br/>Portanto coloquem em primeiro lugar nas suas vidas o reino de deus e aquilo que deus quer e ele lhes dará todas as outras coisas. por isso, não fiquem preocupados com o dia de amanhã, pois o dia de amnhã trará as suas próprias preocupações., para cada dia basta suas próprias dificuldades.</lines>
    </verse>
    <verse name="v3">
      <lines>----</lines>
    </verse>
  </lyrics>
</song>
