<?xml version='1.0' encoding='utf-8'?>
<song xmlns="http://openlyrics.info/namespace/2009/song" version="0.8" createdIn="OpenLP 1.9.9" modifiedIn="OpenLP 1.9.9" modifiedDate="2012-09-30T13:18:39">
  <properties>
    <titles>
      <title>nao-atire-pau-no-gato</title>
    </titles>
    <authors>
      <author>Aline Barros</author>
    </authors>
  </properties>
  <lyrics>
    <verse name="v1">
      <lines>Não Atire o Pau No Gato</lines>
    </verse>
    <verse name="v2">
      <lines>Não atire o pau no gato, to, to<br/>Porque isso, so, so<br/>Não se faz, faz, faz<br/>Jesus Cristo, to, to<br/>Nos ensina, na, na<br/>A amar, a amar os animais<br/>Amém!</lines>
    </verse>
    <verse name="v3">
      <lines>----</lines>
    </verse>
  </lyrics>
</song>
