<?xml version='1.0' encoding='utf-8'?>
<song xmlns="http://openlyrics.info/namespace/2009/song" version="0.8" createdIn="OpenLP 1.9.9" modifiedIn="OpenLP 1.9.9" modifiedDate="2012-09-30T13:18:40">
  <properties>
    <titles>
      <title>nao-me-olhe-assim</title>
    </titles>
    <authors>
      <author>Aline Barros</author>
    </authors>
  </properties>
  <lyrics>
    <verse name="v1">
      <lines>Não Me Olhe Assim</lines>
    </verse>
    <verse name="v2">
      <lines>Não me olhe assim,<br/>Com esse ar de quem sonhou<br/>A vida inteira em me encontrar<br/>Porque eu vou acreditar<br/>Pra que falar assim<br/>Nesse tão doce mistério<br/>Se o silêncio vai dizer<br/>Coração acelerado não dá mais pra esconder<br/>E as palavrar são iguais<br/>Numa frase ou na canção<br/>Mais é nova a emoção<br/>Eu e Você</lines>
    </verse>
    <verse name="v3">
      <lines>Refrão</lines>
    </verse>
    <verse name="v4">
      <lines>Meu amor eu te decorei só num olhar<br/>O que Deus uniu e abençoou<br/>Nada pode separar<br/>Nosso amor é como um rio que se entrega para o mar<br/>Meu amor eu te decorei só num olhar<br/>É pra valer, é pra ficar<br/>Eu preciso te aprender<br/>Porque toda a minha vida eu vou te amar</lines>
    </verse>
    <verse name="v5">
      <lines>----</lines>
    </verse>
  </lyrics>
</song>
