<?xml version='1.0' encoding='utf-8'?>
<song xmlns="http://openlyrics.info/namespace/2009/song" version="0.8" createdIn="OpenLP 1.9.9" modifiedIn="OpenLP 1.9.9" modifiedDate="2012-09-30T13:18:40">
  <properties>
    <titles>
      <title>nao-ha-deus-maior</title>
    </titles>
    <authors>
      <author>Aline Barros</author>
    </authors>
  </properties>
  <lyrics>
    <verse name="v1">
      <lines>Não há Deus maior</lines>
    </verse>
    <verse name="v2">
      <lines>Não há Deus maior<br/>Não há Deus melhor<br/>Não há Deus tão grande<br/>Como o nosso Deus.</lines>
    </verse>
    <verse name="v3">
      <lines>Não há Deus maior<br/>Não há Deus melhor<br/>Não há Deus tão grande<br/>Como o nosso Deus.</lines>
    </verse>
    <verse name="v4">
      <lines>Criou o céu criou a terra<br/>Criou o Sol e as estrelas<br/>Tudo ele fez tudo criou tudo formou</lines>
    </verse>
    <verse name="v5">
      <lines>Para o seu louvor<br/>Para o seu louvor<br/>Para o seu<br/>Para o seu<br/>Para o seu louvor.</lines>
    </verse>
    <verse name="v6">
      <lines>Não há Deus maior<br/>Não há Deus melhor<br/>Não há Deus tão grande<br/>Como o nosso Deus.</lines>
    </verse>
    <verse name="v7">
      <lines>Criou o céu criou a terra<br/>Criou o Sol e as estrelas<br/>Tudo ele fez tudo criou tudo formou</lines>
    </verse>
    <verse name="v8">
      <lines>Para o seu louvor<br/>Para o seu louvor<br/>Para o seu<br/>Para o seu<br/>Para o seu louvor.</lines>
    </verse>
    <verse name="v9">
      <lines>----</lines>
    </verse>
  </lyrics>
</song>
