<?xml version='1.0' encoding='utf-8'?>
<song xmlns="http://openlyrics.info/namespace/2009/song" version="0.8" createdIn="OpenLP 1.9.9" modifiedIn="OpenLP 1.9.9" modifiedDate="2012-09-30T13:18:40">
  <properties>
    <titles>
      <title>nao-olhes-pra-tras</title>
    </titles>
    <authors>
      <author>Aline Barros</author>
    </authors>
  </properties>
  <lyrics>
    <verse name="v1">
      <lines>Não Olhes Pra Trás</lines>
    </verse>
    <verse name="v2">
      <lines>Quantas vezes, não tem mais esperança<br/>E sabe que sozinho não dá pra prosseguir<br/>Não se entregue, nem tudo está perdido<br/>Existe uma saída, você vai conseguir</lines>
    </verse>
    <verse name="v3">
      <lines>Jesus cristo pode te ajudar<br/>Mudando a sua vida, te ensina a caminhar<br/>Jesus cristo sabe teus problemas<br/>E tem a solução que pode te salvar</lines>
    </verse>
    <verse name="v4">
      <lines>Caminha ho! ho! ho! caminha<br/>Sem olhar pra trás, e em deus achará paz</lines>
    </verse>
    <verse name="v5">
      <lines>Muitas vezes em meio a tormenta<br/>A tentação é grande de se voltar atrás<br/>Quantas vezes quer se perder o rumo<br/>Se anda sem destino, pra nenhum lugar</lines>
    </verse>
    <verse name="v6">
      <lines>Jesus cristo pode te ajudar<br/>Mudando a sua vida, te ensina a caminhar<br/>Jesus cristo sabe teus problemas<br/>E tem a solução que pode te salvar</lines>
    </verse>
    <verse name="v7">
      <lines>Caminha ho! ho! ho! caminha<br/>Sem olhar pra trás, e em deus achará paz<br/>Caminha ho! ho! ho! caminha<br/>Sem olhar pra trás, e em deus achará paz</lines>
    </verse>
    <verse name="v8">
      <lines>----</lines>
    </verse>
  </lyrics>
</song>
