<?xml version='1.0' encoding='utf-8'?>
<song xmlns="http://openlyrics.info/namespace/2009/song" version="0.8" createdIn="OpenLP 1.9.9" modifiedIn="OpenLP 1.9.9" modifiedDate="2012-09-30T13:18:40">
  <properties>
    <titles>
      <title>nao-temas</title>
    </titles>
    <authors>
      <author>Aline Barros</author>
    </authors>
  </properties>
  <lyrics>
    <verse name="v1">
      <lines>Não Temas</lines>
    </verse>
    <verse name="v2">
      <lines>Não temas<br/>Não temas<br/>Não temas... não!<br/>Não temas</lines>
    </verse>
    <verse name="v3">
      <lines>Agindo Deus, quem impedirá?<br/>Agindo Deus, quem impedirá?<br/>Agindo Deus, quem impedirá?<br/>Agindo Deus, quem impedirá?</lines>
    </verse>
    <verse name="v4">
      <lines>Quando andares pelas águas<br/>Não te afogarás<br/>Quando andares pelo fogo<br/>Não te queimarás<br/>Não temas, Sou contigo<br/>Agindo Deus, quem impedirá?</lines>
    </verse>
    <verse name="v5">
      <lines>----</lines>
    </verse>
  </lyrics>
</song>
