<?xml version='1.0' encoding='utf-8'?>
<song xmlns="http://openlyrics.info/namespace/2009/song" version="0.8" createdIn="OpenLP 1.9.9" modifiedIn="OpenLP 1.9.9" modifiedDate="2012-09-30T13:18:40">
  <properties>
    <titles>
      <title>nao-ha-razao</title>
    </titles>
    <authors>
      <author>Aline Barros</author>
    </authors>
  </properties>
  <lyrics>
    <verse name="v1">
      <lines>Não Há Razão</lines>
    </verse>
    <verse name="v2">
      <lines>As coisas já não andam bem<br/>E passa a noite sem dormir<br/>Te dá vontade de sumir<br/>Não ser ninguém<br/>E coisas sem respostas vê<br/>Então continuar pra que?<br/>Será que alguém conhece<br/>a dor de um coração?<br/>Sua resposta está adiante dos teus olhos<br/>É o Senhor que gosta tanto de você</lines>
    </verse>
    <verse name="v3">
      <lines>Não há razão pra você sofrer<br/>Não há razão pra você chorar<br/>Cristo foi quem te falou<br/>Ele já conhecia a tua dor<br/>Então não demore demais<br/>Ele ainda te ama, te chama e te quer</lines>
    </verse>
    <verse name="v4">
      <lines>Será que é tão difícil ver<br/>Que Deus se importa com você<br/>E as noites que você perdeu<br/>A todas contou<br/>Espera tua decisão<br/>E sabe do teu coração<br/>Não vai sofrer sem o Senhor te socorrer<br/>Sua resposta está diante dos teus olhos<br/>É o Senhor que gosta tanto de você</lines>
    </verse>
    <verse name="v5">
      <lines>----</lines>
    </verse>
  </lyrics>
</song>
