<?xml version='1.0' encoding='utf-8'?>
<song xmlns="http://openlyrics.info/namespace/2009/song" version="0.8" createdIn="OpenLP 1.9.9" modifiedIn="OpenLP 1.9.9" modifiedDate="2012-09-30T13:18:40">
  <properties>
    <titles>
      <title>nasceu-jesus</title>
    </titles>
    <authors>
      <author>Aline Barros</author>
    </authors>
  </properties>
  <lyrics>
    <verse name="v1">
      <lines>Nasceu Jesus</lines>
    </verse>
    <verse name="v2">
      <lines>Tudo começou com Maria e José<br/>Num lugar longe daqui<br/>Chamando Nazaré<br/>E Deus mandou para Maria<br/>Um aviso pelo anjo Gabriel<br/>Que ela então daria à luz<br/>A um ser de la do céu<br/>Tiveram que fugir de Herodes<br/>O rei da Judeia<br/>Maria Então foi conceber<br/>Seu filho em Belém<br/>No céu apareceram anjos<br/>E uma estrala de intensa luz<br/>Porque nasceu Jesus ( Bis)</lines>
    </verse>
    <verse name="v3">
      <lines>Gloria a Deus lá nas alturas<br/>Paz na Terra<br/>Aos homens de boa vontade<br/>Glória a Deus lá nas alturas<br/>Se cumpriram as escrituras<br/>Porque nasceu Jesus</lines>
    </verse>
    <verse name="v4">
      <lines>----</lines>
    </verse>
  </lyrics>
</song>
