<?xml version='1.0' encoding='utf-8'?>
<song xmlns="http://openlyrics.info/namespace/2009/song" version="0.8" createdIn="OpenLP 1.9.9" modifiedIn="OpenLP 1.9.9" modifiedDate="2012-09-30T13:18:42">
  <properties>
    <titles>
      <title>nicolas</title>
    </titles>
    <authors>
      <author>Aline Barros</author>
    </authors>
  </properties>
  <lyrics>
    <verse name="v1">
      <lines>Nicolas</lines>
    </verse>
    <verse name="v2">
      <lines>Nasce um fruto de um grande amor, Pai,<br/>Os meus olhos podem comtemplar expressão maior do Teu poder, Pai<br/>É tanta alegria no meu coração!<br/>E mesmo que chorando ou sorrindo<br/>Tua doce voz me diz que És fiel.</lines>
    </verse>
    <verse name="v3">
      <lines>O maior milagre aconteceu, Pai.<br/>Um novo coração pulsando como o Teu<br/>Momento lindo em que recebemos Nicolas é o fruto que o Senhor nos deu.<br/>Vitorioso quer dizer seu nome, menino precioso aos olhos Teus.</lines>
    </verse>
    <verse name="v4">
      <lines>Eu vou profetizar: sua vida frutos dará...<br/>Eu sei que por onde passar uma nova história Deus escreverá.</lines>
    </verse>
    <verse name="v5">
      <lines>----</lines>
    </verse>
  </lyrics>
</song>
