<?xml version='1.0' encoding='utf-8'?>
<song xmlns="http://openlyrics.info/namespace/2009/song" version="0.8" createdIn="OpenLP 1.9.9" modifiedIn="OpenLP 1.9.9" modifiedDate="2012-09-30T13:18:42">
  <properties>
    <titles>
      <title>no-amor-de-deus</title>
    </titles>
    <authors>
      <author>Aline Barros</author>
    </authors>
  </properties>
  <lyrics>
    <verse name="v1">
      <lines>No Amor de Deus</lines>
    </verse>
    <verse name="v2">
      <lines>O Teu amor eu encontrei<br/>Na mais linda flor que meus olhos viram<br/>Teu doce olhar<br/>Que ao meu coração falou e conquistou<br/>Como um sonho sem acordar</lines>
    </verse>
    <verse name="v3">
      <lines>Foi Deus que fez você, na pureza desse amor<br/>Que fez nossa união em um só coração<br/>No amor de Deus eu amo você a cada dia<br/>No amor de Deus nós três somos uma só família<br/>No amor de Deus eu tenho você para todo e sempre<br/>No amor de Deus você foi o meu melhor presente<br/>Meu bem eterno de amor<br/>Foi Deus que me deu você</lines>
    </verse>
    <verse name="v4">
      <lines>Teu amor eu encontrei<br/>Na mais linda flor que meus olhos viram<br/>Teu doce olhar<br/>Que ao meu coração falou e conquistou<br/>Como um sonho sem acordar</lines>
    </verse>
    <verse name="v5">
      <lines>Foi Deus que fez você, na pureza desse amor<br/>Que fez nossa união em um só coração<br/>No amor de Deus eu amo você a cada dia<br/>No amor de Deus nós três somos uma só família<br/>No amor de Deus tenho você para todo e sempre<br/>No amor de deus você foi o meu melhor presente<br/>Meu bem eterno de amor</lines>
    </verse>
    <verse name="v6">
      <lines>No amor de Deus eu amo você a cada dia<br/>No amor de Deus nós três somos uma só família<br/>No amor de Deus tenho você para todo e sempre<br/>No amor de Deus você foi o meu melhor presente<br/>Meu bem eterno de amor (2x)<br/>Foi Deus que me deu você</lines>
    </verse>
    <verse name="v7">
      <lines>----</lines>
    </verse>
  </lyrics>
</song>
