<?xml version='1.0' encoding='utf-8'?>
<song xmlns="http://openlyrics.info/namespace/2009/song" version="0.8" createdIn="OpenLP 1.9.9" modifiedIn="OpenLP 1.9.9" modifiedDate="2012-09-30T13:18:42">
  <properties>
    <titles>
      <title>noite-de-paz</title>
    </titles>
    <authors>
      <author>Aline Barros</author>
    </authors>
  </properties>
  <lyrics>
    <verse name="v1">
      <lines>Noite de paz</lines>
    </verse>
    <verse name="v2">
      <lines>Noite de paz, noite de amor<br/>Tudo dorme em derredor<br/>Entre os astros que espargem a luz<br/>Proclamando o menino jesus<br/>Brilha a estrela da paz<br/>Brilha a estrela da paz</lines>
    </verse>
    <verse name="v3">
      <lines>Noite de paz, noite de amor<br/>Nas campinas, ao pastor<br/>Lindos anjos mandados por deus<br/>Anunciam a nova dos céus<br/>Nasce o bom salvador<br/>Nasce o bom salvador</lines>
    </verse>
    <verse name="v4">
      <lines>Noite de paz, noite de amor<br/>Oh! que belo resplendor<br/>Ilumina o menino jesus<br/>Ano presépio do mundo, eis a luz<br/>Sol de eterno fulgor<br/>Sol de eterno fulgor</lines>
    </verse>
    <verse name="v5">
      <lines>----</lines>
    </verse>
  </lyrics>
</song>
