<?xml version='1.0' encoding='utf-8'?>
<song xmlns="http://openlyrics.info/namespace/2009/song" version="0.8" createdIn="OpenLP 1.9.9" modifiedIn="OpenLP 1.9.9" modifiedDate="2012-09-30T13:18:42">
  <properties>
    <titles>
      <title>nos-ensina-oh-deus</title>
    </titles>
    <authors>
      <author>Aline Barros</author>
    </authors>
  </properties>
  <lyrics>
    <verse name="v1">
      <lines>Nos Ensina Óh Deus</lines>
    </verse>
    <verse name="v2">
      <lines>Deus é perfeito em tudo o que criou<br/>E o que ele fez, fez com tão grande amor<br/>Fez você pra mim e me deu em um momento especial<br/>Vou cuidar de ti pra sempre, com amor sem igual<br/>Nada e ninguém no mundo vai nos separar<br/>O que deus uniu, selado vai ficar</lines>
    </verse>
    <verse name="v3">
      <lines>Refrão</lines>
    </verse>
    <verse name="v4">
      <lines>Nos ensina óh deus<br/>A cuidarmos dessa união<br/>Nos ensina óh deus<br/>A buscarmos sempre a tua direção<br/>Na alegria e na tristeza vamos sempre tte louvar<br/>E sermos luz aonde o senhor nos levar</lines>
    </verse>
    <verse name="v5">
      <lines>----</lines>
    </verse>
  </lyrics>
</song>
