<?xml version='1.0' encoding='utf-8'?>
<song xmlns="http://openlyrics.info/namespace/2009/song" version="0.8" createdIn="OpenLP 1.9.9" modifiedIn="OpenLP 1.9.9" modifiedDate="2012-09-30T13:18:43">
  <properties>
    <titles>
      <title>nos-prostamos</title>
    </titles>
    <authors>
      <author>Aline Barros</author>
    </authors>
  </properties>
  <lyrics>
    <verse name="v1">
      <lines>Nos Prostamos</lines>
    </verse>
    <verse name="v2">
      <lines>Ricos y pobres<br/>Hijos e hijas<br/>Prostados ante ti<br/>Buenos y malos<br/>Justos y injustos<br/>Un dia a Dios verán</lines>
    </verse>
    <verse name="v3">
      <lines>Coro<br/>Y se prostarán<br/>Reyes sus reinos darán<br/>Y adorarán a Cristo<br/>El gran amor de Dios</lines>
    </verse>
    <verse name="v4">
      <lines>Prados y rios<br/>Invierno y verano<br/>Adoran el Salvador<br/>Santo y glorioso<br/>Amigo del pobre<br/>Por siempre El reinará</lines>
    </verse>
    <verse name="v5">
      <lines>Y se prostarán<br/>Reyes sus reinos darán<br/>Y adorarán a Cristo<br/>El gran amor de Dios<br/>Infalible amor</lines>
    </verse>
    <verse name="v6">
      <lines>Del mundo es la luz<br/>Señor de la cruz<br/>Y se prostarán<br/>Reyes sus reinos darán<br/>Y adorarán a Cristo<br/>Y adorarán a Cristo<br/>Y adorarán a Cristo<br/>El gran amor<br/>Infalible amor<br/>El gran amor de Dios</lines>
    </verse>
    <verse name="v7">
      <lines>----</lines>
    </verse>
  </lyrics>
</song>
