<?xml version='1.0' encoding='utf-8'?>
<song xmlns="http://openlyrics.info/namespace/2009/song" version="0.8" createdIn="OpenLP 1.9.9" modifiedIn="OpenLP 1.9.9" modifiedDate="2012-09-30T13:18:43">
  <properties>
    <titles>
      <title>nossos-planos</title>
    </titles>
    <authors>
      <author>Aline Barros</author>
    </authors>
  </properties>
  <lyrics>
    <verse name="v1">
      <lines>Nossos Planos</lines>
    </verse>
    <verse name="v2">
      <lines>Nem sempre<br/>O que temos nas mãos é o melhor pra nós<br/>O que vemos então<br/>É o que Deus preparou<br/>Os planos do Senhor Vão além do que podemos ver</lines>
    </verse>
    <verse name="v3">
      <lines>Nem sempre<br/>A melhor decisão é seguir em frente<br/>Em momentos talvez se calar por completo<br/>É o melhor para ouvir a Deus</lines>
    </verse>
    <verse name="v4">
      <lines>Nossos Planos são enganos<br/>Se não forem projetados por Deus<br/>Como folha seca levada pelo vento<br/>Assim corre a vida sem Deus</lines>
    </verse>
    <verse name="v5">
      <lines>É melhor construir nos planos do Senhor<br/>Bem melhor garantir um lugar seguro<br/>Se tiver que agir que seja no Senhor<br/>Só Ele sabe o futuro.</lines>
    </verse>
    <verse name="v6">
      <lines>Deus é fiel!!!:-)</lines>
    </verse>
    <verse name="v7">
      <lines>----</lines>
    </verse>
  </lyrics>
</song>
