<?xml version='1.0' encoding='utf-8'?>
<song xmlns="http://openlyrics.info/namespace/2009/song" version="0.8" createdIn="OpenLP 1.9.9" modifiedIn="OpenLP 1.9.9" modifiedDate="2012-09-30T13:18:43">
  <properties>
    <titles>
      <title>o-alfabeto</title>
    </titles>
    <authors>
      <author>Aline Barros</author>
    </authors>
  </properties>
  <lyrics>
    <verse name="v1">
      <lines>O Alfabeto</lines>
    </verse>
    <verse name="v2">
      <lines>A,B,C,D,E,F,G,H,<br/>I,J,L,M,N,O,P,Q,<br/>R,S,T,U,V,X e Z</lines>
    </verse>
    <verse name="v3">
      <lines>Eu já aprendi. Quer ver?<br/>Vou mostrar pra você,<br/>O alfabeto eu aprendi<br/>Vou cantar, pode crer</lines>
    </verse>
    <verse name="v4">
      <lines>A,B,C...</lines>
    </verse>
    <verse name="v5">
      <lines>O alfabeto eu aprendi<br/>Jesus me deu sabedoria<br/>As letrinhas vou usar<br/>Dia e noite, noite e dia.</lines>
    </verse>
    <verse name="v6">
      <lines>A,B,C...</lines>
    </verse>
    <verse name="v7">
      <lines>----</lines>
    </verse>
  </lyrics>
</song>
