<?xml version='1.0' encoding='utf-8'?>
<song xmlns="http://openlyrics.info/namespace/2009/song" version="0.8" createdIn="OpenLP 1.9.9" modifiedIn="OpenLP 1.9.9" modifiedDate="2012-09-30T13:18:44">
  <properties>
    <titles>
      <title>o-amor</title>
    </titles>
    <authors>
      <author>Aline Barros</author>
    </authors>
  </properties>
  <lyrics>
    <verse name="v1">
      <lines>O Amor</lines>
    </verse>
    <verse name="v2">
      <lines>Se eu tivesse o dom de falar em outras línguas, sem tê-la aprendido, e se pudesse falar em qualquer idioma que há na terra ou no céu, mas nã tivesse amor, as minhas palavras seriam como o barulho do gongo ou o som do sino.<br/>Poderia ter o dom de anunciar mensagens de deus, ter todo o conhecimento, entender todos os segredos e tanta fé ao ponto de tirar as montanhas dos lugares, mas, senão tivesse amor eu não seria nada. se eu desse aos pobres tudo o que tenho e até entregasse o meu corpo para ser queimado, mas não tivesse amor, isso não teria valor algum.<br/>O amor é muito paciente e bondoso, o amor não é ciumento, nem orgulhoso, nem vaidoso. não é arrogante, nem egoísta. não se irrita, nem fica magoado. o amor não se alegra com a injustiça, mas fica feliz com a verdade. ele nunca desanima, porém suporta tudo com fé, esperança e paciência, oamor é eterno.<br/>Há mensagens espirituais, mas durarão pouco. existem dons de falar línguas estranhas, mas acabarão logo. há conhecimento, mas terminará também. pois os nossos dons de conhecimento e as nossas mensagens espirituais existem somente em parte. mas quando vier o que é perfeito, então o que existe em parte será extinto.<br/>Quando eu era menino, a minha maneira de falar, de sentir e de pensar era de menino. agora que já sou homem, não tenho mais essas coisas de menino.<br/>Agora só podemos ver e compreender um pouquinho de deus, com se estivéssemos observando seu reflexo num espelho muito ruim, mas chegará o dia em que o veremos integralmente face a face.<br/>Tudo quanto sei agora é obscuro e confuso, mas depois verei tudo com clareza, tão claramente quanto deus está vendo agora mesmo o interior do meu coração. agora, pois, permanecem três coisas: a fé, a esperança e o amor. porém, a maior delas é o amor.</lines>
    </verse>
    <verse name="v3">
      <lines>----</lines>
    </verse>
  </lyrics>
</song>
