<?xml version='1.0' encoding='utf-8'?>
<song xmlns="http://openlyrics.info/namespace/2009/song" version="0.8" createdIn="OpenLP 1.9.9" modifiedIn="OpenLP 1.9.9" modifiedDate="2012-09-30T13:18:44">
  <properties>
    <titles>
      <title>o-barco-balancou</title>
    </titles>
    <authors>
      <author>Aline Barros</author>
    </authors>
  </properties>
  <lyrics>
    <verse name="v1">
      <lines>O barco balançou</lines>
    </verse>
    <verse name="v2">
      <lines>Deus mandou,<br/>Mas jonas não quis ir<br/>Deus falou<br/>Jonas não quis ouvir</lines>
    </verse>
    <verse name="v3">
      <lines>E o barco balançou<br/>E o barco balançou<br/>Quando lançaram jonas<br/>Foi que o mar se acalmou</lines>
    </verse>
    <verse name="v4">
      <lines>E na barriga da baleia<br/>Jonas foi parar<br/>Naquele barrigão<br/>Pra lá e pra cá<br/>Três dias e três noites<br/>E ela enjoou<br/>Deus disse:<br/>"deixa ele na praia<br/>Pra falar do meu amor</lines>
    </verse>
    <verse name="v5">
      <lines>----</lines>
    </verse>
  </lyrics>
</song>
