<?xml version='1.0' encoding='utf-8'?>
<song xmlns="http://openlyrics.info/namespace/2009/song" version="0.8" createdIn="OpenLP 1.9.9" modifiedIn="OpenLP 1.9.9" modifiedDate="2012-09-30T13:18:44">
  <properties>
    <titles>
      <title>o-clubinho</title>
    </titles>
    <authors>
      <author>Aline Barros</author>
    </authors>
  </properties>
  <lyrics>
    <verse name="v1">
      <lines>O Clubinho</lines>
    </verse>
    <verse name="v2">
      <lines>O clubinho é um lugar no nosso coração<br/>Sem medo, sem maldade, é pura diversão.<br/>Pra entrar neste clubinho tem que crer e imaginar<br/>E ser como uma criança para o mundo transformar</lines>
    </verse>
    <verse name="v3">
      <lines>No clubinho eu vou louvar... Ahhhhhhhh<br/>E fora dele também... Ouuuuuuuu<br/>Jesus Cristo é minha alegria... Ehhhhh<br/>E de toda a minha família! Glória! Aleluia e Amém!</lines>
    </verse>
    <verse name="v4">
      <lines>Neste sonho de clubinho os bichos vão falar<br/>Os pais vão pagar mico e a família gargalhar<br/>O clubinho vai crescer e logo se tornar<br/>Uma geração saudável para o mundo impactar</lines>
    </verse>
    <verse name="v5">
      <lines>No clubinho eu vou louvar... Ahhhhhhhh<br/>E fora dele também... Ouuuuuuuu<br/>Jesus Cristo é minha alegria... Ehhhhh<br/>E de toda a minha família! Glória! Aleluia e Amém!</lines>
    </verse>
    <verse name="v6">
      <lines>----</lines>
    </verse>
  </lyrics>
</song>
