<?xml version='1.0' encoding='utf-8'?>
<song xmlns="http://openlyrics.info/namespace/2009/song" version="0.8" createdIn="OpenLP 1.9.9" modifiedIn="OpenLP 1.9.9" modifiedDate="2012-09-30T13:18:45">
  <properties>
    <titles>
      <title>o-meu-heroi</title>
    </titles>
    <authors>
      <author>Aline Barros</author>
    </authors>
  </properties>
  <lyrics>
    <verse name="v1">
      <lines>O Meu Herói</lines>
    </verse>
    <verse name="v2">
      <lines>O meu herói não é um herói de brinquedo<br/>O meu herói não é um herói de papel<br/>O meu herói não é um desenho animado<br/>Igual aquele que assisti na TV<br/>O meu herói não usa máscara negra<br/>Nem espinafre como força e poder<br/>O meu herói não se disfarça em nada<br/>Nem se esconde atrás de uma TV</lines>
    </verse>
    <verse name="v3">
      <lines>O meu herói é Todo-Poderoso<br/>Ele é mais forte que o Super Man<br/>É só orar que ele aparece<br/>Vem rapidinho pra me socorrer!<br/>O meu herói é Todo-Poderoso<br/>Ele é o filho do Grande Deus<br/>Não usa um martelo, mas sua palavra<br/>É uma espada com muito poder</lines>
    </verse>
    <verse name="v4">
      <lines>Jesus é meu Herói!<br/>Jesus é meu Herói!<br/>Jesus é meu Herói!<br/>E vai me proteger!</lines>
    </verse>
    <verse name="v5">
      <lines>Jesus é meu Herói!<br/>Jesus é meu Herói!<br/>Jesus é meu Herói!<br/>Com Ele eu vou vencer!</lines>
    </verse>
    <verse name="v6">
      <lines>----</lines>
    </verse>
  </lyrics>
</song>
