<?xml version='1.0' encoding='utf-8'?>
<song xmlns="http://openlyrics.info/namespace/2009/song" version="0.8" createdIn="OpenLP 1.9.9" modifiedIn="OpenLP 1.9.9" modifiedDate="2012-09-30T13:18:45">
  <properties>
    <titles>
      <title>o-poder-do-teu-amor</title>
    </titles>
    <authors>
      <author>Aline Barros</author>
    </authors>
  </properties>
  <lyrics>
    <verse name="v1">
      <lines>O Poder Do Teu Amor</lines>
    </verse>
    <verse name="v2">
      <lines>Venho a ti Senhor, muda-me, renova-me<br/>Pela graça que somente encontrei em ti<br/>Agora sei que as debilidades que há em mim<br/>Não prevalecerão, pelo poder desse amor.</lines>
    </verse>
    <verse name="v3">
      <lines>Cobre-me, com teu amor, me envolve<br/>Toma- me, perto quero estar;<br/>E por esperar, novas forças eu terei;<br/>E me levantarei, como águia voarei;<br/>Pelo poder desse amor<br/>Pelo poder desse amor<br/>Pelo poder desse amor</lines>
    </verse>
    <verse name="v4">
      <lines>Eu quero te ver, face a face, oh senhor<br/>E conhecer assim, mais de ti em mim;<br/>Prepara-me senhor pra fazer o teu querer<br/>Vivendo cada dia, pelo poder desse amor</lines>
    </verse>
    <verse name="v5">
      <lines>Cobre- me, com teu amor, me envolve, oh! Senhor....<br/>Toma- me, perto quero estar;<br/>E por esperar, novas forças eu terei;<br/>E me levantarei, como águia voarei;<br/>Pelo poder desse amor</lines>
    </verse>
    <verse name="v6">
      <lines>Cobre-me, com teu amor, me envolve oh!Senhor...<br/>Toma- me, perto quero estar;</lines>
    </verse>
    <verse name="v7">
      <lines>E por esperar, novas forças eu terei;<br/>E me levantarei, como águia voa rei;<br/>Pelo poder desse amor (desse amor uo )<br/>Pelo poder desse amor (desse amor uo )<br/>Pelo poder desse amor (desse amor uo )<br/>Pelo poder desse amor (desse amor uo )<br/>Pelo poder desse amor (desse amor uo )<br/>Pelo poder desse amor (desse amor uo )<br/>Pelo poder desse amor (desse amor uo )<br/>Amor... Amor</lines>
    </verse>
    <verse name="v8">
      <lines>----</lines>
    </verse>
  </lyrics>
</song>
