<?xml version='1.0' encoding='utf-8'?>
<song xmlns="http://openlyrics.info/namespace/2009/song" version="0.8" createdIn="OpenLP 1.9.9" modifiedIn="OpenLP 1.9.9" modifiedDate="2012-09-30T13:18:44">
  <properties>
    <titles>
      <title>oferta-de-louvor</title>
    </titles>
    <authors>
      <author>Aline Barros</author>
    </authors>
  </properties>
  <lyrics>
    <verse name="v1">
      <lines>Oferta de Louvor</lines>
    </verse>
    <verse name="v2">
      <lines>Quando estamos juntos bate forte o coração<br/>Eu sei nossa amizade vem de deus<br/>E nada vai nos separar<br/>Pois foi jesus quem nos uniu<br/>Cantaremos juntos pra o teu louvor</lines>
    </verse>
    <verse name="v3">
      <lines>Lutas nós passamos<br/>Dores e tribulações<br/>Mas o amor de deus prevaleceu<br/>Nós somos projeto do senhor<br/>Não vale encanto contra nós<br/>Vamos juntos entoar numa só voz</lines>
    </verse>
    <verse name="v4">
      <lines>Refrão:</lines>
    </verse>
    <verse name="v5">
      <lines>Vem e aceita oh senhor<br/>A nossa oferta de amor<br/>Nós estamos juntos só pra te adorar<br/>Recebe a nossa gratidão<br/>Fruto da nossa comunhão<br/>Como aroma agradavel em teu altar</lines>
    </verse>
    <verse name="v6">
      <lines>----</lines>
    </verse>
  </lyrics>
</song>
