<?xml version='1.0' encoding='utf-8'?>
<song xmlns="http://openlyrics.info/namespace/2009/song" version="0.8" createdIn="OpenLP 1.9.9" modifiedIn="OpenLP 1.9.9" modifiedDate="2012-09-30T13:18:44">
  <properties>
    <titles>
      <title>oh-dios-mi-dios-traducao</title>
    </titles>
    <authors>
      <author>Aline Barros</author>
    </authors>
  </properties>
  <lyrics>
    <verse name="v1">
      <lines>Oh Dios Mi Dios (tradução)</lines>
    </verse>
    <verse name="v2">
      <lines>Oh Deus, meu Deus<br/>Magnífico é o teu nome<br/>Oh Deus, meu Deus<br/>Glorioso é o teu nome</lines>
    </verse>
    <verse name="v3">
      <lines>Oh Deus, meu Deus<br/>Magnífico é o teu nome<br/>Oh Deus, meu Deus<br/>Glorioso é o teu nome</lines>
    </verse>
    <verse name="v4">
      <lines>Levantaste da cruz<br/>E o teu poder me alcançou<br/>E teu perdão fluiu em mim<br/>E a cada dia eu viverei por ti</lines>
    </verse>
    <verse name="v5">
      <lines>Te adorarei em todo o tempo<br/>Em todo o tempo te exaltarei</lines>
    </verse>
    <verse name="v6">
      <lines>----</lines>
    </verse>
  </lyrics>
</song>
