<?xml version='1.0' encoding='utf-8'?>
<song xmlns="http://openlyrics.info/namespace/2009/song" version="0.8" createdIn="OpenLP 1.9.9" modifiedIn="OpenLP 1.9.9" modifiedDate="2012-09-30T13:18:45">
  <properties>
    <titles>
      <title>os-discipulos</title>
    </titles>
    <authors>
      <author>Aline Barros</author>
    </authors>
  </properties>
  <lyrics>
    <verse name="v1">
      <lines>Os discípulos</lines>
    </verse>
    <verse name="v2">
      <lines>Muitas pessoas aprendem Português,<br/>Matemática, Física e até Biologia<br/>Mas não sabem os nomes dos discípulos de Jesus<br/>Eu vou ensinar para vocês, é assim:</lines>
    </verse>
    <verse name="v3">
      <lines>Cristo aos doze escolheu:<br/>Pedro, André, Tomé, Tadeu, Tiago. João de Zebedeu,<br/>Tiago filho de Alfeu</lines>
    </verse>
    <verse name="v4">
      <lines>Mateus, Simão o cananeu, Felipe e Bartolomeu<br/>Judas, que a Jesus cedeu, e por dinheiro o vendeu</lines>
    </verse>
    <verse name="v5">
      <lines>E aí, aprendeu? Não? (Risos)</lines>
    </verse>
    <verse name="v6">
      <lines>Não sabe, não sabe, vai ter que aprender<br/>Domingo na igreja na classe da EBD<br/>Eu vou ensinar mais uma vez, hein!!</lines>
    </verse>
    <verse name="v7">
      <lines>Cristo aos doze escolheu:<br/>Pedro, André, Tomé, Tadeu, Tiago. João de Zebedeu,<br/>Tiago filho de Alfeu</lines>
    </verse>
    <verse name="v8">
      <lines>Mateus, Simão o cananeu, Felipe e Bartolomeu<br/>Judas, que a Jesus cedeu, e por dinheiro o vendeu</lines>
    </verse>
    <verse name="v9">
      <lines>----</lines>
    </verse>
  </lyrics>
</song>
