<?xml version='1.0' encoding='utf-8'?>
<song xmlns="http://openlyrics.info/namespace/2009/song" version="0.8" createdIn="OpenLP 1.9.9" modifiedIn="OpenLP 1.9.9" modifiedDate="2012-09-30T13:18:45">
  <properties>
    <titles>
      <title>pai-te-amo</title>
    </titles>
    <authors>
      <author>Aline Barros</author>
    </authors>
  </properties>
  <lyrics>
    <verse name="v1">
      <lines>Pai Te Amo</lines>
    </verse>
    <verse name="v2">
      <lines>Pai eu te amo<br/>TE louvo e te adoro<br/>Glória ao teu nome<br/>Em toda terra<br/>Cristo eu te amo<br/>Te louvo<br/>E te adoro<br/>Glória ao teu nome<br/>Em toda Terra<br/>Gloria ao teu nome (3x)<br/>Em toda Terra<br/>Espírito eu te amo<br/>Te louvo<br/>E te adoro<br/>Glória ao teu nome (3x)<br/>Em toda Terra</lines>
    </verse>
    <verse name="v3">
      <lines>----</lines>
    </verse>
  </lyrics>
</song>
