<?xml version='1.0' encoding='utf-8'?>
<song xmlns="http://openlyrics.info/namespace/2009/song" version="0.8" createdIn="OpenLP 1.9.9" modifiedIn="OpenLP 1.9.9" modifiedDate="2012-09-30T13:18:47">
  <properties>
    <titles>
      <title>para-sempre-te-adorarei</title>
    </titles>
    <authors>
      <author>Aline Barros</author>
    </authors>
  </properties>
  <lyrics>
    <verse name="v1">
      <lines>Para Sempre te Adorarei</lines>
    </verse>
    <verse name="v2">
      <lines>Rei dos reis aqui estou<br/>Rendo a Ti o meu louvor e adoração<br/>Pois Tu és Deus acima dos céus, acima de nós</lines>
    </verse>
    <verse name="v3">
      <lines>O universo se formou<br/>Com a Tua voz o mundo inteiro veio a existir<br/>Verbo de Deus, Princípio e Fim</lines>
    </verse>
    <verse name="v4">
      <lines>E eu te louvarei Senhor, levantando a Ti minhas mãos<br/>Com canções de amor Te exaltarei, ministrando com meu coração<br/>Para sempre Te adorarei, para sempre Te adorarei</lines>
    </verse>
    <verse name="v5">
      <lines>Nada pode calar,<br/>Nada pode deter<br/>Minha consagração.</lines>
    </verse>
    <verse name="v6">
      <lines>----</lines>
    </verse>
  </lyrics>
</song>
