<?xml version='1.0' encoding='utf-8'?>
<song xmlns="http://openlyrics.info/namespace/2009/song" version="0.8" createdIn="OpenLP 1.9.9" modifiedIn="OpenLP 1.9.9" modifiedDate="2012-09-30T13:18:46">
  <properties>
    <titles>
      <title>para-darte-toda-gloria-honor-traducao</title>
    </titles>
    <authors>
      <author>Aline Barros</author>
    </authors>
  </properties>
  <lyrics>
    <verse name="v1">
      <lines>Para Darte Toda Gloria y Honor (tradução)</lines>
    </verse>
    <verse name="v2">
      <lines>Para Te Dar Toda Glória E Louvor</lines>
    </verse>
    <verse name="v3">
      <lines>Humildemente venho a ti<br/>Renova o teu Espírito em mim<br/>Tua graça divina, quero de ti<br/>Aviva o teu fogo em mim</lines>
    </verse>
    <verse name="v4">
      <lines>(REFRÃO)<br/>Para te dar toda glória e louvor<br/>Para confessar que tu és Senhor<br/>Para erguer as minhas em adoração<br/>E para sempre declarar que és o meu Deus</lines>
    </verse>
    <verse name="v5">
      <lines>Meu desejo és tu, amado Jesus<br/>Surpreende, te desejo</lines>
    </verse>
    <verse name="v6">
      <lines>----</lines>
    </verse>
  </lyrics>
</song>
