<?xml version='1.0' encoding='utf-8'?>
<song xmlns="http://openlyrics.info/namespace/2009/song" version="0.8" createdIn="OpenLP 1.9.9" modifiedIn="OpenLP 1.9.9" modifiedDate="2012-09-30T13:18:45">
  <properties>
    <titles>
      <title>parabens-pra-voce</title>
    </titles>
    <authors>
      <author>Aline Barros</author>
    </authors>
  </properties>
  <lyrics>
    <verse name="v1">
      <lines>Parabéns pra você</lines>
    </verse>
    <verse name="v2">
      <lines>Hoje é o dia do seu aniversário<br/>Que dia feliz que dia abençoado<br/>Desde o berçário primeiro chorinho<br/>Deus já te guardava com tanto carinho</lines>
    </verse>
    <verse name="v3">
      <lines>Jesus é o melhor presente pra você<br/>De todas as horas um amigão<br/>Tá guardadinho aí nessa caixinha<br/>Em forma de coração</lines>
    </verse>
    <verse name="v4">
      <lines>Parabéns, parabéns pra você<br/>Parabéns nessa data querida<br/>Parabéns, parabéns pra você<br/>Deus te dê muitos anos de vida</lines>
    </verse>
    <verse name="v5">
      <lines>É benção, é benção<br/>É benção, é benção, é benção<br/>Eu oro, eu oro,<br/>Eu oro, eu oro, eu oro<br/>Por mais um ....<br/>Ano de vida</lines>
    </verse>
    <verse name="v6">
      <lines>----</lines>
    </verse>
  </lyrics>
</song>
