<?xml version='1.0' encoding='utf-8'?>
<song xmlns="http://openlyrics.info/namespace/2009/song" version="0.8" createdIn="OpenLP 1.9.9" modifiedIn="OpenLP 1.9.9" modifiedDate="2012-09-30T13:18:47">
  <properties>
    <titles>
      <title>pedro-tiago-joao-no-barquinho</title>
    </titles>
    <authors>
      <author>Aline Barros</author>
    </authors>
  </properties>
  <lyrics>
    <verse name="v1">
      <lines>Pedro, Tiago, João No Barquinho</lines>
    </verse>
    <verse name="v2">
      <lines>Pedro, tiago, joão no barquinho<br/>Os três no barquinho<br/>No mar da galiléia<br/>Jogaram a rede<br/>Mas não pegaram nada<br/>Tentaram outra vez<br/>E nada vezes nada</lines>
    </verse>
    <verse name="v3">
      <lines>Pedro, tiago, joão no barquinho<br/>No mar da galiléia</lines>
    </verse>
    <verse name="v4">
      <lines>Jogaram a rede mas não pegaram peixe<br/>No mar da galiléia<br/>O mestre mandou jogar do outro lado<br/>No mar da galiléia</lines>
    </verse>
    <verse name="v5">
      <lines>Puxaram a rede cheia de peixinhos<br/>No mar da galiléia</lines>
    </verse>
    <verse name="v6">
      <lines>Vou contigo adorar ao senhor,<br/>Louvar ao meu deus dando glória!<br/>Com a minha família e o meu pastor.</lines>
    </verse>
    <verse name="v7">
      <lines>Eh, oh eu vou<br/>Eh, oh com alegria<br/>Eh, oh vou louvar ao senhor</lines>
    </verse>
    <verse name="v8">
      <lines>----</lines>
    </verse>
  </lyrics>
</song>
