<?xml version='1.0' encoding='utf-8'?>
<song xmlns="http://openlyrics.info/namespace/2009/song" version="0.8" createdIn="OpenLP 1.9.9" modifiedIn="OpenLP 1.9.9" modifiedDate="2012-09-30T13:18:47">
  <properties>
    <titles>
      <title>perfeita-comunhao</title>
    </titles>
    <authors>
      <author>Aline Barros</author>
    </authors>
  </properties>
  <lyrics>
    <verse name="v1">
      <lines>Perfeita Comunhão</lines>
    </verse>
    <verse name="v2">
      <lines>Quando estamos juntos bate forte o coração<br/>Eu sei nossa amizade vem de Deus<br/>E nada vai nos separar<br/>Pois foi Jesus que nos uniu</lines>
    </verse>
    <verse name="v3">
      <lines>Cantaremos juntos para seu louvor<br/>Lutas nós passamos<br/>Dores e tribulações<br/>Mas o amor de Deus prevaleceu</lines>
    </verse>
    <verse name="v4">
      <lines>Nós somos projeto do Senhor<br/>Não vale encanto contra nós<br/>Vamos juntos entoar uma só voz<br/>Vem e aceita ó Senhor<br/>A nossa oferta de amor<br/>Nós estamos juntos só pra te adorar</lines>
    </verse>
    <verse name="v5">
      <lines>Receba a nossa Gratidão<br/>Fruto da nossa comunhão<br/>Como aroma agradável em teu altar (2x)</lines>
    </verse>
    <verse name="v6">
      <lines>----</lines>
    </verse>
  </lyrics>
</song>
