<?xml version='1.0' encoding='utf-8'?>
<song xmlns="http://openlyrics.info/namespace/2009/song" version="0.8" createdIn="OpenLP 1.9.9" modifiedIn="OpenLP 1.9.9" modifiedDate="2012-09-30T13:18:47">
  <properties>
    <titles>
      <title>permanecer-crianca</title>
    </titles>
    <authors>
      <author>Aline Barros</author>
    </authors>
  </properties>
  <lyrics>
    <verse name="v1">
      <lines>Permanecer Criança</lines>
    </verse>
    <verse name="v2">
      <lines>Eu quero crescer,<br/>Mas permanecer criança<br/>No jeito de ser<br/>Sincero e puro de coração<br/>Eu quero crescer<br/>Na graça e poder de Jesus</lines>
    </verse>
    <verse name="v3">
      <lines>Eu quero andar com Deus<br/>E sua face contemplar<br/>Eu quero ouvir e obedecer a sua voz<br/>Eu quero viver sempre<br/>E adorar o Santo Lugar</lines>
    </verse>
    <verse name="v4">
      <lines>Eu quero servir no Reino de Deus pra valer<br/>Ser como Davi, ser como Jesus<br/>Ser Luz<br/>E resplandecer na escuridão<br/>Fazer a vontade de Deus<br/>Nessa geração</lines>
    </verse>
    <verse name="v5">
      <lines>----</lines>
    </verse>
  </lyrics>
</song>
