<?xml version='1.0' encoding='utf-8'?>
<song xmlns="http://openlyrics.info/namespace/2009/song" version="0.8" createdIn="OpenLP 1.9.9" modifiedIn="OpenLP 1.9.9" modifiedDate="2012-09-30T13:18:47">
  <properties>
    <titles>
      <title>poder-pra-salvar</title>
    </titles>
    <authors>
      <author>Aline Barros</author>
    </authors>
  </properties>
  <lyrics>
    <verse name="v1">
      <lines>Poder Pra Salvar</lines>
    </verse>
    <verse name="v2">
      <lines>Todos necessitam de um amor perfeito<br/>Perdão e compaixão<br/>Todos necessitam de graça e esperança de um Deus que salva</lines>
    </verse>
    <verse name="v3">
      <lines>(Refrão)<br/>Cristo move as montanhas<br/>E tem poder pra salvar<br/>Tem poder pra salvar<br/>Pra sempre, autor da salvação<br/>Jesus a morte venceu<br/>Sobre a morte venceu</lines>
    </verse>
    <verse name="v4">
      <lines>Me aceitas com meus medos, falhas e temores<br/>Enche meu viver<br/>A minha vida entrego pra seguir teus passos<br/>A ti me rendo</lines>
    </verse>
    <verse name="v5">
      <lines>(Refrão)<br/>Cristo move as montanhas<br/>E tem poder pra salvar<br/>Tem poder pra salvar<br/>Pra sempre, autor da salvação<br/>Jesus a morte venceu<br/>Sobre a morte venceu</lines>
    </verse>
    <verse name="v6">
      <lines>Possa o mundo ver brilhar a luz<br/>Cantamos para a glória do Senhor Jesus</lines>
    </verse>
    <verse name="v7">
      <lines>----</lines>
    </verse>
  </lyrics>
</song>
