<?xml version='1.0' encoding='utf-8'?>
<song xmlns="http://openlyrics.info/namespace/2009/song" version="0.8" createdIn="OpenLP 1.9.9" modifiedIn="OpenLP 1.9.9" modifiedDate="2012-09-30T13:18:48">
  <properties>
    <titles>
      <title>pon-aceite-en-mi-vida-traducao</title>
    </titles>
    <authors>
      <author>Aline Barros</author>
    </authors>
  </properties>
  <lyrics>
    <verse name="v1">
      <lines>Pon Aceite En Mi Vida (tradução)</lines>
    </verse>
    <verse name="v2">
      <lines>Põe azeite em minha vida, Senhor<br/>Do teu fogo em meu coração<br/>Põe azeite em minha vida, Senhor<br/>Minha lâmpada, aviva hoje</lines>
    </verse>
    <verse name="v3">
      <lines>E exultarei<br/>E me alegrarei<br/>Ele me vestiu de linho fino<br/>Do gozo da Sua salvação</lines>
    </verse>
    <verse name="v4">
      <lines>E exultarei<br/>E me alegrarei<br/>Fui convidado às bodas<br/>Logo verei o meu Rei</lines>
    </verse>
    <verse name="v5">
      <lines>----</lines>
    </verse>
  </lyrics>
</song>
