<?xml version='1.0' encoding='utf-8'?>
<song xmlns="http://openlyrics.info/namespace/2009/song" version="0.8" createdIn="OpenLP 1.9.9" modifiedIn="OpenLP 1.9.9" modifiedDate="2012-09-30T13:18:48">
  <properties>
    <titles>
      <title>por-toda-minha-vida</title>
    </titles>
    <authors>
      <author>Aline Barros</author>
    </authors>
  </properties>
  <lyrics>
    <verse name="v1">
      <lines>Por Toda Minha Vida</lines>
    </verse>
    <verse name="v2">
      <lines>Não me olha assim<br/>Com esse ar de quem sonhou<br/>A vida inteira em me encontrar, porque eu vou acreditar.<br/>Pra que falar assim<br/>Com esse tom nesse mistério<br/>Se o silencio vai dizer</lines>
    </verse>
    <verse name="v3">
      <lines>Coração tá acelerado não da mas pra esconder<br/>E as palavras são iguais numa frase ou canção<br/>Mas é nova emoção eu e você</lines>
    </verse>
    <verse name="v4">
      <lines>Meu amor<br/>Te decorei so num olhar<br/>O que Deus uniu<br/>E abençou nada pode separar<br/>Nosso amor é como um rio que se entrega<br/>Para o mar</lines>
    </verse>
    <verse name="v5">
      <lines>Meu amor te decorei só num olhar<br/>É pra valer<br/>É pra ficar<br/>Eu preciso te aprender<br/>Porque em toda a minha vida eu vou te amar</lines>
    </verse>
    <verse name="v6">
      <lines>----</lines>
    </verse>
  </lyrics>
</song>
