<?xml version='1.0' encoding='utf-8'?>
<song xmlns="http://openlyrics.info/namespace/2009/song" version="0.8" createdIn="OpenLP 1.9.9" modifiedIn="OpenLP 1.9.9" modifiedDate="2012-09-30T13:18:48">
  <properties>
    <titles>
      <title>por-amor</title>
    </titles>
    <authors>
      <author>Aline Barros</author>
    </authors>
  </properties>
  <lyrics>
    <verse name="v1">
      <lines>Por Amor</lines>
    </verse>
    <verse name="v2">
      <lines>Sobre todo poder y rey sobre toda humanidad y ley sobre todo lo creado por tu mano tú inventaste todo mi senôr<br/>sobre todo reino y nación Y maravillas que el mundo conoció<br/>sobre toda riqueza y esplendor nada se compara a ti mi Dios<br/>en la cruz moriste por amor no bastó dolor y humillación como flor<br/>que alguien pisoteó quedaste tú y fue por mi por amor</lines>
    </verse>
    <verse name="v3">
      <lines>----</lines>
    </verse>
  </lyrics>
</song>
