<?xml version='1.0' encoding='utf-8'?>
<song xmlns="http://openlyrics.info/namespace/2009/song" version="0.8" createdIn="OpenLP 1.9.9" modifiedIn="OpenLP 1.9.9" modifiedDate="2012-09-30T13:18:49">
  <properties>
    <titles>
      <title>pra-sempre-te-amar</title>
    </titles>
    <authors>
      <author>Aline Barros</author>
    </authors>
  </properties>
  <lyrics>
    <verse name="v1">
      <lines>Pra Sempre Te Amar</lines>
    </verse>
    <verse name="v2">
      <lines>Quando te olho hoje<br/>Sinto que valeu a pena<br/>Ter te esperado apesar dos problemas<br/>Sei que foi difícil por tantas coisas<br/>tivemos que passar</lines>
    </verse>
    <verse name="v3">
      <lines>Mas só quem ama entende<br/>Que o amor tem seus passos<br/>E que nada na vida acontece por acaso<br/>Sei que foi difícil mas o Senhor nos fez vencer</lines>
    </verse>
    <verse name="v4">
      <lines>E te amar vai ser pra sempre<br/>E te querer eternamente<br/>Eu sei que nada vai nos separar<br/>Pois sempre vou estar do seu lado<br/>E para sempre te amar</lines>
    </verse>
    <verse name="v5">
      <lines>Quando te olho ontem<br/>Até que foi de repente<br/>A gente Ter se encontrado<br/>Me deixou tão contente<br/>Como é que você pôde dizer<br/>Tantas coisas em um olhar</lines>
    </verse>
    <verse name="v6">
      <lines>Mas só quem ama escuta<br/>O que as palavras não falam<br/>Só quem ama entende o que as rosas exalam<br/>Agradeço a deus a chance de Ter você<br/>Sempre ao meu lado.</lines>
    </verse>
    <verse name="v7">
      <lines>----</lines>
    </verse>
  </lyrics>
</song>
