<?xml version='1.0' encoding='utf-8'?>
<song xmlns="http://openlyrics.info/namespace/2009/song" version="0.8" createdIn="OpenLP 1.9.9" modifiedIn="OpenLP 1.9.9" modifiedDate="2012-09-30T13:18:49">
  <properties>
    <titles>
      <title>pra-sempre-te-adorarei</title>
    </titles>
    <authors>
      <author>Aline Barros</author>
    </authors>
  </properties>
  <lyrics>
    <verse name="v1">
      <lines>Pra Sempre Te Adorarei</lines>
    </verse>
    <verse name="v2">
      <lines>Rei dos Reis aqui estou<br/>Rendo a ti o meu louvor e adoração<br/>Pois tu és DEUS<br/>Acima dos céus Acima de nós<br/>O universo se formou<br/>Com a tua voz<br/>O mundo inteiro veio a existir<br/>Verbo de DEUS, princípio e fim.<br/>Côro<br/>E eu te louvarei<br/>Senhor levantando a ti minhas mãos<br/>Com canções de amor te exaltarei<br/>Ministrando com meu coração<br/>Para sempre te adorarei.<br/>Nada pode calar<br/>Nada pode deter<br/>Minha consagração</lines>
    </verse>
    <verse name="v3">
      <lines>----</lines>
    </verse>
  </lyrics>
</song>
