<?xml version='1.0' encoding='utf-8'?>
<song xmlns="http://openlyrics.info/namespace/2009/song" version="0.8" createdIn="OpenLP 1.9.9" modifiedIn="OpenLP 1.9.9" modifiedDate="2012-09-30T13:18:49">
  <properties>
    <titles>
      <title>presente-de-deus</title>
    </titles>
    <authors>
      <author>Aline Barros</author>
    </authors>
  </properties>
  <lyrics>
    <verse name="v1">
      <lines>Presente de Deus</lines>
    </verse>
    <verse name="v2">
      <lines>Fé que rompe barreiras que vence o medo<br/>Vem de Deus o Criador<br/>Que conhece o teu ser<br/>Te encheu de prazer de amor</lines>
    </verse>
    <verse name="v3">
      <lines>Fez a estéril sorri e cantar<br/>Ter a felicidade<br/>De um filho ganhar</lines>
    </verse>
    <verse name="v4">
      <lines>Presente de Deus<br/>Que a ti concedeu<br/>Pra amar e cuidar (Coro)<br/>Em sua presença estar<br/>O seu grande amor<br/>Que a te revelou<br/>Alegrou essa lar<br/>Pra sempre em família louvar</lines>
    </verse>
    <verse name="v5">
      <lines>Não, não se pode negar<br/>O imenso poder do Senhor<br/>Que cura toda enfermidade, com sua bondade<br/>Te sarou</lines>
    </verse>
    <verse name="v6">
      <lines>Fez a estéril sorri e cantar<br/>Ter a felicidade<br/>De um filho ganhar</lines>
    </verse>
    <verse name="v7">
      <lines>Presente de Deus<br/>Que a ti concedeu<br/>Pra amar a cuidar (Coro)<br/>Em sua presença estar<br/>O seu grande amor<br/>Que a te revelou<br/>Alegrou essa lar<br/>Pra sempre em família louvar</lines>
    </verse>
    <verse name="v8">
      <lines>----</lines>
    </verse>
  </lyrics>
</song>
