<?xml version='1.0' encoding='utf-8'?>
<song xmlns="http://openlyrics.info/namespace/2009/song" version="0.8" createdIn="OpenLP 1.9.9" modifiedIn="OpenLP 1.9.9" modifiedDate="2012-09-30T13:18:49">
  <properties>
    <titles>
      <title>primeiro-amor</title>
    </titles>
    <authors>
      <author>Aline Barros</author>
    </authors>
  </properties>
  <lyrics>
    <verse name="v1">
      <lines>Primeiro Amor</lines>
    </verse>
    <verse name="v2">
      <lines>Quero voltar ao início de tudo<br/>Encontrar me contigo senhor<br/>Quero rever meus conceitos, valores<br/>Eu Quero reconstruir<br/>Vou regressar ao caminho<br/>Vou ver as primeiras obras senhor</lines>
    </verse>
    <verse name="v3">
      <lines>Eu me arrependo senhor,<br/>Me arrependo senhor<br/>Me arrependo senhor</lines>
    </verse>
    <verse name="v4">
      <lines>Eu quero voltar<br/>Ao primeiro amor<br/>Ao primeiro amor<br/>Eu quero voltar a Deus</lines>
    </verse>
    <verse name="v5">
      <lines>----</lines>
    </verse>
  </lyrics>
</song>
