<?xml version='1.0' encoding='utf-8'?>
<song xmlns="http://openlyrics.info/namespace/2009/song" version="0.8" createdIn="OpenLP 1.9.9" modifiedIn="OpenLP 1.9.9" modifiedDate="2013-02-24T23:19:17">
  <properties>
    <titles>
      <title>PRIMEIRA ESSÊNCIA</title>
    </titles>
    <authors>
      <author>ALINE BARROS</author>
    </authors>
  </properties>
  <lyrics>
    <verse name="v1">
      <lines>ESTOU NO MEU JARDIM<br/>TRANQUEI A PORTA<br/>ABRI MEU CORAÇÃO<br/>REGUEI MINHAS RAIZES<br/>COM MINHAS LAGRIMAS<br/>GOTAS DE ADORAÇÃO</lines>
    </verse>
    <verse name="v2">
      <lines>SENHOR NÃO QUERO<br/>QUE OS MEUS OLHOS<br/>PERCAM O BRILHO<br/>DO PRIMEIRO AMOR POR TI<br/>NÃO QUERO QUE EM MIM<br/>SE PERCA O DESEJO TE ADORAR</lines>
    </verse>
    <verse name="v3">
      <lines>VEM, SENHOR, E ME RESGATA<br/>TODOS OS DIAS<br/>SÓ PRA TE ADORAR<br/>QUERO SER SEU BOM PERFUME<br/>PRIMEIRA ESSÊNCIA<br/>JARDIM PARTICULAR<br/>TE ADORO</lines>
    </verse>
    <verse name="v4">
      <lines>TE ADORO</lines>
    </verse>
  </lyrics>
</song>
