<?xml version='1.0' encoding='utf-8'?>
<song xmlns="http://openlyrics.info/namespace/2009/song" version="0.8" createdIn="OpenLP 1.9.9" modifiedIn="OpenLP 1.9.9" modifiedDate="2012-09-30T13:18:49">
  <properties>
    <titles>
      <title>profundo-amor</title>
    </titles>
    <authors>
      <author>Aline Barros</author>
    </authors>
  </properties>
  <lyrics>
    <verse name="v1">
      <lines>Profundo Amor</lines>
    </verse>
    <verse name="v2">
      <lines>Hay un anhelo<br/>Que solo tu puedes genar<br/>Una tormenta<br/>Que solo tu puedes calmar</lines>
    </verse>
    <verse name="v3">
      <lines>Sediento estoy señor<br/>Por conocerte mas<br/>Y beber del rio<br/>Que fluyge ante ti</lines>
    </verse>
    <verse name="v4">
      <lines>Quiero amarte<br/>Con el mas profundo amor<br/>Acercate oh Cristo y abrazame<br/>Quiero amarte<br/>Mas profundamente, oh Señor<br/>Mas de lo que antes te amé<br/>Hoy te quiero amar<br/>Con el mas profundo amor</lines>
    </verse>
    <verse name="v5">
      <lines>Cada mañana<br/>Señor te buscaré<br/>Y por tu Espiritu<br/>Tu Gracia encontraré<br/>En ti he encontrado<br/>Esperanza eterna<br/>En tu prezencia por siempre estaré</lines>
    </verse>
    <verse name="v6">
      <lines>Quiero amarte<br/>Con el mas profundo amor<br/>Acercate oh Cristo y abrazame<br/>Quiero amarte<br/>Mas profundamente, oh Señor<br/>Mas de lo que antes te amé<br/>Hoy te quiero amar<br/>Con el mas profundo amor</lines>
    </verse>
    <verse name="v7">
      <lines>Quiero amarte<br/>Con el mas profundo amor<br/>Acercate oh Cristo y abrazame<br/>Quiero amarte<br/>Mas profundamente, oh Señor<br/>Mas de lo que antes te amé<br/>Hoy te quiero amar<br/>Con el mas profundo amor</lines>
    </verse>
    <verse name="v8">
      <lines>Hoy te quiero amar<br/>Con el mas profundo amor</lines>
    </verse>
    <verse name="v9">
      <lines>----</lines>
    </verse>
  </lyrics>
</song>
