<?xml version='1.0' encoding='utf-8'?>
<song xmlns="http://openlyrics.info/namespace/2009/song" version="0.8" createdIn="OpenLP 1.9.9" modifiedIn="OpenLP 1.9.9" modifiedDate="2012-09-30T13:18:49">
  <properties>
    <titles>
      <title>provas</title>
    </titles>
    <authors>
      <author>Aline Barros</author>
    </authors>
  </properties>
  <lyrics>
    <verse name="v1">
      <lines>Provas</lines>
    </verse>
    <verse name="v2">
      <lines>Sabe recolho tuas lágrimas, filho<br/>pensas estar sozinho, nao estas<br/>se quer por um segundo me esqueci<br/>de que passavas por provas filho meu</lines>
    </verse>
    <verse name="v3">
      <lines>Filho preparo você tenho uma obra<br/>a realizar<br/>você precisa aprender<br/>pra ensinar<br/>a guerra está travada<br/>mas a vitoria vou te dar<br/>filho preciso de você pra ensinar</lines>
    </verse>
    <verse name="v4">
      <lines>provas, filho é comunhao direta comigo<br/>provas, nao quer dizer que nao te amo</lines>
    </verse>
    <verse name="v5">
      <lines>também amo outras vidas vença esta prova<br/>filho preciso de você na minha obra</lines>
    </verse>
    <verse name="v6">
      <lines>sabe filho querido vou lhe falar<br/>essa provaçao que passa<br/>nao pode acabar<br/>pois o que eu quero em ti vou terminar</lines>
    </verse>
    <verse name="v7">
      <lines>Filho preparo você tenho uma obra<br/>a realizar<br/>você precisa aprender<br/>pra ensinar<br/>a guerra está travada<br/>mas a vitoria vou te dar<br/>filho preciso de você pra ensinar.</lines>
    </verse>
    <verse name="v8">
      <lines>----</lines>
    </verse>
  </lyrics>
</song>
