<?xml version='1.0' encoding='utf-8'?>
<song xmlns="http://openlyrics.info/namespace/2009/song" version="0.8" createdIn="OpenLP 1.9.9" modifiedIn="OpenLP 1.9.9" modifiedDate="2012-09-30T13:18:49">
  <properties>
    <titles>
      <title>pula-pula</title>
    </titles>
    <authors>
      <author>Aline Barros</author>
    </authors>
  </properties>
  <lyrics>
    <verse name="v1">
      <lines>Pula-Pula</lines>
    </verse>
    <verse name="v2">
      <lines>Na, na...</lines>
    </verse>
    <verse name="v3">
      <lines>Hoje é dia de brincar<br/>Pular, dançar e cantar<br/>Vai ter festa no parquinho<br/>Com pipoca e guaraná<br/>Pode aparecer<br/>A festa já vai começar<br/>Vem brincar de pula-pula<br/>Com a nossa turma</lines>
    </verse>
    <verse name="v4">
      <lines>Pula, pula, pula... Vem pra nossa turma.<br/>Pula, pula, pula... Com Jesus é mais legal<br/>Pula, pula, pula... Vem brincar de pula<br/>Pula, pula, pula... Vem pra nossa turma</lines>
    </verse>
    <verse name="v5">
      <lines>Na, na, na, na, na... He, hei</lines>
    </verse>
    <verse name="v6">
      <lines>De cabeça para baixo na montanha-russa<br/>Dá um frio na barriga<br/>Curto a cada instante<br/>Gira-gira sem parar<br/>Com Deus eu sou gigante<br/>Vem brincar de pula-pula<br/>Com a nossa turma</lines>
    </verse>
    <verse name="v7">
      <lines>----</lines>
    </verse>
  </lyrics>
</song>
