<?xml version='1.0' encoding='utf-8'?>
<song xmlns="http://openlyrics.info/namespace/2009/song" version="0.8" createdIn="OpenLP 1.9.9" modifiedIn="OpenLP 1.9.9" modifiedDate="2012-09-30T13:18:50">
  <properties>
    <titles>
      <title>quando-forca-de-cristo-falar</title>
    </titles>
    <authors>
      <author>Aline Barros</author>
    </authors>
  </properties>
  <lyrics>
    <verse name="v1">
      <lines>Quando a Força de Cristo Falar</lines>
    </verse>
    <verse name="v2">
      <lines>Toda menina tem seu dia<br/>De querer parecer mulher<br/>Ser do jeito que o mundo quer<br/>É quando o espelho já convida<br/>E a vitrine quer te mostrar<br/>Qual a roupa que deve usar.</lines>
    </verse>
    <verse name="v3">
      <lines>O amor nos olhos vem num segundo<br/>É sempre assim meio natural<br/>Bem normal, não parece mal<br/>E a vida chama (demais!!!) É quase um sonho!<br/>É melhor você me escutar<br/>Pense antes de começar!</lines>
    </verse>
    <verse name="v4">
      <lines>Guarda o caminho do teu coração!<br/>E espera o tempo certo pro amor!</lines>
    </verse>
    <verse name="v5">
      <lines>Deus dá todo o amor que você precisar<br/>Quem procura amor tem<br/>Quando a força de Cristo falar<br/>Eu quero amar</lines>
    </verse>
    <verse name="v6">
      <lines>Eu sei o segredo, meu eleito<br/>Vai saber olhar pra mim<br/>Com o olhos do coração<br/>Dentro do peito vive um anjo<br/>Que o espelho não vai mostrar<br/>E só Deus pode revelar</lines>
    </verse>
    <verse name="v7">
      <lines>Guarda o caminho do meu coração<br/>Espero o cara certo pra mim.</lines>
    </verse>
    <verse name="v8">
      <lines>Deus dá todo o amor que você precisar<br/>Quem procura amor tem<br/>Quando a força de Cristo falar<br/>Eu quero amar...</lines>
    </verse>
    <verse name="v9">
      <lines>Guarda o caminho do teu coração!<br/>E espera o tempo certo pro amor!</lines>
    </verse>
    <verse name="v10">
      <lines>Deus dá todo o amor que você precisar<br/>Quem procura amor tem<br/>Quando a força de Cristo falar<br/>Eu quero amar<br/>Deus dá...</lines>
    </verse>
    <verse name="v11">
      <lines>----</lines>
    </verse>
  </lyrics>
</song>
