<?xml version='1.0' encoding='utf-8'?>
<song xmlns="http://openlyrics.info/namespace/2009/song" version="0.8" createdIn="OpenLP 1.9.9" modifiedIn="OpenLP 1.9.9" modifiedDate="2012-09-30T13:18:50">
  <properties>
    <titles>
      <title>que-puedo-decir-traducao</title>
    </titles>
    <authors>
      <author>Aline Barros</author>
    </authors>
  </properties>
  <lyrics>
    <verse name="v1">
      <lines>Que Puedo Decir (tradução)</lines>
    </verse>
    <verse name="v2">
      <lines>O Que Posso Dizer?</lines>
    </verse>
    <verse name="v3">
      <lines>O que posso dizer depois de ver o que fizeste para me amar?<br/>O que posso dizer?<br/>O que posso dizer?</lines>
    </verse>
    <verse name="v4">
      <lines>O que posso fazer depois de ouvir como morreste por mim?<br/>O que posso fazer?<br/>O que posso fazer?</lines>
    </verse>
    <verse name="v5">
      <lines>(REFRÃO)<br/>Te darei o coração, Cristo<br/>Tudo o que eu sou, Cristo<br/>Viverei para falar<br/>As tuas maravilhas e a tua verdade</lines>
    </verse>
    <verse name="v6">
      <lines>Como entender como foi que buscaste a mim?<br/>Como entender?<br/>Como entender?</lines>
    </verse>
    <verse name="v7">
      <lines>O que posso te dar e corresponder ao teu amor que mudou meu ser?<br/>O que posso te dar?<br/>O que posso te dar?</lines>
    </verse>
    <verse name="v8">
      <lines>Te entrego todo o coração<br/>Tens tudo o que sou</lines>
    </verse>
    <verse name="v9">
      <lines>----</lines>
    </verse>
  </lyrics>
</song>
