<?xml version='1.0' encoding='utf-8'?>
<song xmlns="http://openlyrics.info/namespace/2009/song" version="0.8" createdIn="OpenLP 1.9.9" modifiedIn="OpenLP 1.9.9" modifiedDate="2012-09-30T13:18:50">
  <properties>
    <titles>
      <title>que-perdoou</title>
    </titles>
    <authors>
      <author>Aline Barros</author>
    </authors>
  </properties>
  <lyrics>
    <verse name="v1">
      <lines>Que Perdoou</lines>
    </verse>
    <verse name="v2">
      <lines>Eu tenho certeza, conhecendo tua grandeza<br/>De que nada poderá nos separar do teu amor óh pai<br/>Pois a nossa aliança é firmada na confiança<br/>De que o teu amor em nós é bem maior, é bem maior</lines>
    </verse>
    <verse name="v3">
      <lines>Refrão:</lines>
    </verse>
    <verse name="v4">
      <lines>Do que toda potestade, ou qualquer infermidade<br/>Amor que cura as feridas<br/>É maior que a morte ou mesmo a vida<br/>Que perdoou os nosso pecados<br/>No presente e no passado<br/>Amor que nos uniu<br/>Amor que em nós fluiu<br/>Através de jesus cristo o senhor</lines>
    </verse>
    <verse name="v5">
      <lines>----</lines>
    </verse>
  </lyrics>
</song>
