<?xml version='1.0' encoding='utf-8'?>
<song xmlns="http://openlyrics.info/namespace/2009/song" version="0.8" createdIn="OpenLP 1.9.9" modifiedIn="OpenLP 1.9.9" modifiedDate="2012-09-30T13:18:50">
  <properties>
    <titles>
      <title>quero-estar-contigo</title>
    </titles>
    <authors>
      <author>Aline Barros</author>
    </authors>
  </properties>
  <lyrics>
    <verse name="v1">
      <lines>Quero estar contigo</lines>
    </verse>
    <verse name="v2">
      <lines>Já posso ouvir<br/>O som da multidão dos santos<br/>Adorando a ti<br/>Posso sentir<br/>O doce aroma que vem<br/>Do teu santo trono<br/>O meu coração anseia<br/>Pelo dia em que entrarei<br/>Por tuas portas, senhor<br/>Com meus olhos te verei<br/>E feliz eu correrei pra te abraçar<br/>Contigo eu desejo estar<br/>Contigo quero habitar<br/>Com vestes de justiça<br/>Em teu amor<br/>Eu vou descansar<br/>Já posso ouvir, o doce som da voz<br/>Da minha noiva<br/>Posso sentir, o perfume precioso<br/>Da minha amada<br/>O meu coração anseia, pelo dia em que eu irei<br/>Pra te encontrar<br/>Meu sorriso tu veras, e feliz eu correrei<br/>Pra te abraçar<br/>Contigo eu desejo estar<br/>Com minha noiva eu quero dançar<br/>Com vestes de justiça<br/>Em meu amor tu descansaras (2x)</lines>
    </verse>
    <verse name="v3">
      <lines>----</lines>
    </verse>
  </lyrics>
</song>
