<?xml version='1.0' encoding='utf-8'?>
<song xmlns="http://openlyrics.info/namespace/2009/song" version="0.8" createdIn="OpenLP 1.9.9" modifiedIn="OpenLP 1.9.9" modifiedDate="2012-09-30T13:18:50">
  <properties>
    <titles>
      <title>quero-viver-algo-novo</title>
    </titles>
    <authors>
      <author>Aline Barros</author>
    </authors>
  </properties>
  <lyrics>
    <verse name="v1">
      <lines>Quero Viver Algo Novo</lines>
    </verse>
    <verse name="v2">
      <lines>Sempre é tempo para a gente querer transformar nossas vidas<br/>Sempre haverá um momento em que mesmo tendo realizado muito<br/>Queremos poder faze o que nos dê a sensação de estar renovando<br/>Afinal, quem não se questiona, não se transforma, não se enriquece<br/>Não vive novas experiências, não cresce</lines>
    </verse>
    <verse name="v3">
      <lines>Pai, já não importa mais o que planejei<br/>O meu desejo, o meu anseio, vou descansar em ti</lines>
    </verse>
    <verse name="v4">
      <lines>Pai, ajuda-me a entender o teu querer<br/>Quero parecer contigo, Senhor, molda o meu viver<br/>Quero sonhar os teus sonhos e viver algo novo<br/>Os teus planos, Pai, revela a mim<br/>Quero te seguir</lines>
    </verse>
    <verse name="v5">
      <lines>Quero novidade de vida<br/>Quero um novo mover<br/>Vou deixar pra trás o meu querer e vou te seguir</lines>
    </verse>
    <verse name="v6">
      <lines>----</lines>
    </verse>
  </lyrics>
</song>
