<?xml version='1.0' encoding='utf-8'?>
<song xmlns="http://openlyrics.info/namespace/2009/song" version="0.8" createdIn="OpenLP 1.9.9" modifiedIn="OpenLP 1.9.9" modifiedDate="2012-09-30T13:18:50">
  <properties>
    <titles>
      <title>quero-te-louvar</title>
    </titles>
    <authors>
      <author>Aline Barros</author>
    </authors>
  </properties>
  <lyrics>
    <verse name="v1">
      <lines>Quero Te Louvar</lines>
    </verse>
    <verse name="v2">
      <lines>Foi o teu amor que me envolveu<br/>Me encheu de esperança outra vez<br/>Contigo a vida é mesmo assim<br/>Me tocas e transformas tudo o que há em mim</lines>
    </verse>
    <verse name="v3">
      <lines>Há um novo brilho em meu olhar<br/>Tua glória hoje posso contemplar<br/>Caminho seguindo a tua luz<br/>Descanso em Teus braços meu Senhor Jesus</lines>
    </verse>
    <verse name="v4">
      <lines>Quero te louvar<br/>Quero te adorar<br/>Quero declarar ao mundo o teu poder<br/>Enquanto eu viver<br/>Quero te exaltar<br/>O meu coração é teu somente teu meu Rei</lines>
    </verse>
    <verse name="v5">
      <lines>Tchuru, tchutchuru, tchutchuru, tchutchuru<br/>Tchuru, tchutchuru, tchutchuru, tchutchuru</lines>
    </verse>
    <verse name="v6">
      <lines>----</lines>
    </verse>
  </lyrics>
</song>
