<?xml version='1.0' encoding='utf-8'?>
<song xmlns="http://openlyrics.info/namespace/2009/song" version="0.8" createdIn="OpenLP 1.9.9" modifiedIn="OpenLP 1.9.9" modifiedDate="2012-09-30T13:18:51">
  <properties>
    <titles>
      <title>recomecar</title>
    </titles>
    <authors>
      <author>Aline Barros</author>
    </authors>
  </properties>
  <lyrics>
    <verse name="v1">
      <lines>Recomeçar</lines>
    </verse>
    <verse name="v2">
      <lines>Pai,<br/>Tá difícil manter o caminho,<br/>Tenho andado em meio a espinhos,<br/>Nem sempre é tão fácil acertar.</lines>
    </verse>
    <verse name="v3">
      <lines>Pai,<br/>Emoções descalçam os meus pés,<br/>Me roubando em meio a cordéis,<br/>Me enlaçam em minhas fraquezas.</lines>
    </verse>
    <verse name="v4">
      <lines>Pai,<br/>Eu nem sei o que te falar,<br/>Mas, eu quero recomeçar,<br/>Me ajuda neste instante.</lines>
    </verse>
    <verse name="v5">
      <lines>(Refrão)<br/>Preciso da tua mão,<br/>Vem me levantar,<br/>Faz-me teu servo Senhor,<br/>Me livra do mal. (2x)<br/>Quero sentir o teu sangue curar-me.<br/>Agora meu Senhor,<br/>Vem restaurar-me.</lines>
    </verse>
    <verse name="v6">
      <lines>Pai,<br/>Tá difícil manter o caminho,<br/>Tenho andado em meio a espinhos,<br/>Nem sempre é tão fácil acertar.</lines>
    </verse>
    <verse name="v7">
      <lines>Pai,<br/>Eu nem sei o que te falar,<br/>Mas, eu quero recomeçar,<br/>Me ajuda neste instante.</lines>
    </verse>
    <verse name="v8">
      <lines>(Refrão)<br/>Preciso da tua mão,<br/>Vem me levantar,<br/>Faz-me teu servo Senhor,<br/>Me livra do mal. (3x)<br/>Quero sentir o teu sangue curar-me.<br/>Agora meu Senhor,<br/>Vem restaurar-me.</lines>
    </verse>
    <verse name="v9">
      <lines>Agora meu Senhor,<br/>Vem restaurar-me...</lines>
    </verse>
    <verse name="v10">
      <lines>----</lines>
    </verse>
  </lyrics>
</song>
