<?xml version='1.0' encoding='utf-8'?>
<song xmlns="http://openlyrics.info/namespace/2009/song" version="0.8" createdIn="OpenLP 1.9.9" modifiedIn="OpenLP 1.9.9" modifiedDate="2012-09-30T13:18:51">
  <properties>
    <titles>
      <title>refrescanos-traducao</title>
    </titles>
    <authors>
      <author>Aline Barros</author>
    </authors>
  </properties>
  <lyrics>
    <verse name="v1">
      <lines>Refréscanos (tradução)</lines>
    </verse>
    <verse name="v2">
      <lines>Refresca-nos</lines>
    </verse>
    <verse name="v3">
      <lines>Refresca as nossas vidas, Senhor<br/>Derrama o bálsamo de amor<br/>Sara corações, mentes e emoções<br/>Refresca as nossas vidas, Senhor</lines>
    </verse>
    <verse name="v4">
      <lines>Encoraja a tua igreja, Senhor<br/>Derrama o bálsamo de amor<br/>Cobre a tua Noiva com glória<br/>Encoraja a tua igreja, Senhor</lines>
    </verse>
    <verse name="v5">
      <lines>(REFRÃO)<br/>Refresca-nos com o teu bálsamo de amor<br/>Refresca-nos com tua graça e favor<br/>Refresca-nos, refresca as nossas vidas, Senhor</lines>
    </verse>
    <verse name="v6">
      <lines>Aviva nossas vidas, Senhor<br/>Derrama do teu fogo e fervor<br/>Limpa e purifica, e a tua Igreja edifica<br/>Aviva as nossas vidas, Senhor</lines>
    </verse>
    <verse name="v7">
      <lines>Refresca-nos, encoraja-nos, aviva-nos</lines>
    </verse>
    <verse name="v8">
      <lines>----</lines>
    </verse>
  </lyrics>
</song>
