<?xml version='1.0' encoding='utf-8'?>
<song xmlns="http://openlyrics.info/namespace/2009/song" version="0.8" createdIn="OpenLP 1.9.9" modifiedIn="OpenLP 1.9.9" modifiedDate="2012-09-30T13:20:30">
  <properties>
    <titles>
      <title>REI MEU</title>
    </titles>
    <authors>
      <author>ALINE BARROS</author>
    </authors>
  </properties>
  <lyrics>
    <verse name="v1">
      <lines>TODA TERRA ESTÁ<br/>CHEIA DA TUA GLÓRIA<br/>OS CÉUS DECLARAM<br/>A TUA GRANDEZA<br/>REI MEU E DEUS MEU</lines>
    </verse>
    <verse name="v2">
      <lines>EU NASCI PRA TE ADORAR<br/>E O TEU NOME PROCLAMAR<br/>QUERO SER UM<br/>INSTRUMENTO TEU<br/>REI MEU E DEUS MEU</lines>
    </verse>
    <verse name="v3">
      <lines>DEUS ME CHAMOU<br/>EU DISSE: EIS-ME AQUI<br/>VOU TE ADORAR<br/>O MEU PRAZER É TE SERVIR</lines>
    </verse>
    <verse name="v4">
      <lines>NÃO CONSIGO MAIS VIVER <br/>UM SEGUNDO SEM TE TER<br/>MEU CORAÇÃO <br/>PRECISA MAIS DE TI<br/>REI MEU E DEUS MEU</lines>
    </verse>
    <verse name="v5">
      <lines>MEU DESEJO É ESTAR<br/>AOS TEUS PÉS E TE ADORAR<br/>A MINHA VIDA ESTÁ<br/>EM TUAS MÃOS<br/>REI MEU E DEUS MEU</lines>
    </verse>
    <verse name="v6">
      <lines>A TUA VONTADE<br/>É O QUE EU MAIS QUERO<br/>CUMPRE EM MIM<br/>O TEU QUERER</lines>
    </verse>
  </lyrics>
</song>
