<?xml version='1.0' encoding='utf-8'?>
<song xmlns="http://openlyrics.info/namespace/2009/song" version="0.8" createdIn="OpenLP 1.9.9" modifiedIn="OpenLP 1.9.9" modifiedDate="2012-12-30T22:27:19">
  <properties>
    <titles>
      <title>RENDIDO ESTOU</title>
    </titles>
    <authors>
      <author>ALINE BARROS</author>
    </authors>
  </properties>
  <lyrics>
    <verse name="v1">
      <lines>TOMA ME RENDIDO ESTOU<br/>AOS PÉS DA CRUZ ME ENCONTREI<br/>O QUE TENHO TE ENTREGO OH DEUS</lines>
    </verse>
    <verse name="v2">
      <lines>VEM LIMPAR AS MINHAS MÃOS <br/>PURIFICAR MEU CORAÇÃO<br/>QUE EU ANDE EM TUDO QUE TU TENS PRA MIM</lines>
    </verse>
    <verse name="v3">
      <lines>O O O O EIS ME AQUI RENDIDO ESTOU<br/>O O O O EU SOU TEU E TU ÉS MEU</lines>
    </verse>
    <verse name="v4">
      <lines>MEUS MOMENTOS E OS DIAS MEUS <br/>MEU RESPIRAR E MEU VIVER<br/>QUE SEJAM TODOS PRA TI OH DEUS</lines>
    </verse>
    <verse name="v5">
      <lines>MINHA VIDA DOU A TI SENHOR <br/>RENDIDO A TI ESTOU <br/>E PRA SEMPRE CANTAREI FAZ EM MIM O TEU QUERER</lines>
    </verse>
  </lyrics>
</song>
