<?xml version='1.0' encoding='utf-8'?>
<song xmlns="http://openlyrics.info/namespace/2009/song" version="0.8" createdIn="OpenLP 1.9.9" modifiedIn="OpenLP 1.9.9" modifiedDate="2012-09-30T13:18:51">
  <properties>
    <titles>
      <title>renova-me-senhor</title>
    </titles>
    <authors>
      <author>Aline Barros</author>
    </authors>
  </properties>
  <lyrics>
    <verse name="v1">
      <lines>Renova-me Senhor</lines>
    </verse>
    <verse name="v2">
      <lines>Renova-me!<br/>Renova-me!<br/>Renova-me... Senhor!<br/>Toma toda minha vida,<br/>Toma todo o meu amor.<br/>Renova-me ...Senhor!</lines>
    </verse>
    <verse name="v3">
      <lines>Renova-me!<br/>Renova-me!<br/>Renova-me... Senhor!<br/>Faz de mim um vaso novo,<br/>Faz de mim um novo ser.<br/>Renova-me...Senhor!</lines>
    </verse>
    <verse name="v4">
      <lines>Me quebra e me refaz<br/>completamente.<br/>Pra que eu possa chegar ao Teu altar.<br/>Eu quero ser de novo dependente,<br/>Da Tua luz, pro meu caminhar.</lines>
    </verse>
    <verse name="v5">
      <lines>Renova-me!<br/>Renova-me!<br/>Renova-me... Senhor!</lines>
    </verse>
    <verse name="v6">
      <lines>Faz-me alvo como a neve,<br/>Dá-me um novo coração.<br/>Renova-me... Senhor!<br/>Renova-me... Senhor!</lines>
    </verse>
    <verse name="v7">
      <lines>Me quebra e me refaz,<br/>completamente.<br/>Pra que eu possa chegar ao Teu altar.<br/>Eu quero ser de novo dependente,<br/>Da Tua luz, pro meu caminhar.</lines>
    </verse>
    <verse name="v8">
      <lines>Renova-me!<br/>Renova-me!<br/>Renova-me... Senhor!</lines>
    </verse>
    <verse name="v9">
      <lines>Toma toda minha vida,<br/>Toma todo meu amor.</lines>
    </verse>
    <verse name="v10">
      <lines>Renova-me...Senhor!<br/>Renova-me...Senhor!<br/>Renova-me...Senhor!</lines>
    </verse>
    <verse name="v11">
      <lines>----</lines>
    </verse>
  </lyrics>
</song>
