<?xml version='1.0' encoding='utf-8'?>
<song xmlns="http://openlyrics.info/namespace/2009/song" version="0.8" createdIn="OpenLP 1.9.9" modifiedIn="OpenLP 1.9.9" modifiedDate="2012-09-30T13:18:51">
  <properties>
    <titles>
      <title>resplandecer</title>
    </titles>
    <authors>
      <author>Aline Barros</author>
    </authors>
  </properties>
  <lyrics>
    <verse name="v1">
      <lines>Resplandecer</lines>
    </verse>
    <verse name="v2">
      <lines>Eu quero crescer mas permanecer criança<br/>No jeito de ser, sincero e puro de coração<br/>Eu quero crescer na graça e poder de Jesus<br/>Eu quero andar com Deus e Tua face contemplar<br/>Eu quero ouvir e obedecer a sua voz<br/>Eu quero viver e sempre adorar no Santo Lugar<br/>Eu quero servir o reino de Deus pra valer<br/>Ser como Davi, Ser como Jesus, ser luz</lines>
    </verse>
    <verse name="v3">
      <lines>Refrão:<br/>E resplandecer na escuridão<br/>fazer a vontade de Deus nessa geração</lines>
    </verse>
    <verse name="v4">
      <lines>----</lines>
    </verse>
  </lyrics>
</song>
