<?xml version='1.0' encoding='utf-8'?>
<song xmlns="http://openlyrics.info/namespace/2009/song" version="0.8" createdIn="OpenLP 1.9.9" modifiedIn="OpenLP 1.9.9" modifiedDate="2012-09-30T13:20:31">
  <properties>
    <titles>
      <title>RESSUSCITA-ME</title>
    </titles>
    <authors>
      <author>ALINE BARROS</author>
    </authors>
  </properties>
  <lyrics>
    <verse name="v1">
      <lines>MESTRE EU PRECISO DE UM MILAGRE<br/>TRANSFORMA MINHA VIDA O MEU ESTADO<br/>FAZ TEMPO QUE EU NAO VEJO A LUZ DO DIA<br/>ESTÃO TENTANDO SEPULTAR MINHA ALEGRIA<br/>TENTANDO VER MEUS SONHOS CANCELADOS</lines>
    </verse>
    <verse name="v2">
      <lines>LÁZARO OUVIU A SUA VOZ QUANDO<br/>AQUELA PEDRA REMOVEU DEPOIS DE<br/>QUATRO DIAS ELE REVIVEU<br/>MESTRE NÃO HÁ OUTRO QUE POSSA FAZER<br/>AQUILO QUE SÓ O TEU NOME<br/>TEM TODO PODER EU PRECISO TANTO<br/>DE UM MILAGRE</lines>
    </verse>
    <verse name="v3">
      <lines>REMOVE A MINHA PEDRA<br/>ME CHAMA PELO NOME<br/>MUDA A MINHA HISTÓRIA<br/>RESSUSCITA OS MEUS SONHOS<br/>TRANSFORMA A MINHA VIDA<br/>E FAZ UM MILAGRE, ME TOCA NESSA HORA<br/>ME CHAMA PARA FORA, RESSUSCITA-ME</lines>
    </verse>
    <verse name="v4">
      <lines>TÚ ÉS A PRÓPRIA VIDA<br/>A FORÇA QUE HÁ EM MIM<br/>TÚ ÉS O FILHO DE DEUS<br/>QUE ME ERGUE PRA VENCER<br/>SENHOR DE TUDO EM MIM<br/>JÁ OUÇO A TUA VOZ<br/>ME CHAMANDO PRA VIVER<br/>UMA HISTÓRIA DE PODER</lines>
    </verse>
  </lyrics>
</song>
