<?xml version='1.0' encoding='utf-8'?>
<song xmlns="http://openlyrics.info/namespace/2009/song" version="0.8" createdIn="OpenLP 1.9.9" modifiedIn="OpenLP 1.9.9" modifiedDate="2012-09-30T13:18:51">
  <properties>
    <titles>
      <title>retrato</title>
    </titles>
    <authors>
      <author>Aline Barros</author>
    </authors>
  </properties>
  <lyrics>
    <verse name="v1">
      <lines>Retrato</lines>
    </verse>
    <verse name="v2">
      <lines>Uma folha de papel<br/>Um lápis para rabiscar<br/>Eu vou fazer um desenho<br/>Tão bonito vai ficar<br/>O retrato de alguém é o que eu vou fazer<br/>Vai se parecer comigo<br/>Ou quem sabe com você Primeiro eu desenho os olhos<br/>Depois eu faço o nariz<br/>Na boca ponha um sorriso<br/>Pro rosto ficar bem feliz</lines>
    </verse>
    <verse name="v3">
      <lines>Alguém prá ser feliz assim<br/>Precisa ter uma razão<br/>Só pode ser alguém<br/>Que tem o amor de Deus no coração</lines>
    </verse>
    <verse name="v4">
      <lines>----</lines>
    </verse>
  </lyrics>
</song>
