<?xml version='1.0' encoding='utf-8'?>
<song xmlns="http://openlyrics.info/namespace/2009/song" version="0.8" createdIn="OpenLP 1.9.9" modifiedIn="OpenLP 1.9.9" modifiedDate="2012-09-30T13:18:52">
  <properties>
    <titles>
      <title>sal-luz</title>
    </titles>
    <authors>
      <author>Aline Barros</author>
    </authors>
  </properties>
  <lyrics>
    <verse name="v1">
      <lines>Sal y luz</lines>
    </verse>
    <verse name="v2">
      <lines>Quisiera ser más como ´tu tu santidad<br/>poder buscar quiero ser como Cristo<br/>tu gracia quiero conocer para que el<br/>mundo pueda ver que tengo el amor<br/>de Cristo/ Házme sal, házme luz ilumíname<br/>de amor cambia mi vida senõr no me<br/>cansaría de tu nombre axaltar Házme luz,<br/>házme sal/ házme como un faro con tu luz,<br/>brilando más que el sol quiero ser el barro, moldéano<br/>senõr</lines>
    </verse>
    <verse name="v3">
      <lines>----</lines>
    </verse>
  </lyrics>
</song>
