<?xml version='1.0' encoding='utf-8'?>
<song xmlns="http://openlyrics.info/namespace/2009/song" version="0.8" createdIn="OpenLP 1.9.9" modifiedIn="OpenLP 1.9.9" modifiedDate="2012-09-30T13:18:52">
  <properties>
    <titles>
      <title>salmo-23</title>
    </titles>
    <authors>
      <author>Aline Barros</author>
    </authors>
  </properties>
  <lyrics>
    <verse name="v1">
      <lines>Salmo 23</lines>
    </verse>
    <verse name="v2">
      <lines>O senhor é o meu Pastor<br/>E nada me faltará<br/>Deitar me faz em verdes pastos<br/>Guia-me as águas tranqüilas<br/>Refrigera a minha alma<br/>Guia-me pelas veredas da justiça por amor do seu nome</lines>
    </verse>
    <verse name="v3">
      <lines>Ainda que eu andasse pelo vale da sombra da morte<br/>Não temeria mal algum<br/>Porque estás comigo</lines>
    </verse>
    <verse name="v4">
      <lines>Tua vara e o teu cajado me consolam<br/>Preparas-me uma mesa na presença dos meus inimigos</lines>
    </verse>
    <verse name="v5">
      <lines>Unge minha cabeça com óleo<br/>E o meu cálice transborda<br/>Certamente que a bondade e a misericórdia<br/>Me seguirão por todos os dias da minha vida</lines>
    </verse>
    <verse name="v6">
      <lines>E habitarei na casa do Senhor para todo sempre<br/>E habitarei na casa do Senhor para todo sempre<br/>Amém</lines>
    </verse>
    <verse name="v7">
      <lines>----</lines>
    </verse>
  </lyrics>
</song>
