<?xml version='1.0' encoding='utf-8'?>
<song xmlns="http://openlyrics.info/namespace/2009/song" version="0.8" createdIn="OpenLP 1.9.9" modifiedIn="OpenLP 1.9.9" modifiedDate="2012-09-30T13:18:52">
  <properties>
    <titles>
      <title>salmo-46</title>
    </titles>
    <authors>
      <author>Aline Barros</author>
    </authors>
  </properties>
  <lyrics>
    <verse name="v1">
      <lines>Salmo 46</lines>
    </verse>
    <verse name="v2">
      <lines>Deus é a nossa proteção e a nossa força<br/>Socorro que não falta em tempos de aflição<br/>Por isso, não teremos medo, ainda que a terra seja abalada<br/>E as montanhas caiam nas profundezas do mar<br/>Não teremos medo, mesmo se houver grandes enchentes<br/>E terremotos tão fortes que façam tremer os montes mais altos</lines>
    </verse>
    <verse name="v3">
      <lines>Há um rio que corre mansamente pela cidade de Deus<br/>O Santo lugar onde vive o Altíssimo<br/>Deus vive nessa cidade, e ela nunca será destruída<br/>De manhã bem cedo, Deus a ajudará.</lines>
    </verse>
    <verse name="v4">
      <lines>As nações ficam apavoradas, e os reinos são abalados<br/>Deus troveja, e a terra se desfaz<br/>O Eterno, o Todo-Poderoso, está do nosso lado<br/>O Deus de Jacó é o nosso refúgio</lines>
    </verse>
    <verse name="v5">
      <lines>Venham, vejam o que o Deus Eterno tem feito<br/>Vejam que coisas espantosas Ele tem feito na terra<br/>Ele acaba com as guerras no mundo inteiro<br/>Quebra os arcos, despedaça as lanças e destrói os escudos no fogo</lines>
    </verse>
    <verse name="v6">
      <lines>Ele diz:<br/>"Parem de lutar e fiquem sabendo que eu sou Deus<br/>Eu sou o Rei das nações, o Rei do mundo inteiro."</lines>
    </verse>
    <verse name="v7">
      <lines>O Eterno, o Todo-Poderoso, está do nosso lado<br/>O Desu de Jacó é a nossa proteção</lines>
    </verse>
    <verse name="v8">
      <lines>----</lines>
    </verse>
  </lyrics>
</song>
