<?xml version='1.0' encoding='utf-8'?>
<song xmlns="http://openlyrics.info/namespace/2009/song" version="0.8" createdIn="OpenLP 1.9.9" modifiedIn="OpenLP 1.9.9" modifiedDate="2012-09-30T13:18:52">
  <properties>
    <titles>
      <title>salmo-139</title>
    </titles>
    <authors>
      <author>Aline Barros</author>
    </authors>
  </properties>
  <lyrics>
    <verse name="v1">
      <lines>Salmo 139</lines>
    </verse>
    <verse name="v2">
      <lines>Senhor, tu me sondas e me conheces<br/>Sabes quando assento e levanto<br/>Esquadrinhas meu andar e o meu deitar<br/>Conheces todos os meus caminhos</lines>
    </verse>
    <verse name="v3">
      <lines>Ainda a palavra não me chegou à boca, não<br/>E tu já conheces, Senhor<br/>Tu me cercas por trás e por diante<br/>E sobre mim põe tua mão</lines>
    </verse>
    <verse name="v4">
      <lines>Sonda-me, ó Deus, conhece o meu coração<br/>Prova-me os pensamentos<br/>Vê se há em mim algum caminho mal<br/>E guia-me pelo caminho eterno</lines>
    </verse>
    <verse name="v5">
      <lines>----</lines>
    </verse>
  </lyrics>
</song>
