<?xml version='1.0' encoding='utf-8'?>
<song xmlns="http://openlyrics.info/namespace/2009/song" version="0.8" createdIn="OpenLP 1.9.9" modifiedIn="OpenLP 1.9.9" modifiedDate="2012-09-30T13:18:52">
  <properties>
    <titles>
      <title>salmo-10</title>
    </titles>
    <authors>
      <author>Aline Barros</author>
    </authors>
  </properties>
  <lyrics>
    <verse name="v1">
      <lines>Salmo 10</lines>
    </verse>
    <verse name="v2">
      <lines>Deus Eterno, por quê ficas aí tão longe<br/>Por que te escondes em tempos de aflição<br/>Os maus são orgulhosos e perseguem os pobres</lines>
    </verse>
    <verse name="v3">
      <lines>Que eles caiam nas tuas próprias armadilhas<br/>Olha bem o que está acontecendo<br/>As pessoas que exploram os outros desprezam o Deus Eterno<br/>E blasfemam contra Ele<br/>Elas falam com orgulho dos seus maus desejos<br/>O homem pecador não se importa com Deus<br/>para ele Deus não existe<br/>Apesar disso, esse tipo de gente consegue sucesso em tudo</lines>
    </verse>
    <verse name="v4">
      <lines>Ele não podendo entender os julgamentos de Deus<br/>Zomba dos seus inimigos<br/>"Nunca fracassarei; Nunca terei dificuldades!"<br/>A sua boca está cheia de maldições, mentiras e ameaças<br/>O perverso só fala de desgraças e maldades<br/>Ele se esconde em lugares afastados e escuros<br/>E mata sem piedade quem passa por ali<br/>Como um leão ele esconde-se para atacar o pobre de surpresa<br/>Fica de tocaia, esperando para matar, pega a vítima de surpresa<br/>Ela é esmagada e cai, derrotada pela força bruta</lines>
    </verse>
    <verse name="v5">
      <lines>Esse homem perverso pensa assim:<br/>"Deus não se importa, Ele fechou os olhos, não está vendo nada."</lines>
    </verse>
    <verse name="v6">
      <lines>Vem, ó Deus Eterno, e ergue a sua mão<br/>Não te esqueças dos que estão sendo perseguidos<br/>Como pode o perverso pensar que não será castigado por Deus<br/>Senhor, acaba com o poder dos maus e dos perversos<br/>Castiga-os por causadas suas maldades<br/>Até que eles não as pratiquem mais</lines>
    </verse>
    <verse name="v7">
      <lines>O Deus Eterno é soberano para sempre<br/>As pessoas que adoram outros deuses ficarão fora do seu Reino<br/>Ó Deus Eterno<br/>Tu ouvirás as orações dos humildes e lhes darás coragem<br/>Tu ouvirás os gritos dos oprimidos e dos órfãos<br/>E julgarás a favor deles<br/>Para que os seres humanos que são mortais<br/>Nunca mais espalhem o temor</lines>
    </verse>
    <verse name="v8">
      <lines>----</lines>
    </verse>
  </lyrics>
</song>
