<?xml version='1.0' encoding='utf-8'?>
<song xmlns="http://openlyrics.info/namespace/2009/song" version="0.8" createdIn="OpenLP 1.9.9" modifiedIn="OpenLP 1.9.9" modifiedDate="2012-09-30T13:18:52">
  <properties>
    <titles>
      <title>samuel</title>
    </titles>
    <authors>
      <author>Aline Barros</author>
    </authors>
  </properties>
  <lyrics>
    <verse name="v1">
      <lines>Samuel</lines>
    </verse>
    <verse name="v2">
      <lines>Samuel, Samuel</lines>
    </verse>
    <verse name="v3">
      <lines>Era uma vez um menino, que, ainda pequenino<br/>Foi escolhido pra morar na casa de Deus;<br/>Mas ele não sabia que um profeta seria<br/>Todo Israel a ele lhe obedeceria<br/>Quando foi dormir, uma voz então ouviu:</lines>
    </verse>
    <verse name="v4">
      <lines>Samuel, Samuel, Deus te chama lá do céu<br/>Samuel, Samuel, sê profeta de Israel<br/>Samuel, Samuel</lines>
    </verse>
    <verse name="v5">
      <lines>----</lines>
    </verse>
  </lyrics>
</song>
