<?xml version='1.0' encoding='utf-8'?>
<song xmlns="http://openlyrics.info/namespace/2009/song" version="0.8" createdIn="OpenLP 1.9.9" modifiedIn="OpenLP 1.9.9" modifiedDate="2012-09-30T13:18:53">
  <properties>
    <titles>
      <title>santo</title>
    </titles>
    <authors>
      <author>Aline Barros</author>
    </authors>
  </properties>
  <lyrics>
    <verse name="v1">
      <lines>Santo</lines>
    </verse>
    <verse name="v2">
      <lines>Santo que toda a terra proclame: ele é santo<br/>Esse é o nosso Deus, outro igual não há<br/>Santo, somente ele é magnífico em santidade<br/>Todo joelho se dobrará e toda língua confessará</lines>
    </verse>
    <verse name="v3">
      <lines>Ele é santo, senhor onipotente, grande e excelente<br/>É o seu nome<br/>Merecedor de toda a glória, santo é o senhor<br/>Jeová ele é santo... santo é o senhor Jeová</lines>
    </verse>
    <verse name="v4">
      <lines>----</lines>
    </verse>
  </lyrics>
</song>
