<?xml version='1.0' encoding='utf-8'?>
<song xmlns="http://openlyrics.info/namespace/2009/song" version="0.8" createdIn="OpenLP 1.9.9" modifiedIn="OpenLP 1.9.9" modifiedDate="2012-09-30T13:18:53">
  <properties>
    <titles>
      <title>santidade</title>
    </titles>
    <authors>
      <author>Aline Barros</author>
    </authors>
  </properties>
  <lyrics>
    <verse name="v1">
      <lines>Santidade</lines>
    </verse>
    <verse name="v2">
      <lines>O meu melhor quero te dar<br/>Me derramar aos teus pés<br/>Ser tua imagem e semelhança<br/>É o desejo do meu coração</lines>
    </verse>
    <verse name="v3">
      <lines>Se meu corpo errar o caminho, meu coração clamará por Ti<br/>Abraça-me com tua misericórdia<br/>Vem me envolver<br/>Tua face quero ver</lines>
    </verse>
    <verse name="v4">
      <lines>(REFRÃO)<br/>Quero vestir as roupas da santidade<br/>E mergulhar nos santo dos santos<br/>Tenho sede de Deus<br/>Quero conhecer<br/>Quero exalar mais de Deus</lines>
    </verse>
    <verse name="v5">
      <lines>----</lines>
    </verse>
  </lyrics>
</song>
