<?xml version='1.0' encoding='utf-8'?>
<song xmlns="http://openlyrics.info/namespace/2009/song" version="0.8" createdIn="OpenLP 1.9.9" modifiedIn="OpenLP 1.9.9" modifiedDate="2012-09-30T13:18:53">
  <properties>
    <titles>
      <title>santo-o-senhor</title>
    </titles>
    <authors>
      <author>Aline Barros</author>
    </authors>
  </properties>
  <lyrics>
    <verse name="v1">
      <lines>Santo É O Senhor</lines>
    </verse>
    <verse name="v2">
      <lines>Santo,<br/>Que toda a Terra proclame que Ele é Santo<br/>Esse é o nosso Deus<br/>Outro igual não há</lines>
    </verse>
    <verse name="v3">
      <lines>Santo,<br/>Somente Ele é magnífico em Santidade<br/>Todo joelho se dobrará<br/>E toda língua confessará</lines>
    </verse>
    <verse name="v4">
      <lines>Ele é Santo<br/>Senhor onipotente<br/>Grande e excelente é o Seu nome<br/>Merecedor de toda Glória<br/>Santo é o Senhor Jeová</lines>
    </verse>
    <verse name="v5">
      <lines>Ele é Santo<br/>Senhor onipotente<br/>Grande e excelente é o Seu nome<br/>Merecedor de toda Glória<br/>Santo é o Senhor Jeová</lines>
    </verse>
    <verse name="v6">
      <lines>----</lines>
    </verse>
  </lyrics>
</song>
