<?xml version='1.0' encoding='utf-8'?>
<song xmlns="http://openlyrics.info/namespace/2009/song" version="0.8" createdIn="OpenLP 1.9.9" modifiedIn="OpenLP 1.9.9" modifiedDate="2012-09-30T13:18:53">
  <properties>
    <titles>
      <title>se-clamares</title>
    </titles>
    <authors>
      <author>Aline Barros</author>
    </authors>
  </properties>
  <lyrics>
    <verse name="v1">
      <lines>Se Clamares</lines>
    </verse>
    <verse name="v2">
      <lines>Não me clamou<br/>Naquele dia em que dor chegou<br/>Invadiu meu peito<br/>Não me clamou<br/>No dia em que alguém que confiou<br/>Te enganou<br/>E no prazer de uma grande conquista<br/>Alguém chegou e matou tua alegria<br/>Em tudo te espero ouvir clamar<br/>Não me canso de te ajudar.</lines>
    </verse>
    <verse name="v3">
      <lines>Tudo acontece se clamares<br/>Vitórias tem se a mim clamares<br/>Eu quero ouvir-te então clamando<br/>Então clama e depois<br/>Serás feliz demais.</lines>
    </verse>
    <verse name="v4">
      <lines>É só clamar<br/>E nunca vou deixar na mão<br/>Seja onde fores<br/>Eu Sou Jesus<br/>E pelo teu bem vou pelejar<br/>Sobre o que quiseres<br/>Te amo demais<br/>Te corrijo e conforto<br/>E ai de quem tentar contra tua sorte<br/>Em tudo te quero ouvir clamar<br/>Não me canso de te ajudar.<br/>(refrão - 2x)</lines>
    </verse>
    <verse name="v5">
      <lines>----</lines>
    </verse>
  </lyrics>
</song>
