<?xml version='1.0' encoding='utf-8'?>
<song xmlns="http://openlyrics.info/namespace/2009/song" version="0.8" createdIn="OpenLP 1.9.9" modifiedIn="OpenLP 1.9.9" modifiedDate="2012-09-30T13:18:53">
  <properties>
    <titles>
      <title>sejam-um</title>
    </titles>
    <authors>
      <author>Aline Barros</author>
    </authors>
  </properties>
  <lyrics>
    <verse name="v1">
      <lines>Sejam um</lines>
    </verse>
    <verse name="v2">
      <lines>Se alguém deixou de ser aquilo<br/>Que você um dia imaginou<br/>Se houve algum motivo incerto ou justo<br/>Não leve a mal não julgue</lines>
    </verse>
    <verse name="v3">
      <lines>Se você tentar vai ver<br/>Que é fácil amar o seu irmão<br/>Sem criticá- lo<br/>Mesmo que aos olhos seus haja um erro<br/>Interceda por ele<br/>Entregue sua vida a Deus</lines>
    </verse>
    <verse name="v4">
      <lines>Deus quer que você e seu irmão<br/>Sejam um<br/>Compreendam todas as diferenças<br/>E sejam um<br/>O mesmo corpo no Senhor<br/>Uma só voz<br/>E o mesmo louvor<br/>Abram seus corações<br/>E sejam um.</lines>
    </verse>
    <verse name="v5">
      <lines>----</lines>
    </verse>
  </lyrics>
</song>
