<?xml version='1.0' encoding='utf-8'?>
<song xmlns="http://openlyrics.info/namespace/2009/song" version="0.8" createdIn="OpenLP 1.9.9" modifiedIn="OpenLP 1.9.9" modifiedDate="2012-09-30T13:18:54">
  <properties>
    <titles>
      <title>sem-limites</title>
    </titles>
    <authors>
      <author>Aline Barros</author>
    </authors>
  </properties>
  <lyrics>
    <verse name="v1">
      <lines>Sem Limites</lines>
    </verse>
    <verse name="v2">
      <lines>Este mundo te parece tão normal</lines>
    </verse>
    <verse name="v3">
      <lines>Oferece coisas que te trazem dor<br/>Problemas que assolam o coração,</lines>
    </verse>
    <verse name="v4">
      <lines>Pois o homem não conhece<br/>O que é o amor.<br/>Então nasce uma esperança</lines>
    </verse>
    <verse name="v5">
      <lines>Quando não há mais saída,</lines>
    </verse>
    <verse name="v6">
      <lines>A vitória para Deus</lines>
    </verse>
    <verse name="v7">
      <lines>Não tem limites,</lines>
    </verse>
    <verse name="v8">
      <lines>Brilha forte a luz divina</lines>
    </verse>
    <verse name="v9">
      <lines>Pra você que está perdido,<br/>Toda graça vem de Deus</lines>
    </verse>
    <verse name="v10">
      <lines>Eu não duvido.</lines>
    </verse>
    <verse name="v11">
      <lines>Você pode crer que nada</lines>
    </verse>
    <verse name="v12">
      <lines>Está no fim</lines>
    </verse>
    <verse name="v13">
      <lines>Pois em qualquer situação</lines>
    </verse>
    <verse name="v14">
      <lines>Ele vem te socorrer;</lines>
    </verse>
    <verse name="v15">
      <lines>Você pode crer há uma</lines>
    </verse>
    <verse name="v16">
      <lines>Chance, sim</lines>
    </verse>
    <verse name="v17">
      <lines>Você pode não compreender</lines>
    </verse>
    <verse name="v18">
      <lines>Que Cristo vive em ti,</lines>
    </verse>
    <verse name="v19">
      <lines>Você pode crer.<br/>Você pode crer que nada</lines>
    </verse>
    <verse name="v20">
      <lines>Está no fim</lines>
    </verse>
    <verse name="v21">
      <lines>Pois em qualquer situação</lines>
    </verse>
    <verse name="v22">
      <lines>Ele vem te socorrer;</lines>
    </verse>
    <verse name="v23">
      <lines>Você pode crer há uma</lines>
    </verse>
    <verse name="v24">
      <lines>Chance, sim</lines>
    </verse>
    <verse name="v25">
      <lines>Você pode não compreender</lines>
    </verse>
    <verse name="v26">
      <lines>Que Cristo vive em ti,</lines>
    </verse>
    <verse name="v27">
      <lines>Você pode crer.</lines>
    </verse>
    <verse name="v28">
      <lines>----</lines>
    </verse>
  </lyrics>
</song>
