<?xml version='1.0' encoding='utf-8'?>
<song xmlns="http://openlyrics.info/namespace/2009/song" version="0.8" createdIn="OpenLP 1.9.9" modifiedIn="OpenLP 1.9.9" modifiedDate="2012-09-30T13:18:54">
  <properties>
    <titles>
      <title>senhor-nao-ha-ninguem-como-tu</title>
    </titles>
    <authors>
      <author>Aline Barros</author>
    </authors>
  </properties>
  <lyrics>
    <verse name="v1">
      <lines>Senhor Não Há Ninguém Como Tu</lines>
    </verse>
    <verse name="v2">
      <lines>Senhor não há ninguém como tu<br/>Senhor não há ninguém como tu<br/>Senhor não há ninguém como tu<br/>Queremos te adorar</lines>
    </verse>
    <verse name="v3">
      <lines>Senhor não há ninguém como tu<br/>Senhor não há ninguém como tu<br/>Senhor não há ninguém como tu<br/>Queremos te adorar</lines>
    </verse>
    <verse name="v4">
      <lines>Tu és Deus poderoso<br/>Meu pai amigo<br/>Tu és um Deus tremendo<br/>E eu amo te adorar</lines>
    </verse>
    <verse name="v5">
      <lines>Tu és Jeová Jireh<br/>Deus provedor<br/>Tu és fiel pra sempre<br/>Eu amo te adorar</lines>
    </verse>
    <verse name="v6">
      <lines>----</lines>
    </verse>
  </lyrics>
</song>
