<?xml version='1.0' encoding='utf-8'?>
<song xmlns="http://openlyrics.info/namespace/2009/song" version="0.8" createdIn="OpenLP 1.9.9" modifiedIn="OpenLP 1.9.9" modifiedDate="2012-09-30T13:18:54">
  <properties>
    <titles>
      <title>senhor-dos-senhores</title>
    </titles>
    <authors>
      <author>Aline Barros</author>
    </authors>
  </properties>
  <lyrics>
    <verse name="v1">
      <lines>Senhor dos Senhores</lines>
    </verse>
    <verse name="v2">
      <lines>senhor dos senhores<br/>SENHOR DOS SENHORES<br/>senhor dos senhores<br/>senhor dos senhores</lines>
    </verse>
    <verse name="v3">
      <lines>----</lines>
    </verse>
  </lyrics>
</song>
