<?xml version='1.0' encoding='utf-8'?>
<song xmlns="http://openlyrics.info/namespace/2009/song" version="0.8" createdIn="OpenLP 1.9.9" modifiedIn="OpenLP 1.9.9" modifiedDate="2012-09-30T13:18:54">
  <properties>
    <titles>
      <title>seor-ten-misericordia</title>
    </titles>
    <authors>
      <author>Aline Barros</author>
    </authors>
  </properties>
  <lyrics>
    <verse name="v1">
      <lines>Señor Ten Misericordia</lines>
    </verse>
    <verse name="v2">
      <lines>Cristo he olvidado, palabras que has hablado<br/>Y a pesar de todo, aquí sigues junto a mi lado<br/>Caminando con el mundo, y mi corazón contigo<br/>Perdona mi incredulidad<br/>Avívame otra vez</lines>
    </verse>
    <verse name="v3">
      <lines>(Coro)<br/>Ten misericordia, no me dejes<br/>Ten misericordia de mí<br/>Ten misericordia, no me dejes<br/>Ten misericordia de mí</lines>
    </verse>
    <verse name="v4">
      <lines>He contruído altares dando gloria a lo mundano<br/>He navegado mares que me alejan de ti<br/>Pero ahora entiendo que tú eres mi sendero<br/>Perdona mis ofensas, restáurame otra vez</lines>
    </verse>
    <verse name="v5">
      <lines>Tu misericordia es lo que más anhelo<br/>Que tu río de bondades siempre esté fluyendo en mí<br/>Hoy me inclino en tu presencia y me rindo a tu grandeza<br/>Que tu gracia siempre brille como faro en alta mar</lines>
    </verse>
    <verse name="v6">
      <lines>----</lines>
    </verse>
  </lyrics>
</song>
