<?xml version='1.0' encoding='utf-8'?>
<song xmlns="http://openlyrics.info/namespace/2009/song" version="0.8" createdIn="OpenLP 1.9.9" modifiedIn="OpenLP 1.9.9" modifiedDate="2012-09-30T13:18:54">
  <properties>
    <titles>
      <title>seremos-sempre-um</title>
    </titles>
    <authors>
      <author>Aline Barros</author>
    </authors>
  </properties>
  <lyrics>
    <verse name="v1">
      <lines>Seremos Sempre Um</lines>
    </verse>
    <verse name="v2">
      <lines>(Hey, hey; Na, na; Hum, hum)</lines>
    </verse>
    <verse name="v3">
      <lines>Você foi meu abrigo quando eu precisei<br/>Você foi meu sorriso quando eu chorei<br/>Já sentia sua falta antes de te conhecer<br/>Você e eu, seremos sempre um</lines>
    </verse>
    <verse name="v4">
      <lines>Eu agradeço todo dia ao Senhor<br/>Por me abençoar com a doçura desse amor<br/>Eu encontrei em teus olhos algo que me cativou<br/>Vi teu coração, totalmente apaixonado por Deus</lines>
    </verse>
    <verse name="v5">
      <lines>Se você não existisse, eu pediria a Deus<br/>Pra inventar você pro nosso amor nascer<br/>Todo dia</lines>
    </verse>
    <verse name="v6">
      <lines>----</lines>
    </verse>
  </lyrics>
</song>
