<?xml version='1.0' encoding='utf-8'?>
<song xmlns="http://openlyrics.info/namespace/2009/song" version="0.8" createdIn="OpenLP 1.9.9" modifiedIn="OpenLP 1.9.9" modifiedDate="2012-09-30T13:18:54">
  <properties>
    <titles>
      <title>sermao-da-montanha</title>
    </titles>
    <authors>
      <author>Aline Barros</author>
    </authors>
  </properties>
  <lyrics>
    <verse name="v1">
      <lines>Sermão da Montanha</lines>
    </verse>
    <verse name="v2">
      <lines>Quando jesus viu aquela multiidão, subiu um monte e sentou-se. os seus discípulos se aproximaram e ele começou a ensiná-los.<br/>Felizes os que sabem que são espiritualmente pobres, pois o reino dos céus é deles.<br/>Felizes os que choram, porque deus os consolará.<br/>Felizes os humildes, pois receberão o que deus tem prometido.<br/>Felizes os que tem fome e sede de fazer a vontade de deus, pois ele os deixará completamente satisfeitos.<br/>Felizes os que são amáveis e têm misericórdia dos outros, pois deus terá misericórdia deles.<br/>Felizes os que tem o coração puro, porque eles verão a deus.<br/>Felizes os que trabalham pela paz entre as pessoas, pois deus os tratará com seus filhos.<br/>Felizes os que sofrem perseguições por fazerem a vontade de deus, pois o reino dos céus é deles.<br/>Felizes são vocês quando os insultam, perseguem e dizem todo tipo de calúnia contra vocês por serem meus seguidores<br/>Fiquem alegres e felizes, pois uma grande recompensa está guardada no céu para vocês. por que foi assim mesmo que perseguiram os profetas que viveram antes de vocês.</lines>
    </verse>
    <verse name="v3">
      <lines>----</lines>
    </verse>
  </lyrics>
</song>
