<?xml version='1.0' encoding='utf-8'?>
<song xmlns="http://openlyrics.info/namespace/2009/song" version="0.8" createdIn="OpenLP 1.9.9" modifiedIn="OpenLP 1.9.9" modifiedDate="2012-09-30T13:18:54">
  <properties>
    <titles>
      <title>sim-jesus</title>
    </titles>
    <authors>
      <author>Aline Barros</author>
    </authors>
  </properties>
  <lyrics>
    <verse name="v1">
      <lines>Sim, Jesus</lines>
    </verse>
    <verse name="v2">
      <lines>Olhe pra direita, olhe pra esquerda, olhe para trás, olhe pra mim<br/>Gire no lugar e comece a cantar. Chegou a hora de você dizer sim</lines>
    </verse>
    <verse name="v3">
      <lines>Jesus é bom? Sim! Maravilhoso? Sim! E Poderoso? Sim! E minha Luz? Sim! E Meu amigo?<br/>Sim! Está comigo? Sim! Em todo tempo diga sim pra Jesus.</lines>
    </verse>
    <verse name="v4">
      <lines>Sim, sim, sim, sim, Jesus. Sim, sim, sim, sim Jesus.<br/>Sim, sim, sim, sim, Jesus. Em todo tempo diga sim pra Jesus.</lines>
    </verse>
    <verse name="v5">
      <lines>Eu quero ver você bater as mão. Eu quero ver bater os pés, assim...</lines>
    </verse>
    <verse name="v6">
      <lines>Eu quero ver você sair do chão. Pula!<br/>Quero ver você dizer que sim. Sim!<br/>Se verdadeiramente quer andar na luz,<br/>Você precisa dizer sim pra Jesus.<br/>Se verdadeiramente quer andar na luz,<br/>Você precisa dizer sim pra Jesus.</lines>
    </verse>
    <verse name="v7">
      <lines>----</lines>
    </verse>
  </lyrics>
</song>
