<?xml version='1.0' encoding='utf-8'?>
<song xmlns="http://openlyrics.info/namespace/2009/song" version="0.8" createdIn="OpenLP 1.9.9" modifiedIn="OpenLP 1.9.9" modifiedDate="2012-09-30T13:18:54">
  <properties>
    <titles>
      <title>som-da-alegria</title>
    </titles>
    <authors>
      <author>Aline Barros</author>
    </authors>
  </properties>
  <lyrics>
    <verse name="v1">
      <lines>Som da Alegria</lines>
    </verse>
    <verse name="v2">
      <lines>Quero um som diferente<br/>De tudo que eu já ouvi<br/>Som que mexa e estremeça com toda terra</lines>
    </verse>
    <verse name="v3">
      <lines>O som de josué e o povo de israel<br/>Que derrubou as muralhas de jericó<br/>Da harpa de davi<br/>Que libertou rei saul<br/>O som que tira os meus pés do chão</lines>
    </verse>
    <verse name="v4">
      <lines>O som da alegria<br/>O som que vem dos céus<br/>O som da alegria<br/>É o de todas as crianças<br/>Que celebram a ti</lines>
    </verse>
    <verse name="v5">
      <lines>Hei, hei, hei, how</lines>
    </verse>
    <verse name="v6">
      <lines>----</lines>
    </verse>
  </lyrics>
</song>
