<?xml version='1.0' encoding='utf-8'?>
<song xmlns="http://openlyrics.info/namespace/2009/song" version="0.8" createdIn="OpenLP 1.9.9" modifiedIn="OpenLP 1.9.9" modifiedDate="2012-09-30T13:18:55">
  <properties>
    <titles>
      <title>sonda-me-usa-me</title>
    </titles>
    <authors>
      <author>Aline Barros</author>
    </authors>
  </properties>
  <lyrics>
    <verse name="v1">
      <lines>Sonda-me, usa-me</lines>
    </verse>
    <verse name="v2">
      <lines>Sonda-me, Senhor, e me conhece<br/>Quebranta o meu coração<br/>Transforma-me conforme a Tua palavra<br/>E enche-me até que em mim se ache só a Ti</lines>
    </verse>
    <verse name="v3">
      <lines>Então, usa-me , Senhor<br/>Usa-me</lines>
    </verse>
    <verse name="v4">
      <lines>(REFRÃO)<br/>Como um farol que brilha à noite<br/>Como ponte sobre as águas<br/>Como abrigo no deserto<br/>Como flecha que acerta o alvo<br/>Eu quero ser usado da maneira que te agrade<br/>Em qualquer hora e em qualquer lugar<br/>Eis aqui a minha vida<br/>Usa-me, Senhor<br/>Usa-me</lines>
    </verse>
    <verse name="v5">
      <lines>Sonda-me<br/>Quebranta-me<br/>Transforma-me<br/>Enche-me<br/>E usa-me</lines>
    </verse>
    <verse name="v6">
      <lines>Sonda-me<br/>Quebranta-me<br/>Transforma-me<br/>Enche-me<br/>E usa-me, Senhor</lines>
    </verse>
    <verse name="v7">
      <lines>(REFRÃO)<br/>Como um farol que brilha à noite<br/>Como ponte sobre as águas<br/>Como abrigo no deserto<br/>Como flecha que acerta o alvo<br/>Eu quero ser usado da maneira que te agrade<br/>Em qualquer hora e em qualquer lugar<br/>Eis aqui a minha vida<br/>Usa-me, Senhor<br/>Usa-me</lines>
    </verse>
    <verse name="v8">
      <lines>----</lines>
    </verse>
  </lyrics>
</song>
