<?xml version='1.0' encoding='utf-8'?>
<song xmlns="http://openlyrics.info/namespace/2009/song" version="0.8" createdIn="OpenLP 1.9.9" modifiedIn="OpenLP 1.9.9" modifiedDate="2012-09-30T13:20:34">
  <properties>
    <titles>
      <title>Sonda-me</title>
    </titles>
    <authors>
      <author>ALINE BARROS</author>
    </authors>
  </properties>
  <lyrics>
    <verse name="v1">
      <lines>SONDA-ME SENHOR E ME CONHECE<br/>QUEBRANTA O MEU CORAÇÃO<br/>TRANSFORMA-ME <br/>CONFORME A TUA PALAVRA<br/>ENCHE-ME ATÉ QUE EM MIM<br/>SE ACHE SÓ A TI ENTÃO<br/>USA-ME SENHOR,USA-ME</lines>
    </verse>
    <verse name="v2">
      <lines>COMO FAROL QUE BRILHA A NOITE<br/>COMO PONTE SOBRE AS ÁGUAS<br/>COMO ABRIGO NO DESERTO<br/>COMO FLECHA QUE ACERTA O ALVO<br/>EU QUERO SER USADO<br/>DA MANEIRA QUE TE AGRADE<br/>EM QUALQUER HORA <br/>EM QUALQUER LUGAR<br/>EIS AQUI A MINHA VIDA<br/>USA-ME SENHOR</lines>
    </verse>
    <verse name="v3">
      <lines>SONDA-ME<br/>QUEBRANTA-ME<br/>TRANSFORMA-ME<br/>ENCHE-ME<br/>E USA-ME</lines>
    </verse>
  </lyrics>
</song>
