<?xml version='1.0' encoding='utf-8'?>
<song xmlns="http://openlyrics.info/namespace/2009/song" version="0.8" createdIn="OpenLP 1.9.9" modifiedIn="OpenLP 1.9.9" modifiedDate="2012-09-30T13:18:55">
  <properties>
    <titles>
      <title>sonhos-de-deus</title>
    </titles>
    <authors>
      <author>Aline Barros</author>
    </authors>
  </properties>
  <lyrics>
    <verse name="v1">
      <lines>Sonhos de Deus</lines>
    </verse>
    <verse name="v2">
      <lines>Se tentaram matar os teus sonhos sufocando o teu coração<br/>Se lançaram você numa cova e ferido perdeu a visão<br/>Não desista não pare de crer<br/>Os sonhos de Deus jamais vão morrer, não desista não pare de lutar, não pare de adorar, levanta os teus olhos e vê Deus está restaurando os teus sonhos e a tua visão<br/>Recebe a cura<br/>Recebe a unção<br/>Unção de ousadia, unção de conquista, unção de multiplicação</lines>
    </verse>
    <verse name="v3">
      <lines>----</lines>
    </verse>
  </lyrics>
</song>
