<?xml version='1.0' encoding='utf-8'?>
<song xmlns="http://openlyrics.info/namespace/2009/song" version="0.8" createdIn="OpenLP 1.9.9" modifiedIn="OpenLP 1.9.9" modifiedDate="2012-09-30T13:18:55">
  <properties>
    <titles>
      <title>sou-feliz</title>
    </titles>
    <authors>
      <author>Aline Barros</author>
    </authors>
  </properties>
  <lyrics>
    <verse name="v1">
      <lines>Sou Feliz</lines>
    </verse>
    <verse name="v2">
      <lines>Ele é o pão da vida<br/>Filho do Deus criador<br/>O seu reino é de justiça<br/>No seu nome, há poder<br/>Se fez homem,. veio ao mundo<br/>Pra curar a minha dor<br/>Alcançou a minha vida<br/>Entrou no meu coração<br/>Me deu paz e alegria<br/>Estou seguro em suas mãos.<br/>Canto assim:<br/>Sou feliz com Jesus<br/>O meu Rei é a minha luz,<br/>Sou Feliz com Jesus<br/>O meu Rei é a minha luz<br/>Jesus Cristo poderoso, soberano e fiel<br/>Ele é o melhor amigo<br/>Você pode acreditar<br/>Ele quebra as cadeias<br/>Quebra todas maldição<br/>Nos faz livre do pecado<br/>Traz vitória ao derrotado<br/>E eu sou prova<br/>Desta verdade.</lines>
    </verse>
    <verse name="v3">
      <lines>(refrão)</lines>
    </verse>
    <verse name="v4">
      <lines>Se fez homem, veio ao mundo<br/>Pra curar a minha dor<br/>Alcançou a minha vida<br/>Entrou no meu coração<br/>Me deu paz e alegria<br/>Estou seguro em suas mãos<br/>Canto assim:<br/>Sou feliz com Jesus<br/>O meu Rei é a minha luz.<br/>Sou Feliz com Jesus<br/>O meu Rei é a minha, minha, luz<br/>Sou feliz com Jesus<br/>O meu Rei é a minha luz.<br/>Sou Feliz com Jesus</lines>
    </verse>
    <verse name="v5">
      <lines>----</lines>
    </verse>
  </lyrics>
</song>
