<?xml version='1.0' encoding='utf-8'?>
<song xmlns="http://openlyrics.info/namespace/2009/song" version="0.8" createdIn="OpenLP 1.9.9" modifiedIn="OpenLP 1.9.9" modifiedDate="2012-09-30T13:18:55">
  <properties>
    <titles>
      <title>soube-que-me-amava</title>
    </titles>
    <authors>
      <author>Aline Barros</author>
    </authors>
  </properties>
  <lyrics>
    <verse name="v1">
      <lines>Soube Que Me Amava</lines>
    </verse>
    <verse name="v2">
      <lines>Desde o princípio quando com você sonhei<br/>Desde o momento em que os meus olhos levantei<br/>Desde esse dia em que sozinha eu estava<br/>Foi quando o seu olhar no meu se encontrou.</lines>
    </verse>
    <verse name="v3">
      <lines>Soube que me amava, entendi<br/>Soube que buscava mais de mim<br/>Que muito tempo me esperou, e então cheguei.<br/>Soube que me amava, entendi<br/>Eu já não podia resistir, e com um beijo e com amor<br/>Te entreguei meu coração, me apaixonei</lines>
    </verse>
    <verse name="v4">
      <lines>E quando longe eu estava<br/>Percebi que o teu carinho e o teu amor<br/>Eram pra mim como um sussurro,<br/>Ouvi tua voz no meu silêncio<br/>Me chamando cada dia mais pra ti.</lines>
    </verse>
    <verse name="v5">
      <lines>Soube que me amava, entendi<br/>Soube que buscava mais, mais de mim<br/>Que muito tempo me esperou, e então cheguei.<br/>Soube que amava, entendi<br/>Eu já não podia resistir, e com um beijo e com amor<br/>Te entreguei meu coração, me apaixonei.</lines>
    </verse>
    <verse name="v6">
      <lines>(Introdução)</lines>
    </verse>
    <verse name="v7">
      <lines>Soube que amava, entendi<br/>Soube que buscava muito mais, muito mais de mim<br/>Que muito tempo me esperou, e então cheguei.<br/>Soube que amava, entendi<br/>Eu já não podia resistir, e com um beijo e com amor<br/>Te entreguei meu coração, me apaixonei.<br/>Me apaixonei!<br/>Estou aqui!</lines>
    </verse>
    <verse name="v8">
      <lines>----</lines>
    </verse>
  </lyrics>
</song>
