<?xml version='1.0' encoding='utf-8'?>
<song xmlns="http://openlyrics.info/namespace/2009/song" version="0.8" createdIn="OpenLP 1.9.9" modifiedIn="OpenLP 1.9.9" modifiedDate="2012-09-30T13:18:55">
  <properties>
    <titles>
      <title>te-adorar-o-meu-prazer</title>
    </titles>
    <authors>
      <author>Aline Barros</author>
    </authors>
  </properties>
  <lyrics>
    <verse name="v1">
      <lines>Te Adorar é o Meu Prazer</lines>
    </verse>
    <verse name="v2">
      <lines>Senhor, quero viver pra teu louvor<br/>Te entregar tudo que sou<br/>Com o meu viver te exaltarei, amado Rei dos reis</lines>
    </verse>
    <verse name="v3">
      <lines>Senhor, tua verdade viverei<br/>Em santidade servirei<br/>Minha herança está em ti(ooh)</lines>
    </verse>
    <verse name="v4">
      <lines>(REFRÃO)<br/>Te adorar, Senhor, é o meu prazer<br/>Te entronizar, Senhor, te bendizer<br/>Minha paixão está em ti, meu coração está em ti<br/>Te adorar, Senhor, é o meu prazer<br/>Te entronizar, Senhor, te bendizer<br/>Minha paixão está em ti, meu coração está em ti, Senhor</lines>
    </verse>
    <verse name="v5">
      <lines>----</lines>
    </verse>
  </lyrics>
</song>
