<?xml version='1.0' encoding='utf-8'?>
<song xmlns="http://openlyrics.info/namespace/2009/song" version="0.8" createdIn="OpenLP 1.9.9" modifiedIn="OpenLP 1.9.9" modifiedDate="2012-09-30T13:18:55">
  <properties>
    <titles>
      <title>te-conhecer</title>
    </titles>
    <authors>
      <author>Aline Barros</author>
    </authors>
  </properties>
  <lyrics>
    <verse name="v1">
      <lines>Te Conhecer</lines>
    </verse>
    <verse name="v2">
      <lines>É tempo de crer e ver<br/>O seu poder<br/>Que me transformou, me converteu<br/>O céu se abriu pra mim<br/>E eu pude conquistar<br/>Uma forma de vida pro meu andar</lines>
    </verse>
    <verse name="v3">
      <lines>É, Jesus faz parte do meu ser<br/>E pra mim é um prazer<br/>Ver o eterno amor de Deus na minha vida</lines>
    </verse>
    <verse name="v4">
      <lines>Foi tão bom te conhecer<br/>E pra mim é um prazer<br/>Ter sempre o Rei dos reis<br/>Habitando em mim</lines>
    </verse>
    <verse name="v5">
      <lines>É, a solidão feriu meu coração<br/>Trouxe incerteza no talvez<br/>Jesus com o seu poder num gesto de amor<br/>Fez que eu nascesse outra vez</lines>
    </verse>
    <verse name="v6">
      <lines>É, Jesus faz parte do meu ser<br/>E pra mim é um prazer<br/>Ver o eterno amor de Deus na minha vida</lines>
    </verse>
    <verse name="v7">
      <lines>Foi tão bom te conhecer<br/>E pra mim é um prazer<br/>Ter sempre o Rei dos reis<br/>Habitando em mim</lines>
    </verse>
    <verse name="v8">
      <lines>É tempo de crer e ver<br/>O seu poder<br/>Que me transformou, me converteu<br/>O céu se abriu pra mim<br/>E eu pude conquistar<br/>Uma forma de vida pro meu andar</lines>
    </verse>
    <verse name="v9">
      <lines>É, Jesus faz parte do meu ser<br/>E pra mim é um prazer<br/>Ver o eterno amor de Deus na minha vida</lines>
    </verse>
    <verse name="v10">
      <lines>Foi tão bom te conhecer<br/>E pra mim é um prazer<br/>Ter sempre o Rei dos reis<br/>Habitando em mim</lines>
    </verse>
    <verse name="v11">
      <lines>Jesus faz parte do meu ser<br/>E pra mim é um prazer<br/>Ver o eterno amor de Deus na minha vida</lines>
    </verse>
    <verse name="v12">
      <lines>Foi tão bom te conhecer<br/>E pra mim é um prazer<br/>Ter sempre o Rei dos reis<br/>Habitando em mim</lines>
    </verse>
    <verse name="v13">
      <lines>----</lines>
    </verse>
  </lyrics>
</song>
