<?xml version='1.0' encoding='utf-8'?>
<song xmlns="http://openlyrics.info/namespace/2009/song" version="0.8" createdIn="OpenLP 1.9.9" modifiedIn="OpenLP 1.9.9" modifiedDate="2012-09-30T13:18:56">
  <properties>
    <titles>
      <title>tem-um-anjo-aqui</title>
    </titles>
    <authors>
      <author>Aline Barros</author>
    </authors>
  </properties>
  <lyrics>
    <verse name="v1">
      <lines>Tem Um Anjo Aqui</lines>
    </verse>
    <verse name="v2">
      <lines>Tem um anjo aqui<br/>Veio trazer um recadinho<br/>Que em nome de jesus<br/>Eu fiu abençoadinho</lines>
    </verse>
    <verse name="v3">
      <lines>Tem um anjo aqui<br/>Veio trazer um recadinho<br/>Eu posso sentir<br/>Poder de deus nesse lugar</lines>
    </verse>
    <verse name="v4">
      <lines>Aleluia glória a deus<br/>Eu dou uma voltinha<br/>Eu pulo e bato palma<br/>Assim você e eu</lines>
    </verse>
    <verse name="v5">
      <lines>Eu vou fazendo assim<br/>Vou encerando com o pezinho<br/>Encerando com o pezinho<br/>Encerando com o pezinho</lines>
    </verse>
    <verse name="v6">
      <lines>----</lines>
    </verse>
  </lyrics>
</song>
