<?xml version='1.0' encoding='utf-8'?>
<song xmlns="http://openlyrics.info/namespace/2009/song" version="0.8" createdIn="OpenLP 1.9.9" modifiedIn="OpenLP 1.9.9" modifiedDate="2012-09-30T13:18:55">
  <properties>
    <titles>
      <title>tempo-de-mudar</title>
    </titles>
    <authors>
      <author>Aline Barros</author>
    </authors>
  </properties>
  <lyrics>
    <verse name="v1">
      <lines>Tempo De Mudar</lines>
    </verse>
    <verse name="v2">
      <lines>Basta só um levantar de mão<br/>Para toda uma vida melhorar<br/>É sua chance, sua oportunidade<br/>Ele está te chamando, vem!</lines>
    </verse>
    <verse name="v3">
      <lines>Fico imaginando o teu olhar<br/>Quando receber Jesus no coração<br/>De alegria um sorriso surgirá<br/>E seremos todos irmãos</lines>
    </verse>
    <verse name="v4">
      <lines>Vem ainda é tempo de mudar<br/>Não existe outra saída pra você<br/>Uma nova vida Jesus Cristo vai te dar</lines>
    </verse>
    <verse name="v5">
      <lines>Então vem, agora vem o aceitar..</lines>
    </verse>
    <verse name="v6">
      <lines>----</lines>
    </verse>
  </lyrics>
</song>
