<?xml version='1.0' encoding='utf-8'?>
<song xmlns="http://openlyrics.info/namespace/2009/song" version="0.8" createdIn="OpenLP 1.9.9" modifiedIn="OpenLP 1.9.9" modifiedDate="2012-09-30T13:18:56">
  <properties>
    <titles>
      <title>tribo-de-levi</title>
    </titles>
    <authors>
      <author>Aline Barros</author>
    </authors>
  </properties>
  <lyrics>
    <verse name="v1">
      <lines>Tribo de Levi</lines>
    </verse>
    <verse name="v2">
      <lines>Aleluia!Aleluia! 2x<br/>Digno de luovor, seja louvado<br/>Só a ti exaltarei<br/>Digno de glória coroado<br/>Só em ti me alegrarei</lines>
    </verse>
    <verse name="v3">
      <lines>Dançar como Davi<br/>Saltar de alegria<br/>Israel shalon, direi<br/>A tribo de levi saúda o Messias<br/>Hosana ao Rei dos Reis</lines>
    </verse>
    <verse name="v4">
      <lines>----</lines>
    </verse>
  </lyrics>
</song>
