<?xml version='1.0' encoding='utf-8'?>
<song xmlns="http://openlyrics.info/namespace/2009/song" version="0.8" createdIn="OpenLP 1.9.9" modifiedIn="OpenLP 1.9.9" modifiedDate="2012-09-30T13:18:56">
  <properties>
    <titles>
      <title>tu-amor-por-mi</title>
    </titles>
    <authors>
      <author>Aline Barros</author>
    </authors>
  </properties>
  <lyrics>
    <verse name="v1">
      <lines>Tu Amor Por Mi</lines>
    </verse>
    <verse name="v2">
      <lines>Tu mano puedo ver, en cada amanecer<br/>veo tu gloria en el color del mar<br/>Llenas de luz mi ser, en cada anochecer<br/>abro mi corazón alzo mis manos hacia ti / eres<br/>mi padre, quiero servirte es sorprendente tu amor por mi<br/>misericordia, sin merecerla quiero gritarlo, joh!<br/>tu sorprendente amor por mi/ veo crecer mi fe, cuando siento tu<br/>amor lo que desee, tienes para mi estoy llena de amor, de tu gracia<br/>sin fin abro mi corazón alzo mis manos hacia ti quiero<br/>gritarlo tu sorprendente amor por mi, quiero gritarlo tu sorprendente amor por mi, quiero gritarlo tu sorprendente amor por mi<br/>tu amor por mi, tu amor por mi, tu amor por mi, abromi corazón alzo mis manos hacia ti</lines>
    </verse>
    <verse name="v3">
      <lines>----</lines>
    </verse>
  </lyrics>
</song>
