<?xml version='1.0' encoding='utf-8'?>
<song xmlns="http://openlyrics.info/namespace/2009/song" version="0.8" createdIn="OpenLP 1.9.9" modifiedIn="OpenLP 1.9.9" modifiedDate="2012-09-30T13:18:56">
  <properties>
    <titles>
      <title>tu-es-adorado-com-eyshila-ate-tocar-ceu</title>
    </titles>
    <authors>
      <author>Aline Barros</author>
    </authors>
  </properties>
  <lyrics>
    <verse name="v1">
      <lines>Tu És Adorado (Com Eyshila - Até Tocar o Céu)</lines>
    </verse>
    <verse name="v2">
      <lines>Eyshila:<br/>Não há outro Deus igual<br/>Não há outro como Tu<br/>És o desejado das nações<br/>Toda criação adora a Ti.</lines>
    </verse>
    <verse name="v3">
      <lines>Aline:<br/>Não há outro Deus igual<br/>Não há outro como Tu<br/>És o desejado das nações<br/>Toda criação adora a Ti.</lines>
    </verse>
    <verse name="v4">
      <lines>(Refrão)<br/>Tu És adorado<br/>Tu És adorado por mim<br/>(2vezes).</lines>
    </verse>
    <verse name="v5">
      <lines>Toda a criação Te adora<br/>todas as nações se prostram<br/>ante o Teu poder e Teu amor.<br/>Todo joelho se dobrará<br/>e toda língua confessará<br/>que só Tu És (Eyshila)<br/>Só Tu És (Aline)<br/>Senhor (As Duas)</lines>
    </verse>
    <verse name="v6">
      <lines>(Refrão)<br/>Tu És adorado<br/>Tu És adorado por mim<br/>(2vezes).</lines>
    </verse>
    <verse name="v7">
      <lines>----</lines>
    </verse>
  </lyrics>
</song>
