<?xml version='1.0' encoding='utf-8'?>
<song xmlns="http://openlyrics.info/namespace/2009/song" version="0.8" createdIn="OpenLP 1.9.9" modifiedIn="OpenLP 1.9.9" modifiedDate="2012-09-30T13:18:56">
  <properties>
    <titles>
      <title>tu-es-fiel</title>
    </titles>
    <authors>
      <author>Aline Barros</author>
    </authors>
  </properties>
  <lyrics>
    <verse name="v1">
      <lines>Tu és Fiel</lines>
    </verse>
    <verse name="v2">
      <lines>Tu és fiel Senhor<br/>Meu Pai Celeste pleno poder<br/>aos Teus filhos darás<br/>nunca Mudaste, Tu nunca Faltaste<br/>tal como Eras Tu sempre Seras.</lines>
    </verse>
    <verse name="v3">
      <lines>(Refrão)</lines>
    </verse>
    <verse name="v4">
      <lines>Tu és fiel Senhor<br/>Tu és fiel senhor<br/>dia apos dia com bençãos sem fim.<br/>Tua merce me sustenta e me guarda.<br/>Tu és Fiel Senhor,Fiel a mim.</lines>
    </verse>
    <verse name="v5">
      <lines>Flores e frutos<br/>montanhas e mares<br/>sol, lua, estrela no ceu a brilhar<br/>tudo Criaste na terra e no ares<br/>todo o universo vem pois Te louvar</lines>
    </verse>
    <verse name="v6">
      <lines>Tu és fiel Senhor<br/>Tu és fiel Senhor dia apos dia com bençãos sem fim<br/>Tua merce me sustenta e me guarda Tu es Fiel Senhor<br/>Fiel a mim</lines>
    </verse>
    <verse name="v7">
      <lines>Pleno perdao Tu dás,<br/>Paz, segurança<br/>Cada momento me guias Senhor<br/>E no porvir<br/>Oh que doce esperança<br/>Desfrutarei do Teu rico favor.</lines>
    </verse>
    <verse name="v8">
      <lines>(refrão)</lines>
    </verse>
    <verse name="v9">
      <lines>----</lines>
    </verse>
  </lyrics>
</song>
