<?xml version='1.0' encoding='utf-8'?>
<song xmlns="http://openlyrics.info/namespace/2009/song" version="0.8" createdIn="OpenLP 1.9.9" modifiedIn="OpenLP 1.9.9" modifiedDate="2012-09-30T13:18:56">
  <properties>
    <titles>
      <title>tua-palavra</title>
    </titles>
    <authors>
      <author>Aline Barros</author>
    </authors>
  </properties>
  <lyrics>
    <verse name="v1">
      <lines>Tua Palavra</lines>
    </verse>
    <verse name="v2">
      <lines>Tua palavra é Luz para o meu caminho<br/>Tua palavra lâmpada para os meus pés<br/>E o Teu amor é como a doce água<br/>Que vem a mim como em meio à um deserto</lines>
    </verse>
    <verse name="v3">
      <lines>Como orvalho que desce em plena terra seca<br/>E dela faz surgir verdes pastos<br/>Quero fazer valer Tua palavra em mim<br/>Pra que o doente tenha onde se curar<br/>Quero fazer valer Tua palavra em mim<br/>Pra que o mundo saiba que Tu és Senhor<br/>Tu és Senhor, Tu és Senhor Jesus</lines>
    </verse>
    <verse name="v4">
      <lines>Pois em meio, em meio a Tua palavra<br/>Se fizeram os céus<br/>E o brilho do sol<br/>Se fez reinar em meio as trevas.</lines>
    </verse>
    <verse name="v5">
      <lines>----</lines>
    </verse>
  </lyrics>
</song>
