<?xml version='1.0' encoding='utf-8'?>
<song xmlns="http://openlyrics.info/namespace/2009/song" version="0.8" createdIn="OpenLP 1.9.9" modifiedIn="OpenLP 1.9.9" modifiedDate="2012-09-30T13:20:36">
  <properties>
    <titles>
      <title>TUDO É TEU</title>
    </titles>
    <authors>
      <author>ALINE BARROS</author>
    </authors>
  </properties>
  <lyrics>
    <verse name="v1">
      <lines>DE TODO LUGAR PERDIDOS VIRÃO<br/>EM UMA SO VOZ <br/>LIVRES VAMOS CANTAR<br/>LEVASTE A CRUZ <br/>MORRESTE E VIVO ESTÁS<br/>MEU DEUS, MEU TUDO SEMPRE TE DAREI</lines>
    </verse>
    <verse name="v2">
      <lines>MANDASTE JESUS DO CÉU ATÉ NÓS <br/>A TODOS LIVROU <br/>SEMPRE SE OUVIRÁ<br/>BUSQUEI A VERDADE<br/> E ATI EU ENCONTREI <br/>MEU DEUS, MEU TUDO SEMPRE TE DAREI</lines>
    </verse>
    <verse name="v3">
      <lines>JESUS POR TI EU VIVEREI <br/>NUNCA ME ENVERGONHAREI <br/>MEU SER E TODO MEU LOUVOR <br/>TEU, TEU , TUDO É TEU</lines>
    </verse>
    <verse name="v4">
      <lines>BUSCO A TI E AGORA POSSO VER <br/>SEGUIREI A TUA LUZ<br/>POIS EM TUAS MÃOS ESTÁ SENHOR A SALVAÇÃO</lines>
    </verse>
  </lyrics>
</song>
