<?xml version='1.0' encoding='utf-8'?>
<song xmlns="http://openlyrics.info/namespace/2009/song" version="0.8" createdIn="OpenLP 1.9.9" modifiedIn="OpenLP 1.9.9" modifiedDate="2012-09-30T13:18:56">
  <properties>
    <titles>
      <title>tudo-teu</title>
    </titles>
    <authors>
      <author>Aline Barros</author>
    </authors>
  </properties>
  <lyrics>
    <verse name="v1">
      <lines>Tudo é Teu</lines>
    </verse>
    <verse name="v2">
      <lines>De todo lugar perdidos virão<br/>Em uma só voz livres vamos cantar<br/>Levaste a cruz<br/>Morreste e vivo estás<br/>Meu Deus, meu tudo sempre te darei</lines>
    </verse>
    <verse name="v3">
      <lines>Mandaste Jesus do céu até nós<br/>A todos livrou, sempre se ouvirá<br/>Busquei a verdade, e a Ti eu encontrei<br/>Meu Deus, meu tudo sempre te darei</lines>
    </verse>
    <verse name="v4">
      <lines>(Refrão)<br/>Jesus, por ti eu viverei<br/>Nunca me envergonharei, ô ô ô<br/>Meu ser e todo meu louvor<br/>Teu, teu tudo é teu<br/>Teu, teu tudo é teu</lines>
    </verse>
    <verse name="v5">
      <lines>Busco a Ti e agora posso ver<br/>Seguirei a tua luz<br/>Pois em tuas mãos está, Senhor, a salvação</lines>
    </verse>
    <verse name="v6">
      <lines>* (Refrão)</lines>
    </verse>
    <verse name="v7">
      <lines>----</lines>
    </verse>
  </lyrics>
</song>
