<?xml version='1.0' encoding='utf-8'?>
<song xmlns="http://openlyrics.info/namespace/2009/song" version="0.8" createdIn="OpenLP 1.9.9" modifiedIn="OpenLP 1.9.9" modifiedDate="2012-09-30T13:18:56">
  <properties>
    <titles>
      <title>tudo-diferente</title>
    </titles>
    <authors>
      <author>Aline Barros</author>
    </authors>
  </properties>
  <lyrics>
    <verse name="v1">
      <lines>Tudo é Diferente</lines>
    </verse>
    <verse name="v2">
      <lines>Abraça-me Senhor, não me deixe ir<br/>Eu quero estar em teus braços de amor</lines>
    </verse>
    <verse name="v3">
      <lines>Contigo eu quero estar<br/>Te dar o meu louvor<br/>Preciso desse amor<br/>Jesus és tudo para mim<br/>Meu coração te entreguei<br/>pois deste a vida por mim<br/>Tua graça é tudo que eu preciso<br/>Jesus és tudo para mim</lines>
    </verse>
    <verse name="v4">
      <lines>(REFRÃO)<br/>Abraça-me, Senhor, não me deixe ir<br/>Eu quero estar em teus braços de amor<br/>E agora, que perto estás<br/>Tudo é diferente, muito diferente, Senhor<br/>Já não sou mais o mesmo<br/>Minha vida mudou<br/>Contigo quero estar para sempre</lines>
    </verse>
    <verse name="v5">
      <lines>Em Tua presença me esconderei<br/>Em Tempo e fora de tempo eu te louvarei</lines>
    </verse>
    <verse name="v6">
      <lines>(REFRÃO)<br/>Abraça-me, Senhor, não me deixe ir<br/>Eu quero estar em teus braços de amor<br/>E agora, que perto estás<br/>Tudo é diferente, muito diferente, Senhor<br/>Já não sou mais o mesmo<br/>Minha vida mudou<br/>Contigo quero estar para sempre</lines>
    </verse>
    <verse name="v7">
      <lines>----</lines>
    </verse>
  </lyrics>
</song>
