<?xml version='1.0' encoding='utf-8'?>
<song xmlns="http://openlyrics.info/namespace/2009/song" version="0.8" createdIn="OpenLP 1.9.9" modifiedIn="OpenLP 1.9.9" modifiedDate="2012-09-30T13:18:57">
  <properties>
    <titles>
      <title>um-novo-espirito</title>
    </titles>
    <authors>
      <author>Aline Barros</author>
    </authors>
  </properties>
  <lyrics>
    <verse name="v1">
      <lines>Um Novo Espírito</lines>
    </verse>
    <verse name="v2">
      <lines>Oh vem, Senhor, derrama o Teu Espírito<br/>Oh vem, Senhor, derrama a Tua unção<br/>Sobre nós que aguardamos com fé Tuas promessas<br/>E te adoraremos, Senhor, com um novo Espírito</lines>
    </verse>
    <verse name="v3">
      <lines>Oh vem, Senhor, derrama o Teu Espírito, oh vem<br/>Senhor!<br/>Oh vem, Senhor, derrama a Tua unção, Tua unção<br/>Sobre nós que aguardamos com fé Tuas promessas, oh<br/>Senhor!<br/>E te adoraremos, Senhor, com um novo Espírito</lines>
    </verse>
    <verse name="v4">
      <lines>Vem mover no meio do Teu povo com Teu Poder, Senhor<br/>Vem encher os nossos corações com Tua Presença, Jesus<br/>E o nosso ser Te exaltará co gratidão, oh Rei<br/>E Te adoraremos, Senhor, com um novo Espírito<br/>E Te adoraremos, Senhor, com um novo Espírito</lines>
    </verse>
    <verse name="v5">
      <lines>Oh vem, Senhor, derrama o Teu Espírito, oh vem<br/>Senhor!<br/>Oh vem, Senhor, derrama a Tua unção<br/>Sobre nós que aguardamos com fé Tuas promessas, oh<br/>Senhor<br/>E te adoraremos, Senhor, com um novo Espírito<br/>E te adoraremos, Senhor, com um novo Espírito</lines>
    </verse>
    <verse name="v6">
      <lines>----</lines>
    </verse>
  </lyrics>
</song>
