<?xml version='1.0' encoding='utf-8'?>
<song xmlns="http://openlyrics.info/namespace/2009/song" version="0.8" createdIn="OpenLP 1.9.9" modifiedIn="OpenLP 1.9.9" modifiedDate="2012-09-30T13:18:57">
  <properties>
    <titles>
      <title>unidos-para-sempre</title>
    </titles>
    <authors>
      <author>Aline Barros</author>
    </authors>
  </properties>
  <lyrics>
    <verse name="v1">
      <lines>Unidos Para Sempre</lines>
    </verse>
    <verse name="v2">
      <lines>Não me olhe assim, com este olhar de quem sonhou a vida inteira em me encontrar, porque eu vou acreditar.<br/>Pra que falar assim, nesse tom doce mistério se o silêncio vai dizer, coração ta acelerado não dá mais pra<br/>Esconder, e que as palavras são iguais numa frase ou na canção, mais é nova emoção eu e você, ê...</lines>
    </verse>
    <verse name="v3">
      <lines>Meu amor, eu te decorei só num olhar, o que Deus uniu e abençoou. Nada pode separar, o nosso amor é como um rio que se entrega para o mar.</lines>
    </verse>
    <verse name="v4">
      <lines>Meu amor, eu te decorei só num olhar, é pra valer, ê, é pra ficar. Eu preciso te aprender, Por que toda<br/>a minha vida eu vou te amar, a, a, a...</lines>
    </verse>
    <verse name="v5">
      <lines>Não me olhe assim, com este olhar de quem sonhou a vida inteira em me encontrar, porque eu vou acreditar.<br/>Pra que falar assim, nesse tom doce mistério se o silêncio vai dizer, coração ta acelerado não dá mais pra<br/>Esconder, e que as palavras são iguais numa frase ou na canção, mais é nova emoção eu e você, eu e você, eu e você , ê...</lines>
    </verse>
    <verse name="v6">
      <lines>Meu amor, eu te decorei só num olhar, o que Deus uniu e abençoou. Nada pode separar, o nosso amor é como um rio que se entrega para o mar.</lines>
    </verse>
    <verse name="v7">
      <lines>Meu amor, eu te decorei só num olhar, é pra valer, ê, é pra ficar. Eu preciso te aprender, Por que toda a minha vida eu vou te amar, a, a , a...</lines>
    </verse>
    <verse name="v8">
      <lines>----</lines>
    </verse>
  </lyrics>
</song>
