<?xml version='1.0' encoding='utf-8'?>
<song xmlns="http://openlyrics.info/namespace/2009/song" version="0.8" createdIn="OpenLP 1.9.9" modifiedIn="OpenLP 1.9.9" modifiedDate="2012-09-30T13:18:57">
  <properties>
    <titles>
      <title>vamos-malhar</title>
    </titles>
    <authors>
      <author>Aline Barros</author>
    </authors>
  </properties>
  <lyrics>
    <verse name="v1">
      <lines>Vamos malhar</lines>
    </verse>
    <verse name="v2">
      <lines>Malhando os Bracinhos eu louvo ao Senhor<br/>Bracinho outra vez Perfeito Ele me fez<br/>Malhando as perninhas marchando eu vou<br/>Perninha outra vez saldado do Rei.</lines>
    </verse>
    <verse name="v3">
      <lines>1 e 2 e 3 dançando em seu louvor<br/>4 prá alongar cuidar do templo do Senhor<br/>1 e 2 e 3 fazendo cinturinha<br/>4 pra alongar<br/>Dá uma relaxadinaha</lines>
    </verse>
    <verse name="v4">
      <lines>Vamos Malhar<br/>Vamos suar<br/>Queimar as gordurinhas de uma vez</lines>
    </verse>
    <verse name="v5">
      <lines>Vamos Malhar<br/>Vamos suar<br/>Saúde 10 nós somos soldados do Rei</lines>
    </verse>
    <verse name="v6">
      <lines>----</lines>
    </verse>
  </lyrics>
</song>
