<?xml version='1.0' encoding='utf-8'?>
<song xmlns="http://openlyrics.info/namespace/2009/song" version="0.8" createdIn="OpenLP 1.9.9" modifiedIn="OpenLP 1.9.9" modifiedDate="2012-09-30T13:18:57">
  <properties>
    <titles>
      <title>vamos-saltar</title>
    </titles>
    <authors>
      <author>Aline Barros</author>
    </authors>
  </properties>
  <lyrics>
    <verse name="v1">
      <lines>Vamos a Saltar</lines>
    </verse>
    <verse name="v2">
      <lines>Moviendo los bracitos yo alabo al Señor<br/>Con las manos en alto perfecto me hizo Él<br/>Moviendo las pernitas marchando yo voy<br/>Marchando otra vez soy soldadito del Rey</lines>
    </verse>
    <verse name="v3">
      <lines>Uno y dos y tres<br/>Danzando para el Señor<br/>Cuatro para lograr<br/>Cuidar del templo del Señor<br/>Uno y dos y tres<br/>Moviendo las cinturitas<br/>Cuatro voy a lograr mover las caderitas</lines>
    </verse>
    <verse name="v4">
      <lines>Vamos a saltar vamos a sudar<br/>Quemaremos la grasita de una vez<br/>Vamos a saltar vamos a sudar<br/>Y seremos saludables soldaditos de Rey</lines>
    </verse>
    <verse name="v5">
      <lines>----</lines>
    </verse>
  </lyrics>
</song>
