<?xml version='1.0' encoding='utf-8'?>
<song xmlns="http://openlyrics.info/namespace/2009/song" version="0.8" createdIn="OpenLP 1.9.9" modifiedIn="OpenLP 1.9.9" modifiedDate="2012-09-30T13:18:57">
  <properties>
    <titles>
      <title>vem-chegando-natal</title>
    </titles>
    <authors>
      <author>Aline Barros</author>
    </authors>
  </properties>
  <lyrics>
    <verse name="v1">
      <lines>Vem chegando o natal</lines>
    </verse>
    <verse name="v2">
      <lines>Vai começar<br/>Um brilho no ar<br/>Que festa tão linda<br/>Você vai gostar!</lines>
    </verse>
    <verse name="v3">
      <lines>Estrelas no céu<br/>A cintilar<br/>flores no ar<br/>Vamos te celebrar!</lines>
    </verse>
    <verse name="v4">
      <lines>Côro<br/>Vem que está chegando o natal (2x)<br/>Pois nasceu Jesus, o salvador</lines>
    </verse>
    <verse name="v5">
      <lines>Natal é alegria<br/>É Jesus no coração<br/>Por isso noite e dia<br/>Vou cantando essa canção<br/>uuuuuuuoooooooooo!</lines>
    </verse>
    <verse name="v6">
      <lines>Meninos e meninas<br/>De todas as nações<br/>Comemoram este dia<br/>O natal é muito bom</lines>
    </verse>
    <verse name="v7">
      <lines>Pois nasceu Jesus, (2x)<br/>o salvador!!</lines>
    </verse>
    <verse name="v8">
      <lines>----</lines>
    </verse>
  </lyrics>
</song>
