<?xml version='1.0' encoding='utf-8'?>
<song xmlns="http://openlyrics.info/namespace/2009/song" version="0.8" createdIn="OpenLP 1.9.9" modifiedIn="OpenLP 1.9.9" modifiedDate="2012-09-30T13:18:57">
  <properties>
    <titles>
      <title>vem-chegando-natal-santa-claus-is-comin-to-town</title>
    </titles>
    <authors>
      <author>Aline Barros</author>
    </authors>
  </properties>
  <lyrics>
    <verse name="v1">
      <lines>Vem Chegando o Natal! / Santa Claus Is Comin' To Town</lines>
    </verse>
    <verse name="v2">
      <lines>vai começar<br/>Um brilho no ar<br/>festa tão linda<br/>Você vai gostar!<br/>vem que está chegando natal (2x)<br/>pois nasceu Jesus o salvador</lines>
    </verse>
    <verse name="v3">
      <lines>Estrelas no céu<br/>A cintilar<br/>Cores no ar<br/>Vamos celebrar</lines>
    </verse>
    <verse name="v4">
      <lines>Vem que está chegando o natal (2x)<br/>Pois nasceu Jesus, o salvador</lines>
    </verse>
    <verse name="v5">
      <lines>Natal é alegria<br/>É jesus no coração<br/>Por isso noite e dia<br/>Vou cantando essa canção<br/>vai começar um brilho<br/>no ar festa tão linda<br/>você vai gostar<br/>vem que está chegando o natal (2x)<br/>pois nasceu Jesus o salvador</lines>
    </verse>
    <verse name="v6">
      <lines>Meninos e meninas<br/>De todas as nações<br/>Comemoram este dia<br/>O natal é muito bom</lines>
    </verse>
    <verse name="v7">
      <lines>estrela no céu a cintilar<br/>flores no ar vamos celebrar<br/>vem que está chegando o natal<br/>vem que está chegando o natal<br/>pois nasceu Jesus, pois nasceu Jesus<br/>pois nasceu Jesus o salvador</lines>
    </verse>
    <verse name="v8">
      <lines>----</lines>
    </verse>
  </lyrics>
</song>
