<?xml version='1.0' encoding='utf-8'?>
<song xmlns="http://openlyrics.info/namespace/2009/song" version="0.8" createdIn="OpenLP 1.9.9" modifiedIn="OpenLP 1.9.9" modifiedDate="2012-09-30T13:18:58">
  <properties>
    <titles>
      <title>venimos-adorarte</title>
    </titles>
    <authors>
      <author>Aline Barros</author>
    </authors>
  </properties>
  <lyrics>
    <verse name="v1">
      <lines>Venimos a Adorarte</lines>
    </verse>
    <verse name="v2">
      <lines>Estramos ante ti<br/>Por gracia oh Señor<br/>Te venimos a buscar<br/>Y no lo que nos puedes dar<br/>Deseamos darte amor<br/>Pues diste tú amor<br/>Queremos darte gracias<br/>Por lo que has hecho hoy</lines>
    </verse>
    <verse name="v3">
      <lines>Coro<br/>Venimos a adorarte<br/>Rey de reyes y Señor<br/>Venimos a adorarte<br/>Te oferecemos nuestro amor<br/>Purificamos Señor<br/>Y ilénamos com más<br/>De tu amor<br/>Y presencia en nuestro ser</lines>
    </verse>
    <verse name="v4">
      <lines>Hiciste un lugar<br/>Por medio de tu amor<br/>Nuestros corazones hoy<br/>Rebosan can loor<br/>Nadie como tú<br/>Tan justo y tan fiel<br/>Queremos dart gracias<br/>Por lo que has hecho hoy</lines>
    </verse>
    <verse name="v5">
      <lines>(Se repite el coro )</lines>
    </verse>
    <verse name="v6">
      <lines>Venimos a alabar<br/>Venimos a adorarte<br/>Rey de reyes y Señor<br/>Venimos a diabarte<br/>Te oferecemos nuestro amor<br/>Purificamos Señor<br/>Y ilênamos can más<br/>De tu amor<br/>Y presencia en nuestro ser</lines>
    </verse>
    <verse name="v7">
      <lines>----</lines>
    </verse>
  </lyrics>
</song>
