<?xml version='1.0' encoding='utf-8'?>
<song xmlns="http://openlyrics.info/namespace/2009/song" version="0.8" createdIn="OpenLP 1.9.9" modifiedIn="OpenLP 1.9.9" modifiedDate="2012-09-30T13:18:58">
  <properties>
    <titles>
      <title>vento-do-espirito</title>
    </titles>
    <authors>
      <author>Aline Barros</author>
    </authors>
  </properties>
  <lyrics>
    <verse name="v1">
      <lines>Vento do Espírito</lines>
    </verse>
    <verse name="v2">
      <lines>(2x)<br/>O vento sopra, só ele sabe para onde vai<br/>Eu quero estar no vento<br/>Ser conduzido pela sua vontade</lines>
    </verse>
    <verse name="v3">
      <lines>Sopra sobre mim o Teu querer<br/>Leva-me na nuvem da unção<br/>Eu quero ir contigo até chegar<br/>Ao lugar da Tua habitação</lines>
    </verse>
    <verse name="v4">
      <lines>(REFRÃO)<br/>Sopra em mim vento do Espírito<br/>Contigo eu quero ir<br/>Eu não sei de onde vens<br/>Nem sei pra onde vais<br/>Só sei que eu quero ir<br/>Vento do espírito, sopra em mim</lines>
    </verse>
    <verse name="v5">
      <lines>Sopra em mim<br/>Sopra, sopra, sopra</lines>
    </verse>
    <verse name="v6">
      <lines>(REFRÃO)<br/>Sopra em mim vento do Espírito<br/>Contigo eu quero ir<br/>Eu não sei de onde vens<br/>Nem sei pra onde vais<br/>Só sei que eu quero ir<br/>Vento do espírito, sopra em mim</lines>
    </verse>
    <verse name="v7">
      <lines>----</lines>
    </verse>
  </lyrics>
</song>
