<?xml version='1.0' encoding='utf-8'?>
<song xmlns="http://openlyrics.info/namespace/2009/song" version="0.8" createdIn="OpenLP 1.9.9" modifiedIn="OpenLP 1.9.9" modifiedDate="2012-09-30T13:20:37">
  <properties>
    <titles>
      <title>VENTO DO ESPIRITO</title>
    </titles>
    <authors>
      <author>ALINE BARROS</author>
    </authors>
  </properties>
  <lyrics>
    <verse name="v1">
      <lines>O VENTO SOPRA,<br/>SÓ ELE SABE PARA ONDE VAI <br/>QUERO ESTAR NO VENTO,</lines>
    </verse>
    <verse name="v2">
      <lines>SER CONDUZIDO PELA SUA VONTADE<br/>SOPRA SOBRE MIM O TEU QUERER<br/>LEVA-ME A NUVEM DA UNÇÃO</lines>
    </verse>
    <verse name="v3">
      <lines>QUERO IR CONTIGO ATÉ CHEGAR<br/>AO LUGAR DA TUA HABITAÇÃO<br/>SOPRA EM MIM O VENTO DO ESPIRITO</lines>
    </verse>
    <verse name="v4">
      <lines>CONTIGO EU QUERO IR <br/>EU NÃO SEI DE ONDE VEM<br/>NEM SEI PARA ONDE VAI<br/>SÓ SEI QUE EU QUERO IR <br/>VENTO DO ESPIRITO,<br/>SOPRA EM MIM</lines>
    </verse>
  </lyrics>
</song>
