<?xml version='1.0' encoding='utf-8'?>
<song xmlns="http://openlyrics.info/namespace/2009/song" version="0.8" createdIn="OpenLP 1.9.9" modifiedIn="OpenLP 1.9.9" modifiedDate="2012-09-30T13:18:58">
  <properties>
    <titles>
      <title>verde-que-te-quero-verde</title>
    </titles>
    <authors>
      <author>Aline Barros</author>
    </authors>
  </properties>
  <lyrics>
    <verse name="v1">
      <lines>Verde Que Te Quero Verde</lines>
    </verse>
    <verse name="v2">
      <lines>O chuchu dá lá na cerca, cenourinha lá no chão<br/>Vai nascendo que nem flor, o alface e o agrião<br/>Batatinha quando nasce, se esparrama pelo chão<br/>Já abriu meu apetite, hoje eu quero um pratão</lines>
    </verse>
    <verse name="v3">
      <lines>Verde que te quero verde na comidinha<br/>Verde que te quero verde na barriguinha<br/>Verde, vermelhinho, roxo, amarelinho</lines>
    </verse>
    <verse name="v4">
      <lines>Quero comer, quero comer. Quero comer, quero comer<br/>Quero comer, quero comer, quero comer<br/>Quero comer, quero comer, quero comer<br/>Quero comer, quero comer, quero comer</lines>
    </verse>
    <verse name="v5">
      <lines>O vermelho do tomate, o verde do pimentão<br/>Com o verde do espinafre eu fico bem saradão<br/>Mamãe, eu quero beterraba<br/>Ela é toda roxinha, ela é vitaminada<br/>Eu vou ficar bem coradinha</lines>
    </verse>
    <verse name="v6">
      <lines>E tudo colorido, pra encher a barriguinha<br/>Eu oro, eu agradeço pela minha comidinha<br/>Eu sou vitaminado, eu sou forte, eu tenho luz<br/>Tem que ser bem forte<br/>O soldadinho de Jesus</lines>
    </verse>
    <verse name="v7">
      <lines>----</lines>
    </verse>
  </lyrics>
</song>
