<?xml version='1.0' encoding='utf-8'?>
<song xmlns="http://openlyrics.info/namespace/2009/song" version="0.8" createdIn="OpenLP 1.9.9" modifiedIn="OpenLP 1.9.9" modifiedDate="2012-09-30T13:20:38">
  <properties>
    <titles>
      <title>VITÓRIA NO DESERTO</title>
    </titles>
    <authors>
      <author>ALINE BARROS</author>
    </authors>
  </properties>
  <lyrics>
    <verse name="v1">
      <lines>QUANDO A NOITE FRIA CAIR SOBRE MIM<br/>E NUM DESERTO EU ME ENCONTRAR<br/>ME VIR CERCADO POR EGÍPCIOS E FARAÓ<br/>SENDO IMPEDIDO DE PROSSEGUIR<br/>SEI QUE O TEU FOGO CAIRÁ SOBRE MIM<br/>SEI QUE O TEU FOGO CAIRÁ SOBRE MIM<br/>E ME LEVARÁ EM TI CONFIAR<br/>E ME LEVARÁ EM TI CONFIAR</lines>
    </verse>
    <verse name="v2">
      <lines>ENTÃO EU DIREI<br/>ABRA-SE O MAR E EU PASSAREI<br/>PULANDO E DANÇANDO EM SUA PRESENÇA</lines>
    </verse>
    <verse name="v3">
      <lines>POR ISSO EU PULO, PULO, PULO, PULO<br/>PULO NA PRESENÇA DO REI<br/>POR ISSO EU DANÇO, DANÇO, DANÇO,<br/>DANÇO, DANÇO NA PRESENÇA DO REI<br/>POR ISSO EU GRITO, GRITO, GRITO<br/>GRITO, GRITO NA PRESENÇA DO REI<br/>POR ISSO EU CORRO, CORRO, CORRO<br/>CORRO, CORRO NA PRESENÇA DO REI</lines>
    </verse>
  </lyrics>
</song>
