<?xml version='1.0' encoding='utf-8'?>
<song xmlns="http://openlyrics.info/namespace/2009/song" version="0.8" createdIn="OpenLP 1.9.9" modifiedIn="OpenLP 1.9.9" modifiedDate="2012-09-30T13:18:58">
  <properties>
    <titles>
      <title>voce-especial</title>
    </titles>
    <authors>
      <author>Aline Barros</author>
    </authors>
  </properties>
  <lyrics>
    <verse name="v1">
      <lines>Você É Especial</lines>
    </verse>
    <verse name="v2">
      <lines>Você é especial, não existe outro igual<br/>Deus criou você assim, diferente de mim (2 vezes)</lines>
    </verse>
    <verse name="v3">
      <lines>O seu cabelo, a cor da sua pele, o tamanho do pé<br/>Altura, peso, medidas, braço, perna e barriga<br/>Bem assim como é...</lines>
    </verse>
    <verse name="v4">
      <lines>Você foi criado, foi separado<br/>Pra servir a Deus do jeito que você é...<br/>Insubstituível. Você é incrível! Só precisa Ter fé.<br/>Por isso, um apelido não será ouvido se ele for uma gozação,<br/>Mas será atendido se for um carinho do seu coração</lines>
    </verse>
    <verse name="v5">
      <lines>Você é especial, não existe outro igual<br/>Deus criou você assim, diferente de mim (2 vezes)</lines>
    </verse>
    <verse name="v6">
      <lines>O seu nariz, boca, sobrancelha, queixo, testa e orelha<br/>A cor dos seus olhos, Ele não ensaiou, tudo fez de primeira</lines>
    </verse>
    <verse name="v7">
      <lines>----</lines>
    </verse>
  </lyrics>
</song>
