<?xml version='1.0' encoding='utf-8'?>
<song xmlns="http://openlyrics.info/namespace/2009/song" version="0.8" createdIn="OpenLP 1.9.9" modifiedIn="OpenLP 1.9.9" modifiedDate="2012-09-30T13:18:58">
  <properties>
    <titles>
      <title>voce-de-deus</title>
    </titles>
    <authors>
      <author>Aline Barros</author>
    </authors>
  </properties>
  <lyrics>
    <verse name="v1">
      <lines>Você É De Deus</lines>
    </verse>
    <verse name="v2">
      <lines>A caminhada com Jesus não é facil eu sei<br/>Cair e levantar escreve a tua história<br/>Mas o que te sustenta é o mesmo que não julga<br/>Ainda te surpreende dando mais amor<br/>E Ele te ensina a prossegulr sem medo<br/>Pois todas as algemas Ele já quebrou</lines>
    </verse>
    <verse name="v3">
      <lines>Você é de Deus<br/>A graça que te cerca te mantém de pé<br/>Você é de Deus<br/>Nada te separa do amor que Ele é<br/>Você é de Deus<br/>E dessa verdade pode se apostar<br/>Você é de Deus<br/>Ele é a fonte do recomeçar</lines>
    </verse>
    <verse name="v4">
      <lines>----</lines>
    </verse>
  </lyrics>
</song>
