<?xml version='1.0' encoding='utf-8'?>
<song xmlns="http://openlyrics.info/namespace/2009/song" version="0.8" createdIn="OpenLP 1.9.9" modifiedIn="OpenLP 1.9.9" modifiedDate="2012-09-30T13:18:58">
  <properties>
    <titles>
      <title>vontade-do-pai</title>
    </titles>
    <authors>
      <author>Aline Barros</author>
    </authors>
  </properties>
  <lyrics>
    <verse name="v1">
      <lines>Vontade Do Pai</lines>
    </verse>
    <verse name="v2">
      <lines>Posso te ouvir chamando<br/>O meu nome em doce voz<br/>Não estou sonhando<br/>Encontrei o perfeito amor<br/>Que vem do alto, e está de braços abertos<br/>Minha vontade, não existe mais...<br/>...eu quero a vontade do meu pai</lines>
    </verse>
    <verse name="v3">
      <lines>Refrão:<br/>Que envolve o coração<br/>E me mostra a direção<br/>Vou caminhar, não desistir<br/>Com cristo o sei que sou feliz</lines>
    </verse>
    <verse name="v4">
      <lines>Eu fui transformado<br/>Nova vida encontrei em ti<br/>E o que me motiva<br/>É saber que estas aqui<br/>Vou caminhando e conquistando vitórias<br/>Minha vontade, não existe mais...<br/>Eu quero a vontade do meu pai</lines>
    </verse>
    <verse name="v5">
      <lines>Refrão</lines>
    </verse>
    <verse name="v6">
      <lines>O seu nome é grande<br/>Nele tudo posso<br/>Guia-me senhor, tu és meu pastor, nada me faltará<br/>Hoje e sempre o teu nome</lines>
    </verse>
    <verse name="v7">
      <lines>Refrão...</lines>
    </verse>
    <verse name="v8">
      <lines>----</lines>
    </verse>
  </lyrics>
</song>
