<?xml version='1.0' encoding='utf-8'?>
<song xmlns="http://openlyrics.info/namespace/2009/song" version="0.8" createdIn="OpenLP 1.9.9" modifiedIn="OpenLP 1.9.9" modifiedDate="2012-09-30T13:18:59">
  <properties>
    <titles>
      <title>vou-te-alegrar</title>
    </titles>
    <authors>
      <author>Aline Barros</author>
    </authors>
  </properties>
  <lyrics>
    <verse name="v1">
      <lines>Vou Te Alegrar</lines>
    </verse>
    <verse name="v2">
      <lines>Eu me rendo a Ti perante os homens, perante tudo<br/>Quero que o universo seja a minha testemunha<br/>Vou erguer perante o Teu trono minha adoração<br/>E levar com ela toda minha gratidão</lines>
    </verse>
    <verse name="v3">
      <lines>Senhor, és o motivo da minha alegria<br/>Deus meu, és o caminho distante do mundo</lines>
    </verse>
    <verse name="v4">
      <lines>(Refrão)<br/>Vou Te alegrar com o meu louvor<br/>Eu quero Te tocar com o meu amor<br/>Poder Te abraçar, sentir o Teu pulsar<br/>Teu coração bater ao meu</lines>
    </verse>
    <verse name="v5">
      <lines>Te amo<br/>Te adoro<br/>Me prostro<br/>Pra Te adorar<br/>Te alegrar</lines>
    </verse>
    <verse name="v6">
      <lines>* (Refrão)</lines>
    </verse>
    <verse name="v7">
      <lines>----</lines>
    </verse>
  </lyrics>
</song>
