<?xml version='1.0' encoding='utf-8'?>
<song xmlns="http://openlyrics.info/namespace/2009/song" version="0.8" createdIn="OpenLP 1.9.9" modifiedIn="OpenLP 1.9.9" modifiedDate="2012-09-30T13:18:59">
  <properties>
    <titles>
      <title>xo-apagao</title>
    </titles>
    <authors>
      <author>Aline Barros</author>
    </authors>
  </properties>
  <lyrics>
    <verse name="v1">
      <lines>Xô apagão</lines>
    </verse>
    <verse name="v2">
      <lines>É um tal de apaga apaga<br/>É um tal de apagão<br/>É rapidinho no chuveiro<br/>Desliguei até o som</lines>
    </verse>
    <verse name="v3">
      <lines>É um tal de apaga apaga<br/>É um tal de apagão<br/>Eu também tô ajudando<br/>A iluminar esta nação</lines>
    </verse>
    <verse name="v4">
      <lines>Se o céu chorar<br/>E se chover<br/>Eu vou tomar banho de chuva com você<br/>Se o céu chorar e chover<br/>A gente dança no tirulirulirulê</lines>
    </verse>
    <verse name="v5">
      <lines>Xô, xô, xô apagão<br/>Tem lua cheia salpicada de emoção<br/>Xô, xô, xô apagão<br/>Eu vou brilhar com a luz de Deus no coração</lines>
    </verse>
    <verse name="v6">
      <lines>----</lines>
    </verse>
  </lyrics>
</song>
