<?xml version='1.0' encoding='utf-8'?>
<song xmlns="http://openlyrics.info/namespace/2009/song" version="0.8" createdIn="OpenLP 1.9.9" modifiedIn="OpenLP 1.9.9" modifiedDate="2012-09-30T13:18:59">
  <properties>
    <titles>
      <title>yo-te-alabare-por-siempre-traducao</title>
    </titles>
    <authors>
      <author>Aline Barros</author>
    </authors>
  </properties>
  <lyrics>
    <verse name="v1">
      <lines>Yo Te Alabaré Por Siempre (tradução)</lines>
    </verse>
    <verse name="v2">
      <lines>Tu és Deus, Santo Deus<br/>Eu te adorarei pra sempre<br/>Tu és Deus, Santo Deus<br/>Eu te adorarei pra sempre</lines>
    </verse>
    <verse name="v3">
      <lines>Tu me conheceste antes de nascer<br/>E conheces meu momento de morrer<br/>És Alfa e Ômega, Príncipio e Fim<br/>Por sempre te adorarei</lines>
    </verse>
    <verse name="v4">
      <lines>----</lines>
    </verse>
  </lyrics>
</song>
