<?xml version='1.0' encoding='UTF-8'?>
<song xmlns="http://openlyrics.info/namespace/2009/song" version="0.8" createdIn="OpenLP 2.0.1" modifiedIn="OpenLP 2.0.1" modifiedDate="2013-11-14T22:04:11">
  <properties>
    <titles>
      <title>HCC 296 Eis a Nova</title>
      <title>Avelino</title>
    </titles>
    <verseOrder>v1 c1 v2 c1 v3 c1</verseOrder>
    <authors>
      <author>Manuel Souza</author>
      <author>J. Fearis</author>
    </authors>
    <songbooks>
      <songbook name="Hinário Para o Culto Cristão" entry="296"/>
    </songbooks>
  </properties>
  <lyrics>
    <verse name="v1">
      <lines>Oh, que mensagem cheia<br/>da compaixão de Deus,<br/>a do evangelho santo<br/>que nos conduz aos céus!</lines>
    </verse>
    <verse name="c1">
      <lines>Eis a nova:<br/>Quem em Jesus confia<br/>dele há de ter verdadeira luz,<br/>vida, perdão e alegria!</lines>
    </verse>
    <verse name="v2">
      <lines>Ao pecador perdido<br/>trouxe o bom Salvador<br/>incomparável graça,<br/>cheia de santo amor.</lines>
    </verse>
    <verse name="v3">
      <lines>Temos na cruz de Cristo<br/>bênção e salvação,<br/>porta da vida aberta<br/>à nossa redenção.</lines>
    </verse>
  </lyrics>
</song>
