<?xml version='1.0' encoding='UTF-8'?>
<song xmlns="http://openlyrics.info/namespace/2009/song" version="0.8" createdIn="OpenLP 2.0.1" modifiedIn="OpenLP 2.0.1" modifiedDate="2013-11-14T22:03:58">
  <properties>
    <titles>
      <title>HCC 226 Este É o Dia do Senhor</title>
      <title>Raymer</title>
    </titles>
    <verseOrder>v1 v2 v3</verseOrder>
    <authors>
      <author>John Newton</author>
      <author>Buryl Red</author>
    </authors>
    <songbooks>
      <songbook name="Hinário Para o Culto Cristão" entry="226"/>
    </songbooks>
  </properties>
  <lyrics>
    <verse name="v1">
      <lines break="optional">Este é o dia do Senhor,<br/>de descanso e de louvor.<br/>A semana já passou,</lines>
      <lines>o Senhor guiou-nos bem;<br/>o seu povo se lembrou que, reunido, bênçãos tem,<br/>que, reunido, bênçãos tem.</lines>
    </verse>
    <verse name="v2">
      <lines break="optional">Dá-nos hoje a tua paz,<br/>bênção que nos satisfaz!<br/>Vimos te pedir perdão,</lines>
      <lines>ó amado Redentor.<br/>Mostra tua compaixão ao contrito pecador,<br/>ao contrito pecador.</lines>
    </verse>
    <verse name="v3">
      <lines break="optional">Paz e glória lá dos céus<br/>manifesta já, ó Deus.<br/>Desejamos te louvar,</lines>
      <lines>tua graça aqui sentir;<br/>neste culto reforçar esperanças do porvir,<br/>esperanças do porvir.</lines>
    </verse>
  </lyrics>
</song>
