<?xml version='1.0' encoding='UTF-8'?>
<song xmlns="http://openlyrics.info/namespace/2009/song" version="0.8" createdIn="OpenLP 2.0.1" modifiedIn="OpenLP 2.0.1" modifiedDate="2013-11-14T22:03:19">
  <properties>
    <titles>
      <title>HCC 020 Grande É o Senhor</title>
      <title>1Cronicas 16:8; Salmos 96:4; 1Cronicas 16:9; Salmos 96:4</title>
    </titles>
    <copyright>1Cronicas 16:8; Salmos 96:4; 1Cronicas 16:9; Salmos 96:4</copyright>
    <verseOrder>v1 v2 v3 v4</verseOrder>
    <authors>
      <author>Leitura bíblica</author>
    </authors>
    <songbooks>
      <songbook name="Hinário Para o Culto Cristão" entry="020"/>
    </songbooks>
  </properties>
  <format>
    <tags application="OpenLP">
      <tag name="y">
        <open>&lt;span style="-webkit-text-fill-color:yellow"&gt;</open>
        <close>&lt;/span&gt;</close>
      </tag>
    </tags>
  </format>
  <lyrics>
    <verse name="v1">
      <lines><tag name="y">Dirigente:</tag><br/><br/>Louvai ao Senhor, invocai o seu nome; fazei conhecidos entre os povos os seus feitos.</lines>
    </verse>
    <verse name="v2">
      <lines><tag name="y">Todos:</tag><br/><br/>Porque grande é o Senhor, e digno de ser louvado.</lines>
    </verse>
    <verse name="v3">
      <lines><tag name="y">Dirigente:</tag><br/><br/>Cantai-lhe, salmodiai-lhe, falai de todas as suas obras maravilhosas.</lines>
    </verse>
    <verse name="v4">
      <lines><tag name="y">Todos:</tag><br/><br/>Porque grande é o Senhor, e digno de ser louvado.</lines>
    </verse>
  </lyrics>
</song>
