<?xml version='1.0' encoding='UTF-8'?>
<song xmlns="http://openlyrics.info/namespace/2009/song" version="0.8" createdIn="OpenLP 2.0.1" modifiedIn="OpenLP 2.0.1" modifiedDate="2013-11-14T22:03:33">
  <properties>
    <titles>
      <title>HCC 093 O Anúncio do Nascimento de Jesus</title>
      <title>Lucas 1:26-38</title>
    </titles>
    <copyright>Lucas 1:26-38</copyright>
    <verseOrder>v1</verseOrder>
    <authors>
      <author>Leitura bíblica</author>
    </authors>
    <songbooks>
      <songbook name="Hinário Para o Culto Cristão" entry="093"/>
    </songbooks>
  </properties>
  <lyrics>
    <verse name="v1">
      <lines>Ora, no sexto mês, o anjo Gabriel enviado por Deus a uma cidade da Galiléia,<br/>chamada Nazaré, a uma virgem desposada com um varão cujo nome era José, <br/>da casa de Davi; e o nome da virgem era Maria.<br/>E, entrando o anjo onde ela estava disse: Salve, agraciada; o Senhor é contigo.<br/>Ela, porém, ao ouvir estas palavras, turbou-se muito e pôs-se a pensar que saudação seria essa.<br/>Disse-lhe então o anjo: Não temas, Maria; pois achaste graça diante de Deus.<br/>Eis que conceberás e darás à luz um filho, ao qual porás o nome de Jesus.<br/>Este será grande e será chamado filho do Altíssimo;<br/>o Senhor Deus lhe dará o trono de Davi, seu pai; <br/>e reinará eternamente sobre a casa de Jacó, e o seu reino não terá fim.<br/>Então Maria perguntou ao anjo: Como se fará isso, uma vez que não conheço varão?<br/>Respondeu-lhe o anjo: Virá sobre ti o Espírito Santo,<br/>e o poder do Altíssimo te cobrirá com a sua sombra;<br/>por isso o que há de nascer será chamado santo, Filho de Deus.<br/>Eis que também Isabel, tua parenta, concebeu um filho em sua velhice; <br/>e este é o sexto mês para aquela que era chamada estéril;<br/>porque para Deus nada será impossível.<br/>Disse então Maria: Eis aqui a serva do Senhor; cumpra-se em mim segundo a tua palavra.<br/>E o anjo ausentou-se dela.</lines>
    </verse>
  </lyrics>
</song>
