<?xml version='1.0' encoding='UTF-8'?>
<song xmlns="http://openlyrics.info/namespace/2009/song" version="0.8" createdIn="OpenLP 2.0.1" modifiedIn="OpenLP 2.0.1" modifiedDate="2013-11-14T22:04:53">
  <properties>
    <titles>
      <title>HCC 500 Se Deus É Por Nós</title>
      <title>Arise, Sing!</title>
    </titles>
    <verseOrder>v1 c1 v2 c1 v3 c1</verseOrder>
    <authors>
      <author>Joan Sutton</author>
      <author>Marian Chaplin</author>
    </authors>
    <songbooks>
      <songbook name="Hinário Para o Culto Cristão" entry="500"/>
    </songbooks>
  </properties>
  <lyrics>
    <verse name="v1">
      <lines break="optional">Se Deus é por nós, ó crentes,<br/>quem contra nós então será?</lines>
      <lines>Por nós deu seu próprio Filho;<br/>todas as coisas também nos dará.</lines>
    </verse>
    <verse name="c1">
      <lines break="optional">A vitória, a vitória<br/>é dada por Deus, em graça e amor.</lines>
      <lines>A vitória, a vitória<br/>é nossa, por Cristo Jesus, Salvador.</lines>
    </verse>
    <verse name="v2">
      <lines break="optional">Por nós Cristo intercede<br/>bem junto ao trono do Senhor;</lines>
      <lines>não há força nem perigo<br/>que nos separem do seu grande amor.</lines>
    </verse>
    <verse name="v3">
      <lines break="optional">Em tudo nos dá vitória<br/>nosso glorioso e santo Deus.</lines>
      <lines>Por Cristo nós temos vida,<br/>tanto na terra ou com ele nos céus.</lines>
    </verse>
  </lyrics>
</song>
