<?xml version='1.0' encoding='UTF-8'?>
<song xmlns="http://openlyrics.info/namespace/2009/song" version="0.8" createdIn="OpenLP 2.0.1" modifiedIn="OpenLP 2.0.1" modifiedDate="2013-11-14T22:04:15">
  <properties>
    <titles>
      <title>HCC 317 O Senhor é a Nossa Alegria</title>
      <title>Salmos 16:11; Isaías 12:3, 4; 61:10, 11; 12:5, 6</title>
    </titles>
    <copyright>Salmos 16:11; Isaías 12:3, 4; 61:10, 11; 12:5, 6</copyright>
    <verseOrder>v1 v2 v3 v4</verseOrder>
    <authors>
      <author>Leitura bíblica</author>
    </authors>
    <songbooks>
      <songbook name="Hinário Para o Culto Cristão" entry="317"/>
    </songbooks>
  </properties>
  <lyrics>
    <verse name="v1">
      <lines>Tu me farás conhecer a vereda da vida; na tua presença há plenitude de alegria; à tua mão direita há delícias perpetuamente.</lines>
    </verse>
    <verse name="v2">
      <lines>Portanto com alegria tirareis águas das fontes da salvação.<br/>E direis naquele dia: Dai graças ao Senhor, invocai o seu nome, fazei notórios os seus feitos entre os povos, proclamai quão excelso é o seu nome.</lines>
    </verse>
    <verse name="v3">
      <lines>Regozijar-me-ei muito no Senhor, a minha alma se alegrará no meu Deus, porque me vestiu de vestes de salvação.<br/>Porque, como a terra produz os seus renovos, e como horto faz brotar o que nele se semeia,<br/>assim o Senhor Deus fará brotar a justiça e o louvor perante todas as nações.</lines>
    </verse>
    <verse name="v4">
      <lines>Cantai ao Senhor; porque fez coisas grandiosas; saiba-se isso em toda a terra.<br/>Exulta e canta de gozo, ó habitante de Sião; porque grande é o Santo de Israel no meio de ti.</lines>
    </verse>
  </lyrics>
</song>
