<?xml version='1.0' encoding='UTF-8'?>
<song xmlns="http://openlyrics.info/namespace/2009/song" version="0.8" createdIn="OpenLP 2.0.1" modifiedIn="OpenLP 2.0.1" modifiedDate="2013-11-14T22:03:17">
  <properties>
    <titles>
      <title>HCC 007 Só Tu És Deus</title>
      <title>Iaías 37:16; Salmos 145:13</title>
    </titles>
    <copyright>Iaías 37:16; Salmos 145:13</copyright>
    <verseOrder>v1</verseOrder>
    <authors>
      <author>Leitura bíblica</author>
    </authors>
    <songbooks>
      <songbook name="Hinário Para o Culto Cristão" entry="007"/>
    </songbooks>
  </properties>
  <lyrics>
    <verse name="v1">
      <lines break="optional">Tu, só tu, és o Deus de todos os reinos da terra; tu fizeste o céu e a terra.</lines>
      <lines><br/>O teu reino é um reino eterno; o teu domínio dura por todas as gerações.</lines>
    </verse>
  </lyrics>
</song>
