<?xml version='1.0' encoding='UTF-8'?>
<song xmlns="http://openlyrics.info/namespace/2009/song" version="0.8" createdIn="OpenLP 2.0.1" modifiedIn="OpenLP 2.0.1" modifiedDate="2013-11-14T22:03:27">
  <properties>
    <titles>
      <title>HCC 060 Aleluia! Aleluia! Gratos Hinos Entoai</title>
      <title>Hymn To Joy</title>
    </titles>
    <verseOrder>v1 v2 v3</verseOrder>
    <authors>
      <author>Christopher Wordsworth</author>
      <author>Ludwig van Beethoven</author>
    </authors>
    <songbooks>
      <songbook name="Hinário Para o Culto Cristão" entry="060"/>
    </songbooks>
  </properties>
  <lyrics>
    <verse name="v1">
      <lines break="optional">Aleluia! Aleluia!<br/>Gratos hinos entoai.<br/>Jubilosos e contentes,<br/>hinos a Jesus cantai.</lines>
      <lines>Pra livrar-nos do pecado,<br/>triste morte padeceu;<br/>triunfando dessa morte,<br/>ele vida eterna deu.</lines>
    </verse>
    <verse name="v2">
      <lines break="optional">Cristo, Redentor divino,<br/>o pecado aniquilou<br/>e alcançou a mesma bênção<br/>para os que ele resgatou.</lines>
      <lines>Eis milhares de milhares<br/>a prestar-lhe adoração,<br/>descobrindo em sua obra<br/>vida, luz e salvação.</lines>
    </verse>
    <verse name="v3">
      <lines break="optional">Aleluia! Aleluia!<br/>a Jesus rendei louvor.<br/>Aleluia eternamente<br/>ao bendito Redentor!</lines>
      <lines>Ao Consolador dai glória,<br/>pois conforto e vida traz.<br/>Aleluia ao Pai eterno,<br/>Deus da graça, Deus da paz! Amém!</lines>
    </verse>
  </lyrics>
</song>
