<?xml version='1.0' encoding='UTF-8'?>
<song xmlns="http://openlyrics.info/namespace/2009/song" version="0.8" createdIn="OpenLP 2.0.1" modifiedIn="OpenLP 2.0.1" modifiedDate="2013-11-14T22:03:59">
  <properties>
    <titles>
      <title>HCC 235 Vinde, Cristãos, Cantai</title>
      <title>Madrid</title>
    </titles>
    <verseOrder>v1 v2 v3</verseOrder>
    <authors>
      <author>Christian Bateman</author>
    </authors>
    <songbooks>
      <songbook name="Hinário Para o Culto Cristão" entry="235"/>
    </songbooks>
  </properties>
  <lyrics>
    <verse name="v1">
      <lines break="optional">Vinde, cristãos, cantai. Aleluia! Amém!<br/>A Cristo, o Rei, louvai. Aleluia! Amém!</lines>
      <lines>De todo o coração, com fé e gratidão,<br/>cantai com devoção. Aleluia! Amém!</lines>
    </verse>
    <verse name="v2">
      <lines break="optional">Alegres, com fervor, Aleluia! Amém!<br/>rendei a Deus louvor. Aleluia! Amém!</lines>
      <lines>Ele nos guiará, sempre nos guardará,<br/>nunca nos faltará. Aleluia! Amém!</lines>
    </verse>
    <verse name="v3">
      <lines break="optional">Vozes bem alto erguei, Aleluia! Amém!<br/>com toda a sua grei. Aleluia! Amém!</lines>
      <lines>Oh, adorai a Deus sempre, vós, filhos seus,<br/>na terra e lá nos céus. Aleluia! Amém!</lines>
    </verse>
  </lyrics>
</song>
