<?xml version='1.0' encoding='UTF-8'?>
<song xmlns="http://openlyrics.info/namespace/2009/song" version="0.8" createdIn="OpenLP 2.0.1" modifiedIn="OpenLP 2.0.1" modifiedDate="2013-11-14T22:04:10">
  <properties>
    <titles>
      <title>HCC 290 Alegra o Triste Coração</title>
      <title>Land Of Rest</title>
    </titles>
    <verseOrder>v1 v2 v3</verseOrder>
    <authors>
      <author>Melodia americana</author>
      <author>John Newton</author>
    </authors>
    <songbooks>
      <songbook name="Hinário Para o Culto Cristão" entry="290"/>
    </songbooks>
  </properties>
  <lyrics>
    <verse name="v1">
      <lines>Alegra o triste coração<br/>do pobre pecador<br/>o nome que lhe dá perdão:<br/>Jesus, o Salvador.</lines>
    </verse>
    <verse name="v2">
      <lines>Bondoso e terno Redentor,<br/>tu és Senhor e Rei.<br/>Com alegria e com fervor<br/>teu nome louvarei.</lines>
    </verse>
    <verse name="v3">
      <lines>Bendito sejas, meu Senhor;<br/>em ti esperarei.<br/>Porque morreste sobre a cruz,<br/>em ti confiarei.</lines>
    </verse>
  </lyrics>
</song>
