<?xml version='1.0' encoding='UTF-8'?>
<song xmlns="http://openlyrics.info/namespace/2009/song" version="0.8" createdIn="OpenLP 2.0.1" modifiedIn="OpenLP 2.0.1" modifiedDate="2013-11-14T22:04:03">
  <properties>
    <titles>
      <title>HCC 253 A Porta da Salvação</title>
      <title>Mateus 7:13, 14; João 10:9</title>
    </titles>
    <copyright>Mateus 7:13, 14; João 10:9</copyright>
    <verseOrder>v1 v2 v3 v4 v5</verseOrder>
    <authors>
      <author>Leitura bíblica</author>
    </authors>
    <songbooks>
      <songbook name="Hinário Para o Culto Cristão" entry="253"/>
    </songbooks>
  </properties>
  <format>
    <tags application="OpenLP">
      <tag name="y">
        <open>&lt;span style="-webkit-text-fill-color:yellow"&gt;</open>
        <close>&lt;/span&gt;</close>
      </tag>
    </tags>
  </format>
  <lyrics>
    <verse name="v1">
      <lines><tag name="y">Dirigente:</tag><br/>Entrai pela porta estreita;<br/>porque larga é a porta, e espaçoso o caminho que conduz à perdição,</lines>
    </verse>
    <verse name="v2">
      <lines><tag name="y">Todos:</tag><br/>e muitos são os que entram por ela;</lines>
    </verse>
    <verse name="v3">
      <lines><tag name="y">Dirigente:</tag><br/>e porque estreita é a porta, e apertado o caminho que conduz à vida,</lines>
    </verse>
    <verse name="v4">
      <lines><tag name="y">Todos:</tag><br/>e poucos são os que a encontram.</lines>
    </verse>
    <verse name="v5">
      <lines><tag name="y">Dirigente:</tag><br/>Eu sou a porta;<br/>se alguém entrar por mim, será salvo;<br/>entrará e sairá, e achará pastagens.</lines>
    </verse>
  </lyrics>
</song>
