<?xml version='1.0' encoding='UTF-8'?>
<song xmlns="http://openlyrics.info/namespace/2009/song" version="0.8" createdIn="OpenLP 2.0.1" modifiedIn="OpenLP 2.0.1" modifiedDate="2013-11-14T22:03:54">
  <properties>
    <titles>
      <title>HCC 206 Santo Espírito Divino</title>
      <title>Coro Infantil</title>
    </titles>
    <verseOrder>v1 c1 v2 c1 v3 c1</verseOrder>
    <authors>
      <author>Werner Kaschel</author>
      <author>Janelle Ganey</author>
    </authors>
    <songbooks>
      <songbook name="Hinário Para o Culto Cristão" entry="206"/>
    </songbooks>
  </properties>
  <lyrics>
    <verse name="v1">
      <lines break="optional">Santo Espírito divino, és o Criador,<br/>junto com o Pai e o Filho, nosso Salvador.</lines>
      <lines>Do pecado e do castigo vens nos convencer;<br/>pelo novo nascimento somos outro ser.</lines>
    </verse>
    <verse name="c1">
      <lines>Santo Espírito,<br/>vive em mim aqui,<br/>pois em ti fui batizado<br/>quando em Cristo eu cri.</lines>
    </verse>
    <verse name="v2">
      <lines break="optional">Com gemidos intercedes pelos que são teus;<br/>a fraqueza nossa ajudas junto ao nosso Deus.</lines>
      <lines>Teu poder nós recebemos pra testemunhar;<br/>no serviço estás presente, vens nos ajudar.</lines>
    </verse>
    <verse name="v3">
      <lines break="optional">Na verdade tu nos guias pelo Teu poder.<br/>És em nós da vida eterna divinal penhor.</lines>
      <lines>Temos todos a certeza da ressurreição;<br/>a alegria tu nos trazer, plena salvação.</lines>
    </verse>
  </lyrics>
</song>
