<?xml version='1.0' encoding='UTF-8'?>
<song xmlns="http://openlyrics.info/namespace/2009/song" version="0.8" createdIn="OpenLP 2.0.1" modifiedIn="OpenLP 2.0.1" modifiedDate="2013-11-14T22:04:51">
  <properties>
    <titles>
      <title>HCC 488 Brilha no Meio do Teu Viver</title>
      <title>Brilha no Viver</title>
    </titles>
    <verseOrder>v1 c1 v2 c1 v3 c1</verseOrder>
    <authors>
      <author>Charles Gabriel</author>
      <author>Ina Ogden</author>
    </authors>
    <songbooks>
      <songbook name="Hinário Para o Culto Cristão" entry="488"/>
    </songbooks>
  </properties>
  <lyrics>
    <verse name="v1">
      <lines break="optional">Não somente pra fazer um feito singular<br/>é preciso agir com muito ardor;</lines>
      <lines>mas as coisas mais humildes por executar<br/>deves fazê-las com todo amor.</lines>
    </verse>
    <verse name="c1">
      <lines break="optional">Brilha no meio do teu viver.<br/>Brilha no meio do teu viver,</lines>
      <lines>pois talvez algum aflito possas socorrer.<br/>Brilha no meio do teu viver.</lines>
    </verse>
    <verse name="v2">
      <lines break="optional">Oh, talvez alguma vida possas alegrar<br/>com palavras cheias de calor,</lines>
      <lines>ou quem sabe algumas almas tristes alcançar<br/>com a mensagem do Salvador!</lines>
    </verse>
    <verse name="v3">
      <lines break="optional">Mesmo que agitado seja aqui o teu viver,<br/>sê mais firme em tua devoção.</lines>
      <lines>Vê em teu redor que há gente triste a perecer,<br/>sem ter certeza da salvação.</lines>
    </verse>
  </lyrics>
</song>
