<?xml version='1.0' encoding='UTF-8'?>
<song xmlns="http://openlyrics.info/namespace/2009/song" version="0.8" createdIn="OpenLP 2.0.1" modifiedIn="OpenLP 2.0.1" modifiedDate="2013-11-14T22:03:24">
  <properties>
    <titles>
      <title>HCC 043 Tu És Digno</title>
      <title>Worthy</title>
    </titles>
    <verseOrder>v1</verseOrder>
    <authors>
      <author>Pauline Mills</author>
    </authors>
    <songbooks>
      <songbook name="Hinário Para o Culto Cristão" entry="043"/>
    </songbooks>
  </properties>
  <lyrics>
    <verse name="v1">
      <lines break="optional">Tu és digno, tu és digno,<br/>tu és digno, Senhor;<br/>digno de glória, glória e honra,<br/>glória e honra e poder.</lines>
      <lines>Porque tu criaste,<br/>sim, todas as coisas,<br/>todas as coisas, Senhor;<br/>por tua vontade foram criadas.<br/>Tu és digno, Senhor.</lines>
    </verse>
  </lyrics>
</song>
