<?xml version='1.0' encoding='UTF-8'?>
<song xmlns="http://openlyrics.info/namespace/2009/song" version="0.8" createdIn="OpenLP 2.0.1" modifiedIn="OpenLP 2.0.1" modifiedDate="2013-11-14T22:04:16">
  <properties>
    <titles>
      <title>HCC 323 Eu Alegre Vou na Sua Luz</title>
      <title>Sempre Alegre</title>
    </titles>
    <verseOrder>v1 c1 v2 c1 v3 c1 v4 c1</verseOrder>
    <authors>
      <author>Judson DeVenter</author>
      <author>Winfield Weeden</author>
    </authors>
    <songbooks>
      <songbook name="Hinário Para o Culto Cristão" entry="323"/>
    </songbooks>
  </properties>
  <lyrics>
    <verse name="v1">
      <lines>Perdido, andei, na escuridão,<br/>mas Cristo me encontrou<br/>e com a luz do seu amor<br/>as trevas dissipou.</lines>
    </verse>
    <verse name="c1">
      <lines break="optional">Eu alegre vou na sua luz,<br/>pois Jesus agora me conduz.<br/>Desde que me achou</lines>
      <lines>da morte me livrou.<br/>Ando sempre alegre,<br/>Cristo me salvou.</lines>
    </verse>
    <verse name="v2">
      <lines>No caso de escurecer<br/>de nuvens todo o céu,<br/>Jesus, bendito Salvador,<br/>é luz que rasga o véu.</lines>
    </verse>
    <verse name="v3">
      <lines>Andando estou na luz de Deus,<br/>que doce comunhão!<br/>Prossigo sempre com vigor,<br/>deixando o mundo vão.</lines>
    </verse>
    <verse name="v4">
      <lines>E face a face então verei<br/>Jesus, o Salvador,<br/>o qual a sua vida deu<br/>por mim, um pecador.</lines>
    </verse>
  </lyrics>
</song>
