<?xml version='1.0' encoding='UTF-8'?>
<song xmlns="http://openlyrics.info/namespace/2009/song" version="0.8" createdIn="OpenLP 2.0.1" modifiedIn="OpenLP 2.0.1" modifiedDate="2013-11-14T22:03:45">
  <properties>
    <titles>
      <title>HCC 159 Vós Sois Meus Amigos</title>
      <title>João 15:15</title>
    </titles>
    <copyright>João 15:15</copyright>
    <verseOrder>v1</verseOrder>
    <authors>
      <author>Leitura bíblica</author>
    </authors>
    <songbooks>
      <songbook name="Hinário Para o Culto Cristão" entry="159"/>
    </songbooks>
  </properties>
  <lyrics>
    <verse name="v1">
      <lines>Já não vos chamo servos, porque o servo não sabe o que faz o seu senhor;<br/>mas chamei-vos amigos, porque tudo quanto ouvi de meu Pai vos dei a conhecer.</lines>
    </verse>
  </lyrics>
</song>
