<?xml version='1.0' encoding='UTF-8'?>
<song xmlns="http://openlyrics.info/namespace/2009/song" version="0.8" createdIn="OpenLP 2.0.1" modifiedIn="OpenLP 2.0.1" modifiedDate="2013-11-14T22:04:30">
  <properties>
    <titles>
      <title>HCC 396 Busco o Senhor</title>
      <title>Catarina</title>
    </titles>
    <verseOrder>v1 c1 v2 c1 v3 c1</verseOrder>
    <authors>
      <author>Joan Sutton</author>
    </authors>
    <songbooks>
      <songbook name="Hinário Para o Culto Cristão" entry="396"/>
    </songbooks>
  </properties>
  <lyrics>
    <verse name="v1">
      <lines break="optional">O Senhor atende meus rogos.<br/>Ele é meu Pai, sabe quem sou.</lines>
      <lines>Firmando nele meus planos,<br/>seguro estou por onde vou.</lines>
    </verse>
    <verse name="c1">
      <lines break="optional">Busco o Senhor ao começar o meu dia.<br/>Busco o Senhor, e ele me dá direção.</lines>
      <lines>Busco o Senhor com gratidão e alegria.<br/>E à noite, ao findar o labor, eu busco o Senhor.</lines>
    </verse>
    <verse name="v2">
      <lines break="optional">O Senhor dirige meus passos.<br/>Ele me ajuda com seu poder.</lines>
      <lines>Em compaixão me repreende<br/>e aperfeiçoa então meu ser.</lines>
    </verse>
    <verse name="v3">
      <lines break="optional">O Senhor restaura minha alma<br/>com sua paz, com seu amor.</lines>
      <lines>Confiante busco o seu rosto<br/>e espero nele, sem temor.</lines>
    </verse>
  </lyrics>
</song>
