<?xml version='1.0' encoding='UTF-8'?>
<song xmlns="http://openlyrics.info/namespace/2009/song" version="0.8" createdIn="OpenLP 2.0.1" modifiedIn="OpenLP 2.0.1" modifiedDate="2013-11-14T22:03:41">
  <properties>
    <titles>
      <title>HCC 133 A Crucificação</title>
      <title>Lucas 23:33-38, 44-47</title>
    </titles>
    <copyright>Lucas 23:33-38, 44-47</copyright>
    <verseOrder>v1 v2 v3 v4 v5 v6 v7 v8 v9 v10</verseOrder>
    <authors>
      <author>Leitura bíblica</author>
    </authors>
    <songbooks>
      <songbook name="Hinário Para o Culto Cristão" entry="133"/>
    </songbooks>
  </properties>
  <format>
    <tags application="OpenLP">
      <tag name="y">
        <open>&lt;span style="-webkit-text-fill-color:yellow"&gt;</open>
        <close>&lt;/span&gt;</close>
      </tag>
    </tags>
  </format>
  <lyrics>
    <verse name="v1">
      <lines><tag name="y">Dirigente:</tag><br/>Quando chegaram ao lugar chamado Caveira,<br/>ali o crucificaram, a ele e também aos malfeitores,<br/>um à direita e outro à esquerda. Jesus, porém, dizia:</lines>
    </verse>
    <verse name="v2">
      <lines><tag name="y">Todos:</tag><br/>Pai, perdoa-lhes; porque não sabem o que fazem.</lines>
    </verse>
    <verse name="v3">
      <lines><tag name="y">Dirigente:</tag><br/>E o povo estava ali a olhar.<br/>E as próprias autoridades zombavam dele, dizendo:</lines>
    </verse>
    <verse name="v4">
      <lines><tag name="y">Todos:</tag><br/>Aos outros salvou; salve-se a si mesmo,<br/>se é o Cristo, o escolhido de Deus.</lines>
    </verse>
    <verse name="v5">
      <lines><tag name="y">Dirigente:</tag><br/>Os soldados também o escarneciam, chegando-se a ele, oferecendo-lhe vinagre, e dizendo:</lines>
    </verse>
    <verse name="v6">
      <lines><tag name="y">Todos:</tag><br/>Se tu és o rei dos judeus, salva-te a ti mesmo.</lines>
    </verse>
    <verse name="v7">
      <lines><tag name="y">Dirigente:</tag><br/>Por cima dele estava esta inscrição [em letras gregas, romanas e hebraicas:] ESTE É O REI DOS JUDEUS.<br/>Era já quase a hora sexta, e houve trevas em toda a terra até a hora nona,<br/>pois o sol se escurecera; e rasgou-se ao meio o véu do santuário.<br/>Jesus, clamando com grande voz, disse:</lines>
    </verse>
    <verse name="v8">
      <lines><tag name="y">Todos:</tag><br/>Pai, nas tuas mãos entrego o meu espírito.</lines>
    </verse>
    <verse name="v9">
      <lines><tag name="y">Dirigente:</tag><br/>E, havendo dito isso, expirou.<br/>Quando o centurião viu o que acontecera, deu glória a Deus, dizendo:</lines>
    </verse>
    <verse name="v10">
      <lines><tag name="y">Todos:</tag><br/>Na verdade, este homem era justo.</lines>
    </verse>
  </lyrics>
</song>
