<?xml version='1.0' encoding='UTF-8'?>
<song xmlns="http://openlyrics.info/namespace/2009/song" version="0.8" createdIn="OpenLP 2.0.1" modifiedIn="OpenLP 2.0.1" modifiedDate="2013-11-14T22:03:47">
  <properties>
    <titles>
      <title>HCC 169 Buscou-Me Com Ternura</title>
      <title>Clarendon</title>
    </titles>
    <verseOrder>v1 c1 v2 c1 v3 c1 v4 c1</verseOrder>
    <authors>
      <author>Adoniram Gordon</author>
      <author>W. Walton</author>
    </authors>
    <songbooks>
      <songbook name="Hinário Para o Culto Cristão" entry="169"/>
    </songbooks>
  </properties>
  <lyrics>
    <verse name="v1">
      <lines break="optional">Buscou-me com ternura<br/>Jesus, o bom Pastor.<br/>Achou-me na miséria,<br/>salvou-me com amor.</lines>
      <lines>Quem poderia demonstrar<br/>por mim amor tão singular?</lines>
    </verse>
    <verse name="c1">
      <lines break="optional">Oh, que amor glorioso!<br/>Preço doloroso</lines>
      <lines>Cristo lá na cruz por mim pagou!<br/>Sua imensa graça me mostrou!</lines>
    </verse>
    <verse name="v2">
      <lines break="optional">Ferido, abandonado,<br/>Jesus me socorreu;<br/>e segredou-me: "Achei-te;<br/>de agora em diante és meu".</lines>
      <lines>Tão meiga voz jamais ouvi,<br/>prazer maior jamais senti.</lines>
    </verse>
    <verse name="v3">
      <lines break="optional">Então, agradecido,<br/>seu rosto a contemplar,<br/>recordo as muitas bênçãos<br/>do seu amor sem par.</lines>
      <lines>Louvor e glória e adoração<br/>tributa-lhe meu coração.</lines>
    </verse>
    <verse name="v4">
      <lines break="optional">Enquanto as horas passam,<br/>eu sinto a sua paz<br/>e aguardo o meu bom Mestre,<br/>que tão feliz me faz!</lines>
      <lines>Jesus a mim virá buscar,<br/>e então com ele irei morar.</lines>
    </verse>
  </lyrics>
</song>
