<?xml version='1.0' encoding='UTF-8'?>
<song xmlns="http://openlyrics.info/namespace/2009/song" version="0.8" createdIn="OpenLP 2.0.1" modifiedIn="OpenLP 2.0.1" modifiedDate="2013-11-14T22:03:40">
  <properties>
    <titles>
      <title>HCC 132 Rude Cruz</title>
      <title>Old Rugged Cross</title>
    </titles>
    <verseOrder>v1 c1 v2 c1 v3 c1</verseOrder>
    <authors>
      <author>George Bennard</author>
    </authors>
    <songbooks>
      <songbook name="Hinário Para o Culto Cristão" entry="132"/>
    </songbooks>
  </properties>
  <lyrics>
    <verse name="v1">
      <lines break="optional">Rude cruz se erigiu,<br/>dela o dia fugiu,<br/>revelando vergonha e pavor.</lines>
      <lines>Mas eu amo a Jesus,<br/>que morreu nessa cruz,<br/>dando a vida por mim, pecador.</lines>
    </verse>
    <verse name="c1">
      <lines break="optional">Sim, eu amo a mensagem da cruz;<br/>suas bênçãos eu vou proclamar.</lines>
      <lines>Levarei eu também minha cruz<br/>'té por uma coroa trocar.</lines>
    </verse>
    <verse name="v2">
      <lines break="optional">Lá da glória dos céus<br/>o Cordeiro de Deus<br/>ao Calvário humilhante baixou;</lines>
      <lines>e essa cruz tem pra mim<br/>atrativos sem fim<br/>porque nela ele me resgatou.</lines>
    </verse>
    <verse name="v3">
      <lines break="optional">Eu, aqui, com Jesus<br/>a vergonha da cruz<br/>quero sempre levar e sofrer.</lines>
      <lines>Ele vem me buscar,<br/>e com ele no lar<br/>sua glória pra sempre vou ter.</lines>
    </verse>
  </lyrics>
</song>
