<?xml version='1.0' encoding='UTF-8'?>
<song xmlns="http://openlyrics.info/namespace/2009/song" version="0.8" createdIn="OpenLP 2.0.1" modifiedIn="OpenLP 2.0.1" modifiedDate="2013-11-14T22:03:34">
  <properties>
    <titles>
      <title>HCC 099 Num Berço de Palhas</title>
      <title>Mueller</title>
    </titles>
    <verseOrder>v1 v2 v3</verseOrder>
    <authors>
      <author>John McFarland</author>
      <author>James Murray</author>
    </authors>
    <songbooks>
      <songbook name="Hinário Para o Culto Cristão" entry="099"/>
    </songbooks>
  </properties>
  <lyrics>
    <verse name="v1">
      <lines break="optional">Num berço de palhas, humilde nasceu<br/>Jesus pequenino, sem ter nada seu.</lines>
      <lines>Estrelas brilharam no pobre lugar<br/>que para o menino servia de lar.</lines>
    </verse>
    <verse name="v2">
      <lines break="optional">O gado, mugindo, acorda Jesus,<br/>que na manjedoura sorri, vendo a luz.</lines>
      <lines>Eu te amo, menino nascido em Belém,<br/>e quero seguir teu exemplo também.</lines>
    </verse>
    <verse name="v3">
      <lines break="optional">Jesus, ao meu lado vem sempre ficar,<br/>guiando meus passos por onde eu andar!</lines>
      <lines>Tu foste criança; vem abençoar<br/>a toda criança em todo lugar!</lines>
    </verse>
  </lyrics>
</song>
