<?xml version='1.0' encoding='UTF-8'?>
<song xmlns="http://openlyrics.info/namespace/2009/song" version="0.8" createdIn="OpenLP 2.0.1" modifiedIn="OpenLP 2.0.1" modifiedDate="2013-11-14T22:03:56">
  <properties>
    <titles>
      <title>HCC 214 É Divina, Sábia e Pura</title>
      <title>Promise</title>
    </titles>
    <verseOrder>v1 v2 v3</verseOrder>
    <authors>
      <author>João Fonseca</author>
      <author>Natalie Sleeth</author>
    </authors>
    <songbooks>
      <songbook name="Hinário Para o Culto Cristão" entry="214"/>
    </songbooks>
  </properties>
  <lyrics>
    <verse name="v1">
      <lines break="optional">É divina, sábia e pura<br/>a Palavra do Senhor;<br/>e corrige a vida impura<br/>do perdido pecador.</lines>
      <lines>Do Senhor a majestade<br/>nesse livro posso achar.<br/>Fonte viva da verdade,<br/>os meus passos vem guiar.</lines>
    </verse>
    <verse name="v2">
      <lines break="optional">São prudentes os conselhos<br/>do meu Mestre e Salvador<br/>e me mostram, como espelhos,<br/>que sou mau, sou pecador.</lines>
      <lines>Mais que o sol resplandecentes,<br/>os preceitos de Jesus<br/>iluminam nossas mentes<br/>com radiante e clara luz.</lines>
    </verse>
    <verse name="v3">
      <lines break="optional">Livro santo, verdadeiro,<br/>que me ensina o amor de Deus!<br/>É precioso companheiro<br/>na jornada para os céus.</lines>
      <lines>Nele sempre meditando,<br/>quero a Cristo obedecer;<br/>os pecados evitando,<br/>seus ensinos vou viver.</lines>
    </verse>
  </lyrics>
</song>
