<?xml version='1.0' encoding='UTF-8'?>
<song xmlns="http://openlyrics.info/namespace/2009/song" version="0.8" createdIn="OpenLP 2.0.1" modifiedIn="OpenLP 2.0.1" modifiedDate="2013-11-14T22:03:44">
  <properties>
    <titles>
      <title>HCC 154 Quem É Digno de Abrir o Livro?</title>
      <title>Apocalipse 1:7, 8; 5:2, 5, 8-10</title>
    </titles>
    <copyright>Apocalipse 1:7, 8; 5:2, 5, 8-10</copyright>
    <verseOrder>v1 v2 v3 v4 v5</verseOrder>
    <authors>
      <author>Leitura bíblica</author>
    </authors>
    <songbooks>
      <songbook name="Hinário Para o Culto Cristão" entry="154"/>
    </songbooks>
  </properties>
  <format>
    <tags application="OpenLP">
      <tag name="y">
        <open>&lt;span style="-webkit-text-fill-color:yellow"&gt;</open>
        <close>&lt;/span&gt;</close>
      </tag>
    </tags>
  </format>
  <lyrics>
    <verse name="v1">
      <lines><tag name="y">Dirigente:</tag><br/>Eis que vem com as nuvens, e todo olho o verá, até mesmo aqueles que o traspassaram;<br/>e todas as tribos da terra se lamentarão sobre ele.</lines>
    </verse>
    <verse name="v2">
      <lines><tag name="y">Congregação:</tag><br/>Eu sou o Alfa e o Ômega, diz o Senhor Deus, aquele que é, e que era, e que há de vir, o Todo-Poderoso.</lines>
    </verse>
    <verse name="v3">
      <lines><tag name="y">Dirigente:</tag><br/>Vi (...) um anjo forte, clamando com grande voz:<br/>Quem é digno de abrir o livro e de romper os seus selos?<br/>E disse-me um dentre os anciãos: Não chores; eis que o Leão da tribo de Judá,<br/>a raiz de Davi, venceu para abrir o livro e romper os seus sete selos.</lines>
    </verse>
    <verse name="v4">
      <lines><tag name="y">Congregação:</tag><br/>Logo que tomou o livro, os quatro seres viventes e os vinte e quatro anciãos prostraram-se diante do Cordeiro,<br/>tendo cada um deles uma harpa e taças de ouro cheias de incenso, que são as orações dos santos.</lines>
    </verse>
    <verse name="v5">
      <lines><tag name="y">Todos:</tag><br/>E cantavam um cântico novo, dizendo: Digno és de tomar o livro, e de abrir os seus selos;<br/>porque foste morto, e com o teu sangue compraste para Deus homens de toda tribo, língua, e povo e nação;<br/>e para o nosso Deus os fizeste reino, e sacerdotes; e eles reinarão sobre a terra.</lines>
    </verse>
  </lyrics>
</song>
