<?xml version='1.0' encoding='UTF-8'?>
<song xmlns="http://openlyrics.info/namespace/2009/song" version="0.8" createdIn="OpenLP 2.0.1" modifiedIn="OpenLP 2.0.1" modifiedDate="2013-11-14T22:03:24">
  <properties>
    <titles>
      <title>HCC 045 O Mundo É Teu, Senhor</title>
      <title>Terra Patris</title>
    </titles>
    <verseOrder>v1 v2 v3</verseOrder>
    <authors>
      <author>Maltbie Babcock</author>
      <author>Franklin Sheppard</author>
    </authors>
    <songbooks>
      <songbook name="Hinário Para o Culto Cristão" entry="045"/>
    </songbooks>
  </properties>
  <lyrics>
    <verse name="v1">
      <lines break="optional">O mundo é teu, Senhor.<br/>Que grato é perceber<br/>a natureza a te louvar,<br/>cantando de prazer!</lines>
      <lines>O mundo é teu, Senhor.<br/>Alegra-me pensar<br/>em tuas sábias criações;<br/>montanhas, céus e mar.</lines>
    </verse>
    <verse name="v2">
      <lines break="optional">O mundo é teu, ó Pai.<br/>As aves na amplidão,<br/>o lírio branco, a luz do sol,<br/>feituras tuas são.</lines>
      <lines>O mundo é teu, ó Pai.<br/>Em tudo posso ver,<br/>até na folha a farfalhar<br/>teu divinal poder.</lines>
    </verse>
    <verse name="v3">
      <lines break="optional">O mundo é teu, Senhor.<br/>Jamais esquecerei<br/>que embora existam erro e mal,<br/>tu és o eterno Rei.</lines>
      <lines>O mundo é teu, Senhor,<br/>pois Cristo já venceu;<br/>inimizades destruiu,<br/>unindo terra e céu.</lines>
    </verse>
  </lyrics>
</song>
