<?xml version='1.0' encoding='UTF-8'?>
<song xmlns="http://openlyrics.info/namespace/2009/song" version="0.8" createdIn="OpenLP 2.0.1" modifiedIn="OpenLP 2.0.1" modifiedDate="2013-11-14T22:04:29">
  <properties>
    <titles>
      <title>HCC 391 Santificai-vos, Diz o Senhor</title>
      <title>Levíticos 20:7; 1 Tessalonicenses 4:3; Ezequiel 36:22-24; 26-28</title>
    </titles>
    <copyright>Levíticos 20:7; 1 Tessalonicenses 4:3; Ezequiel 36:22-24; 26-28</copyright>
    <verseOrder>v1 v2 v3 v4</verseOrder>
    <authors>
      <author>Leitura bíblica</author>
    </authors>
    <songbooks>
      <songbook name="Hinário Para o Culto Cristão" entry="391"/>
    </songbooks>
  </properties>
  <lyrics>
    <verse name="v1">
      <lines>Portanto santificai-vos, e sede santos, pois eu sou o Senhor vosso Deus.<br/>Porque esta é a vontade de Deus, a saber, a vossa santificação: que vos abstenhais da prostituição.</lines>
    </verse>
    <verse name="v2">
      <lines>Assim diz o Senhor Deus:<br/>Eu santificarei o meu grande nome, que foi profanado entre as nações, o qual profanastes no meio delas;<br/>e as nações saberão que eu sou o Senhor, diz o Senhor Deus, quando eu for santificado aos seus olhos.<br/>Pois vos tirarei dentre as nações, e vos congregarei de todos os países, e vos trarei para a vossa terra.</lines>
    </verse>
    <verse name="v3">
      <lines>Também vos darei um coração novo, e porei dentro de vós um espírito novo;<br/>e tirarei da vossa carne o coração de pedra, e vos darei um coração de carne.<br/>Ainda porei dentro de vós o meu Espírito, e farei que andeis nos meus estatutos, e guardeis as minhas ordenanças, e as observeis.</lines>
    </verse>
    <verse name="v4">
      <lines>E habitarei na terra que eu dei a vossos pais, e vós sereis o meu povo, e eu serei o vosso Deus.</lines>
    </verse>
  </lyrics>
</song>
