<?xml version='1.0' encoding='UTF-8'?>
<song xmlns="http://openlyrics.info/namespace/2009/song" version="0.8" createdIn="OpenLP 2.0.1" modifiedIn="OpenLP 2.0.1" modifiedDate="2013-11-14T22:04:52">
  <properties>
    <titles>
      <title>HCC 494 Os Seus Intentos Cumpre Deus</title>
      <title>Purpose</title>
    </titles>
    <verseOrder>v1 v2 v3 v4</verseOrder>
    <authors>
      <author>Arthur Ainger</author>
      <author>Martin Shaw</author>
    </authors>
    <songbooks>
      <songbook name="Hinário Para o Culto Cristão" entry="494"/>
    </songbooks>
  </properties>
  <lyrics>
    <verse name="v1">
      <lines break="optional">Os seus intentos cumpre Deus<br/>no decorrer dos anos.<br/>Ele executa o seu querer<br/>de acordo com seus planos,<br/>pois aproxima-se o final.</lines>
      <lines>Bem perto o dia vem,<br/>quando a glória de Deus há de o mundo inundar,<br/>como as águas cobrem o mar.</lines>
    </verse>
    <verse name="v2">
      <lines break="optional">Desde o distante Norte ou Sul,<br/>em todos os recantos,<br/>sai a mensagem do Senhor<br/>da boca dos seus santos.</lines>
      <lines>Nações e povos, atendei,<br/>o seu apelo ouvi,<br/>para a glória de Deus vir o mundo inundar,<br/>como as águas cobrem o mar.</lines>
    </verse>
    <verse name="v3">
      <lines break="optional">Com a bandeira de Jesus,<br/>unidos caminhemos;<br/>seu evangelho, a salvação,<br/>ao mundo anunciemos.</lines>
      <lines>Contra o pecado e todo mal<br/>lutemos com vigor,<br/>para a glória de Deus vir o mundo inundar,<br/>como as águas cobrem o mar.</lines>
    </verse>
    <verse name="v4">
      <lines break="optional">Nosso trabalho vão será<br/>se Deus não for presente.<br/>Os frutos vão aparecer<br/>um dia, certamente,<br/>pois aproxima-se o final.</lines>
      <lines>Bem perto o dia vem,<br/>quando a glória de Deus há de o mundo inundar,<br/>como as águas cobrem o mar.</lines>
    </verse>
  </lyrics>
</song>
