<?xml version='1.0' encoding='UTF-8'?>
<song xmlns="http://openlyrics.info/namespace/2009/song" version="0.8" createdIn="OpenLP 2.0.1" modifiedIn="OpenLP 2.0.1" modifiedDate="2013-11-14T22:04:22">
  <properties>
    <titles>
      <title>HCC 353 Aos Pés de Deus</title>
      <title>Superação</title>
    </titles>
    <verseOrder>v1 c1 v2 c1 v3 c1</verseOrder>
    <authors>
      <author>João Feitosa</author>
    </authors>
    <songbooks>
      <songbook name="Hinário Para o Culto Cristão" entry="353"/>
    </songbooks>
  </properties>
  <lyrics>
    <verse name="v1">
      <lines break="optional">Aos pés de Deus eu deixo a minha dor;<br/>a minha vida ponho em suas mãos.</lines>
      <lines>O bom Senhor me dá consolo e amor;<br/>a sua paz me envolve o coração.</lines>
    </verse>
    <verse name="c1">
      <lines break="optional">O choro pode durar uma noite,<br/>mas alegria chega de manhã.</lines>
      <lines>O choro pode durar uma noite,<br/>mas alegria chega de manhã.</lines>
    </verse>
    <verse name="v2">
      <lines break="optional">Libertação eu tenho no Senhor;<br/>libertação da angústia, do sofrer.</lines>
      <lines>Em Deus descanso: ele é consolador.<br/>Só Deus me ampara em todo o meu viver.</lines>
    </verse>
    <verse name="v3">
      <lines break="optional">Se cruz pesada eu tenho de levar,<br/>cruz mais pesada já levou Jesus.</lines>
      <lines>Morreu ali a fim de me salvar<br/>e dar-me vida eterna e sua luz.</lines>
    </verse>
  </lyrics>
</song>
