<?xml version='1.0' encoding='UTF-8'?>
<song xmlns="http://openlyrics.info/namespace/2009/song" version="0.8" createdIn="OpenLP 2.0.1" modifiedIn="OpenLP 2.0.1" modifiedDate="2013-11-14T22:04:32">
  <properties>
    <titles>
      <title>HCC 406 Castelo Forte É Nosso Deus</title>
      <title>Ein' Feste Burg</title>
    </titles>
    <verseOrder>v1 v2 v3 v4</verseOrder>
    <authors>
      <author>Martinho Lutero</author>
    </authors>
    <songbooks>
      <songbook name="Hinário Para o Culto Cristão" entry="406"/>
    </songbooks>
  </properties>
  <lyrics>
    <verse name="v1">
      <lines break="optional">Castelo forte é nosso Deus,<br/>escudo e boa espada.<br/>Com seu poder defende os seus,<br/>a sua Igreja amada.</lines>
      <lines>Com força e com furor<br/>nos prova o Tentador,<br/>com artimanhas tais<br/>e astúcias infernais<br/>que iguais não há na terra.</lines>
    </verse>
    <verse name="v2">
      <lines break="optional">A nossa força nada faz,<br/>estamos nós perdidos,<br/>mas nosso Deus, socorro traz<br/>e somos protegidos.</lines>
      <lines>Defende-nos Jesus,<br/>o que venceu na cruz,<br/>Senhor dos altos céus,<br/>que, sendo o próprio Deus,<br/>triunfa na batalha.</lines>
    </verse>
    <verse name="v3">
      <lines break="optional">Se nos quisessem devorar<br/>demônios não contados,<br/>não nos podiam assustar,<br/>nem somos derrotados.</lines>
      <lines>O grande acusador<br/>dos servos do Senhor<br/>já condenado está,<br/>vencido cairá<br/>por uma só palavra.</lines>
    </verse>
    <verse name="v4">
      <lines break="optional">Sim, que a palavra ficará<br/>sabemos com certeza,<br/>pois ela nos ajudará<br/>com armas de defesa.</lines>
      <lines>Se temos de perder<br/>família, bens, poder,<br/>e, embora a vida vá,<br/>por nós Jesus está<br/>e dar-nos-á seu reino.</lines>
    </verse>
  </lyrics>
</song>
