<?xml version='1.0' encoding='UTF-8'?>
<song xmlns="http://openlyrics.info/namespace/2009/song" version="0.8" createdIn="OpenLP 2.0.1" modifiedIn="OpenLP 2.0.1" modifiedDate="2013-11-14T22:03:27">
  <properties>
    <titles>
      <title>HCC 056 Saudai o Nome de Jesus</title>
      <title>Diadem</title>
    </titles>
    <verseOrder>v1 v2 v3 v4</verseOrder>
    <authors>
      <author>Edward Perronet</author>
      <author>James Ellor</author>
      <author>John Rippon</author>
    </authors>
    <songbooks>
      <songbook name="Hinário Para o Culto Cristão" entry="056"/>
    </songbooks>
  </properties>
  <lyrics>
    <verse name="v1">
      <lines>Saudai o nome de Jesus.<br/>Arcanjos, vos prostrai.<br/>Arcanjos, vos prostrai.<br/>O Filho do glorioso Deus</lines>
    </verse>
    <verse name="c1">
      <lines>com glória, glória, glória, glória,<br/>com glória coroai.</lines>
    </verse>
    <verse name="v2">
      <lines>Ó escolhida geração<br/>do bom, eterno Pai,<br/>do bom, eterno Pai,<br/>o grande autor da salvação</lines>
    </verse>
    <verse name="v3">
      <lines>Ó perdoados por Jesus,<br/>alegres adorai,<br/>alegres adorai.<br/>O Deus de paz, o Deus de luz</lines>
    </verse>
    <verse name="v4">
      <lines>Ó tribos, raças e nações,<br/>ao Rei divino honrai,<br/>ao Rei divino honrai.<br/>A quem quebrou os vis grilhões.</lines>
    </verse>
  </lyrics>
</song>
