<?xml version='1.0' encoding='UTF-8'?>
<song xmlns="http://openlyrics.info/namespace/2009/song" version="0.8" createdIn="OpenLP 2.0.1" modifiedIn="OpenLP 2.0.1" modifiedDate="2013-11-14T22:04:08">
  <properties>
    <titles>
      <title>HCC 279 Sonda-me, ó Deus</title>
      <title>Dacyr</title>
    </titles>
    <verseOrder>v1 v2 v3 v4</verseOrder>
    <authors>
      <author>Roselena Landenberger</author>
      <author>James Orr</author>
    </authors>
    <songbooks>
      <songbook name="Hinário Para o Culto Cristão" entry="279"/>
    </songbooks>
  </properties>
  <lyrics>
    <verse name="v1">
      <lines break="optional">Sonda-me, ó Deus, pois vês meu coração.<br/>Prova-me, ó Pai, te peço em oração.</lines>
      <lines>De todo mal liberta-me, Senhor,<br/>da transgressão também que oculta for.</lines>
    </verse>
    <verse name="v2">
      <lines break="optional">Limpa meu ser dos vis pecados meus,<br/>tua promessa cumpre, meu bom Deus.</lines>
      <lines>Vem consumir o mal com teu amor,<br/>pois quero te magnificar, Senhor.</lines>
    </verse>
    <verse name="v3">
      <lines break="optional">Todo o meu ser, que já não chamo meu,<br/>quero gastá-lo no serviço teu.</lines>
      <lines>Minhas paixões tu podes dominar;<br/>ó Santo Deus, vem sempre em mim estar.</lines>
    </verse>
    <verse name="v4">
      <lines break="optional">Lá do alto céu o avivamento vem,<br/>a começar em mim e indo além.</lines>
      <lines>O teu poder, as bênçãos, teu favor,<br/>aos que são teus, concede, ó Pai de amor.</lines>
    </verse>
  </lyrics>
</song>
