<?xml version='1.0' encoding='UTF-8'?>
<song xmlns="http://openlyrics.info/namespace/2009/song" version="0.8" createdIn="OpenLP 2.0.1" modifiedIn="OpenLP 2.0.1" modifiedDate="2013-11-14T22:04:21">
  <properties>
    <titles>
      <title>HCC 347 Quero o Salvador Comigo</title>
      <title>Iber</title>
    </titles>
    <verseOrder>v1 c1 v2 c1 v3 c1 v4 c1</verseOrder>
    <authors>
      <author>Fanny Crosby</author>
      <author>Zelda Oliveira</author>
    </authors>
    <songbooks>
      <songbook name="Hinário Para o Culto Cristão" entry="347"/>
    </songbooks>
  </properties>
  <lyrics>
    <verse name="v1">
      <lines break="optional">Quero o Salvador comigo<br/>e com ele vou andar.</lines>
      <lines>Quero estar sempre ao seu lado,<br/>nos seus braços descansar.</lines>
    </verse>
    <verse name="c1">
      <lines break="optional">Confiando no Senhor,<br/>consolado em seu amor,</lines>
      <lines>seguirei no meu caminho,<br/>sem tristeza e sem temor.</lines>
    </verse>
    <verse name="v2">
      <lines break="optional">Quero o Salvador comigo,<br/>pois tão fraca é minha fé.</lines>
      <lines>Dele tenho pronto auxílio<br/>quando me vacila o pé.</lines>
    </verse>
    <verse name="v3">
      <lines break="optional">Quero o Salvador comigo,<br/>dia a dia em meu viver,</lines>
      <lines>no trabalho ou no descanso,<br/>na tristeza ou no prazer.</lines>
    </verse>
    <verse name="v4">
      <lines break="optional">Quero o Salvador comigo,<br/>sábio guia e bom Pastor.</lines>
      <lines>Estarei no céu com ele,<br/>longe de perigo e dor.</lines>
    </verse>
  </lyrics>
</song>
