<?xml version='1.0' encoding='UTF-8'?>
<song xmlns="http://openlyrics.info/namespace/2009/song" version="0.8" createdIn="OpenLP 2.0.1" modifiedIn="OpenLP 2.0.1" modifiedDate="2013-11-14T22:10:58">
  <properties>
    <titles>
      <title>HCC 047 Altamente os Céus Proclamam</title>
      <title>An Die Freude</title>
    </titles>
    <verseOrder>v1 v2</verseOrder>
    <authors>
      <author>Sarah Kalley</author>
      <author>Melodia alemã</author>
    </authors>
    <songbooks>
      <songbook name="Hinário Para o Culto Cristão" entry="047"/>
    </songbooks>
  </properties>
  <lyrics>
    <verse name="v1">
      <lines break="optional">Altamente os céus proclamam<br/>seu divino Criador.<br/>Anuncia o firmamento<br/>tuas obras, ó Senhor.</lines>
      <lines>Incessantes, noite e dia,<br/>dão sinais do teu poder,<br/>sem palavras proclamando<br/>tua glória, teu saber.</lines>
    </verse>
    <verse name="v2">
      <lines break="optional">Majestoso o sol fulgura<br/>pelos céus, com resplendor;<br/>exultando em seu percurso,<br/>enche o mundo de calor.</lines>
      <lines>Tua Lei, mui preciosa,<br/>brilha mais que a clara luz;<br/>esclarece as nossas mentes,<br/>guia as almas a Jesus.</lines>
    </verse>
  </lyrics>
</song>
