<?xml version='1.0' encoding='UTF-8'?>
<song xmlns="http://openlyrics.info/namespace/2009/song" version="0.8" createdIn="OpenLP 2.0.1" modifiedIn="OpenLP 2.0.1" modifiedDate="2013-11-14T22:04:19">
  <properties>
    <titles>
      <title>HCC 339 Almejo a Fé que Forte É</title>
      <title>Evan</title>
    </titles>
    <verseOrder>v1 v2 v3 v4</verseOrder>
    <authors>
      <author>William Havergal</author>
      <author>William Bathurst</author>
    </authors>
    <songbooks>
      <songbook name="Hinário Para o Culto Cristão" entry="339"/>
    </songbooks>
  </properties>
  <lyrics>
    <verse name="v1">
      <lines>Almejo a fé que forte é<br/>no mundo tentador,<br/>que, calma, não recuará<br/>e não terá temor.</lines>
    </verse>
    <verse name="v2">
      <lines>A fé que não me faz queixar<br/>se vem a correção;<br/>e, quanto mais severa for,<br/>mais firma o coração.</lines>
    </verse>
    <verse name="v3">
      <lines>A fé que sempre brilha mais<br/>em meio ao furacão;<br/>que no perigo sente paz,<br/>em densa escuridão.</lines>
    </verse>
    <verse name="v4">
      <lines>Tão forte seja a minha fé<br/>que, venha o que vier,<br/>eu possa mesmo aqui provar<br/>celestial prazer.</lines>
    </verse>
  </lyrics>
</song>
