<?xml version='1.0' encoding='UTF-8'?>
<song xmlns="http://openlyrics.info/namespace/2009/song" version="0.8" createdIn="OpenLP 2.0.1" modifiedIn="OpenLP 2.0.1" modifiedDate="2013-11-14T22:04:50">
  <properties>
    <titles>
      <title>HCC 481 Abrão, Pela Fé Obedeceu</title>
      <title>Gênesis 12:1-5, 7</title>
    </titles>
    <copyright>Gênesis 12:1-5, 7</copyright>
    <verseOrder>v1</verseOrder>
    <authors>
      <author>Leitura bíblica</author>
    </authors>
    <songbooks>
      <songbook name="Hinário Para o Culto Cristão" entry="481"/>
    </songbooks>
  </properties>
  <lyrics>
    <verse name="v1">
      <lines>Ora, o Senhor disse a Abrão: Sai-te da tua terra, da tua parentela, e da casa de teu pai, para a terra que eu te mostrarei.<br/>Eu farei de ti uma grande nação; abençoar-te-ei, e engrandecerei o teu nome; e tu, sê uma bênção.<br/>Abençoarei aos que te abençoarem, e amaldiçoarei àquele que te amaldiçoar; e em ti serão benditas todas as famílias da terra.<br/>Partiu, pois, Abrão, como o Senhor lhe ordenara, e Ló foi com ele.<br/>Tinha Abrão setenta e cinco anos quando saiu de Harã.<br/>Abrão levou consigo a Sarai, sua mulher, e a Ló, filho de seu irmão,<br/>e todos os bens que haviam adquirido, e as almas que lhes acresceram em Harã;<br/>e saíram a fim de irem à terra de Canaã; e à terra de Canaã chegaram.<br/>Apareceu, porém, o Senhor a Abrão, e disse: À tua semente darei esta terra.<br/>Abrão, pois edificou ali um altar ao Senhor, que lhe aparecera.</lines>
    </verse>
  </lyrics>
</song>
