<?xml version='1.0' encoding='UTF-8'?>
<song xmlns="http://openlyrics.info/namespace/2009/song" version="0.8" createdIn="OpenLP 2.0.1" modifiedIn="OpenLP 2.0.1" modifiedDate="2013-11-14T22:03:57">
  <properties>
    <titles>
      <title>HCC 221 Ensina-me, Senhor, a Tua Palavra!</title>
      <title>Salmos 119:97, 103, 59, 60, 64, 89, 141, 143, 68, 93, 75, 76, 12, 7, 28, 29, 90, 91, 125, 135, 171, 172, 175</title>
    </titles>
    <copyright>Salmos 119:97, 103, 59, 60, 64, 89, 141, 143, 68, 93, 75, 76, 12, 7, 28, 29, 90, 91, 125, 135, 171, 172, 175</copyright>
    <verseOrder>v1 v2 v3 v4 v5 v6 v7 v8 v9 v10 v11</verseOrder>
    <authors>
      <author>Leitura bíblica</author>
    </authors>
    <songbooks>
      <songbook name="Hinário Para o Culto Cristão" entry="221"/>
    </songbooks>
  </properties>
  <format>
    <tags application="OpenLP">
      <tag name="y">
        <open>&lt;span style="-webkit-text-fill-color:yellow"&gt;</open>
        <close>&lt;/span&gt;</close>
      </tag>
    </tags>
  </format>
  <lyrics>
    <verse name="v1">
      <lines><tag name="y">Galeria:</tag><br/>Oh! Quanto amo a tua lei! Ela é a minha meditação o dia todo.<br/>Oh! Quão doces são as tuas palavras ao meu paladar!<br/>Mais doces do que o mel à minha boca.</lines>
    </verse>
    <verse name="v2">
      <lines><tag name="y">Lado 1:</tag><br/>Quando considero os meus caminhos, volto os meus pés para os teus testemunhos.<br/>Apresso-me sem detença a observar os teus mandamentos.</lines>
    </verse>
    <verse name="v3">
      <lines><tag name="y">Galeria:</tag><br/>A terra, ó Senhor, está cheia da tua benignidade; ensina-me os teus estatutos.<br/>Para sempre, ó Senhor, a tua palavra está firmada nos céus.</lines>
    </verse>
    <verse name="v4">
      <lines><tag name="y">Lado 2:</tag><br/>Pequeno sou e desprezado, mas não me esqueço dos teus preceitos.<br/>Tribulação e angústia se apoderaram de mim; mas os teus mandamentos são o meu prazer.</lines>
    </verse>
    <verse name="v5">
      <lines><tag name="y">Galeria:</tag><br/>Tu és bom e fazes o bem; ensina-me os teus estatutos.<br/>Nunca me esquecerei dos teus preceitos, pois por eles me tens vivificado.</lines>
    </verse>
    <verse name="v6">
      <lines><tag name="y">Lado 3:</tag><br/>Bem sei eu, ó Senhor, que os teus juízos são retos, e que em tua fidelidade me afligiste.<br/>Sirva, pois, a tua benignidade para me consolar, segundo a palavra que deste ao teu servo.</lines>
    </verse>
    <verse name="v7">
      <lines><tag name="y">Galeria:</tag><br/>Bendito és tu, ó Senhor, ensina-me os teus estatutos.<br/>Louvar-te-ei com retidão de coração, quando tiver aprendido as tuas retas ordenanças.</lines>
    </verse>
    <verse name="v8">
      <lines><tag name="y">Lado 1:</tag><br/>A minha alma se consome de tristeza; fortalece-me segundo a tua palavra.<br/>Desvia de mim o caminho da falsidade, e ensina-me benignamente a tua lei.</lines>
    </verse>
    <verse name="v9">
      <lines><tag name="y">Galeria:</tag><br/>A tua fidelidade estende-se de geração a geração; tu firmaste a terra, e firme permanece.<br/>Conforme a tua ordenança, tudo se mantém até hoje.</lines>
    </verse>
    <verse name="v10">
      <lines><tag name="y">Lado 2:</tag><br/>Sou teu servo; dá-me entendimento, para que eu conheça os teus testemunhos.<br/>Faze resplandecer o teu rosto sobre o teu servo, e ensina-me os teus estatutos.</lines>
    </verse>
    <verse name="v11">
      <lines><tag name="y">Todos:</tag><br/>Profiram louvor os meus lábios, pois me ensinas os teus estatutos.<br/>Celebre a minha língua a tua palavra, pois todos os teus mandamentos são justos.<br/>Que minha alma viva, para que te louve; ajudem-me as tuas ordenanças.</lines>
    </verse>
  </lyrics>
</song>
