<?xml version='1.0' encoding='UTF-8'?>
<song xmlns="http://openlyrics.info/namespace/2009/song" version="0.8" createdIn="OpenLP 2.0.1" modifiedIn="OpenLP 2.0.1" modifiedDate="2013-11-14T22:04:20">
  <properties>
    <titles>
      <title>HCC 342 Se Queres Forças na Fraqueza</title>
      <title>Beginnings</title>
    </titles>
    <verseOrder>v1 v2 v3</verseOrder>
    <authors>
      <author>Georg Neumark</author>
      <author>Carlton Young</author>
    </authors>
    <songbooks>
      <songbook name="Hinário Para o Culto Cristão" entry="342"/>
    </songbooks>
  </properties>
  <lyrics>
    <verse name="v1">
      <lines break="optional">Se queres forças na fraqueza,<br/>pede ao Senhor, pois tem poder.<br/>Ele há de ouvir-te, com certeza,</lines>
      <lines>e teus problemas resolver.<br/>Quem ama e crê no bom Senhor<br/>recebe os frutos desse amor.</lines>
    </verse>
    <verse name="v2">
      <lines break="optional">Os teus lamentos revoltosos<br/>não aliviam teu pesar;<br/>em teus caminhos espinhosos</lines>
      <lines>procura em Deus teu mal sanar.<br/>Se tens tristezas e amargor,<br/>não os transformes em rancor.</lines>
    </verse>
    <verse name="v3">
      <lines break="optional">Fiel prossegue em tua vida,<br/>com gratidão e com louvor.<br/>De Deus a graça é prometida</lines>
      <lines>a quem confia em seu amor.<br/>Deus sempre atende, em seu poder,<br/>aquele que em seu nome crer.</lines>
    </verse>
  </lyrics>
</song>
