<?xml version='1.0' encoding='UTF-8'?>
<song xmlns="http://openlyrics.info/namespace/2009/song" version="0.8" createdIn="OpenLP 2.0.1" modifiedIn="OpenLP 2.0.1" modifiedDate="2013-11-14T22:04:14">
  <properties>
    <titles>
      <title>HCC 311 Deus Enviou Jesus</title>
      <title>Messias</title>
    </titles>
    <verseOrder>c1 v1 c1</verseOrder>
    <authors>
      <author>Verner Geier</author>
    </authors>
    <songbooks>
      <songbook name="Hinário Para o Culto Cristão" entry="311"/>
    </songbooks>
  </properties>
  <lyrics>
    <verse name="c1">
      <lines>Deus enviou Jesus ao mundo<br/>não para ser o juiz,<br/>mas pra salvá-lo com amor profundo.<br/>Deus assim o quis.</lines>
    </verse>
    <verse name="v1">
      <lines>Deus tanto o mundo amou,<br/>que seu Filho enviou.<br/>Todo aquele que o aceitar<br/>salvação terá.</lines>
    </verse>
  </lyrics>
</song>
