<?xml version='1.0' encoding='UTF-8'?>
<song xmlns="http://openlyrics.info/namespace/2009/song" version="0.8" createdIn="OpenLP 2.0.1" modifiedIn="OpenLP 2.0.1" modifiedDate="2013-11-14T22:03:25">
  <properties>
    <titles>
      <title>HCC 050 Louvai ao Deus da Criação</title>
      <title>Mit Freuden Zart</title>
    </titles>
    <verseOrder>v1 v2 v3</verseOrder>
    <authors>
      <author>Johann Schütz</author>
    </authors>
    <songbooks>
      <songbook name="Hinário Para o Culto Cristão" entry="050"/>
    </songbooks>
  </properties>
  <lyrics>
    <verse name="v1">
      <lines>Louvai ao Deus da criação<br/>por toda a eternidade.<br/>O grande autor da salvação<br/>é Deus de santidade.<br/>Com seu poder, com seu amor,<br/>dá vida nova ao pecador.<br/>A Deus, louvor e glória!</lines>
    </verse>
    <verse name="v2">
      <lines>O que Deus fez com forte mão<br/>o seu amor sustenta.<br/>Na noite escura, na aflição,<br/>a graça me alimenta.<br/>Tudo o Senhor faz concorrer<br/>pro bem do crente em seu viver.<br/>A Deus, louvor e glória!</lines>
    </verse>
    <verse name="v3">
      <lines>Enquanto aqui eu respirar,<br/>bem alto irei louvá-lo.<br/>Desejo a todos convidar:<br/>"Oh, venham exaltá-lo!"<br/>Alegre está meu coração,<br/>pois tenho eterna salvação.<br/>A Deus, louvor e glória!</lines>
    </verse>
  </lyrics>
</song>
