<?xml version='1.0' encoding='UTF-8'?>
<song xmlns="http://openlyrics.info/namespace/2009/song" version="0.8" createdIn="OpenLP 2.0.1" modifiedIn="OpenLP 2.0.1" modifiedDate="2013-11-14T22:04:05">
  <properties>
    <titles>
      <title>HCC 265 Terás Vida em Olhar pra Jesus</title>
      <title>Latakia</title>
    </titles>
    <verseOrder>v1 c1 v2 c1 v3 c1 v4 c1</verseOrder>
    <authors>
      <author>Amelia Hull</author>
      <author>E. Taylor</author>
    </authors>
    <songbooks>
      <songbook name="Hinário Para o Culto Cristão" entry="265"/>
    </songbooks>
  </properties>
  <lyrics>
    <verse name="v1">
      <lines break="optional">Terás vida em olhar pra Jesus, Salvador.<br/>Ele diz: "Vida eterna eu te dou."</lines>
      <lines>Pois então, pecador, considera esse amor;<br/>vê Jesus, que na cruz expirou.</lines>
    </verse>
    <verse name="c1">
      <lines>Vê, vê, viverás.<br/>Terás vida em olhar pra Jesus, Salvador.<br/>Ele diz: "Vida em mim acharás."</lines>
    </verse>
    <verse name="v2">
      <lines break="optional">Terás vida em olhar pra Jesus, Salvador.<br/>Não há choro, remorso nem dor</lines>
      <lines>que consiga remir a qualquer pecador.<br/>Só quem salva é Jesus, Redentor.</lines>
    </verse>
    <verse name="v3">
      <lines break="optional">Terás vida em olhar pra Jesus, Salvador.<br/>O castigo por ti já sofreu.</lines>
      <lines>Deus estende o convite ao maior transgressor.<br/>Vê Jesus, que por ti padeceu.</lines>
    </verse>
    <verse name="v4">
      <lines break="optional">Terás vida em olhar pra Jesus, Salvador.<br/>Ele diz: "Vida eterna eu te dou.</lines>
      <lines>Nunca perecerás, crendo em mim, teu Senhor.<br/>Ao teu lado pra sempre eu estou."</lines>
    </verse>
  </lyrics>
</song>
