<?xml version='1.0' encoding='UTF-8'?>
<song xmlns="http://openlyrics.info/namespace/2009/song" version="0.8" createdIn="OpenLP 2.0.1" modifiedIn="OpenLP 2.0.1" modifiedDate="2013-11-14T22:04:09">
  <properties>
    <titles>
      <title>HCC 285 Em Cristo Há Perfeito Perdão</title>
      <title>Sweet Peace</title>
    </titles>
    <verseOrder>v1 v2 v3</verseOrder>
    <authors>
      <author>Peter Bilhorn</author>
    </authors>
    <songbooks>
      <songbook name="Hinário Para o Culto Cristão" entry="285"/>
    </songbooks>
  </properties>
  <lyrics>
    <verse name="v1">
      <lines>Em Cristo há perfeito perdão,<br/>há nele real salvação.<br/>Há nele também essa paz<br/>que agora me satisfaz.</lines>
    </verse>
    <verse name="v2">
      <lines>Jesus meu pecado apagou<br/>e paz sem igual me outorgou.<br/>Agora louvor renderei<br/>a Cristo, Senhor e Rei.</lines>
    </verse>
    <verse name="v3">
      <lines>Oh, quando o momento chegar<br/>de eu ir com Jesus habitar,<br/>em glória verei meu Senhor,<br/>com todo o seu esplendor.</lines>
    </verse>
  </lyrics>
</song>
