<?xml version='1.0' encoding='UTF-8'?>
<song xmlns="http://openlyrics.info/namespace/2009/song" version="0.8" createdIn="OpenLP 2.0.1" modifiedIn="OpenLP 2.0.1" modifiedDate="2013-11-14T22:04:44">
  <properties>
    <titles>
      <title>HCC 449 Testemunhando de Jesus em Casa</title>
      <title>Marcos 5:1-3, 5-9, 11-15, 18-20</title>
    </titles>
    <copyright>Marcos 5:1-3, 5-9, 11-15, 18-20</copyright>
    <verseOrder>v1 v2 v3 v4 v5 v6 v7 v8 v9</verseOrder>
    <authors>
      <author>Leitura bíblica</author>
    </authors>
    <songbooks>
      <songbook name="Hinário Para o Culto Cristão" entry="449"/>
    </songbooks>
  </properties>
  <lyrics>
    <verse name="v1">
      <lines>Chegaram então ao outro lado do mar, à terra dos gerasenos.<br/>E, logo que saíra do barco, lhe veio ao encontro, dos sepulcros, um homem com espírito imundo, o qual tinha a sua morada nos sepulcros;<br/>e nem ainda com cadeias podia alguém prendê-lo. De dia e de noite, andava pelos sepulcros e pelos montes, gritando, e ferindo-se com pedras.<br/>Vendo, pois, de longe a Jesus correu e adorou-o; e, clamando com grande voz, disse:</lines>
    </verse>
    <verse name="v2">
      <lines>Que tenho eu contigo, Jesus, Filho do Deus Altíssimo? Conjuro-te por Deus que não me atormentes.</lines>
    </verse>
    <verse name="v3">
      <lines>Pois Jesus lhe dizia: Sai desse homem, espírito imundo. E perguntou-lhe: Qual é o teu nome?<br/>Respondeu-lhe ele: Legião é o meu nome, porque somos muitos.</lines>
    </verse>
    <verse name="v4">
      <lines>Ora, andava ali pastando no monte uma grande manada de porcos. Rogaram-lhe, pois, os demônios, dizendo:</lines>
    </verse>
    <verse name="v5">
      <lines>Manda-nos para aqueles porcos, para que entremos neles.</lines>
    </verse>
    <verse name="v6">
      <lines>E ele lho permitiu. Saindo (...) entraram nos porcos; e precipitou-se a manada, que era de uns dois mil, pelo despenhadeiro no mar, onde todos se afogaram.<br/>Muitos foram ver o que era aquilo que tinha acontecido.<br/>Chegando-se a Jesus, viram o endemoninhado, o que tivera legião, sentado, vestido, e em perfeito juízo; e temeram.</lines>
    </verse>
    <verse name="v7">
      <lines>Entrando ele no barco, rogava-lhe o que fora endemoninhado que o deixasse estar com ele.<br/>Jesus, porém, não lho permitiu, mas disse-lhe:</lines>
    </verse>
    <verse name="v8">
      <lines>Vai para tua casa, para os teus, e anuncia-lhes o quanto o Senhor te fez, e como teve misericórdia de ti.</lines>
    </verse>
    <verse name="v9">
      <lines>Ele se retirou, pois, e começou a publicar em Decápolis tudo quanto lhe fizera Jesus; e todos se admiravam.</lines>
    </verse>
  </lyrics>
</song>
