<?xml version='1.0' encoding='UTF-8'?>
<song xmlns="http://openlyrics.info/namespace/2009/song" version="0.8" createdIn="OpenLP 2.0.1" modifiedIn="OpenLP 2.0.1" modifiedDate="2013-11-14T22:04:38">
  <properties>
    <titles>
      <title>HCC 426 Graças Te Rendemos</title>
      <title>Carioca</title>
    </titles>
    <verseOrder>v1 v2</verseOrder>
    <authors>
      <author>Melodia brasileira</author>
      <author>Jerônimo Gueiros</author>
    </authors>
    <songbooks>
      <songbook name="Hinário Para o Culto Cristão" entry="426"/>
    </songbooks>
  </properties>
  <lyrics>
    <verse name="v1">
      <lines break="optional">Graças te rendemos,<br/>Deus de luz e amor,<br/>pelo dom de Cristo,<br/>nosso Salvador.</lines>
      <lines>Pelo que nos deste<br/>com bondosa mão,<br/>pelos bens da vida:<br/>veste, abrigo e pão.</lines>
    </verse>
    <verse name="v2">
      <lines break="optional">Graças te rendemos,<br/>pois, Senhor, nos dás,<br/>entre bons amigos,<br/>alegria e paz.</lines>
      <lines>Dá-nos sempre a bênção<br/>de contigo estar;<br/>dá-nos sempre o gozo<br/>de teu nome honrar.</lines>
    </verse>
  </lyrics>
</song>
