<?xml version='1.0' encoding='UTF-8'?>
<song xmlns="http://openlyrics.info/namespace/2009/song" version="0.8" createdIn="OpenLP 2.0.1" modifiedIn="OpenLP 2.0.1" modifiedDate="2013-11-14T22:04:42">
  <properties>
    <titles>
      <title>HCC 440 Venho A Ti, Senhor</title>
      <title>Hawkins</title>
    </titles>
    <verseOrder>v1 c1 v2 c1</verseOrder>
    <authors>
      <author>Aubrey Butler</author>
    </authors>
    <songbooks>
      <songbook name="Hinário Para o Culto Cristão" entry="440"/>
    </songbooks>
  </properties>
  <lyrics>
    <verse name="v1">
      <lines break="optional">Neste momento eu reflito:<br/>Falta paz dentro de mim.</lines>
      <lines>Peço-te agora, contrito:<br/>Dá tua graça sem fim.</lines>
    </verse>
    <verse name="c1">
      <lines break="optional">Venho a ti, Senhor, meu ser dedicar.<br/>Venho a ti, Senhor, minha vontade te entregar.</lines>
      <lines>Procurando o amor, a paz e o teu favor,<br/>agora venho a ti, meu Cristo.</lines>
    </verse>
    <verse name="v2">
      <lines break="optional">Tenho por Cristo a vitória;<br/>tenho a razão pra viver.</lines>
      <lines>Vivo na graça e na glória,<br/>sua vontade a fazer.</lines>
    </verse>
  </lyrics>
</song>
