<?xml version='1.0' encoding='UTF-8'?>
<song xmlns="http://openlyrics.info/namespace/2009/song" version="0.8" createdIn="OpenLP 2.0.1" modifiedIn="OpenLP 2.0.1" modifiedDate="2013-11-14T22:03:34">
  <properties>
    <titles>
      <title>HCC 095 De Belém a Linda História</title>
      <title>W Zlobie Lezy</title>
    </titles>
    <verseOrder>v1 v2 v3</verseOrder>
    <authors>
      <author>Blanche Lício</author>
      <author>Melodia polonesa</author>
    </authors>
    <songbooks>
      <songbook name="Hinário Para o Culto Cristão" entry="095"/>
    </songbooks>
  </properties>
  <lyrics>
    <verse name="v1">
      <lines break="optional">De Belém a linda história<br/>eu me alegro em repetir.<br/>Encarnou-se o Rei da glória<br/>para o mundo redimir,</lines>
      <lines>Deus eterno do passado,<br/>do presente e do porvir,<br/>do presente e do porvir.</lines>
    </verse>
    <verse name="v2">
      <lines break="optional">Maravilha do infinito,<br/>no presépio se traduz<br/>todo amor que o Pai bendito<br/>revelou do berço à cruz.</lines>
      <lines>Grande amor, incomparável,<br/>foi o teu, ó meu Jesus,<br/>foi o teu, ó meu Jesus!</lines>
    </verse>
    <verse name="v3">
      <lines break="optional">Entre os homens teu ensino<br/>tu deixaste, bom Senhor,<br/>e do mundo o mau destino<br/>transformaste pelo amor.</lines>
      <lines>Grande amor incomparável,<br/>foi o teu, ó Salvador,<br/>foi o teu, ó Salvador!</lines>
    </verse>
  </lyrics>
</song>
