<?xml version='1.0' encoding='UTF-8'?>
<song xmlns="http://openlyrics.info/namespace/2009/song" version="0.8" createdIn="OpenLP 2.0.1" modifiedIn="OpenLP 2.0.1" modifiedDate="2013-11-14T22:03:35">
  <properties>
    <titles>
      <title>HCC 104 Surgem Anjos Proclamando</title>
      <title>Gloria</title>
    </titles>
    <verseOrder>v1 c1 v2 c1 v3 c1</verseOrder>
    <authors>
      <author>Melodia francesa</author>
    </authors>
    <songbooks>
      <songbook name="Hinário Para o Culto Cristão" entry="104"/>
    </songbooks>
  </properties>
  <lyrics>
    <verse name="v1">
      <lines break="optional">Surgem anjos proclamando<br/>paz à terra e a Deus louvor.</lines>
      <lines>Vão seus hinos ecoando<br/>nas montanhas ao redor.</lines>
    </verse>
    <verse name="c1">
      <lines>Glória, glória a Deus nas alturas!<br/>Glória, glória a Deus nas alturas!</lines>
    </verse>
    <verse name="v2">
      <lines break="optional">Vão-se alegres os pastores<br/>ver o infante celestial</lines>
      <lines>e acrescentam seus louvores<br/>ao louvor angelical.</lines>
    </verse>
    <verse name="v3">
      <lines break="optional">Berço rude lhe foi dado,<br/>mas do céu lhe vem louvor.</lines>
      <lines>Ele é o Salvador amado,<br/>bem merece o nosso amor.</lines>
    </verse>
    <verse name="v4">
      <lines break="optional">Povos, tribos, celebrai-o!<br/>"Glória a Deus" também dizei.</lines>
      <lines>De joelhos adorai-o,<br/>ele é o Cristo, o grande Rei!</lines>
    </verse>
  </lyrics>
</song>
