<?xml version='1.0' encoding='UTF-8'?>
<song xmlns="http://openlyrics.info/namespace/2009/song" version="0.8" createdIn="OpenLP 2.0.1" modifiedIn="OpenLP 2.0.1" modifiedDate="2013-11-14T22:03:46">
  <properties>
    <titles>
      <title>HCC 165 Em Jesus Amigo Temos</title>
      <title>Converse</title>
    </titles>
    <verseOrder>v1 v2 v3</verseOrder>
    <authors>
      <author>Joseph Scriven</author>
      <author>Charles Converse</author>
    </authors>
    <songbooks>
      <songbook name="Hinário Para o Culto Cristão" entry="165"/>
    </songbooks>
  </properties>
  <lyrics>
    <verse name="v1">
      <lines break="optional">Em Jesus amigo temos,<br/>mais chegado que um irmão.<br/>Ele manda que levemos<br/>tudo a Deus em oração.</lines>
      <lines>Oh! que paz perdemos sempre!<br/>Oh! que dor no coração,<br/>só porque nós não levamos<br/>tudo a Deus em oração!</lines>
    </verse>
    <verse name="v2">
      <lines break="optional">Temos lutas e pesares<br/>enfrentamos tentação,<br/>mas conforto recebemos<br/>indo a Cristo em oração.</lines>
      <lines>Haverá um outro amigo<br/>de tão grande compaixão?<br/>Os contritos Jesus Cristo<br/>sempre atende em oração.</lines>
    </verse>
    <verse name="v3">
      <lines break="optional">E, se nós desfalecemos,<br/>Cristo estende-nos a mão,<br/>pois é sempre a nossa força<br/>e refúgio em oração.</lines>
      <lines>Se este mundo nos despreza,<br/>Cristo dá consolação;<br/>em seus braços nos acolhe<br/>e ouve a nossa petição.</lines>
    </verse>
  </lyrics>
</song>
