<?xml version='1.0' encoding='UTF-8'?>
<song xmlns="http://openlyrics.info/namespace/2009/song" version="0.8" createdIn="OpenLP 2.0.1" modifiedIn="OpenLP 2.0.1" modifiedDate="2013-11-14T22:03:39">
  <properties>
    <titles>
      <title>HCC 124 Morri na Cruz Por Ti</title>
      <title>Kenosis</title>
    </titles>
    <verseOrder>v1 c1 v2 c1 v3 c1 v4 c1</verseOrder>
    <authors>
      <author>Philip Bliss</author>
      <author>Frances Havergal</author>
    </authors>
    <songbooks>
      <songbook name="Hinário Para o Culto Cristão" entry="124"/>
    </songbooks>
  </properties>
  <lyrics>
    <verse name="v1">
      <lines>Morri na cruz por ti, morri pra te livrar;<br/>meu sangue, sim, verti, e posso te salvar.</lines>
    </verse>
    <verse name="c1">
      <lines>Morri, morri na cruz por ti;<br/>que fazes tu por mim?<br/>Morri, morri na cruz por ti;<br/>que fazes tu por mim?</lines>
    </verse>
    <verse name="v2">
      <lines>Aqui vivi por ti, sofri desprezo e dor.<br/>Eu tudo fiz aqui pra ser teu Salvador.</lines>
    </verse>
    <verse name="v3">
      <lines>Sofri na cruz por ti, a fim de te remir;<br/>a vida consegui, que tu irás fruir.</lines>
    </verse>
    <verse name="v4">
      <lines>Eu trouxe salvação, dos altos céus favor;<br/>é livre meu perdão, sincero meu amor.</lines>
    </verse>
  </lyrics>
</song>
