<?xml version='1.0' encoding='UTF-8'?>
<song xmlns="http://openlyrics.info/namespace/2009/song" version="0.8" createdIn="OpenLP 2.0.1" modifiedIn="OpenLP 2.0.1" modifiedDate="2013-11-14T22:04:27">
  <properties>
    <titles>
      <title>HCC 379 Dirijo a Ti, Jesus, Minha Oração</title>
      <title>Minha Oração</title>
    </titles>
    <verseOrder>v1 v2 v3 v4</verseOrder>
    <authors>
      <author>William Doane</author>
      <author>James Houston</author>
    </authors>
    <songbooks>
      <songbook name="Hinário Para o Culto Cristão" entry="379"/>
    </songbooks>
  </properties>
  <lyrics>
    <verse name="v1">
      <lines break="optional">Dirijo a ti, Jesus, minha oração,<br/>pois tu conheces bem meu coração.</lines>
      <lines>Eu venho te adorar, mais graça suplicar.<br/>Oh, vem me abençoar, vem, santo Deus!</lines>
    </verse>
    <verse name="v2">
      <lines break="optional">Dirijo a ti, Jesus, minha oração;<br/>do mal que pratiquei, a confissão.</lines>
      <lines>Sê tu, ó meu Senhor, propício ao pecador;<br/>concede, em teu amor, pleno perdão.</lines>
    </verse>
    <verse name="v3">
      <lines break="optional">Dirijo a ti, Jesus, minha oração,<br/>a ti que amparo és em aflição.</lines>
      <lines>Oh, vem me consolar, oh, vem me confortar,<br/>em mim vem habitar, ó Redentor!</lines>
    </verse>
    <verse name="v4">
      <lines break="optional">Escuta, meu Jesus, esta oração,<br/>que humilde faço a ti com gratidão.</lines>
      <lines>Tu és meu Mediador, meu Rei e Salvador.<br/>Que eu possa em teu amor sempre viver. Amém!</lines>
    </verse>
  </lyrics>
</song>
