<?xml version='1.0' encoding='UTF-8'?>
<song xmlns="http://openlyrics.info/namespace/2009/song" version="0.8" createdIn="OpenLP 2.0.1" modifiedIn="OpenLP 2.0.1" modifiedDate="2013-11-14T22:03:34">
  <properties>
    <titles>
      <title>HCC 096 Cantam Anjos Harmonias</title>
      <title>Mendelssohn</title>
    </titles>
    <verseOrder>v1 c1 v2 c1 v3 c1</verseOrder>
    <authors>
      <author>Charles Wesley</author>
      <author>Felix Mendelssohn</author>
    </authors>
    <songbooks>
      <songbook name="Hinário Para o Culto Cristão" entry="096"/>
    </songbooks>
  </properties>
  <lyrics>
    <verse name="v1">
      <lines break="optional">Cantam anjos harmonias<br/>ao nascer o Salvador.<br/>Traz do céu o Rei-Messias<br/>paz com Deus e santo amor.</lines>
      <lines>Cantem povos, exultantes,<br/>cantem salmos triunfantes,<br/>aclamando o seu Senhor,<br/>nasce Cristo, o Redentor.</lines>
    </verse>
    <verse name="c1">
      <lines>Toda a terra e altos céus<br/>cantem sempre glória a Deus.</lines>
    </verse>
    <verse name="v2">
      <lines break="optional">Cristo, o Filho entronizado,<br/>sua glória abandonou.<br/>Entre os homens, humilhado,<br/>cruz e morte suportou.</lines>
      <lines>É bondosa a Divindade.<br/>É feliz a humanidade.<br/>Esperança de Israel<br/>é Jesus, Emanuel.</lines>
    </verse>
    <verse name="v3">
      <lines break="optional">Cante o povo resgatado<br/>glória a Deus, Senhor da paz,<br/>pois, em Cristo revelado,<br/>vida e luz ao mundo traz.</lines>
      <lines>Nasce a fim de renascermos,<br/>vive para revivermos<br/>Rei, Profeta e Salvador.<br/>Louvem todos ao Senhor.</lines>
    </verse>
  </lyrics>
</song>
