<?xml version='1.0' encoding='UTF-8'?>
<song xmlns="http://openlyrics.info/namespace/2009/song" version="0.8" createdIn="OpenLP 2.0.1" modifiedIn="OpenLP 2.0.1" modifiedDate="2013-11-14T22:04:31">
  <properties>
    <titles>
      <title>HCC 402 Fica ao Meu Lado, ó Deus</title>
      <title>Pax Iam</title>
    </titles>
    <verseOrder>v1 v2 v3 v4</verseOrder>
    <authors>
      <author>Henry Lyte</author>
      <author>Milburn Price</author>
    </authors>
    <songbooks>
      <songbook name="Hinário Para o Culto Cristão" entry="402"/>
    </songbooks>
  </properties>
  <lyrics>
    <verse name="v1">
      <lines break="optional">Fica ao meu lado, ó Deus, em meu viver.<br/>As trevas crescem ao entardecer.</lines>
      <lines>Vem conceder-me tua proteção.<br/>Eu quero estar contigo em comunhão.</lines>
    </verse>
    <verse name="v2">
      <lines break="optional">Vem revelar-me teu querer, Senhor,<br/>divino Mestre, Rei, Consolador,</lines>
      <lines>meu guia forte, amparo em aflição.<br/>Eu quero estar contigo em comunhão.</lines>
    </verse>
    <verse name="v3">
      <lines break="optional">Fica ao meu lado, meu Senhor Jesus.<br/>Contigo venço o mal, ó Deus da luz.</lines>
      <lines>Resisto firme a toda tentação.<br/>Eu quero estar contigo em comunhão.</lines>
    </verse>
    <verse name="v4">
      <lines break="optional">E, quando, enfim, a vida terminar,<br/>que eu possa ver a tua luz brilhar.</lines>
      <lines>No reino além não há escuridão.<br/>Eu quero estar contigo em comunhão. Amém.</lines>
    </verse>
  </lyrics>
</song>
