<?xml version='1.0' encoding='UTF-8'?>
<song xmlns="http://openlyrics.info/namespace/2009/song" version="0.8" createdIn="OpenLP 2.0.1" modifiedIn="OpenLP 2.0.1" modifiedDate="2013-11-14T22:04:06">
  <properties>
    <titles>
      <title>HCC 268 O Senhor Te Abenço e Te Guarde</title>
      <title>Allen</title>
    </titles>
    <verseOrder>v1</verseOrder>
    <authors>
      <author>Edith Allen</author>
    </authors>
    <songbooks>
      <songbook name="Hinário Para o Culto Cristão" entry="268"/>
    </songbooks>
  </properties>
  <lyrics>
    <verse name="v1">
      <lines break="optional">O Senhor te abençoe e te guarde,<br/>o Senhor faça resplandecer<br/>o seu rosto sobre ti,</lines>
      <lines>e tenha misericórdia de ti;<br/>o Senhor sobre ti levante o seu rosto,<br/>e te dê, e te dê a paz.<br/>Amém.</lines>
    </verse>
  </lyrics>
</song>
