<?xml version='1.0' encoding='UTF-8'?>
<song xmlns="http://openlyrics.info/namespace/2009/song" version="0.8" createdIn="OpenLP 2.0.1" modifiedIn="OpenLP 2.0.1" modifiedDate="2013-11-14T22:04:33">
  <properties>
    <titles>
      <title>HCC 410 Toda a Natureza Lhe Obedece</title>
      <title>Lucas 8:22-25</title>
    </titles>
    <copyright>Lucas 8:22-25</copyright>
    <verseOrder>v1 v2 v3 v4 v5 v6</verseOrder>
    <authors>
      <author>Leitura bíblica</author>
    </authors>
    <songbooks>
      <songbook name="Hinário Para o Culto Cristão" entry="410"/>
    </songbooks>
  </properties>
  <format>
    <tags application="OpenLP">
      <tag name="y">
        <open>&lt;span style="-webkit-text-fill-color:yellow"&gt;</open>
        <close>&lt;/span&gt;</close>
      </tag>
    </tags>
  </format>
  <lyrics>
    <verse name="v1">
      <lines><tag name="y">Coro:</tag><br/>Ora, aconteceu certo dia que entrou num barco com seus discípulos, e disse-lhes: Passemos à outra margem do lago. E partiram.</lines>
    </verse>
    <verse name="v2">
      <lines><tag name="y">Congregação:</tag><br/>Enquanto navegavam, ele adormeceu; e desceu uma tempestade de vento sobre o lago; e o barco se enchia de água, de sorte que perigavam.<br/>Chegando-se a ele, o despertaram, dizendo:</lines>
    </verse>
    <verse name="v3">
      <lines><tag name="y">Todos:</tag><br/>Mestre, Mestre, estamos perecendo.</lines>
    </verse>
    <verse name="v4">
      <lines><tag name="y">Coro:</tag><br/>E ele, levantando-se, repreendeu o vento e a fúria da água; e cessaram, e fez-se bonança.</lines>
    </verse>
    <verse name="v5">
      <lines><tag name="y">Congregação:</tag><br/>Então lhes perguntou: Onde está a vossa fé? Eles, atemorizados, admiraram-se, dizendo uns aos outros:</lines>
    </verse>
    <verse name="v6">
      <lines><tag name="y">Todos:</tag><br/>Quem, pois, é este, que até aos ventos e à água manda, e lhe obedecem?</lines>
    </verse>
  </lyrics>
</song>
