<?xml version='1.0' encoding='UTF-8'?>
<song xmlns="http://openlyrics.info/namespace/2009/song" version="0.8" createdIn="OpenLP 2.0.1" modifiedIn="OpenLP 2.0.1" modifiedDate="2013-11-14T22:03:28">
  <properties>
    <titles>
      <title>HCC 065 Cristo - O Primogênito de Deus</title>
      <title>Colossensses 1:15-20; Apocalipse 5:12</title>
    </titles>
    <copyright>Colossensses 1:15-20; Apocalipse 5:12</copyright>
    <verseOrder>v1 v2 v3 v4 v5</verseOrder>
    <authors>
      <author>Leitura bíblica</author>
    </authors>
    <songbooks>
      <songbook name="Hinário Para o Culto Cristão" entry="065"/>
    </songbooks>
  </properties>
  <format>
    <tags application="OpenLP">
      <tag name="y">
        <open>&lt;span style="-webkit-text-fill-color:yellow"&gt;</open>
        <close>&lt;/span&gt;</close>
      </tag>
    </tags>
  </format>
  <lyrics>
    <verse name="v1">
      <lines break="optional"><tag name="y">Dirigente:</tag><br/>O [Filho amado] é a imagem do Deus invisível, o primogênito de toda a criação; porque nele foram criadas todas as coisas nos céus e na terra, </lines>
      <lines>as visíveis e as invisíveis, sejam tronos, sejam dominações, sejam principados, sejam potestades.</lines>
    </verse>
    <verse name="v2">
      <lines><tag name="y">Todos: </tag><br/><br/>Tudo foi criado por ele e para ele.</lines>
    </verse>
    <verse name="v3">
      <lines><tag name="y">Congregação:</tag><br/><br/>Ele é antes de todas as coisas, e nele subsistem todas as coisas;</lines>
    </verse>
    <verse name="v4">
      <lines break="optional"><tag name="y">Dirigente:</tag><br/>também ele é a cabeça do corpo, da igreja; é o princípio, o primogênito dentre os mortos, para que em tudo tenha a preeminência, </lines>
      <lines break="optional">porque aprouve a Deus que nele habitasse toda a plenitude, e que, havendo por ele feito a paz pelo sangue da sua cruz, </lines>
      <lines>por meio dele reconciliasse consigo mesmo todas as coisas, tanto as que estão na terra como as que estão nos céus.</lines>
    </verse>
    <verse name="v5">
      <lines><tag name="y">Todos: </tag><br/>Digno é o Cordeiro, que foi morto, de receber o poder, e riqueza, e sabedoria, e força, e honra, e glória, e louvor.</lines>
    </verse>
  </lyrics>
</song>
