<?xml version='1.0' encoding='UTF-8'?>
<song xmlns="http://openlyrics.info/namespace/2009/song" version="0.8" createdIn="OpenLP 2.0.1" modifiedIn="OpenLP 2.0.1" modifiedDate="2013-11-14T22:03:39">
  <properties>
    <titles>
      <title>HCC 123 A Ti, Hosana e Glória</title>
      <title>St. Theodulph</title>
    </titles>
    <verseOrder>v1 v2 v3</verseOrder>
    <authors>
      <author>Melchior Teschner</author>
      <author>Theodulph Orleans</author>
    </authors>
    <songbooks>
      <songbook name="Hinário Para o Culto Cristão" entry="123"/>
    </songbooks>
  </properties>
  <lyrics>
    <verse name="v1">
      <lines break="optional">A ti, hosana e glória, cantava a multidão<br/>saudando-te, ó Cristo com grande exultação.</lines>
      <lines>Tu és o Rei eterno do povo de Israel<br/>e vens no santo nome do nosso Deus fiel.</lines>
    </verse>
    <verse name="v2">
      <lines break="optional">Milhares são os anjos que entoam teu louvor,<br/>e nos, daqui da terra, louvamos-te, Senhor.</lines>
      <lines>A multidão saudou-te com palmas e com flor;<br/>e nós cantamos hinos a ti, ó Redentor.</lines>
    </verse>
    <verse name="v3">
      <lines break="optional">Com vivas te acolheram às portas da paixão,<br/>e nós cantamos hoje louvor com gratidão.</lines>
      <lines>Assim como aceitaste do povo a saudação,<br/>aceita o nosso canto de grata exaltação.</lines>
    </verse>
  </lyrics>
</song>
