<?xml version='1.0' encoding='UTF-8'?>
<song xmlns="http://openlyrics.info/namespace/2009/song" version="0.8" createdIn="OpenLP 2.0.1" modifiedIn="OpenLP 2.0.1" modifiedDate="2013-11-14T22:03:48">
  <properties>
    <titles>
      <title>HCC 171 Amor, Que Por Amor Desceste!</title>
      <title>St. Margaret</title>
    </titles>
    <verseOrder>v1 v2 v3 v4</verseOrder>
    <authors>
      <author>Albert Peace</author>
      <author>George Matheson</author>
    </authors>
    <songbooks>
      <songbook name="Hinário Para o Culto Cristão" entry="171"/>
    </songbooks>
  </properties>
  <lyrics>
    <verse name="v1">
      <lines break="optional">Amor, que por amor desceste!<br/>Amor, que por amor morreste!</lines>
      <lines>Ah, quanta dor não padeceste!<br/>Minha alma vieste resgatar<br/>e meu amor ganhar.</lines>
    </verse>
    <verse name="v2">
      <lines break="optional">Amor, que com amor seguias,<br/>a mim, que sem amor tu vias!</lines>
      <lines>Ah, quanto amor por mim sentias,<br/>eterno Deus, Senhor Jesus,<br/>sofrendo sobre a cruz!</lines>
    </verse>
    <verse name="v3">
      <lines break="optional">Amor, que tudo me perdoas!<br/>Amor, que até mesmo abençoas</lines>
      <lines>um réu de quem tu te afeiçoas!<br/>Vencido, ó Salvador, por ti,<br/>teu grande amor senti.</lines>
    </verse>
    <verse name="v4">
      <lines break="optional">Amor sublime que perduras,<br/>que em tua graça me seguras,</lines>
      <lines>cercando a mim de mil venturas!<br/>Aceita agora, ó Salvador,<br/>o meu humilde amor.</lines>
    </verse>
  </lyrics>
</song>
