<?xml version='1.0' encoding='UTF-8'?>
<song xmlns="http://openlyrics.info/namespace/2009/song" version="0.8" createdIn="OpenLP 2.0.1" modifiedIn="OpenLP 2.0.1" modifiedDate="2013-11-14T22:03:41">
  <properties>
    <titles>
      <title>HCC 134 Bem Junto à Cruz de Cristo</title>
      <title>St. Christopher</title>
    </titles>
    <verseOrder>v1 v2 v3</verseOrder>
    <authors>
      <author>Elizabeth Clephane</author>
      <author>Frederick Maker</author>
    </authors>
    <songbooks>
      <songbook name="Hinário Para o Culto Cristão" entry="134"/>
    </songbooks>
  </properties>
  <lyrics>
    <verse name="v1">
      <lines break="optional">Bem junto à cruz de Cristo<br/>eu quero me abrigar,<br/>à sombra de uma rocha<br/>que possa me alentar.</lines>
      <lines>Aragem no deserto,<br/>na estrada, um doce lar<br/>que os fardos ameniza<br/>e o sol faz refrescar.</lines>
    </verse>
    <verse name="v2">
      <lines break="optional">Mas sobre a cruz de Cristo<br/>meus olhos podem ver<br/>um vulto agonizante<br/>por mim ali morrer.</lines>
      <lines>Então, enternecido<br/>declaro o seu amor,<br/>amor incomparável<br/>por mim, um pecador.</lines>
    </verse>
    <verse name="v3">
      <lines break="optional">Desejo estar à sombra<br/>da cruz do Salvador.<br/>Nenhum fulgor anseio<br/>senão o do Senhor.</lines>
      <lines>O mundo abandonando,<br/>sem nada aqui perder,<br/>na cruz encontro a glória<br/>que me redime o ser.</lines>
    </verse>
  </lyrics>
</song>
