<?xml version='1.0' encoding='UTF-8'?>
<song xmlns="http://openlyrics.info/namespace/2009/song" version="0.8" createdIn="OpenLP 2.0.1" modifiedIn="OpenLP 2.0.1" modifiedDate="2013-11-14T22:03:56">
  <properties>
    <titles>
      <title>HCC 217 É a Bíblia Nossa Luz</title>
      <title>Aletta</title>
    </titles>
    <verseOrder>v1 v2 v3 v4</verseOrder>
    <authors>
      <author>William Bradbury</author>
      <author>Werner Kaschel</author>
    </authors>
    <songbooks>
      <songbook name="Hinário Para o Culto Cristão" entry="217"/>
    </songbooks>
  </properties>
  <lyrics>
    <verse name="v1">
      <lines>É a Bíblia nossa luz,<br/>ela fala de Jesus.<br/>Pela Bíblia nosso Deus<br/>vem e ensina os filhos seus.</lines>
    </verse>
    <verse name="v2">
      <lines>A Palavra é fiel,<br/>é mais doce que o mel.<br/>Nas promessas do Senhor<br/>confiamos sem temor.</lines>
    </verse>
    <verse name="v3">
      <lines>Útil sempre a Bíblia é<br/>pra fortalecer a fé.<br/>Ela é boa pra ensinar,<br/>corrigir e educar.</lines>
    </verse>
    <verse name="v4">
      <lines>Este mundo vai passar,<br/>mas a Bíblia vai ficar.<br/>Esperança ela traz<br/>e alegria, amor e paz.</lines>
    </verse>
  </lyrics>
</song>
