<?xml version='1.0' encoding='UTF-8'?>
<song xmlns="http://openlyrics.info/namespace/2009/song" version="0.8" createdIn="OpenLP 2.0.1" modifiedIn="OpenLP 2.0.1" modifiedDate="2013-11-14T22:03:51">
  <properties>
    <titles>
      <title>HCC 188 Glória ao Redentor</title>
      <title>Glory To His name</title>
    </titles>
    <verseOrder>v1 c1 v2 c1 v3 c1</verseOrder>
    <authors>
      <author>John Stockton</author>
      <author>Elisha Hoffmann</author>
    </authors>
    <songbooks>
      <songbook name="Hinário Para o Culto Cristão" entry="188"/>
    </songbooks>
  </properties>
  <lyrics>
    <verse name="v1">
      <lines>Junto da cruz do meu Salvador,<br/>vi demonstrado o mais puro amor.<br/>Eu me rendi ao meu bom Senhor.<br/>Glória ao Redentor!</lines>
    </verse>
    <verse name="c1">
      <lines>Glória ao Redentor!<br/>Glória ao Redentor!<br/>Só Jesus Cristo é meu Salvador.<br/>Glória ao Redentor!</lines>
    </verse>
    <verse name="v2">
      <lines>Pelo milagre da salvação,<br/>posso com Cristo ter comunhão.<br/>É grande a paz do meu coração.<br/>Glória ao Redentor!</lines>
    </verse>
    <verse name="v3">
      <lines>Cristo deseja te perdoar.<br/>Vem, hoje mesmo, sem demorar<br/>e bem feliz poderás cantar:<br/>"Glória ao Redentor!"</lines>
    </verse>
  </lyrics>
</song>
