<?xml version='1.0' encoding='UTF-8'?>
<song xmlns="http://openlyrics.info/namespace/2009/song" version="0.8" createdIn="OpenLP 2.0.1" modifiedIn="OpenLP 2.0.1" modifiedDate="2013-11-14T22:03:17">
  <properties>
    <titles>
      <title>HCC 008 A Ti, ó Deus, Fiel e Bom Senhor</title>
      <title>Eventide</title>
    </titles>
    <verseOrder>v1 v2 v3 v4</verseOrder>
    <authors>
      <author>Henry Wright</author>
      <author>William Monk</author>
    </authors>
    <songbooks>
      <songbook name="Hinário Para o Culto Cristão" entry="008"/>
    </songbooks>
  </properties>
  <lyrics>
    <verse name="v1">
      <lines break="optional">A ti, ó Deus, fiel e bom Senhor,<br/>eterno Pai, supremo benfeitor,</lines>
      <lines>nós, os teus servos, vimos dar louvor.<br/>Aleluia! Aleluia!</lines>
    </verse>
    <verse name="v2">
      <lines break="optional">A ti, Deus Filho, Salvador Jesus,<br/>da graça a fonte, da verdade a luz,</lines>
      <lines>por teu amor, medido pela cruz.<br/>Aleluia! Aleluia!</lines>
    </verse>
    <verse name="v3">
      <lines break="optional">A ti, ó Deus, real Consolador,<br/>divino fogo santificador,</lines>
      <lines>que nos anima e nos acende o amor.<br/>Aleluia! Aleluia!</lines>
    </verse>
    <verse name="v4">
      <lines break="optional">A ti, Deus trino, poderoso Deus,<br/>que estás presente sempre junto aos teus,</lines>
      <lines>a ministrar as bênçãos lá dos céus.<br/>Aleluia! Aleluia!</lines>
    </verse>
  </lyrics>
</song>
