<?xml version='1.0' encoding='UTF-8'?>
<song xmlns="http://openlyrics.info/namespace/2009/song" version="0.8" createdIn="OpenLP 2.0.1" modifiedIn="OpenLP 2.0.1" modifiedDate="2013-11-14T22:03:52">
  <properties>
    <titles>
      <title>HCC 197 Cristo Jesus com Poder Reinará</title>
      <title>Duke Street</title>
    </titles>
    <verseOrder>v1 v2 v3 v4</verseOrder>
    <authors>
      <author>Isaac Watts</author>
      <author>John Hatton</author>
    </authors>
    <songbooks>
      <songbook name="Hinário Para o Culto Cristão" entry="197"/>
    </songbooks>
  </properties>
  <lyrics>
    <verse name="v1">
      <lines break="optional">Cristo Jesus com poder reinará,<br/>seu reino aqui estenderá.</lines>
      <lines>Em terra e mar, seja onde for,<br/>dominará o Salvador.</lines>
    </verse>
    <verse name="v2">
      <lines break="optional">Hinos se cantam com grande fervor,<br/>dando louvores ao Senhor.</lines>
      <lines>Preces se elevam, sem cessar,<br/>tal qual incenso sobre o altar.</lines>
    </verse>
    <verse name="v3">
      <lines break="optional">Povos e raças em todo lugar<br/>dão glória a Cristo em seu cantar.</lines>
      <lines>Simples crianças, com louvor,<br/>falam do seu eterno amor.</lines>
    </verse>
    <verse name="v4">
      <lines break="optional">Honras rendamos ao bom Redentor,<br/>Rei poderoso e benfeitor.</lines>
      <lines>Anjos o exaltam lá no além,<br/>brada a terra um forte amém.</lines>
    </verse>
  </lyrics>
</song>
