<?xml version='1.0' encoding='UTF-8'?>
<song xmlns="http://openlyrics.info/namespace/2009/song" version="0.8" createdIn="OpenLP 2.0.1" modifiedIn="OpenLP 2.0.1" modifiedDate="2013-11-14T22:03:21">
  <properties>
    <titles>
      <title>HCC 031 Deus É Amor</title>
      <title>1 João 4:7-12, 16-21</title>
    </titles>
    <copyright>1 João 4:7-12, 16-21</copyright>
    <verseOrder>v1 v2 v3 v4 v5 v6 v7 v8</verseOrder>
    <authors>
      <author>Leitura bíblica</author>
    </authors>
    <songbooks>
      <songbook name="Hinário Para o Culto Cristão" entry="031"/>
    </songbooks>
  </properties>
  <lyrics>
    <verse name="v1">
      <lines>Amados, amemo-nos uns aos outros, porque o amor é de Deus;<br/>e todo o que ama é nascido de Deus e conhece a Deus. <br/>Aquele que não ama não conhece a Deus; porque Deus é amor.</lines>
    </verse>
    <verse name="v2">
      <lines>Nisto se manifestou o amor de Deus para conosco:<br/>em que Deus enviou seu Filho unigênito ao mundo, para que por meio dele vivamos.<br/>Nisto está o amor: não em que nós tenhamos amado a Deus,<br/>mas em que ele nos amou a nós, e enviou seu Filho como propiciação pelos nossos pecados.</lines>
    </verse>
    <verse name="v3">
      <lines>Amados, se Deus assim nos amou, nós também devemos amar-nos uns aos outros. <br/>Ninguém jamais viu a Deus; se nos amamos uns aos outros,<br/>Deus permanece em nós, e o seu amor é em nós aperfeiçoado.</lines>
    </verse>
    <verse name="v4">
      <lines>E nós conhecemos, e cremos no amor que Deus nos tem. Deus é amor;<br/>e quem permanece em amor, permanece em Deus, e Deus nele.<br/>Nisto é aperfeiçoado em nós o amor, para que no dia do juízo tenhamos confiança;<br/>porque, qual ele é, somos também nós neste mundo.</lines>
    </verse>
    <verse name="v5">
      <lines>No amor não há medo; antes o perfeito amor lança fora o medo;<br/>porque o medo envolve castigo; e quem tem medo não está aperfeiçoado no amor.</lines>
    </verse>
    <verse name="v6">
      <lines>Nós amamos, porque ele nos amou primeiro.</lines>
    </verse>
    <verse name="v7">
      <lines>Se alguém diz: Eu amo a Deus, e odeia a seu irmão, é mentiroso.<br/>Pois quem não ama a seu irmão, ao qual viu, não pode amar a Deus, a quem não viu.</lines>
    </verse>
    <verse name="v8">
      <lines>E dele temos este mandamento, que quem ama a Deus ame também a seu irmão.</lines>
    </verse>
  </lyrics>
</song>
