<?xml version='1.0' encoding='UTF-8'?>
<song xmlns="http://openlyrics.info/namespace/2009/song" version="0.8" createdIn="OpenLP 2.0.1" modifiedIn="OpenLP 2.0.1" modifiedDate="2013-11-14T22:03:27">
  <properties>
    <titles>
      <title>HCC 058 Exaltemos o Nome do Senhor</title>
      <title>Salmos 96:2, 3; 72:19; 34:3; 29:2</title>
    </titles>
    <copyright>Salmos 96:2, 3; 72:19; 34:3; 29:2</copyright>
    <verseOrder>v1 v2 v3 v4 v5</verseOrder>
    <authors>
      <author>Leitura bíblica</author>
    </authors>
    <songbooks>
      <songbook name="Hinário Para o Culto Cristão" entry="058"/>
    </songbooks>
  </properties>
  <lyrics>
    <verse name="v1">
      <lines>Cantai ao Senhor, bendizei o seu nome; anunciai de dia em dia a sua salvação.</lines>
    </verse>
    <verse name="v2">
      <lines>Anunciai entre as nações a sua glória, entre todos os povos as suas maravilhas.</lines>
    </verse>
    <verse name="v3">
      <lines>Bendito seja para sempre o seu nome glorioso, e encha-se da sua glória toda a terra.</lines>
    </verse>
    <verse name="v4">
      <lines>Engrandecei ao Senhor comigo, e juntos exaltemos o seu nome.</lines>
    </verse>
    <verse name="v5">
      <lines>Tributai ao Senhor a glória devida ao seu nome; adorai o Senhor vestidos de trajes santos.</lines>
    </verse>
  </lyrics>
</song>
