<?xml version='1.0' encoding='UTF-8'?>
<song xmlns="http://openlyrics.info/namespace/2009/song" version="0.8" createdIn="OpenLP 2.0.1" modifiedIn="OpenLP 2.0.1" modifiedDate="2013-11-14T22:04:48">
  <properties>
    <titles>
      <title>HCC 472 Tua Vontade Faze, ó Senhor</title>
      <title>Theodora</title>
    </titles>
    <verseOrder>v1 v2 v3 v4</verseOrder>
    <authors>
      <author>Adelaide Pollard</author>
      <author>Alfred Legge</author>
    </authors>
    <songbooks>
      <songbook name="Hinário Para o Culto Cristão" entry="472"/>
    </songbooks>
  </properties>
  <lyrics>
    <verse name="v1">
      <lines break="optional">Tua vontade faze, ó Senhor!<br/>Sou criatura, és Criador.</lines>
      <lines>Molda e refaze todo o meu ser,<br/>segundo as normas do teu querer!</lines>
    </verse>
    <verse name="v2">
      <lines break="optional">Tua vontade faze, ó meu Deus!<br/>Sonda e corrige os passos meus!</lines>
      <lines>Torna-me santo como tu és;<br/>ouve-me a prece, eis-me a teus pés!</lines>
    </verse>
    <verse name="v3">
      <lines break="optional">Tua vontade faze, ó meu Pai!<br/>Por ela o crente vive e não cai.</lines>
      <lines>Guia-me a vida com tua luz;<br/>poder e graça dá-me em Jesus!</lines>
    </verse>
    <verse name="v4">
      <lines break="optional">Tua vontade, boa e sem par,<br/>quero na vida realizar.</lines>
      <lines>Vive, triunfa, domina, enfim!<br/>Reina, supremo, meu Deus, em mim! Amém.</lines>
    </verse>
  </lyrics>
</song>
