<?xml version='1.0' encoding='UTF-8'?>
<song xmlns="http://openlyrics.info/namespace/2009/song" version="0.8" createdIn="OpenLP 2.0.1" modifiedIn="OpenLP 2.0.1" modifiedDate="2013-11-14T22:03:35">
  <properties>
    <titles>
      <title>HCC 102 Quem É o Menino?</title>
      <title>Greensleeves</title>
    </titles>
    <verseOrder>v1 v2 v3</verseOrder>
    <authors>
      <author>Melodia inglesa</author>
      <author>William Dix</author>
    </authors>
    <songbooks>
      <songbook name="Hinário Para o Culto Cristão" entry="102"/>
    </songbooks>
  </properties>
  <lyrics>
    <verse name="v1">
      <lines break="optional">Quem é o menino que está nos braços<br/>da mãe, tranquilo, dormindo?<br/>E os anjos, nos celestiais espaços,<br/>a quem enaltecem com hinos?</lines>
      <lines>É Cristo Jesus, o Rei<br/>que anuncia a paz a quem Deus quer bem.<br/>Da virgem Maria é filho,<br/>Jesus, que nasceu em Belém.</lines>
    </verse>
    <verse name="v2">
      <lines break="optional">Assim desceu até nós, tão pobre,<br/>o Rei do céu e da terra.<br/>Amou o humilde e também o nobre:<br/>que fique pasmado o universo!</lines>
      <lines>É Cristo Jesus, o Rei,<br/>que será cravado por nós na cruz.<br/>Nasceu como um ser humano.<br/>Hosana ao menino Jesus.</lines>
    </verse>
    <verse name="v3">
      <lines break="optional">Trazei-lhe mirra, incenso e ouro;<br/>trazei-lhe a alma devota.<br/>Do coração o real tesouro,<br/>prostrados, trazei ao Menino.</lines>
      <lines>É este Jesus, o Rei,<br/>que Maria embala nos braços seus.<br/>Louvores cantai a ele.<br/>Hosana ao Filho de Deus.</lines>
    </verse>
  </lyrics>
</song>
