<?xml version='1.0' encoding='UTF-8'?>
<song xmlns="http://openlyrics.info/namespace/2009/song" version="0.8" createdIn="OpenLP 2.0.1" modifiedIn="OpenLP 2.0.1" modifiedDate="2013-11-14T22:03:40">
  <properties>
    <titles>
      <title>HCC 130 Oh, Fronte Ensanguentada</title>
      <title>Passion Chorale</title>
    </titles>
    <verseOrder>v1 v2 v3 v4</verseOrder>
    <authors>
      <author>Paul Gerhardt</author>
      <author>Hans Hassler</author>
    </authors>
    <songbooks>
      <songbook name="Hinário Para o Culto Cristão" entry="130"/>
    </songbooks>
  </properties>
  <lyrics>
    <verse name="v1">
      <lines break="optional">Oh, fronte ensanguentada,<br/>em tanto opróbrio e dor,<br/>de espinhos coroada<br/>com ódio e com furor!</lines>
      <lines>Tão gloriosa outrora,<br/>tão bela e tão viril!<br/>Tão abatida agora<br/>de afronta e escárnio vil!</lines>
    </verse>
    <verse name="v2">
      <lines break="optional">Quão humilhada pende<br/>a face do Senhor!<br/>Não vive, não resplende,<br/>já não tem luz nem cor.</lines>
      <lines>Oh, crime inominável<br/>fazer anuviar<br/>o brilho inigualável<br/>de um tão piedoso olhar!</lines>
    </verse>
    <verse name="v3">
      <lines break="optional">Estás tão carregado,<br/>mas todo o fardo é meu.<br/>Eu só, me fiz culpado,<br/>e o sofrimento é teu.</lines>
      <lines>Eu venho a ti, tremente;<br/>mereço a punição,<br/>mas olhas-me, clemente,<br/>com santa compaixão.</lines>
    </verse>
    <verse name="v4">
      <lines break="optional">Sê meu refúgio forte,<br/>meu guia, vida e luz.<br/>Que eu sinta, vendo a morte,<br/>conforto em tua cruz!</lines>
      <lines>Na cruz com fé me abrigo:<br/>ao ver que ao lado estás,<br/>eu me unirei contigo<br/>e vou dormir em paz.</lines>
    </verse>
  </lyrics>
</song>
