<?xml version='1.0' encoding='UTF-8'?>
<song xmlns="http://openlyrics.info/namespace/2009/song" version="0.8" createdIn="OpenLP 2.0.1" modifiedIn="OpenLP 2.0.1" modifiedDate="2013-11-14T22:03:18">
  <properties>
    <titles>
      <title>HCC 016 Bendize, ó Minha Alma</title>
      <title>Salmos 103:1, 6, 2, 3, 4, 5, 20, 19, 21, 17, 18, 22</title>
    </titles>
    <copyright>Salmos 103:1, 6, 2, 3, 4, 5, 20, 19, 21, 17, 18, 22</copyright>
    <verseOrder>v1 v2 v3 v4 v5 v6 v7 v8 v9</verseOrder>
    <authors>
      <author>Leitura bíblica</author>
    </authors>
    <songbooks>
      <songbook name="Hinário Para o Culto Cristão" entry="016"/>
    </songbooks>
  </properties>
  <format>
    <tags application="OpenLP">
      <tag name="y">
        <open>&lt;span style="-webkit-text-fill-color:yellow"&gt;</open>
        <close>&lt;/span&gt;</close>
      </tag>
    </tags>
  </format>
  <lyrics>
    <verse name="v1">
      <lines><tag name="y">Congregação:</tag><br/><br/>Bendize, ó minha alma, ao Senhor, e tudo o que há em mim bendiga o seu santo nome.</lines>
    </verse>
    <verse name="v2">
      <lines><tag name="y">Dirigente:</tag><br/><br/>O Senhor executa atos de justiça, e juízo a favor de todos os oprimidos.</lines>
    </verse>
    <verse name="v3">
      <lines><tag name="y">Congregação: </tag><br/><br/>Bendize, ó minha alma, ao Senhor, e não te esqueças de nenhum dos seus benefícios.</lines>
    </verse>
    <verse name="v4">
      <lines><tag name="y">Dirigente: </tag><br/><br/>É ele quem perdoa todas as tuas iniquidades (...) quem te coroa de benignidade e de misericórdia, quem te supre de todo o bem.</lines>
    </verse>
    <verse name="v5">
      <lines><tag name="y">Congregação:</tag><br/><br/>Bendizei ao Senhor, vós anjos seus, poderosos em força, que cumpris as suas ordens, obedecendo à voz da sua palavra!</lines>
    </verse>
    <verse name="v6">
      <lines><tag name="y">Dirigente:</tag><br/><br/>O Senhor estabeleceu o seu trono nos céus, e o seu reino domina sobre tudo.</lines>
    </verse>
    <verse name="v7">
      <lines><tag name="y">Congregação:</tag><br/><br/>Bendizei ao Senhor, vós todos os seus exércitos, vós ministros seus, que executais a sua vontade!</lines>
    </verse>
    <verse name="v8">
      <lines><tag name="y">Dirigente: </tag><br/><br/>É de eternidade a eternidade a benignidade do Senhor sobre aqueles que o temem, e a sua justiça sobre os filhos dos filhos, sobre aqueles que guardam<br/>o seu pacto, e sobre os que se lembram dos seus preceitos para os cumprirem.</lines>
    </verse>
    <verse name="v9">
      <lines><tag name="y">Todos:</tag><br/><br/>Bendizei ao Senhor, vós todas as suas obras.<br/>Bendize, ó minha alma ao Senhor!</lines>
    </verse>
  </lyrics>
</song>
