<?xml version='1.0' encoding='UTF-8'?>
<song xmlns="http://openlyrics.info/namespace/2009/song" version="0.8" createdIn="OpenLP 2.0.1" modifiedIn="OpenLP 2.0.1" modifiedDate="2013-11-14T22:03:49">
  <properties>
    <titles>
      <title>HCC 179 Jesus É o Nome do Cristo de Deus</title>
      <title>Holden</title>
    </titles>
    <verseOrder>v1 v2</verseOrder>
    <authors>
      <author>David Hodges</author>
      <author>Richard Holden</author>
    </authors>
    <songbooks>
      <songbook name="Hinário Para o Culto Cristão" entry="179"/>
    </songbooks>
  </properties>
  <lyrics>
    <verse name="v1">
      <lines break="optional">Jesus é o nome do Cristo de Deus,<br/>por Deus posto acima de todos os céus.</lines>
      <lines>Jesus é o nosso divino Senhor<br/>e o nosso bondoso e fiel Redentor.</lines>
    </verse>
    <verse name="v2">
      <lines break="optional">Jesus, que na terra sofreste desdém,<br/>agora és louvado com honras no além.</lines>
      <lines>Jesus, te saudamos, real Salvador;<br/>Jesus, te aclamamos do mundo o Senhor.</lines>
    </verse>
  </lyrics>
</song>
