<?xml version='1.0' encoding='UTF-8'?>
<song xmlns="http://openlyrics.info/namespace/2009/song" version="0.8" createdIn="OpenLP 2.0.1" modifiedIn="OpenLP 2.0.1" modifiedDate="2013-11-14T22:03:49">
  <properties>
    <titles>
      <title>HCC 176 Bendito Seja Seu Nome Glorioso</title>
      <title>Atos 4:10-13; Jeremias 10:6; Romanos 10:11-13; Provérbios 18:10; Felipenses 2:9-11; Salmos 72:19</title>
    </titles>
    <copyright>At 4:10-13; Jr 10:6; Rm 10:11-13; Pv 18:10; Fp 2:9-11; Sl 72:19</copyright>
    <verseOrder>v1 v2 v3 v4 v5 v6</verseOrder>
    <authors>
      <author>Leitura bíblica</author>
    </authors>
    <songbooks>
      <songbook name="Hinário Para o Culto Cristão" entry="176"/>
    </songbooks>
  </properties>
  <lyrics>
    <verse name="v1">
      <lines break="optional">[Cristo] é a pedra  que foi rejeitada por vós, os edificadores, a qual foi posta como pedra angular. </lines>
      <lines>E em nenhum outro há salvação; porque debaixo do céu nenhum outro nome há, dado entre os homens, em que devamos ser salvos.</lines>
    </verse>
    <verse name="v2">
      <lines>Ninguém há semelhante a ti, ó Senhor; tu és grande, e grande é o teu nome em poder.</lines>
    </verse>
    <verse name="v3">
      <lines break="optional">Ninguém que nele crê será confundido.</lines>
      <lines break="optional">Porquanto não há distinção entre judeu e grego; porque o mesmo Senhor o é de todos, rico para com todos os que o invocam. </lines>
      <lines>Porque: Todo aquele que invocar o nome do Senhor será salvo.</lines>
    </verse>
    <verse name="v4">
      <lines>Torre forte é o nome do Senhor; para ela corre o justo, e está seguro.</lines>
    </verse>
    <verse name="v5">
      <lines break="optional">Pelo que também Deus o exaltou soberanamente, e lhe deu o nome que é sobre todo nome;</lines>
      <lines>para que ao nome de Jesus se dobre todo joelho dos que estão nos céus, e na terra, e debaixo da terra, e toda língua confesse que Jesus Cristo é Senhor, para a glória de Deus Pai.</lines>
    </verse>
    <verse name="v6">
      <lines>Bendito seja para sempre o seu nome glorioso e encha-se da sua glória toda a terra.</lines>
    </verse>
  </lyrics>
</song>
