<?xml version='1.0' encoding='UTF-8'?>
<song xmlns="http://openlyrics.info/namespace/2009/song" version="0.8" createdIn="OpenLP 2.0.1" modifiedIn="OpenLP 2.0.1" modifiedDate="2013-11-14T22:04:00">
  <properties>
    <titles>
      <title>HCC 239 Santo És Tu, Senhor</title>
      <title>Heilig, Heilig, Heilig</title>
    </titles>
    <verseOrder>v1</verseOrder>
    <authors>
      <author>Franz Schubert</author>
      <author>Comissão HCC</author>
    </authors>
    <songbooks>
      <songbook name="Hinário Para o Culto Cristão" entry="239"/>
    </songbooks>
  </properties>
  <lyrics>
    <verse name="v1">
      <lines break="optional">Santo, santo, santo,<br/>santo és tu, Senhor.<br/>Santo, santo, santo,<br/>santo és tu, Senhor.</lines>
      <lines>Terra e céus criaste<br/>para o teu louvor.<br/>Santo, santo, santo,<br/>santo és tu, Senhor.</lines>
    </verse>
  </lyrics>
</song>
