<?xml version='1.0' encoding='UTF-8'?>
<song xmlns="http://openlyrics.info/namespace/2009/song" version="0.8" createdIn="OpenLP 2.0.1" modifiedIn="OpenLP 2.0.1" modifiedDate="2013-11-14T22:04:22">
  <properties>
    <titles>
      <title>HCC 352 Cristo Te Estende Sua Forte Mão</title>
      <title>Reach Out To Jesus</title>
    </titles>
    <verseOrder>v1 c1 v2 c1</verseOrder>
    <authors>
      <author>Ralph Carmichael</author>
    </authors>
    <songbooks>
      <songbook name="Hinário Para o Culto Cristão" entry="352"/>
    </songbooks>
  </properties>
  <lyrics>
    <verse name="v1">
      <lines break="optional">Tens na tua vida mil problemas a enfrentar?<br/>Tens desconfiança, já perdeste a esperança,</lines>
      <lines>sem nenhum amigo que te ajude a caminhar?<br/>Cristo te estende sua forte mão.</lines>
    </verse>
    <verse name="c1">
      <lines break="optional">Sempre perto está, sempre te ouvirá Cristo, o Senhor<br/>não te deixará, nunca falhará seu grande amor.</lines>
      <lines>Lembra que nas horas de tristeza e aflição<br/>Cristo te estende sua forte mão.</lines>
    </verse>
    <verse name="v2">
      <lines break="optional">Tens só desespero, amarguras e temor?<br/>Andas inseguro, temeroso do futuro?</lines>
      <lines>Sentes o cansaço de lutar em meio à dor?<br/>Cristo te estende sua forte mão.</lines>
    </verse>
  </lyrics>
</song>
