<?xml version='1.0' encoding='UTF-8'?>
<song xmlns="http://openlyrics.info/namespace/2009/song" version="0.8" createdIn="OpenLP 2.0.1" modifiedIn="OpenLP 2.0.1" modifiedDate="2013-11-14T22:03:46">
  <properties>
    <titles>
      <title>HCC 162 Cristo, Amigo das Crianças</title>
      <title>Faircloth</title>
    </titles>
    <verseOrder>v1 v2</verseOrder>
    <authors>
      <author>Walter Mathams</author>
      <author>Alta Faircloth</author>
    </authors>
    <songbooks>
      <songbook name="Hinário Para o Culto Cristão" entry="162"/>
    </songbooks>
  </properties>
  <lyrics>
    <verse name="v1">
      <lines>Cristo, amigo das crianças,<br/>tudo és para mim.<br/>Sê a luz no meu caminho até o fim.<br/>Em bondade, cada dia,<br/>faze-me crescer;<br/>foste uma criança e podes me entender.</lines>
    </verse>
    <verse name="v2">
      <lines>Pela mão me leva sempre<br/>junto ao lado teu,<br/>pois de ti preciso, ó Cristo, amigo meu.<br/>Cristo, amigo das crianças,<br/>tudo és para mim;<br/>sê a luz do meu caminho até o fim.</lines>
    </verse>
  </lyrics>
</song>
