<?xml version='1.0' encoding='UTF-8'?>
<song xmlns="http://openlyrics.info/namespace/2009/song" version="0.8" createdIn="OpenLP 2.0.1" modifiedIn="OpenLP 2.0.1" modifiedDate="2013-11-14T22:04:48">
  <properties>
    <titles>
      <title>HCC 469 Sempre Seguirei a Cristo</title>
      <title>Follow On</title>
    </titles>
    <verseOrder>v1 c1 v2 c1 v3 c1</verseOrder>
    <authors>
      <author>Robert Lowry</author>
      <author>William Cushing</author>
    </authors>
    <songbooks>
      <songbook name="Hinário Para o Culto Cristão" entry="469"/>
    </songbooks>
  </properties>
  <lyrics>
    <verse name="v1">
      <lines break="optional">Ao vale calmo irei tranquilo com Jesus,<br/>onde as flores brotam, a levar minha cruz.</lines>
      <lines>Por qualquer lugar eu seguirei meu Salvador,<br/>protegido pelo seu eterno amor.</lines>
    </verse>
    <verse name="c1">
      <lines break="optional">Sempre, sempre seguirei a Cristo,<br/>seja por onde for, eu o seguirei.</lines>
      <lines>Sempre, sempre seguirei a Cristo;<br/>seja, pois, por onde for, o seguirei.</lines>
    </verse>
    <verse name="v2">
      <lines break="optional">Ao vale escuro irei tranquilo com Jesus,<br/>onde as tempestades sempre encobrem a luz.</lines>
      <lines>Minha mão na sua, eu prossigo sem temor;<br/>com Jesus ao lado eu ando com vigor.</lines>
    </verse>
    <verse name="v3">
      <lines break="optional">Por onde quer que for, Jesus, te seguirei;<br/>entoando alegres melodias irei.</lines>
      <lines>Teu caminho em segurança sempre vou trilhar,<br/>e, por fim, irei entrar no céu, meu lar.</lines>
    </verse>
  </lyrics>
</song>
