<?xml version='1.0' encoding='UTF-8'?>
<song xmlns="http://openlyrics.info/namespace/2009/song" version="0.8" createdIn="OpenLP 2.0.1" modifiedIn="OpenLP 2.0.1" modifiedDate="2013-11-14T22:04:24">
  <properties>
    <titles>
      <title>HCC 365 Desejo Buscar a Presença do Senhor</title>
      <title>Salmos 27:8; Deuteronômio 4:29; Salmos 51:11, 10</title>
    </titles>
    <copyright>Salmos 27:8; Deuteronômio 4:29; Salmos 51:11, 10</copyright>
    <verseOrder>v1</verseOrder>
    <authors>
      <author>Leitura bíblica</author>
    </authors>
    <songbooks>
      <songbook name="Hinário Para o Culto Cristão" entry="365"/>
    </songbooks>
  </properties>
  <lyrics>
    <verse name="v1">
      <lines>Quando disseste: Buscai o meu rosto; o meu coração te disse a ti: O teu rosto, Senhor, buscarei.<br/>Mas (...) buscarás ao Senhor teu Deus, e o acharás, quando o buscares de todo o teu coração e de toda a tua alma.<br/>Não me lances fora da tua presença (...) Cria em mim, ó Deus, um coração puro, e renova em mim um espírito estável.</lines>
    </verse>
  </lyrics>
</song>
