<?xml version='1.0' encoding='UTF-8'?>
<song xmlns="http://openlyrics.info/namespace/2009/song" version="0.8" createdIn="OpenLP 2.0.1" modifiedIn="OpenLP 2.0.1" modifiedDate="2013-11-14T22:04:26">
  <properties>
    <titles>
      <title>HCC 374 Ao Orarmos, Senhor</title>
      <title>Transformação</title>
    </titles>
    <verseOrder>v1</verseOrder>
    <authors>
      <author>Ralph Carmichael</author>
    </authors>
    <songbooks>
      <songbook name="Hinário Para o Culto Cristão" entry="374"/>
    </songbooks>
  </properties>
  <lyrics>
    <verse name="v1">
      <lines break="optional">Ao orarmos, Senhor,<br/>vem encher-nos com teu amor<br/>pra esquecermos do mundo as pressões<br/>e aquecermos os nossos corações.</lines>
      <lines>Nossas vidas vem, pois, transformar<br/>e vigor para alma nos dar.<br/>Que outros venham de todo lugar<br/>tua graça conosco suplicar!</lines>
    </verse>
  </lyrics>
</song>
