<?xml version='1.0' encoding='UTF-8'?>
<song xmlns="http://openlyrics.info/namespace/2009/song" version="0.8" createdIn="OpenLP 2.0.1" modifiedIn="OpenLP 2.0.1" modifiedDate="2013-11-14T22:03:42">
  <properties>
    <titles>
      <title>HCC 142 Findou-se a Luta de Jesus!</title>
      <title>Finita Jam Sunt Praelia</title>
    </titles>
    <verseOrder>v1 c1 v2 c1 v3 c1</verseOrder>
    <authors>
      <author>James Minchin</author>
    </authors>
    <songbooks>
      <songbook name="Hinário Para o Culto Cristão" entry="142"/>
    </songbooks>
  </properties>
  <lyrics>
    <verse name="v1">
      <lines>Findou-se a luta de Jesus.<br/>O Salvador venceu na cruz,<br/>e neste mundo raia a luz,<br/>e neste mundo raia a luz.</lines>
    </verse>
    <verse name="c1">
      <lines>Aleluia, aleluia,<br/>Aleluia, aleluia,<br/>Aleluia, aleluia,<br/>Aleluia, glória a Deus.</lines>
    </verse>
    <verse name="v2">
      <lines>Vencida a morte e seu horror,<br/>subiu à glória o Redentor.<br/>Cantai louvores ao Senhor.<br/>Cantai louvores ao Senhor.</lines>
    </verse>
    <verse name="v3">
      <lines>Com majestade sem igual,<br/>firmou o reino divinal.<br/>Cantai um hino triunfal.<br/>Cantai um hino triunfal.</lines>
    </verse>
  </lyrics>
</song>
