<?xml version='1.0' encoding='UTF-8'?>
<song xmlns="http://openlyrics.info/namespace/2009/song" version="0.8" createdIn="OpenLP 2.0.1" modifiedIn="OpenLP 2.0.1" modifiedDate="2013-11-14T22:04:39">
  <properties>
    <titles>
      <title>HCC 431 Eu Resolvi Seguir-Te</title>
      <title>Lancashire</title>
    </titles>
    <verseOrder>v1 v2 v3</verseOrder>
    <authors>
      <author>Henry Smart</author>
      <author>John Bode</author>
    </authors>
    <songbooks>
      <songbook name="Hinário Para o Culto Cristão" entry="431"/>
    </songbooks>
  </properties>
  <lyrics>
    <verse name="v1">
      <lines break="optional">Eu resolvi seguir-te,<br/>Jesus, até o fim,<br/>pois tu, Senhor, prometes<br/>guiar-me sempre a mim.</lines>
      <lines>Conheço que sou fraco<br/>e o bem não sei fazer,<br/>mas pela tua graça<br/>eu sempre irei vencer.</lines>
    </verse>
    <verse name="v2">
      <lines break="optional">O mundo já venceste<br/>e as suas obras más;<br/>e sobre tudo reinas,<br/>ó Príncipe da Paz.</lines>
      <lines>No céu e aqui na terra<br/>impera o teu poder,<br/>e pela tua graça<br/>eu sempre irei vencer.</lines>
    </verse>
    <verse name="v3">
      <lines break="optional">A todos que te seguem<br/>e tomam a tua cruz,<br/>prometes que contigo<br/>irão morar, Jesus;</lines>
      <lines>descansarão na glória<br/>contigo, ó vencedor,<br/>pois pela tua graça<br/>venceram sem temor.</lines>
    </verse>
  </lyrics>
</song>
