<?xml version='1.0' encoding='UTF-8'?>
<song xmlns="http://openlyrics.info/namespace/2009/song" version="0.8" createdIn="OpenLP 2.0.1" modifiedIn="OpenLP 2.0.1" modifiedDate="2013-11-14T22:03:29">
  <properties>
    <titles>
      <title>HCC 066 Cantarei ao Meu Salvador</title>
      <title>Alma Liberta</title>
    </titles>
    <verseOrder>v1 c1 v2 c1 v3 c1</verseOrder>
    <authors>
      <author>Alfred Ackley</author>
      <author>Oswald Smith</author>
    </authors>
    <songbooks>
      <songbook name="Hinário Para o Culto Cristão" entry="066"/>
    </songbooks>
  </properties>
  <lyrics>
    <verse name="v1">
      <lines break="optional">Mais do que tesouros<br/>é Cristo, meu bom Mestre;<br/>ele é a luz do mundo,<br/>a estrela da manhã.</lines>
      <lines>Ele é o Rei da glória,<br/>e no meu coração<br/>contente vou cantando<br/>com muita gratidão.</lines>
    </verse>
    <verse name="c1">
      <lines break="optional">Cantarei ao meu Salvador<br/>esta linda melodia,<br/>pois eu tenho em meu coração<br/>plena paz e alegria.</lines>
      <lines>Cantarei ao meu Salvador,<br/>cantarei, sim, noite e dia.<br/>Aleluia!<br/>Aleluia!<br/>Feliz sempre cantarei.</lines>
    </verse>
    <verse name="v2">
      <lines break="optional">Cristo libertou-me<br/>da pena do pecado,<br/>e agora alegre eu canto,<br/>pois para o céu irei.</lines>
      <lines>Ele me dá forças,<br/>ele é meu protetor;<br/>dou sempre glória a ele,<br/>meu Mestre e meu Senhor.</lines>
    </verse>
    <verse name="v3">
      <lines break="optional">Anjos não conhecem<br/>a linda melodia,<br/>pois só mortais a entoam,<br/>os salvos por Jesus.</lines>
      <lines>Livre, perdoado<br/>por Cristo e seu amor,<br/>vitorioso eu vivo<br/>cantando em seu louvor.</lines>
    </verse>
  </lyrics>
</song>
