<?xml version='1.0' encoding='UTF-8'?>
<song xmlns="http://openlyrics.info/namespace/2009/song" version="0.8" createdIn="OpenLP 2.0.1" modifiedIn="OpenLP 2.0.1" modifiedDate="2013-11-14T22:04:50">
  <properties>
    <titles>
      <title>HCC 480 Seguir a Cristo Não É Sacrifício</title>
      <title>Follow</title>
    </titles>
    <verseOrder>v1 c1 v2 c1 v3 c1</verseOrder>
    <authors>
      <author>Joan Sutton</author>
    </authors>
    <songbooks>
      <songbook name="Hinário Para o Culto Cristão" entry="480"/>
    </songbooks>
  </properties>
  <lyrics>
    <verse name="v1">
      <lines break="optional">Seguir a Cristo não é sacrifício,<br/>mas é servi-lo em todo o teu viver.</lines>
      <lines>Seguir a Cristo não é sacrifício,<br/>é caminhar à luz do seu querer.</lines>
    </verse>
    <verse name="c1">
      <lines break="optional">Não nos promete honras nem riquezas,<br/>mas ele diz: "Convosco eu estarei."</lines>
      <lines>Seguir a Cristo não é sacrifício,<br/>é triunfar com Deus, é ser feliz.</lines>
    </verse>
    <verse name="v2">
      <lines break="optional">Seguir a Cristo não é sacrifício,<br/>pois alegria traz ao coração.</lines>
      <lines>Seguir a Cristo não é sacrifício,<br/>é fruir bênçãos e satisfação.</lines>
    </verse>
    <verse name="v3">
      <lines break="optional">Negar a Cristo, sim, é sacrifício.<br/>É existir sem seu perdão e amor.</lines>
      <lines>Se queres ser feliz, ter paz perfeita,<br/>entrega a tua vida ao Salvador.</lines>
    </verse>
  </lyrics>
</song>
