<?xml version='1.0' encoding='UTF-8'?>
<song xmlns="http://openlyrics.info/namespace/2009/song" version="0.8" createdIn="OpenLP 2.0.1" modifiedIn="OpenLP 2.0.1" modifiedDate="2013-11-14T22:04:02">
  <properties>
    <titles>
      <title>HCC 249 O Novo Nascimento</title>
      <title>João 3:1-7</title>
    </titles>
    <copyright>João 3:1-7</copyright>
    <verseOrder>v1</verseOrder>
    <authors>
      <author>Leitura bíblica</author>
    </authors>
    <songbooks>
      <songbook name="Hinário Para o Culto Cristão" entry="249"/>
    </songbooks>
  </properties>
  <lyrics>
    <verse name="v1">
      <lines>Havia entre os fariseus um homem chamado Nicodemos, um dos principais dos judeus.<br/>Este foi ter com Jesus, de noite, e disse-lhe:<br/>Rabi, sabemos que és Mestre, vindo de Deus;<br/>pois ninguém pode fazer estes sinais que tu fazes, se Deus não estiver com ele.<br/>Respondeu-lhe Jesus:<br/>Em verdade, em verdade te digo que se alguém não nascer de novo, não pode ver o reino de Deus.<br/>Perguntou-lhe Nicodemos:<br/>Como pode um homem nascer, sendo velho?<br/>Porventura pode tornar a entrar no ventre de sua mãe, e nascer?<br/>Jesus respondeu:<br/>Em verdade, em verdade te digo que se alguém não nascer da água e do Espírito, não pode entrar no reino de Deus.<br/>O que é nascido da carne é carne, e o que é nascido do Espírito é espírito.<br/>Não te admires de eu te haver dito:<br/>Necessário vos é nascer de novo.</lines>
    </verse>
  </lyrics>
</song>
