<?xml version='1.0' encoding='UTF-8'?>
<song xmlns="http://openlyrics.info/namespace/2009/song" version="0.8" createdIn="OpenLP 2.0.1" modifiedIn="OpenLP 2.0.1" modifiedDate="2013-11-14T22:04:22">
  <properties>
    <titles>
      <title>HCC 355 Aflito? Por Que Aflito?</title>
      <title>Descanso</title>
    </titles>
    <verseOrder>v1 c1 v2 c1 v3 c1</verseOrder>
    <authors>
      <author>Marcílio Oliveira Filho</author>
      <author>Gióia Júnior</author>
    </authors>
    <songbooks>
      <songbook name="Hinário Para o Culto Cristão" entry="355"/>
    </songbooks>
  </properties>
  <lyrics>
    <verse name="v1">
      <lines break="optional">Aflito? Por que aflito?<br/>Cansado? Por que cansado?</lines>
      <lines>Ninguém escuta teu grito?<br/>Ninguém te tem escutado?</lines>
    </verse>
    <verse name="c1">
      <lines break="optional">Descansa em Deus o cuidado,<br/>põe nele tua esperança</lines>
      <lines>e vai dormir descansado,<br/>como dorme uma criança,<br/>como dorme uma criança.</lines>
    </verse>
    <verse name="v2">
      <lines break="optional">Sozinho? Por que sozinho?<br/>Oprimido? E abandonado?</lines>
      <lines>Ninguém te mostra carinho?<br/>Ninguém te tem amparado?</lines>
    </verse>
    <verse name="v3">
      <lines break="optional">Perdido? Por que perdido?<br/>Abatido e perturbado,</lines>
      <lines>mais cansado que oprimido,<br/>tão oprimido e cansado?</lines>
    </verse>
  </lyrics>
</song>
