<?xml version='1.0' encoding='UTF-8'?>
<song xmlns="http://openlyrics.info/namespace/2009/song" version="0.8" createdIn="OpenLP 2.0.1" modifiedIn="OpenLP 2.0.1" modifiedDate="2013-11-14T22:03:38">
  <properties>
    <titles>
      <title>HCC 117 Homem de Tristeza e Dor</title>
      <title>Hallelujah What A Saviour</title>
    </titles>
    <verseOrder>v1 v2 v3 v4 v5</verseOrder>
    <authors>
      <author>Philip Bliss</author>
    </authors>
    <songbooks>
      <songbook name="Hinário Para o Culto Cristão" entry="117"/>
    </songbooks>
  </properties>
  <lyrics>
    <verse name="v1">
      <lines>Homem de tristeza e dor<br/>foi Jesus, o sofredor,<br/>por amor ao pecador!<br/>Aleluia! Aleluia!</lines>
    </verse>
    <verse name="v2">
      <lines>Condenado como réu,<br/>e eram meus a cruz e o fel.<br/>O seu sangue abriu-me o céu.<br/>Aleluia! Aleluia!</lines>
    </verse>
    <verse name="v3">
      <lines>Nossa culpa, nosso mal<br/>perdoou, dom sem igual,<br/>ele, o Filho imortal.<br/>Aleluia! Aleluia!</lines>
    </verse>
    <verse name="v4">
      <lines>Sobre a cruz Jesus penou,<br/>"Consumado está" clamou:<br/>Deus, o Pai, o exaltou.<br/>Aleluia! Aleluia!</lines>
    </verse>
    <verse name="v5">
      <lines>Quando o nosso Rei voltar,<br/>seus remidos a buscar,<br/>viveremos a cantar:<br/>Aleluia! Aleluia!</lines>
    </verse>
  </lyrics>
</song>
