<?xml version='1.0' encoding='UTF-8'?>
<song xmlns="http://openlyrics.info/namespace/2009/song" version="0.8" createdIn="OpenLP 2.0.1" modifiedIn="OpenLP 2.0.1" modifiedDate="2013-11-14T22:03:57">
  <properties>
    <titles>
      <title>HCC 222 Deus Está Presente</title>
      <title>Arnsberg</title>
    </titles>
    <verseOrder>v1 v2 v3</verseOrder>
    <authors>
      <author>Gerhard Tersteegen</author>
      <author>Joachim Neander</author>
    </authors>
    <songbooks>
      <songbook name="Hinário Para o Culto Cristão" entry="222"/>
    </songbooks>
  </properties>
  <lyrics>
    <verse name="v1">
      <lines break="optional">Deus está presente.<br/>Vamos adorá-lo,<br/>reverentes, exaltá-lo.<br/>Deus está no templo;<br/>quietos, pois, fiquemos;</lines>
      <lines>diante dele nos prostremos.<br/>Ao Senhor,<br/>com temor,<br/>graças hoje damos,<br/>hinos entoamos.</lines>
    </verse>
    <verse name="v2">
      <lines break="optional">Deus está presente.<br/>Anjos lhe obedecem,<br/>sua glória reconhecem.<br/>"Santo, santo, santo",<br/>eis a melodia</lines>
      <lines>de anjos cheios de alegria.<br/>Ó Jesus,<br/>nossa luz,<br/>ouve a tua igreja<br/>que te honrar deseja.</lines>
    </verse>
    <verse name="v3">
      <lines break="optional">Faze que sejamos,<br/>Deus e Pai amado,<br/>povo teu, santificado.<br/>Adoremos todos<br/>com sinceridade</lines>
      <lines>tua glória e majestade.<br/>Com fervor,<br/>Salvador,<br/>hoje te imploramos,<br/>teu poder rogamos.</lines>
    </verse>
  </lyrics>
</song>
