<?xml version='1.0' encoding='UTF-8'?>
<song xmlns="http://openlyrics.info/namespace/2009/song" version="0.8" createdIn="OpenLP 2.0.1" modifiedIn="OpenLP 2.0.1" modifiedDate="2013-11-14T22:03:50">
  <properties>
    <titles>
      <title>HCC 183 Cada Momento</title>
      <title>Whittle</title>
    </titles>
    <verseOrder>v1 c1 v2 c1 v3 c1 v4 c1</verseOrder>
    <authors>
      <author>Daniel Whittle</author>
      <author>Mary Moody</author>
    </authors>
    <songbooks>
      <songbook name="Hinário Para o Culto Cristão" entry="183"/>
    </songbooks>
  </properties>
  <lyrics>
    <verse name="v1">
      <lines>Sendo remido por Cristo na cruz,<br/>vivo contente no reino da luz,<br/>cheio da graça que vem de Jesus.<br/>Cada momento o Senhor me conduz.</lines>
    </verse>
    <verse name="c1">
      <lines>Cada momento me guia o Senhor,<br/>cada momento dispensa favor.<br/>Sua presença me outorga vigor;<br/>cada momento sou teu, ó Senhor.</lines>
    </verse>
    <verse name="v2">
      <lines>Junto com Cristo na luta moral<br/>o erro combato, o pecado e o mal.<br/>Ergo bem alto a bandeira real,<br/>cada momento mais firme leal.</lines>
    </verse>
    <verse name="v3">
      <lines>Salvo por Cristo da vil perdição,<br/>posso sentir que ele dá salvação.<br/>Nunca os contritos o buscam em vão;<br/>cada momento concede perdão.</lines>
    </verse>
    <verse name="v4">
      <lines>Nas minhas lutas me pode amparar<br/>e do maligno também me livrar.<br/>Cada momento, por onde eu andar,<br/>Cristo, meu Mestre, me pode guardar.</lines>
    </verse>
  </lyrics>
</song>
