<?xml version='1.0' encoding='UTF-8'?>
<song xmlns="http://openlyrics.info/namespace/2009/song" version="0.8" createdIn="OpenLP 2.0.1" modifiedIn="OpenLP 2.0.1" modifiedDate="2013-11-14T22:08:22">
  <properties>
    <titles>
      <title>HCC 384 Nosso Pai Que Estás nos Céus</title>
      <title>Pai Nosso Sertanejo</title>
    </titles>
    <verseOrder>v1 v2 v3</verseOrder>
    <authors>
      <author>Nabor Nunes Filho</author>
    </authors>
    <songbooks>
      <songbook name="Hinário Para o Culto Cristão" entry="384"/>
    </songbooks>
  </properties>
  <lyrics>
    <verse name="v1">
      <lines break="optional">Nosso Pai que estás no céu,<br/>nome santo seja o teu.<br/>O teu reino venha e faça<br/>teu querer, e não o meu.<br/>Nosso pai, nós te imploramos</lines>
      <lines>que nos dês o nosso pão.<br/>Dá fartura pra cidade,<br/>manda chuva pro sertão.<br/>Dá fartura pra cidade,<br/>manda chuva pro sertão.</lines>
    </verse>
    <verse name="v2">
      <lines break="optional">Nosso Pai que estás no céu,<br/>nos ajuda a perdoar,<br/>pois assim é que tu podes<br/>nossa vida melhorar.<br/>Pois devemos perdoar</lines>
      <lines>ao criado e ao patrão.<br/>Nos ajuda, ao que tem fome,<br/>a estender a nossa mão.<br/>Nos ajuda, ao que tem fome,<br/>a estender a nossa mão.</lines>
    </verse>
    <verse name="v3">
      <lines break="optional">Nosso Pai que estás no céu,<br/>guarda-nos da tentação<br/>e nos livra da maldade,<br/>com a tua proteção.<br/>Pois é teu somente o reino,</lines>
      <lines>o poder é teu também,<br/>e a glória é toda tua,<br/>para sempre, sempre, amém.<br/>E a glória é toda tua,<br/>para sempre e sempre, amém.</lines>
    </verse>
  </lyrics>
</song>
