<?xml version='1.0' encoding='UTF-8'?>
<song xmlns="http://openlyrics.info/namespace/2009/song" version="0.8" createdIn="OpenLP 2.0.1" modifiedIn="OpenLP 2.0.1" modifiedDate="2013-11-14T22:04:10">
  <properties>
    <titles>
      <title>HCC 293 Foi na Cruz</title>
      <title>Hudson</title>
    </titles>
    <verseOrder>v1 c1 v2 c1 v3 c1 v4 c1</verseOrder>
    <authors>
      <author>Ralph Hudson</author>
      <author>Melodia anônima</author>
    </authors>
    <songbooks>
      <songbook name="Hinário Para o Culto Cristão" entry="293"/>
    </songbooks>
  </properties>
  <lyrics>
    <verse name="v1">
      <lines break="optional">Quando cego, eu andei<br/>bem perdido e vaguei<br/>sempre longe do meu Salvador,</lines>
      <lines>que da glória desceu<br/>e seu sangue verteu<br/>pra salvar-me por seu imenso amor.</lines>
    </verse>
    <verse name="c1">
      <lines break="optional">Foi na cruz, foi na cruz,<br/>onde um dia eu vi<br/>meu pecado castigado em Jesus.</lines>
      <lines>Foi ali, pela fé,<br/>que meu olhos abri,<br/>e eu agora me alegro em sua luz.</lines>
    </verse>
    <verse name="v2">
      <lines break="optional">Eu ouvia falar<br/>dessa graça sem par<br/>que do céu trouxe nosso Jesus.</lines>
      <lines>Mas eu surdo me fiz,<br/>converter-me não quis<br/>ao Senhor que por mim morreu na cruz.</lines>
    </verse>
    <verse name="v3">
      <lines break="optional">Mas um dia senti<br/>meus pecados e vi<br/>sobre mim o castigo da lei.</lines>
      <lines>Em Jesus me escondi,<br/>seu perdão recebi<br/>e refúgio seguro nele achei.</lines>
    </verse>
    <verse name="v4">
      <lines break="optional">Oh, que grande prazer<br/>inundou o meu ser,<br/>quando tudo a Jesus confiei!</lines>
      <lines>Vida eterna me deu<br/>e um lar lá no céu,<br/>onde sempre com Cristo habitarei.</lines>
    </verse>
  </lyrics>
</song>
