<?xml version='1.0' encoding='UTF-8'?>
<song xmlns="http://openlyrics.info/namespace/2009/song" version="0.8" createdIn="OpenLP 2.0.1" modifiedIn="OpenLP 2.0.1" modifiedDate="2013-11-14T22:04:43">
  <properties>
    <titles>
      <title>HCC 444 Conta as Bênçãos</title>
      <title>Blessings</title>
    </titles>
    <verseOrder>v1 c1 v2 c1 v3 c1 v4 c1</verseOrder>
    <authors>
      <author>Johnson Oatman Jr.</author>
      <author>Edwin Excell</author>
    </authors>
    <songbooks>
      <songbook name="Hinário Para o Culto Cristão" entry="444"/>
    </songbooks>
  </properties>
  <lyrics>
    <verse name="v1">
      <lines break="optional">Se da vida as ondas agitadas são;<br/>se, desanimado, julgas tudo vão,</lines>
      <lines>conta as muitas bênçãos, conta a cada vez,<br/>e hás de ver, surpreso, quanto Deus já fez.</lines>
    </verse>
    <verse name="c1">
      <lines break="optional">Conta as bênçãos, dize quantas são,<br/>recebidas da divina mão.</lines>
      <lines>Uma a uma, conta a cada vez;<br/>hás de ver, surpreso, quanto Deus já fez.</lines>
    </verse>
    <verse name="v2">
      <lines break="optional">Tens acaso mágoas, duro é teu lidar?<br/>É pesada a cruz que tens de suportar?</lines>
      <lines>Conta as muitas bênçãos, não duvidarás,<br/>e, cantando, alegre os dias passarás.</lines>
    </verse>
    <verse name="v3">
      <lines break="optional">Quando vires outros com riqueza e bens,<br/>lembra que tesouros prometidos tens.</lines>
      <lines>Nunca os bens da terra poderão comprar<br/>a mansão celeste em que tu vais morar.</lines>
    </verse>
    <verse name="v4">
      <lines break="optional">Seja teu conflito fraco ou forte aqui,<br/>não te desanimes, Deus será por ti.</lines>
      <lines>Seu divino auxílio, derrotando o mal,<br/>te dará consolo e paz celestial.</lines>
    </verse>
  </lyrics>
</song>
