<?xml version='1.0' encoding='UTF-8'?>
<song xmlns="http://openlyrics.info/namespace/2009/song" version="0.8" createdIn="OpenLP 2.0.1" modifiedIn="OpenLP 2.0.1" modifiedDate="2013-11-14T22:03:25">
  <properties>
    <titles>
      <title>HCC 049 A Terra É do Senhor</title>
      <title>Êxodo 15:11; Salmos 77:14; 24:1</title>
    </titles>
    <copyright>Êxodo 15:11; Salmos 77:14; 24:1</copyright>
    <verseOrder>v1 v2 v3</verseOrder>
    <authors>
      <author>Leitura bíblica</author>
    </authors>
    <songbooks>
      <songbook name="Hinário Para o Culto Cristão" entry="049"/>
    </songbooks>
  </properties>
  <format>
    <tags application="OpenLP">
      <tag name="y">
        <open>&lt;span style="-webkit-text-fill-color:yellow"&gt;</open>
        <close>&lt;/span&gt;</close>
      </tag>
    </tags>
  </format>
  <lyrics>
    <verse name="v1">
      <lines><tag name="y">Dirigente: </tag><br/><br/>Quem entre os deuses é como tu, ó Senhor? Quem é como tu poderoso em santidade, admirável em louvores?</lines>
    </verse>
    <verse name="v2">
      <lines><tag name="y">Congregação: </tag><br/><br/>Tu és o Deus que fazes maravilhas; tu tens feito notória a tua força entre os povos.</lines>
    </verse>
    <verse name="v3">
      <lines><tag name="y">Todos: </tag><br/><br/>Do Senhor é a terra e a sua plenitude; o mundo e aqueles que nele habitam.</lines>
    </verse>
  </lyrics>
</song>
