<?xml version='1.0' encoding='UTF-8'?>
<song xmlns="http://openlyrics.info/namespace/2009/song" version="0.8" createdIn="OpenLP 2.0.1" modifiedIn="OpenLP 2.0.1" modifiedDate="2013-11-14T22:04:00">
  <properties>
    <titles>
      <title>HCC 238 A Deus, o Pai e Benfeitor</title>
      <title>Old Hundredth</title>
    </titles>
    <verseOrder>v1</verseOrder>
    <authors>
      <author>Thomas Ken</author>
      <author>Louis Bourgeois</author>
    </authors>
    <songbooks>
      <songbook name="Hinário Para o Culto Cristão" entry="238"/>
    </songbooks>
  </properties>
  <lyrics>
    <verse name="v1">
      <lines>A Deus, o Pai e Benfeitor,<br/>vós, homens e anjos, dai louvor.<br/>A Deus, o Filho, exaltai.<br/>A Deus, o Espírito, glória dai.<br/>Amém.</lines>
    </verse>
  </lyrics>
</song>
