<?xml version='1.0' encoding='UTF-8'?>
<song xmlns="http://openlyrics.info/namespace/2009/song" version="0.8" createdIn="OpenLP 2.0.1" modifiedIn="OpenLP 2.0.1" modifiedDate="2013-11-14T22:04:01">
  <properties>
    <titles>
      <title>HCC 243 Ó Deus, Venho Te Agradecer</title>
      <title>Precenda</title>
    </titles>
    <verseOrder>v1</verseOrder>
    <authors>
      <author>Jilza Araújo</author>
    </authors>
    <songbooks>
      <songbook name="Hinário Para o Culto Cristão" entry="243"/>
    </songbooks>
  </properties>
  <lyrics>
    <verse name="v1">
      <lines break="optional">Ó Deus, venho te agradecer<br/>as bênçãos que vêm só de ti;<br/>de tudo o que tenho que eu possa trazer<br/>o melhor, sem medir;</lines>
      <lines>e assim ao irmão ajudar,<br/>também as missões sustentar<br/>e a minha igreja manter.<br/>Que o coração eu possa abrir,<br/>e a ti, ó Pai, engrandecer.</lines>
    </verse>
  </lyrics>
</song>
