<?xml version='1.0' encoding='UTF-8'?>
<song xmlns="http://openlyrics.info/namespace/2009/song" version="0.8" createdIn="OpenLP 2.0.1" modifiedIn="OpenLP 2.0.1" modifiedDate="2013-11-14T22:03:46">
  <properties>
    <titles>
      <title>HCC 160 Um Bom Amigo e Fiel Achei</title>
      <title>Rapture</title>
    </titles>
    <verseOrder>v1 c1 v2 c1 v3 c1 v4 c1</verseOrder>
    <authors>
      <author>David Hodges</author>
      <author>Jack Scholfield</author>
    </authors>
    <songbooks>
      <songbook name="Hinário Para o Culto Cristão" entry="160"/>
    </songbooks>
  </properties>
  <lyrics>
    <verse name="v1">
      <lines>Um bom amigo e fiel achei<br/>Jesus, meu Salvador.<br/>Aquilo que ele já fez por mim<br/>eu conto a todos com fervor.</lines>
    </verse>
    <verse name="c1">
      <lines>Graça real, sem fim,<br/>mostra o Senhor por mim.<br/>Vivo na luz, meu amigo é Jesus,<br/>sou feliz, feliz.</lines>
    </verse>
    <verse name="v2">
      <lines>Do mal vem sempre me defender,<br/>e assim seguro estou.<br/>Com forte braço, com seu poder,<br/>ampara-me por onde vou.</lines>
    </verse>
    <verse name="v3">
      <lines>E, quando triste e carente estou,<br/>eu posso recorrer<br/>ao seu tesouro celestial<br/>e ricas bênçãos recolher.</lines>
    </verse>
    <verse name="v4">
      <lines>Com Cristo podes ter comunhão<br/>e andar em plena paz;<br/>se aceitas hoje o seu perdão,<br/>feliz pra sempre viverás.</lines>
    </verse>
  </lyrics>
</song>
