<?xml version='1.0' encoding='UTF-8'?>
<song xmlns="http://openlyrics.info/namespace/2009/song" version="0.8" createdIn="OpenLP 2.0.1" modifiedIn="OpenLP 2.0.1" modifiedDate="2013-11-14T22:03:24">
  <properties>
    <titles>
      <title>HCC 046 Pela Graça e o Primor</title>
      <title>Dix</title>
    </titles>
    <verseOrder>v1 c1 v2 c1 v3 c1 v4 c1 v5 c1 v6 e1</verseOrder>
    <authors>
      <author>Folliott Pierpoint</author>
      <author>Conrad Kocher</author>
    </authors>
    <songbooks>
      <songbook name="Hinário Para o Culto Cristão" entry="046"/>
    </songbooks>
  </properties>
  <lyrics>
    <verse name="v1">
      <lines>Pela graça e o primor<br/>que tu deste à terra e aos céus,<br/>pelo teu profundo amor<br/>que ofertaste aos filhos teus...</lines>
    </verse>
    <verse name="c1">
      <lines>... damos graças e louvor<br/>ao teu nome, Criador.</lines>
    </verse>
    <verse name="v2">
      <lines>Por manhãs primaveris<br/>e por noites de esplendor,<br/>pelas flores tão gentis,<br/>lua, estrelas, sol, calor...</lines>
    </verse>
    <verse name="v3">
      <lines>Pelo dom de ouvir e ver,<br/>pela mente e coração,<br/>pelas bênçãos, no viver,<br/>dos sentidos, da razão...</lines>
    </verse>
    <verse name="v4">
      <lines>Por ternura em nosso lar,<br/>por amigos de valor,<br/>pela voz para entoar<br/>melodias ao Senhor...</lines>
    </verse>
    <verse name="v5">
      <lines>Pela tua Igreja, ó Pai,<br/>que proclama o Redentor<br/>e com fé pregando vai<br/>às nações o teu amor...</lines>
    </verse>
    <verse name="v6">
      <lines>Por ti mesmo, ó Salvador,<br/>que de graça aos homens dás<br/>salvação, por teu amor,<br/>alegria, vida e paz...</lines>
    </verse>
    <verse name="e1">
      <lines>... damos graças e louvor<br/>ao teu nome, Criador.<br/>Amém.</lines>
    </verse>
  </lyrics>
</song>
