<?xml version='1.0' encoding='UTF-8'?>
<song xmlns="http://openlyrics.info/namespace/2009/song" version="0.8" createdIn="OpenLP 2.0.1" modifiedIn="OpenLP 2.0.1" modifiedDate="2013-11-14T22:04:18">
  <properties>
    <titles>
      <title>HCC 336 Meu Coração Descansa em Deus</title>
      <title>Landas</title>
    </titles>
    <verseOrder>v1 c1 v2 c1 v3 c1 v4 c1</verseOrder>
    <authors>
      <author>Eliza Hewitt</author>
      <author>Melodia norueguesa</author>
    </authors>
    <songbooks>
      <songbook name="Hinário Para o Culto Cristão" entry="336"/>
    </songbooks>
  </properties>
  <lyrics>
    <verse name="v1">
      <lines>Meu coração descansa em Deus,<br/>que não me deixará.<br/>Só em seu nome posso crer,<br/>pois nunca falhará.</lines>
    </verse>
    <verse name="c1">
      <lines>Não se alicerça minha fé<br/>em credo ou tradição.<br/>Creio em Jesus, o Redentor,<br/>pra minha salvação.</lines>
    </verse>
    <verse name="v2">
      <lines>Ciência não me valerá,<br/>nem falso e vão saber.<br/>Me basta enquanto vivo aqui<br/>Jesus e seu poder.</lines>
    </verse>
    <verse name="v3">
      <lines>Das minhas dúvidas cruéis<br/>Jesus me libertou.<br/>A ele fui eu, pecador;<br/>da morte me salvou.</lines>
    </verse>
    <verse name="v4">
      <lines>Jesus pregou, curou, salvou,<br/>morrendo numa cruz.<br/>Ressuscitado agora está;<br/>do mundo é vida e luz.</lines>
    </verse>
  </lyrics>
</song>
