<?xml version='1.0' encoding='UTF-8'?>
<song xmlns="http://openlyrics.info/namespace/2009/song" version="0.8" createdIn="OpenLP 2.0.1" modifiedIn="OpenLP 2.0.1" modifiedDate="2013-11-14T22:04:04">
  <properties>
    <titles>
      <title>HCC 261 Deus Renova Nossas Forças</title>
      <title>Isaías 40:28-31; Salmos 25:4; João 14:6</title>
    </titles>
    <copyright>Isaías 40:28-31; Salmos 25:4; João 14:6</copyright>
    <verseOrder>v1 v2 v3 v4 v5 v6 v7</verseOrder>
    <authors>
      <author>Leitura bíblica</author>
    </authors>
    <songbooks>
      <songbook name="Hinário Para o Culto Cristão" entry="261"/>
    </songbooks>
  </properties>
  <format>
    <tags application="OpenLP">
      <tag name="y">
        <open>&lt;span style="-webkit-text-fill-color:yellow"&gt;</open>
        <close>&lt;/span&gt;</close>
      </tag>
    </tags>
  </format>
  <lyrics>
    <verse name="v1">
      <lines><tag name="y">Dirigente: </tag><br/>Não sabes, não ouviste que o eterno Deus, o Senhor, o Criador dos confins da terra, não se cansa nem se fatiga?</lines>
    </verse>
    <verse name="v2">
      <lines><tag name="y">Congregação:</tag><br/>É inescrutável o seu entendimento.</lines>
    </verse>
    <verse name="v3">
      <lines><tag name="y">Dirigente:</tag><br/>Ele dá força ao cansado, e aumenta as forças ao que não tem nenhum vigor.</lines>
    </verse>
    <verse name="v4">
      <lines><tag name="y">Congregação:</tag><br/>Os jovens se cansarão e se fatigarão, e os mancebos cairão, mas os que esperam no Senhor renovarão as suas forças;</lines>
    </verse>
    <verse name="v5">
      <lines><tag name="y">Todos:</tag><br/>subirão com asas como águias; correrão, e não se cansarão; andarão, e não se fatigarão.</lines>
    </verse>
    <verse name="v6">
      <lines><tag name="y">Congregação:</tag><br/>Faze-me saber os teus caminhos, Senhor; ensina-me as tuas veredas.</lines>
    </verse>
    <verse name="v7">
      <lines><tag name="y">Dirigente:</tag><br/>Respondeu-lhe Jesus: Eu sou o caminho, e a verdade, e a vida; ninguém vem ao Pai, senão por mim.</lines>
    </verse>
  </lyrics>
</song>
