<?xml version='1.0' encoding='UTF-8'?>
<song xmlns="http://openlyrics.info/namespace/2009/song" version="0.8" createdIn="OpenLP 2.0.1" modifiedIn="OpenLP 2.0.1" modifiedDate="2013-11-14T22:04:38">
  <properties>
    <titles>
      <title>HCC 424 Saudamo-vos, Irmãos em Cristo</title>
      <title>Saudação</title>
    </titles>
    <verseOrder>v1 v2 v3</verseOrder>
    <authors>
      <author>João Diener</author>
      <author>Melodia anônima</author>
    </authors>
    <songbooks>
      <songbook name="Hinário Para o Culto Cristão" entry="424"/>
    </songbooks>
  </properties>
  <lyrics>
    <verse name="v1">
      <lines break="optional">Saudamo-vos, irmãos, em Cristo,<br/>pensando no que temos visto.<br/>Nesses anos, entre lutas, tentações,</lines>
      <lines>foram atendidas nossas petições.<br/>Toda glória seja ao nome do Senhor.<br/>Vinde a ele, todos, entoar louvor.</lines>
    </verse>
    <verse name="v2">
      <lines break="optional">Um dia tão glorioso temos<br/>e ao nosso Pai agradecemos.<br/>Pois é ele quem nos dá real prazer</lines>
      <lines>e é fiel em nos guardar e proteger.<br/>Vinde agora irmãos, ao nosso Deus cantar;<br/>sua graça vamos juntos proclamar.</lines>
    </verse>
    <verse name="v3">
      <lines break="optional">Alegres, todos jubilemos<br/>e ao nosso Salvador cantemos.<br/>Ele como filhos seus nos escolheu,</lines>
      <lines>suas ricas bênçãos já nos concedeu.<br/>Seja "Avante!" o nosso lema triunfal<br/>ao seguirmos para o lar celestial.</lines>
    </verse>
  </lyrics>
</song>
