<?xml version='1.0' encoding='UTF-8'?>
<song xmlns="http://openlyrics.info/namespace/2009/song" version="0.8" createdIn="OpenLP 2.0.1" modifiedIn="OpenLP 2.0.1" modifiedDate="2013-11-14T22:03:32">
  <properties>
    <titles>
      <title>HCC 087 Vem, Jesus Tão Desejado</title>
      <title>Eversley</title>
    </titles>
    <verseOrder>v1 v2 v3 v4</verseOrder>
    <authors>
      <author>Charles Wesley</author>
      <author>Michael Perry</author>
    </authors>
    <songbooks>
      <songbook name="Hinário Para o Culto Cristão" entry="087"/>
    </songbooks>
  </properties>
  <lyrics>
    <verse name="v1">
      <lines>Vem, Jesus tão desejado,<br/>vem teu povo libertar;<br/>pois, vencendo o seu pecado,<br/>hás de tua paz lhe dar.</lines>
    </verse>
    <verse name="v2">
      <lines>És pra todos a esperança,<br/>és consolo em aflição,<br/>pois em ti teu povo alcança<br/>alegria em teu perdão.</lines>
    </verse>
    <verse name="v3">
      <lines>Tu nasceste bem pequeno,<br/>mas és Rei libertador.<br/>Reina em nós, ó Nazareno,<br/>todo dia, com amor.</lines>
    </verse>
    <verse name="v4">
      <lines>Para termos acolhida<br/>na celeste habitação,<br/>vem, domina a nossa vida,<br/>vive em nosso coração.</lines>
    </verse>
  </lyrics>
</song>
