<?xml version='1.0' encoding='UTF-8'?>
<song xmlns="http://openlyrics.info/namespace/2009/song" version="0.8" createdIn="OpenLP 2.0.1" modifiedIn="OpenLP 2.0.1" modifiedDate="2013-11-14T22:03:30">
  <properties>
    <titles>
      <title>HCC 075 Bendize, Tu, Meu Coração</title>
      <title>Ortonville</title>
    </titles>
    <verseOrder>v1 v2 v3 v4</verseOrder>
    <authors>
      <author>Thomas Hastings</author>
    </authors>
    <songbooks>
      <songbook name="Hinário Para o Culto Cristão" entry="075"/>
    </songbooks>
  </properties>
  <lyrics>
    <verse name="v1">
      <lines>Bendize tu, meu coração,<br/>bendize o Salvador;<br/>e tudo quanto houver em mim<br/>entoe o seu louvor,<br/>entoe o seu louvor.</lines>
    </verse>
    <verse name="v2">
      <lines>Bendize tu, meu coração,<br/>bendize o Salvador;<br/>e nunca deixes de exaltar<br/>o seu eterno amor,<br/>o seu eterno amor.</lines>
    </verse>
    <verse name="v3">
      <lines>De sua graça e compaixão<br/>tua alma revestiu.<br/>Os teus pecados esqueceu<br/>e assim te redimiu,<br/>e assim te redimiu.</lines>
    </verse>
    <verse name="v4">
      <lines>Os teus desejos satisfaz<br/>com verdadeiros bens;<br/>a vida restaurada em Deus<br/>e forças novas tens,<br/>e forças novas tens.</lines>
    </verse>
  </lyrics>
</song>
