<?xml version='1.0' encoding='UTF-8'?>
<song xmlns="http://openlyrics.info/namespace/2009/song" version="0.8" createdIn="OpenLP 2.0.1" modifiedIn="OpenLP 2.0.1" modifiedDate="2013-11-14T22:04:42">
  <properties>
    <titles>
      <title>HCC 441 Dedicando Nossos Dons ao Senhor</title>
      <title>Romanos 12:1-8</title>
    </titles>
    <copyright>Romanos 12:1-8</copyright>
    <verseOrder>v1 v2 v3 v4 v5</verseOrder>
    <authors>
      <author>Leitura bíblica</author>
    </authors>
    <songbooks>
      <songbook name="Hinário Para o Culto Cristão" entry="441"/>
    </songbooks>
  </properties>
  <lyrics>
    <verse name="v1">
      <lines>Rogo-vos, pois, irmãos, pela compaixão de Deus, que apresenteis os vossos corpos como um sacrifício vivo, santo e agradável a Deus,<br/>que é o vosso culto racional.</lines>
    </verse>
    <verse name="v2">
      <lines>E não vos conformeis a este mundo, mas transformai-vos pela renovação da vossa mente,<br/>para que experimenteis qual seja a boa, agradável, e perfeita vontade de Deus.</lines>
    </verse>
    <verse name="v3">
      <lines>Porque pela graça que me foi dada, digo a cada um dentre vós que não tenha de si mesmo mais alto conceito do que convém;<br/>mas que pense de si sobriamente, conforme a medida da fé que Deus repartiu a cada um.</lines>
    </verse>
    <verse name="v4">
      <lines>Pois assim como em um corpo temos muitos membros, e nem todos os membros têm a mesma função, assim nós, embora muitos,<br/>somos um só corpo em Cristo, e individualmente membros uns dos outros.</lines>
    </verse>
    <verse name="v5">
      <lines>De modo que, tendo diferentes dons segundo a graça que nos foi dada, se é profecia, seja ela segundo a medida da fé;<br/>se é ministério, seja em ministrar; se é ensinar, haja dedicação ao ensino; o que exorta, use esse dom em exortar;<br/>o que reparte, faça-o com liberalidade; o que preside, com zelo; o que usa de misericórdia, com alegria.</lines>
    </verse>
  </lyrics>
</song>
