<?xml version='1.0' encoding='UTF-8'?>
<song xmlns="http://openlyrics.info/namespace/2009/song" version="0.8" createdIn="OpenLP 2.0.1" modifiedIn="OpenLP 2.0.1" modifiedDate="2013-11-14T22:04:14">
  <properties>
    <titles>
      <title>HCC 310 Quem Salva É Só Jesus</title>
      <title>Laudes Domini</title>
    </titles>
    <verseOrder>v1 v2 v3 v4</verseOrder>
    <authors>
      <author>Joseph Barnby</author>
      <author>João Rocha</author>
    </authors>
    <songbooks>
      <songbook name="Hinário Para o Culto Cristão" entry="310"/>
    </songbooks>
  </properties>
  <lyrics>
    <verse name="v1">
      <lines break="optional">Igreja do Senhor,<br/>proclama com fervor:<br/>"Quem salva é só Jesus".</lines>
      <lines>A todos faze ouvir,<br/>insiste em repetir:<br/>"Quem salva é só Jesus."</lines>
    </verse>
    <verse name="v2">
      <lines break="optional">Não há poder igual<br/>que vença todo mal.<br/>Quem salva é só Jesus.</lines>
      <lines>Inútil é tentar<br/>sem Cristo se salvar.<br/>Quem salva é só Jesus.</lines>
    </verse>
    <verse name="v3">
      <lines break="optional">A Lei não dá perdão,<br/>traz morte e maldição:<br/>Quem salva é só Jesus.</lines>
      <lines>Mas Cristo a todos traz<br/>amor, perdão e paz.<br/>Quem salva é só Jesus.</lines>
    </verse>
    <verse name="v4">
      <lines break="optional">Igreja do Senhor,<br/>proclama com fervor:<br/>"Quem salva é só Jesus."</lines>
      <lines>Por seu amor sem par,<br/>que a todos quer salvar,<br/>louvemos a Jesus.</lines>
    </verse>
  </lyrics>
</song>
