<?xml version='1.0' encoding='UTF-8'?>
<song xmlns="http://openlyrics.info/namespace/2009/song" version="0.8" createdIn="OpenLP 2.0.1" modifiedIn="OpenLP 2.0.1" modifiedDate="2013-11-14T22:04:06">
  <properties>
    <titles>
      <title>HCC 272 Preparados Para a Missão</title>
      <title>Efésios 6:10-18</title>
    </titles>
    <copyright>Efésios 6:10-18</copyright>
    <verseOrder>v1 v2 v3 v4 v5</verseOrder>
    <authors>
      <author>Leitura bíblica</author>
    </authors>
    <songbooks>
      <songbook name="Hinário Para o Culto Cristão" entry="272"/>
    </songbooks>
  </properties>
  <lyrics>
    <verse name="v1">
      <lines>Fortalecei-vos no Senhor e na força do seu poder.<br/>Revesti-vos de toda a armadura de Deus,<br/>para poderdes permanecer firmes contra as ciladas do Diabo.</lines>
    </verse>
    <verse name="v2">
      <lines>Não é contra carne e sangue que temos que lutar,<br/>mas sim contra os principados, contra as potestades,<br/>contra os príncipes do mundo destas trevas,<br/>contra as hostes espirituais da iniquidade nas regiões celestes.</lines>
    </verse>
    <verse name="v3">
      <lines>Portanto tomai toda a armadura de Deus,<br/>para que possais resistir no dia mau e,<br/>havendo feito tudo, permanecer firmes.</lines>
    </verse>
    <verse name="v4">
      <lines>Estai, pois, firmes, tendo cingido os vossos lombos com a verdade, <br/>e vestida a couraça da justiça, e calçados os pés com a preparação do evangelho da paz, tomando, sobretudo, <br/>o escudo da fé, com o qual podereis apagar todos os dardos inflamados do Maligno.</lines>
    </verse>
    <verse name="v5">
      <lines>Tomai também o capacete da salvação, e a espada do Espírito, que é a palavra de Deus;<br/>com toda oração e súplica orando em todo tempo no Espírito e (...) <br/>vigiando com toda a perseverança e súplica, por todos os santos.</lines>
    </verse>
  </lyrics>
</song>
