<?xml version='1.0' encoding='UTF-8'?>
<song xmlns="http://openlyrics.info/namespace/2009/song" version="0.8" createdIn="OpenLP 2.0.1" modifiedIn="OpenLP 2.0.1" modifiedDate="2013-11-14T22:03:22">
  <properties>
    <titles>
      <title>HCC 035 Deus Guia Seus Filhos em Paz</title>
      <title>God Leads Us</title>
    </titles>
    <verseOrder>v1 c1 v2 c1 v3 c1 v4 c1</verseOrder>
    <authors>
      <author>G. Young</author>
    </authors>
    <songbooks>
      <songbook name="Hinário Para o Culto Cristão" entry="035"/>
    </songbooks>
  </properties>
  <lyrics>
    <verse name="v1">
      <lines>Aos pastos bem verdes, na sombra ou calor,<br/>Deus guia seus filhos em paz;<br/>às águas tranquilas, de puro frescor,<br/>Deus guia seus filhos em paz.</lines>
    </verse>
    <verse name="c1">
      <lines>Pelas montanhas ou pelo mar,<br/>pela fornalha que vem nos provar,<br/>pelas tristezas, mas sempre a cantar,<br/>Deus aos seus filhos em paz vai guiar.</lines>
    </verse>
    <verse name="v2">
      <lines>Às vezes, ao monte de glória e fulgor<br/>Deus guia seus filhos em paz;<br/>às vezes, ao vale sombrio de dor<br/>Deus guia seus filhos em paz.</lines>
    </verse>
    <verse name="v3">
      <lines>Se mágoas nos cercam e vis tentações,<br/>Deus guia seus filhos em paz;<br/>e dá-lhes vitórias em mil provações,<br/>Deus guia seus filhos em paz.</lines>
    </verse>
    <verse name="v4">
      <lines>Dos males da terra que aqui nos detêm,<br/>Deus guia seus filhos em paz;<br/>às glórias eternas do reino de além,<br/>Deus guia seus filhos em paz.</lines>
    </verse>
  </lyrics>
</song>
