<?xml version='1.0' encoding='UTF-8'?>
<song xmlns="http://openlyrics.info/namespace/2009/song" version="0.8" createdIn="OpenLP 2.0.1" modifiedIn="OpenLP 2.0.1" modifiedDate="2013-11-14T22:04:47">
  <properties>
    <titles>
      <title>HCC 466 Cedo ou Tarde</title>
      <title>Charles</title>
    </titles>
    <verseOrder>v1 v2 v3</verseOrder>
    <authors>
      <author>James Lowell</author>
      <author>Walter Sims</author>
    </authors>
    <songbooks>
      <songbook name="Hinário Para o Culto Cristão" entry="466"/>
    </songbooks>
  </properties>
  <lyrics>
    <verse name="v1">
      <lines break="optional">Cedo ou tarde, em dura escolha,<br/>todos devem decidir<br/>entre o erro e a verdade,<br/>para o mal ou bem seguir.</lines>
      <lines>Falsos cristos, novas causas,<br/>recompensa que seduz?<br/>Continua o desafio:<br/>densa treva ou clara luz!</lines>
    </verse>
    <verse name="v2">
      <lines break="optional">Muitos deram suas vidas<br/>e sofreram por Jesus;<br/>um caminho estreito temos<br/>ao tomar a nossa cruz.</lines>
      <lines>Passa o tempo e novos rumos<br/>temos sempre de tomar,<br/>mas avante e para o alto<br/>temos nós de caminhar.</lines>
    </verse>
    <verse name="v3">
      <lines break="optional">Se a maldade aqui prospera,<br/>a verdade é divinal;<br/>pode o bem, na dura luta,<br/>se abater perante o mal?</lines>
      <lines>E se num futuro incerto<br/>mais intensa a luta for,<br/>sendo a Rocha inabalável,<br/>Deus nos guarda em seu amor.</lines>
    </verse>
  </lyrics>
</song>
