<?xml version='1.0' encoding='UTF-8'?>
<song xmlns="http://openlyrics.info/namespace/2009/song" version="0.8" createdIn="OpenLP 2.0.1" modifiedIn="OpenLP 2.0.1" modifiedDate="2013-11-14T22:04:51">
  <properties>
    <titles>
      <title>HCC 487 A Seara É Grande</title>
      <title>Mateus 9:35-38</title>
    </titles>
    <copyright>Mateus 9:35-38</copyright>
    <verseOrder>v1 v2</verseOrder>
    <authors>
      <author>Leitura bíblica</author>
    </authors>
    <songbooks>
      <songbook name="Hinário Para o Culto Cristão" entry="487"/>
    </songbooks>
  </properties>
  <lyrics>
    <verse name="v1">
      <lines break="optional">E percorria Jesus todas as cidades e aldeias, ensinando nas suas sinagogas,<br/>pregando o evangelho do reino, e curando toda sorte de doenças e enfermidades.</lines>
      <lines>Vendo ele as multidões, compadeceu-se delas, porque andavam desgarradas e errantes,<br/>como ovelhas que não têm pastor. Então disse a seus discípulos:</lines>
    </verse>
    <verse name="v2">
      <lines>Na verdade, a seara é grande, mas os trabalhadores são poucos.<br/>Rogai, pois, ao Senhor da seara que mande trabalhadores para a sua seara.</lines>
    </verse>
  </lyrics>
</song>
