<?xml version='1.0' encoding='UTF-8'?>
<song xmlns="http://openlyrics.info/namespace/2009/song" version="0.8" createdIn="OpenLP 2.0.1" modifiedIn="OpenLP 2.0.1" modifiedDate="2013-11-14T22:13:24">
  <properties>
    <titles>
      <title>HCC 270 Finda-se Este Culto</title>
      <title>Lyndhurst</title>
    </titles>
    <verseOrder>v1</verseOrder>
    <authors>
      <author>Joan Sutton</author>
      <author>Melodia anônima</author>
    </authors>
    <songbooks>
      <songbook name="Hinário Para o Culto Cristão" entry="270"/>
    </songbooks>
  </properties>
  <lyrics>
    <verse name="v1">
      <lines break="optional">Finda-se este culto.<br/>Vem, ó Deus de amor,<br/>despedir teus servos<br/>com o teu favor.</lines>
      <lines>Dá-nos tua graça,<br/>tua proteção;<br/>dá-nos teu auxílio,<br/>tua direção. Amém.</lines>
    </verse>
  </lyrics>
</song>
