<?xml version='1.0' encoding='UTF-8'?>
<song xmlns="http://openlyrics.info/namespace/2009/song" version="0.8" createdIn="OpenLP 2.0.1" modifiedIn="OpenLP 2.0.1" modifiedDate="2013-11-14T22:03:29">
  <properties>
    <titles>
      <title>HCC 069 Desejo Te Adorar, Senhor</title>
      <title>Adoração</title>
    </titles>
    <verseOrder>v1 v2</verseOrder>
    <authors>
      <author>Ralph Manuel</author>
      <author>Jilton Moraes</author>
    </authors>
    <songbooks>
      <songbook name="Hinário Para o Culto Cristão" entry="069"/>
    </songbooks>
  </properties>
  <lyrics>
    <verse name="v1">
      <lines break="optional">Desejo te adorar, Senhor, teu nome honrar,<br/>servir-te, obedecer-te em todo o meu viver,</lines>
      <lines>e a ti glorificar e sempre exaltar.<br/>Senhor, és meu escudo, força e poder.</lines>
    </verse>
    <verse name="v2">
      <lines break="optional">Desejo te amar e tua voz ouvir.<br/>Em teus caminhos santos quero sempre andar.</lines>
      <lines>A ti eu louvarei aqui e no porvir.<br/>Senhor, és o meu tudo, a ti vou adorar.</lines>
    </verse>
  </lyrics>
</song>
