<?xml version='1.0' encoding='UTF-8'?>
<song xmlns="http://openlyrics.info/namespace/2009/song" version="0.8" createdIn="OpenLP 2.0.1" modifiedIn="OpenLP 2.0.1" modifiedDate="2013-11-14T22:03:29">
  <properties>
    <titles>
      <title>HCC 067 Dai ao Cordeiro o Louvor</title>
      <title>Fausta</title>
    </titles>
    <verseOrder>v1 v2 v3 v4</verseOrder>
    <authors>
      <author>Horatius Bonar</author>
      <author>Roselena Landenberger</author>
    </authors>
    <songbooks>
      <songbook name="Hinário Para o Culto Cristão" entry="067"/>
    </songbooks>
  </properties>
  <lyrics>
    <verse name="v1">
      <lines break="optional">Dai ao Cordeiro o louvor que é devido,<br/>pois foi com honra no céu recebido.</lines>
      <lines>Foi imolado - aparente fraqueza -<br/>mas triunfante já vive em nobreza.</lines>
    </verse>
    <verse name="v2">
      <lines break="optional">Honra, poder, majestade, riqueza,<br/>sabedoria, domínio e grandeza</lines>
      <lines>são do Cordeiro que foi humilhado<br/>e agora é Rei, lá no céu coroado.</lines>
    </verse>
    <verse name="v3">
      <lines break="optional">Soa nos céus o clamor da vitória,<br/>vibra na terra seu nome com glória.</lines>
      <lines>Montes e mares, florestas e flores<br/>só ao Cordeiro dão gratos louvores.</lines>
    </verse>
    <verse name="v4">
      <lines break="optional">Vem desse canto constante alegria,<br/>chuvas de bênçãos nos vêm cada dia;</lines>
      <lines>pois ao Cordeiro pertence a beleza,<br/>honra, poder, majestade e riqueza.</lines>
    </verse>
  </lyrics>
</song>
