<?xml version='1.0' encoding='UTF-8'?>
<song xmlns="http://openlyrics.info/namespace/2009/song" version="0.8" createdIn="OpenLP 2.0.1" modifiedIn="OpenLP 2.0.1" modifiedDate="2013-11-14T22:04:33">
  <properties>
    <titles>
      <title>HCC 412 Deus É Nosso Pai Amado</title>
      <title>Tryggare Kan Ingen Vara</title>
    </titles>
    <verseOrder>v1 v2 v3 v4 v5</verseOrder>
    <authors>
      <author>Caroline Sandell-Berg</author>
      <author>Melodia sueca</author>
    </authors>
    <songbooks>
      <songbook name="Hinário Para o Culto Cristão" entry="412"/>
    </songbooks>
  </properties>
  <lyrics>
    <verse name="v1">
      <lines break="optional">Deus é nosso Pai amado<br/>que nos guarda em seu cuidado;</lines>
      <lines>dia a dia nos sustenta<br/>na bonança, na tormenta.</lines>
    </verse>
    <verse name="v2">
      <lines break="optional">Deus preserva a nossa vida,<br/>dando bênçãos sem medida.</lines>
      <lines>Da maldade vem livrar-nos,<br/>com seus braços amparar-nos.</lines>
    </verse>
    <verse name="v3">
      <lines break="optional">Nem a vida, nem a morte<br/>nos separam do Deus forte.</lines>
      <lines>E se o mal nos ameaça,<br/>há vitória em sua graça.</lines>
    </verse>
    <verse name="v4">
      <lines break="optional">Com fervor a Deus louvemos,<br/>pois a vida nova temos.</lines>
      <lines>Ao seu nome eterno e santo<br/>ofertemos nosso canto.</lines>
    </verse>
    <verse name="v5">
      <lines break="optional">Se choramos ou sorrimos,<br/>confiantes prosseguimos.</lines>
      <lines>Na fornalha mais ardente<br/>Deus aperfeiçoa o crente.</lines>
    </verse>
  </lyrics>
</song>
