<?xml version='1.0' encoding='UTF-8'?>
<song xmlns="http://openlyrics.info/namespace/2009/song" version="0.8" createdIn="OpenLP 2.0.1" modifiedIn="OpenLP 2.0.1" modifiedDate="2013-11-14T22:03:19">
  <properties>
    <titles>
      <title>HCC 018 Ó Santo de Israel</title>
      <title>Parkstone</title>
    </titles>
    <verseOrder>v1 v2 v3 v4</verseOrder>
    <authors>
      <author>Egydio Gióia</author>
      <author>David Peacock</author>
    </authors>
    <songbooks>
      <songbook name="Hinário Para o Culto Cristão" entry="018"/>
    </songbooks>
  </properties>
  <lyrics>
    <verse name="v1">
      <lines>O Santo de Israel,<br/>supremo e justo ser,<br/>no céu cercado estás<br/>de glória e de poder.</lines>
    </verse>
    <verse name="v2">
      <lines>Tu és o Criador<br/>do mar, da terra e céus,<br/>o mais sublime Rei,<br/>o nosso eterno Deus.</lines>
    </verse>
    <verse name="v3">
      <lines>Em santa adoração<br/>nós vimos suplicar<br/>a graça e todo o bem<br/>e forças pra lutar.</lines>
    </verse>
    <verse name="v4">
      <lines>Aceita, amado Pai,<br/>os hinos de louvor<br/>que nós, os servos teus,<br/>cantamos com fervor. <br/>Amém.</lines>
    </verse>
  </lyrics>
</song>
