<?xml version='1.0' encoding='UTF-8'?>
<song xmlns="http://openlyrics.info/namespace/2009/song" version="0.8" createdIn="OpenLP 2.0.1" modifiedIn="OpenLP 2.0.1" modifiedDate="2013-11-14T22:04:08">
  <properties>
    <titles>
      <title>HCC 282 Tem Misericórdia de Mim, Senhor</title>
      <title>Janga</title>
    </titles>
    <verseOrder>v1 c1 v2 c1 v3 c1</verseOrder>
    <authors>
      <author>David Hodges</author>
    </authors>
    <songbooks>
      <songbook name="Hinário Para o Culto Cristão" entry="282"/>
    </songbooks>
  </properties>
  <lyrics>
    <verse name="v1">
      <lines break="optional">Apaga, Senhor, minhas transgressões;<br/>do mal limpa meu coração.</lines>
      <lines>Diante de ti quero puro estar,<br/>viver em perfeita união.</lines>
    </verse>
    <verse name="c1">
      <lines break="optional">Tem misericórdia de mim, Senhor,<br/>segundo a tua bondade,</lines>
      <lines>e dentro de mim faze dominar<br/>a tua perfeita verdade.</lines>
    </verse>
    <verse name="v2">
      <lines break="optional">A ti eu confesso os pecados meus:<br/>Meu Deus, contra ti eu pequei;</lines>
      <lines>mas, purificado por teu amor,<br/>mais alvo que a neve serei.</lines>
    </verse>
    <verse name="v3">
      <lines break="optional">Restaura em mim a alegria, ó Deus,<br/>porque tu salvaste o meu ser.</lines>
      <lines>Meus lábios, agora, vem pois abrir;<br/>de alegre louvor vem me encher.</lines>
    </verse>
  </lyrics>
</song>
