<?xml version='1.0' encoding='UTF-8'?>
<song xmlns="http://openlyrics.info/namespace/2009/song" version="0.8" createdIn="OpenLP 2.0.1" modifiedIn="OpenLP 2.0.1" modifiedDate="2013-11-14T22:04:03">
  <properties>
    <titles>
      <title>HCC 255 Triste Estás, Cansado e Aflito?</title>
      <title>Wright</title>
    </titles>
    <verseOrder>v1 v2 v3 v4 v5 v6</verseOrder>
    <authors>
      <author>David Hodges</author>
      <author>Estevão Saba</author>
    </authors>
    <songbooks>
      <songbook name="Hinário Para o Culto Cristão" entry="255"/>
    </songbooks>
  </properties>
  <lyrics>
    <verse name="v1">
      <lines>"Triste estás, cansado e aflito,<br/>pobre e sem vigor?<br/>Vem a mim!"- diz quem me inpira<br/>paz e amor.</lines>
    </verse>
    <verse name="v2">
      <lines>"Quais as marcas que me indicam<br/>seu poder real?"<br/>Nos seus pés e mãos e lado<br/>há sinal.</lines>
    </verse>
    <verse name="v3">
      <lines>"Traz coroa de monarca?<br/>Vestes de esplendor?"<br/>Tem coroa, mas de espinhos,<br/>sangue e dor.</lines>
    </verse>
    <verse name="v4">
      <lines>"Quando o vir e, então, seguí-lo,<br/>me galardoará?"<br/>Choros, lutas e trabalhos<br/>te dará.</lines>
    </verse>
    <verse name="v5">
      <lines>"Se lhe peço que me aceite,<br/>vai me recusar?"<br/>Nunca! Embora o céu e a terra<br/>vão passar.</lines>
    </verse>
    <verse name="v6">
      <lines>"Se confio na promessa,<br/>salvará no fim?"<br/>Anjos, santos, o universo<br/>bradam: "Sim!"</lines>
    </verse>
  </lyrics>
</song>
