<?xml version='1.0' encoding='UTF-8'?>
<song xmlns="http://openlyrics.info/namespace/2009/song" version="0.8" createdIn="OpenLP 2.0.1" modifiedIn="OpenLP 2.0.1" modifiedDate="2013-11-14T22:03:43">
  <properties>
    <titles>
      <title>HCC 144 Findou-se a Luta de Jesus!</title>
      <title>Victory</title>
    </titles>
    <verseOrder>v1 v2 v3</verseOrder>
    <authors>
      <author>Giovanni Palestrina</author>
    </authors>
    <songbooks>
      <songbook name="Hinário Para o Culto Cristão" entry="144"/>
    </songbooks>
  </properties>
  <lyrics>
    <verse name="v1">
      <lines>Findou-se a luta de Jesus.<br/>O Salvador venceu na cruz,<br/>e neste mundo raia a luz.<br/>Aleluia.</lines>
    </verse>
    <verse name="v2">
      <lines>Vencida a morte e seu horror,<br/>subiu à glória o Redentor.<br/>Cantai louvores ao Senhor.<br/>Aleluia.</lines>
    </verse>
    <verse name="v3">
      <lines>Com majestade sem igual,<br/>firmou o reino divinal.<br/>Cantai um hino triunfal.<br/>Aleluia.</lines>
    </verse>
  </lyrics>
</song>
