<?xml version='1.0' encoding='UTF-8'?>
<song xmlns="http://openlyrics.info/namespace/2009/song" version="0.8" createdIn="OpenLP 2.0.1" modifiedIn="OpenLP 2.0.1" modifiedDate="2013-11-14T22:03:17">
  <properties>
    <titles>
      <title>HCC 011 O Cântico de Moisés</title>
      <title>Êxodo 15:1-4, 6, 10, 11, 13, 14, 16-19</title>
    </titles>
    <copyright>Êxodo 15:1-4, 6, 10, 11, 13, 14, 16-19</copyright>
    <verseOrder>v1 v2 v3 v4 v5 v6 v7 v8 v9 v10 v11</verseOrder>
    <authors>
      <author>Leitura bíblica</author>
    </authors>
    <songbooks>
      <songbook name="Hinário Para o Culto Cristão" entry="011"/>
    </songbooks>
  </properties>
  <lyrics>
    <verse name="v1">
      <lines>Então cantaram Moisés e os filhos de Israel este cântico ao Senhor, dizendo:</lines>
    </verse>
    <verse name="v2">
      <lines>Cantarei ao Senhor, porque gloriosamente triunfou; lançou no mar o cavalo e o seu cavaleiro.</lines>
    </verse>
    <verse name="v3">
      <lines>O Senhor é a minha força, e o meu cântico; ele se tem tornado a minha salvação; é ele o meu Deus, portanto o louvarei; é o Deus de meu pai, por isso o exaltarei.</lines>
    </verse>
    <verse name="v4">
      <lines>O Senhor é homem de guerra; Jeová é o seu nome. Lançou no mar os carros de Faraó e o seu exército.</lines>
    </verse>
    <verse name="v5">
      <lines>A tua destra, ó Senhor, é gloriosa em poder; a tua destra, ó Senhor, destroça o inimigo.</lines>
    </verse>
    <verse name="v6">
      <lines>Sopraste com o teu vento, e o mar os cobriu; afundaram-se como chumbo em grandes águas.</lines>
    </verse>
    <verse name="v7">
      <lines>Quem entre os deuses é como tu, ó Senhor? Quem é como tu poderoso em santidade, admirável em louvores, operando maravilhas?</lines>
    </verse>
    <verse name="v8">
      <lines>Na tua beneficência guiaste o povo que remiste; na tua força o conduziste à tua santa habitação.</lines>
    </verse>
    <verse name="v9">
      <lines>Os povos ouviram e estremeceram. Sobre eles caiu medo, e pavor; pela grandeza do teu braço emudeceram como uma pedra (...) até que passasse este povo que adquiriste.</lines>
    </verse>
    <verse name="v10">
      <lines>Tu os introduzirás, e os plantarás no monte da tua herança, no lugar que tu, ó Senhor, aparelhaste para a tua habitação, no santuário, ó Senhor, que as tuas mãos estabeleceram.</lines>
    </verse>
    <verse name="v11">
      <lines>O Senhor reinará eterna e perpetuamente. Porque os cavalos de Faraó, com os seus carros e com os seus cavaleiros, entraram no mar, e o Senhor fez tornar as águas do mar sobre eles, mas os filhos de Israel passaram em seco pelo meio do mar.</lines>
    </verse>
  </lyrics>
</song>
