<?xml version='1.0' encoding='UTF-8'?>
<song xmlns="http://openlyrics.info/namespace/2009/song" version="0.8" createdIn="OpenLP 2.0.1" modifiedIn="OpenLP 2.0.1" modifiedDate="2013-11-14T22:04:01">
  <properties>
    <titles>
      <title>HCC 244 Oh, Trazei à Casa do Tesouro!</title>
      <title>Giving</title>
    </titles>
    <verseOrder>v1 c1 v2 c1 v3 c1</verseOrder>
    <authors>
      <author>Lida Leech</author>
    </authors>
    <songbooks>
      <songbook name="Hinário Para o Culto Cristão" entry="244"/>
    </songbooks>
  </properties>
  <lyrics>
    <verse name="v1">
      <lines break="optional">Oh, trazei à casa do tesouro,<br/>dízimos e ofertas com amor!</lines>
      <lines>Consagrai-vos como bons mordomos,<br/>desfrutando as divinais promessas.</lines>
    </verse>
    <verse name="c1">
      <lines break="optional">Sim, provai-o, confiantes,<br/>dedicai-vos já ao Senhor,</lines>
      <lines>que grandes bênçãos<br/>sobre vós derramará.</lines>
    </verse>
    <verse name="v2">
      <lines break="optional">Quando minha fé vacila e falha,<br/>tudo se escurece ao meu redor;</lines>
      <lines>com ternura meu Senhor me ampara;<br/>pelo seu amor então prossigo.</lines>
    </verse>
    <verse name="v3">
      <lines break="optional">Eu lhe dediquei a minha vida,<br/>todos os talentos, tempo e bens.</lines>
      <lines>Com mil bênçãos ele me sustenta;<br/>nele achei perdão e paz perenes.</lines>
    </verse>
  </lyrics>
</song>
