<?xml version='1.0' encoding='UTF-8'?>
<song xmlns="http://openlyrics.info/namespace/2009/song" version="0.8" createdIn="OpenLP 2.0.1" modifiedIn="OpenLP 2.0.1" modifiedDate="2013-11-14T22:03:54">
  <properties>
    <titles>
      <title>HCC 207 Ó Bom Consolador</title>
      <title>Trentham</title>
    </titles>
    <verseOrder>v1 v2 v3 v4</verseOrder>
    <authors>
      <author>Edwin Hatch</author>
      <author>Robert Jackson</author>
    </authors>
    <songbooks>
      <songbook name="Hinário Para o Culto Cristão" entry="207"/>
    </songbooks>
  </properties>
  <lyrics>
    <verse name="v1">
      <lines>Ó bom Consolador,<br/>faze-me um novo ser.<br/>Aperfeiçoa o meu amor,<br/>conforme o teu querer.</lines>
    </verse>
    <verse name="v2">
      <lines>Ó bom Consolador,<br/>limpa meu coração.<br/>Que eu firme possa resistir<br/>a toda tentação.</lines>
    </verse>
    <verse name="v3">
      <lines>Ó bom Consolador,<br/>a ti me entregarei.<br/>Que eu seja luz a refletir<br/>a glória do meu Rei.</lines>
    </verse>
    <verse name="v4">
      <lines>Ó bom Consolador,<br/>quero da cruz falar.<br/>Enche-me, pois, do teu poder.<br/>Vem me santificar. Amém.</lines>
    </verse>
  </lyrics>
</song>
