<?xml version='1.0' encoding='UTF-8'?>
<song xmlns="http://openlyrics.info/namespace/2009/song" version="0.8" createdIn="OpenLP 2.0.1" modifiedIn="OpenLP 2.0.1" modifiedDate="2013-11-14T22:03:58">
  <properties>
    <titles>
      <title>HCC 225 Todos Devem Louvar ao Senhor</title>
      <title>Salmo 100</title>
    </titles>
    <copyright>Salmo 100</copyright>
    <verseOrder>v1 v2 v3 v4 v5 v6</verseOrder>
    <authors>
      <author>Leitura bíblica</author>
    </authors>
    <songbooks>
      <songbook name="Hinário Para o Culto Cristão" entry="225"/>
    </songbooks>
  </properties>
  <lyrics>
    <verse name="v1">
      <lines>Louvai ao Senhor! Louvai a Deus no seu santuário;<br/>louvai-o no firmamento do seu poder!</lines>
    </verse>
    <verse name="v2">
      <lines>Louvai-o pelos seus atos poderosos;<br/>louvai-o conforme a excelência da sua grandeza!</lines>
    </verse>
    <verse name="v3">
      <lines>Louvai-o ao som de trombeta;<br/>louvai-o com saltério e com harpa!</lines>
    </verse>
    <verse name="v4">
      <lines>Louvai-o com adufe e com danças;<br/>louvai-o com instrumentos de cordas e com flauta!</lines>
    </verse>
    <verse name="v5">
      <lines>Louvai-o com címbalos sonoros;<br/>louvai-o com címbalos altissonantes!</lines>
    </verse>
    <verse name="v6">
      <lines>Tudo quanto têm fôlego louve ao Senhor!<br/>Louvai ao Senhor!</lines>
    </verse>
  </lyrics>
</song>
