<?xml version='1.0' encoding='UTF-8'?>
<song xmlns="http://openlyrics.info/namespace/2009/song" version="0.8" createdIn="OpenLP 2.0.1" modifiedIn="OpenLP 2.0.1" modifiedDate="2013-11-14T22:03:39">
  <properties>
    <titles>
      <title>HCC 125 Oh, Quanto, Quanto Nos Amou!</title>
      <title>Monte Verde</title>
    </titles>
    <verseOrder>v1 c1 v2 c1 v3 c1 v4 c1</verseOrder>
    <authors>
      <author>Ralph Manuel</author>
      <author>Cecil Alexander</author>
    </authors>
    <songbooks>
      <songbook name="Hinário Para o Culto Cristão" entry="125"/>
    </songbooks>
  </properties>
  <lyrics>
    <verse name="v1">
      <lines>O monte verde ali está,<br/>ao lado de Sião,<br/>no qual Jesus morreu na cruz<br/>pra nossa redenção.</lines>
    </verse>
    <verse name="c1">
      <lines>Oh, quanto, quanto nos amou!<br/>Amemo-lo também;<br/>e, confiando em seu amor,<br/>façamos sempre o bem.</lines>
    </verse>
    <verse name="v2">
      <lines>Quem sondará, quem contará<br/>a dor que padeceu?<br/>Podemos crer que foi por nós<br/>o que na cruz sofreu.</lines>
    </verse>
    <verse name="v3">
      <lines>Morreu pra dar-nos o perdão,<br/>a fim de sermos bons<br/>e entrarmos nas mansões de Deus<br/>com limpos corações.</lines>
    </verse>
    <verse name="v4">
      <lines>Ninguém podia aqui pagar<br/>a pena universal.<br/>Só Cristo pôde nos remir<br/>por preço divinal.</lines>
    </verse>
  </lyrics>
</song>
