<?xml version='1.0' encoding='UTF-8'?>
<song xmlns="http://openlyrics.info/namespace/2009/song" version="0.8" createdIn="OpenLP 2.0.1" modifiedIn="OpenLP 2.0.1" modifiedDate="2013-11-14T22:03:29">
  <properties>
    <titles>
      <title>HCC 068 Tudo És Tu, Jesus</title>
      <title>Minna</title>
    </titles>
    <verseOrder>v1 v2 v3</verseOrder>
    <authors>
      <author>Cornelius Krummacher</author>
      <author>Minna Koch</author>
    </authors>
    <songbooks>
      <songbook name="Hinário Para o Culto Cristão" entry="068"/>
    </songbooks>
  </properties>
  <lyrics>
    <verse name="v1">
      <lines break="optional">Astro deslumbrante, rocha sem igual,<br/>líder triunfante, arma contra o mal,</lines>
      <lines>pão que me alimenta, fonte certa de luz,<br/>sol que me orienta, tudo és tu, Jesus.</lines>
    </verse>
    <verse name="v2">
      <lines break="optional">Sem o teu alento, forças não terei<br/>e ao meu sofrimento não resistirei.</lines>
      <lines>Tua mão fraterna minha vida conduz.<br/>Esperança eterna; tudo és tu, Jesus.</lines>
    </verse>
    <verse name="v3">
      <lines break="optional">Qual um peregrino, firme seguirei<br/>e ao dobrar do sino, doce lar terei.</lines>
      <lines>Com ternura e calma, junto aos salvos na luz,<br/>cantará minha alma: "Tudo és tu, Jesus."</lines>
    </verse>
  </lyrics>
</song>
