<?xml version='1.0' encoding='UTF-8'?>
<song xmlns="http://openlyrics.info/namespace/2009/song" version="0.8" createdIn="OpenLP 2.0.1" modifiedIn="OpenLP 2.0.1" modifiedDate="2013-11-14T22:04:25">
  <properties>
    <titles>
      <title>HCC 368 A Nossa Alma Deseja o Senhor</title>
      <title>Salmos 63:1; Isaías 26:8, 4, 9</title>
    </titles>
    <copyright>Salmos 63:1; Isaías 26:8, 4, 9</copyright>
    <verseOrder>v1 v2 v3 v4</verseOrder>
    <authors>
      <author>Leitura bíblica</author>
    </authors>
    <songbooks>
      <songbook name="Hinário Para o Culto Cristão" entry="368"/>
    </songbooks>
  </properties>
  <lyrics>
    <verse name="v1">
      <lines>Ó Deus, tu és o meu Deus; ansiosamente te busco.<br/>A minha alma tem sede de ti; a minha carne te deseja muito em uma terra seca e cansada, onde não há água.</lines>
    </verse>
    <verse name="v2">
      <lines>No caminho dos teus juízos, Senhor, temos esperado por ti; no teu nome e na tua memória está o desejo da nossa alma.</lines>
    </verse>
    <verse name="v3">
      <lines>Confiai sempre no Senhor; porque o Senhor Deus é uma rocha eterna.</lines>
    </verse>
    <verse name="v4">
      <lines>Minha alma te deseja de noite; sim, o meu espírito, dentro de mim, diligentemente te busca;<br/>porque, quando os teus juízos estão na terra, os moradores do mundo aprendem justiça.</lines>
    </verse>
  </lyrics>
</song>
