<?xml version='1.0' encoding='UTF-8'?>
<song xmlns="http://openlyrics.info/namespace/2009/song" version="0.8" createdIn="OpenLP 2.0.1" modifiedIn="OpenLP 2.0.1" modifiedDate="2013-11-14T22:04:23">
  <properties>
    <titles>
      <title>HCC 358 Ó Cristo, Pão da Vida</title>
      <title>Llangloffan</title>
    </titles>
    <verseOrder>v1 v2 v3</verseOrder>
    <authors>
      <author>Melodia galesa</author>
      <author>Richard Holden</author>
    </authors>
    <songbooks>
      <songbook name="Hinário Para o Culto Cristão" entry="358"/>
    </songbooks>
  </properties>
  <lyrics>
    <verse name="v1">
      <lines break="optional">Ó Cristo, pão da vida,<br/>descido lá do céu,<br/>ó pão de nossas almas,<br/>que o Pai de amor nos deu!</lines>
      <lines>Em ti nos alegramos,<br/>vivendo mesmo aqui<br/>do alento e da ternura<br/>que achamos sempre em ti.</lines>
    </verse>
    <verse name="v2">
      <lines break="optional">Da santa e eterna vida,<br/>da qual tu és autor,<br/>sustento e fortaleza,<br/>és tu também, Senhor.</lines>
      <lines>Sem teu constante amparo,<br/>ficamos sem poder.<br/>De ti, nosso alimento,<br/>queremos nós viver.</lines>
    </verse>
    <verse name="v3">
      <lines break="optional">Ó Cristo, pão da vida,<br/>a ti louvamos nós,<br/>e ao Pai também erguemos<br/>a nossa alegre voz.</lines>
      <lines>Agradecemos sempre,<br/>eterno Redentor,<br/>a tua graça e vida<br/>e teu imenso amor.</lines>
    </verse>
  </lyrics>
</song>
