<?xml version='1.0' encoding='UTF-8'?>
<song xmlns="http://openlyrics.info/namespace/2009/song" version="0.8" createdIn="OpenLP 2.0.1" modifiedIn="OpenLP 2.0.1" modifiedDate="2013-11-14T22:04:26">
  <properties>
    <titles>
      <title>HCC 373 Junto a Ti</title>
      <title>Close To Thee</title>
    </titles>
    <verseOrder>v1 c1 v2 c1 v3 c1 v4 c1</verseOrder>
    <authors>
      <author>Fanny Crosby</author>
      <author>Silas Vail</author>
    </authors>
    <songbooks>
      <songbook name="Hinário Para o Culto Cristão" entry="373"/>
    </songbooks>
  </properties>
  <lyrics>
    <verse name="v1">
      <lines break="optional">Oh, riqueza inestimável<br/>és, amado Salvador,</lines>
      <lines>bem maior que o bem da vida<br/>és, meu Deus e meu Senhor!</lines>
    </verse>
    <verse name="c1">
      <lines break="optional">Junto a ti, junto a ti,<br/>junto a ti, junto a ti,</lines>
      <lines>quero andar contigo sempre<br/>na jornada minha aqui.</lines>
    </verse>
    <verse name="v2">
      <lines break="optional">Os confortos deste mundo<br/>não te venho suplicar.</lines>
      <lines>Mesmo em meio ao sofrimento,<br/>eu contigo quero andar.</lines>
    </verse>
    <verse name="v3">
      <lines break="optional">Pelo vale tão sombrio<br/>ou no mais violento mar,</lines>
      <lines>queira tua mão divina<br/>bem seguro me guardar.</lines>
    </verse>
    <verse name="v4">
      <lines break="optional">Quando entrar, no fim da vida,<br/>na feliz Jerusalém,</lines>
      <lines>estarei contigo sempre,<br/>meu Senhor e sumo bem.</lines>
    </verse>
  </lyrics>
</song>
