<?xml version='1.0' encoding='UTF-8'?>
<song xmlns="http://openlyrics.info/namespace/2009/song" version="0.8" createdIn="OpenLP 2.0.1" modifiedIn="OpenLP 2.0.1" modifiedDate="2013-11-14T22:03:36">
  <properties>
    <titles>
      <title>HCC 108 Vem, Minha Alma, Alegremente</title>
      <title>Warum Sollt Ich</title>
    </titles>
    <verseOrder>v1 v2 v3 v4</verseOrder>
    <authors>
      <author>Paul Gerhardt</author>
      <author>Johann Ebeling</author>
    </authors>
    <songbooks>
      <songbook name="Hinário Para o Culto Cristão" entry="108"/>
    </songbooks>
  </properties>
  <lyrics>
    <verse name="v1">
      <lines break="optional">Vem, minha alma, alegremente<br/>escutar o cantar <br/>de anjos, docemente,</lines>
      <lines>que anunciam ter nascido,<br/>no Natal, divinal,<br/>Cristo, o Prometido.</lines>
    </verse>
    <verse name="v2">
      <lines break="optional">Soa, além da manjedoura,<br/>doce som, suave e bom,<br/>voz animadora:</lines>
      <lines>"Vós libertos do pecado<br/>hoje estais, não temais,<br/>eis-me ao vosso lado!"</lines>
    </verse>
    <verse name="v3">
      <lines break="optional">Vinde, todos vós, a Cristo<br/>adorar sem cessar,<br/>reverentemente;</lines>
      <lines>dai louvores à criança,<br/>pois Jesus, nossa luz,<br/>é nossa esperança.</lines>
    </verse>
    <verse name="v4">
      <lines break="optional">Ao Senhor louvores canto<br/>com amor e fervor,<br/>pois tornou-me santo;</lines>
      <lines>Cristo, cheio de bondade,<br/>ao que creu deu o céu<br/>para a eternidade.</lines>
    </verse>
  </lyrics>
</song>
