<?xml version='1.0' encoding='UTF-8'?>
<song xmlns="http://openlyrics.info/namespace/2009/song" version="0.8" createdIn="OpenLP 2.0.1" modifiedIn="OpenLP 2.0.1" modifiedDate="2013-11-14T22:04:34">
  <properties>
    <titles>
      <title>HCC 414 O Pai Celestial Cuida de Nós</title>
      <title>Mateus 6:25-34</title>
    </titles>
    <copyright>Mateus 6:25-34</copyright>
    <verseOrder>v1 v2 v3 v4 v5 v6 v7</verseOrder>
    <authors>
      <author>Leitura bíblica</author>
    </authors>
    <songbooks>
      <songbook name="Hinário Para o Culto Cristão" entry="414"/>
    </songbooks>
  </properties>
  <lyrics>
    <verse name="v1">
      <lines>Por isso vos digo: Não estejais ansiosos quanto à vossa vida, pelo que haveis de comer, ou pelo que haveis de beber;<br/>nem quanto ao vosso corpo, pelo que haveis de vestir.<br/>Não é a vida mais do que o alimento, e o corpo mais do que o vestuário?</lines>
    </verse>
    <verse name="v2">
      <lines>Olhai para as aves do céu, que não semeiam, nem ceifam, nem ajuntam em celeiros; e vosso Pai celestial as alimenta.<br/>Não valeis vós muito mais do que elas?</lines>
    </verse>
    <verse name="v3">
      <lines>Ora, qual de vós, por mais ansioso que esteja, pode acrescentar um côvado à sua estatura?</lines>
    </verse>
    <verse name="v4">
      <lines>E pelo que haveis de vestir, por que andais ansiosos?<br/>Olhai para os lírios do campo, como crescem; não trabalham nem fiam;<br/>contudo vos digo que nem mesmo Salomão em toda a sua glória se vestiu como um deles.</lines>
    </verse>
    <verse name="v5">
      <lines>Pois, se Deus assim veste a erva do campo, que hoje existe e amanhã é lançada no forno, quanto mais a vós, homens de pouca fé?</lines>
    </verse>
    <verse name="v6">
      <lines>Portanto, não vos inquieteis, dizendo: Que havemos de comer? ou: Que havemos de beber? ou: Com que nos havemos de vestir?<br/>Porque vosso Pai celestial sabe que precisais de tudo isso.</lines>
    </verse>
    <verse name="v7">
      <lines>Mas buscai primeiro o seu reino e a sua justiça, e todas estas coisas vos serão acrescentadas.<br/>Não vos inquieteis, pois, pelo dia de amanhã; porque o dia de amanhã cuidará de si mesmo. Basta a cada dia o seu mal.</lines>
    </verse>
  </lyrics>
</song>
