<?xml version='1.0' encoding='UTF-8'?>
<song xmlns="http://openlyrics.info/namespace/2009/song" version="0.8" createdIn="OpenLP 2.0.1" modifiedIn="OpenLP 2.0.1" modifiedDate="2013-11-14T22:03:36">
  <properties>
    <titles>
      <title>HCC 111 O Mandamento de Jesus</title>
      <title>João 15:12, 10</title>
    </titles>
    <copyright>João 15:12, 10</copyright>
    <verseOrder>v1</verseOrder>
    <authors>
      <author>Leitura bíblica</author>
    </authors>
    <songbooks>
      <songbook name="Hinário Para o Culto Cristão" entry="111"/>
    </songbooks>
  </properties>
  <lyrics>
    <verse name="v1">
      <lines>O meu mandamento é este: Que vos ameis uns aos outros,<br/>assim como eu vos amei.<br/>Se guardardes os meus mandamentos,<br/>permanecereis no meu amor;<br/>do mesmo modo que eu tenho guardado os mandamentos de meu Pai,<br/>e permaneço no seu amor.</lines>
    </verse>
  </lyrics>
</song>
