<?xml version='1.0' encoding='UTF-8'?>
<song xmlns="http://openlyrics.info/namespace/2009/song" version="0.8" createdIn="OpenLP 2.0.1" modifiedIn="OpenLP 2.0.1" modifiedDate="2013-11-14T22:03:44">
  <properties>
    <titles>
      <title>HCC 150 Será de Manhã?</title>
      <title>Christ Returneth</title>
    </titles>
    <verseOrder>v1 c1 v2 c1 v3 c1</verseOrder>
    <authors>
      <author>James McGranahan</author>
      <author>H. Turner</author>
    </authors>
    <songbooks>
      <songbook name="Hinário Para o Culto Cristão" entry="150"/>
    </songbooks>
  </properties>
  <lyrics>
    <verse name="v1">
      <lines>Será de manhã, no começo do dia?<br/>Será quando a luz pelas trevas penetra<br/>que Cristo há de vir, com os anjos da glória,<br/>receber deste mundo os seus?</lines>
    </verse>
    <verse name="c1">
      <lines break="optional">Ó Jesus, Salvador, Senhor,<br/>quando vamos cantar:</lines>
      <lines>Cristo volta, aleluia,<br/>aleluia, amém,<br/>aleluia, amém?</lines>
    </verse>
    <verse name="v2">
      <lines>Será na aurora? Será pela tarde?<br/>Será quando as trevas da noite chegarem<br/>que a glória de Cristo há de vir sobre os homens,<br/>para ao céu os fiéis conduzir?</lines>
    </verse>
    <verse name="v3">
      <lines>Oh, glória sem fim quando, a morte vencida,<br/>Jesus revestir-nos de perfeita vida<br/>e todos nós formos morar para sempre<br/>nesse lar que Jesus preparou!</lines>
    </verse>
  </lyrics>
</song>
