<?xml version='1.0' encoding='UTF-8'?>
<song xmlns="http://openlyrics.info/namespace/2009/song" version="0.8" createdIn="OpenLP 2.0.1" modifiedIn="OpenLP 2.0.1" modifiedDate="2013-11-14T22:04:45">
  <properties>
    <titles>
      <title>HCC 454 Eu Sou de Jesus</title>
      <title>Eu Sou de Jesus</title>
    </titles>
    <verseOrder>v1 c1 v2 c1 v3 c1</verseOrder>
    <authors>
      <author>Bentley Ackley</author>
      <author>James Rowe</author>
    </authors>
    <songbooks>
      <songbook name="Hinário Para o Culto Cristão" entry="454"/>
    </songbooks>
  </properties>
  <lyrics>
    <verse name="v1">
      <lines break="optional">Mui triste eu andava, aflito e sem paz,<br/>mas eu hoje tenho alegria veraz</lines>
      <lines>e constantemente bendigo a meu Deus.<br/>É claro o motivo: eu sou de Jesus.</lines>
    </verse>
    <verse name="c1">
      <lines break="optional">Eu sou de Jesus, aleluia!<br/>Eu sou de Jesus, meu Senhor.</lines>
      <lines>Não quero falhar, mas quero falar,<br/>andar e viver com Jesus.</lines>
    </verse>
    <verse name="v2">
      <lines break="optional">Sofrendo vivia nas garras do mal;<br/>o mundo atirou-me no abismo fatal.</lines>
      <lines>Agora, qual ave que voa nos céus,<br/>eu vivo contente, pois sou de Jesus.</lines>
    </verse>
    <verse name="v3">
      <lines break="optional">Se estás perturbado, por que lamentar?<br/>Encontras em Cristo riquezas sem par:</lines>
      <lines>perdão, alegria, amor, salvação.<br/>Oh, vem, vem a Cristo sem hesitação!</lines>
    </verse>
  </lyrics>
</song>
