<?xml version='1.0' encoding='UTF-8'?>
<song xmlns="http://openlyrics.info/namespace/2009/song" version="0.8" createdIn="OpenLP 2.0.1" modifiedIn="OpenLP 2.0.1" modifiedDate="2013-11-14T22:04:53">
  <properties>
    <titles>
      <title>HCC 496 Barnabé, Homem de Deus</title>
      <title>Barnabé</title>
    </titles>
    <verseOrder>v1 c1 v2 c1 v3 c1</verseOrder>
    <authors>
      <author>Guilherne Kerr Neto</author>
      <author>Jorge Rehder</author>
    </authors>
    <songbooks>
      <songbook name="Hinário Para o Culto Cristão" entry="496"/>
    </songbooks>
  </properties>
  <lyrics>
    <verse name="v1">
      <lines break="optional">Não fica bem a gente passar bem e o outro carestia,<br/>ainda mais quando se sabe o que fazer e não se faz.</lines>
      <lines>Como fruto do amor de Cristo, fruto do seu compromisso,<br/>vendeu um homem o que tinha e repartiu.</lines>
    </verse>
    <verse name="c1">
      <lines break="optional">Era seu nome Barnabé, natural de Chipre,<br/>também chamado de José da Consolação,</lines>
      <lines>homem bom e piedoso, cheio de temor e fé,<br/>homem de Deus.</lines>
    </verse>
    <verse name="v2">
      <lines break="optional">E quando Saulo converteu-se a Cristo lhe faltou amigo,<br/>alguém que fosse companheiro, fonte de consolo e abrigo.</lines>
      <lines>Como fruto do amor de Cristo, fruto do seu compromisso,<br/>foi um homem procurá-lo, dando-lhe a mão.</lines>
    </verse>
    <verse name="v3">
      <lines break="optional">E quando a igreja se espalhou por todo canto que havia,<br/>por providência, sim, por mão de Deus chegou a Antioquia.</lines>
      <lines>Precisando de um pastor de almas, mesmo de um pastor de homens,<br/>foram procurar aquele que Deus preparou.</lines>
    </verse>
  </lyrics>
</song>
