<?xml version='1.0' encoding='UTF-8'?>
<song xmlns="http://openlyrics.info/namespace/2009/song" version="0.8" createdIn="OpenLP 2.0.1" modifiedIn="OpenLP 2.0.1" modifiedDate="2013-11-14T22:04:18">
  <properties>
    <titles>
      <title>HCC 334 Meu Divino Protetor</title>
      <title>Aberystwyth</title>
    </titles>
    <verseOrder>v1 v2 v3</verseOrder>
    <authors>
      <author>Charles Wesley</author>
      <author>Joseph Parry</author>
    </authors>
    <songbooks>
      <songbook name="Hinário Para o Culto Cristão" entry="334"/>
    </songbooks>
  </properties>
  <lyrics>
    <verse name="v1">
      <lines break="optional">Meu divino protetor,<br/>quero em ti me refugiar,<br/>pois as ondas de terror<br/>ameaçam me tragar.</lines>
      <lines>Quase estou a perecer;<br/>dá-me tua proteção,<br/>pois guardado em teu poder,<br/>não receio o furacão.</lines>
    </verse>
    <verse name="v2">
      <lines break="optional">Cristo, és tudo em meu viver:<br/>tudo em ti eu posso achar.<br/>Os enfermos, com poder,<br/>só tu podes levantar.</lines>
      <lines>És bondoso e santo, ó Deus,<br/>sou ingrato pecador.<br/>Vem, dirige os passos meus;<br/>santifica-me, Senhor.</lines>
    </verse>
    <verse name="v3">
      <lines break="optional">Graça imensa em ti se achou<br/>para tudo perdoar;<br/>sangue teu se derramou<br/>que me vai purificar.</lines>
      <lines>Fonte tu de todo bem,<br/>dá-me sempre de beber.<br/>Confortar minha alma vem;<br/>queiras sempre me valer.</lines>
    </verse>
  </lyrics>
</song>
