<?xml version='1.0' encoding='UTF-8'?>
<song xmlns="http://openlyrics.info/namespace/2009/song" version="0.8" createdIn="OpenLP 2.0.1" modifiedIn="OpenLP 2.0.1" modifiedDate="2013-11-14T22:03:37">
  <properties>
    <titles>
      <title>HCC 112 Vem, Jesus, Habitar Comigo!</title>
      <title>Room In My Heart</title>
    </titles>
    <verseOrder>v1 c1 v2 c1 v3 c1 v4 c1</verseOrder>
    <authors>
      <author>Emily Elliott</author>
      <author>Ira Sankey</author>
    </authors>
    <songbooks>
      <songbook name="Hinário Para o Culto Cristão" entry="112"/>
    </songbooks>
  </properties>
  <lyrics>
    <verse name="v1">
      <lines break="optional">Tu deixaste, Jesus,<br/>o teu reino de luz,<br/>e desceste a este mundo tão vil,</lines>
      <lines>um presépio, em Belém,<br/>tu, Jesus, Sumo Bem,<br/>escolheste por berço infantil.</lines>
    </verse>
    <verse name="c1">
      <lines break="optional">Vem, Jesus, habitar comigo,<br/>em minha alma há lugar; oh, vem já!</lines>
      <lines>Vem, Jesus, habitar comigo,<br/>em minha alma há lugar; oh, vem já!</lines>
    </verse>
    <verse name="v2">
      <lines break="optional">Alegraram-se os céus<br/>com os santos de Deus,<br/>sim, por teres nascido, Jesus,</lines>
      <lines>vindo ao mundo trazer<br/>salvação ao que crer<br/>na mensagem bendita da cruz.</lines>
    </verse>
    <verse name="v3">
      <lines break="optional">Tu vieste, Senhor,<br/>revelar-nos amor,<br/>e te aprouve do mal nos salvar.</lines>
      <lines>Tu provaste do fel,<br/>sofrimento cruel;<br/>morte, enfim, te fizeram provar.</lines>
    </verse>
    <verse name="v4">
      <lines break="optional">Outra vez tu virás<br/>e por mim chamarás,<br/>rodeado dos anjos de Deus.</lines>
      <lines>Que alegria pra mim,<br/>ao dizeres assim:<br/>"Um lugar te darei eu nos céus!"</lines>
    </verse>
  </lyrics>
</song>
