<?xml version='1.0' encoding='UTF-8'?>
<song xmlns="http://openlyrics.info/namespace/2009/song" version="0.8" createdIn="OpenLP 2.0.1" modifiedIn="OpenLP 2.0.1" modifiedDate="2013-11-14T22:04:07">
  <properties>
    <titles>
      <title>HCC 273 A Bênção Sacerdotal</title>
      <title>Números 6:24-26</title>
    </titles>
    <copyright>Números 6:24-26</copyright>
    <verseOrder>v1</verseOrder>
    <authors>
      <author>Leitura bíblica</author>
    </authors>
    <songbooks>
      <songbook name="Hinário Para o Culto Cristão" entry="273"/>
    </songbooks>
  </properties>
  <lyrics>
    <verse name="v1">
      <lines break="optional">O Senhor te abençoe e te guarde;<br/>o Senhor faça resplandecer o seu rosto sobre ti,</lines>
      <lines>e tenha misericórdia de ti;<br/>o Senhor levante sobre ti o seu rosto, e te dê a paz.</lines>
    </verse>
  </lyrics>
</song>
