<?xml version='1.0' encoding='UTF-8'?>
<song xmlns="http://openlyrics.info/namespace/2009/song" version="0.8" createdIn="OpenLP 2.0.1" modifiedIn="OpenLP 2.0.1" modifiedDate="2013-11-14T22:03:57">
  <properties>
    <titles>
      <title>HCC 223 Alegres, Adorai</title>
      <title>Darwall</title>
    </titles>
    <verseOrder>v1 c1 v2 c1 v3 c1</verseOrder>
    <authors>
      <author>Charles Wesley</author>
      <author>John Darwall</author>
    </authors>
    <songbooks>
      <songbook name="Hinário Para o Culto Cristão" entry="223"/>
    </songbooks>
  </properties>
  <lyrics>
    <verse name="v1">
      <lines>Alegres, adorai<br/>ao Redentor Jesus.<br/>Louvor e graças dai<br/>a quem venceu na cruz.</lines>
    </verse>
    <verse name="c1">
      <lines>Em alta voz,<br/>ao vosso Deus cantai,<br/>ao Pai de amor louvai.</lines>
    </verse>
    <verse name="v2">
      <lines>O vosso Redentor<br/>sofreu humilhação;<br/>na cruz mostrou o amor<br/>que aos homens dá perdão.</lines>
    </verse>
    <verse name="v3">
      <lines>Na terra ou céu além<br/>Jesus dominará.<br/>E a glória que ele tem<br/>aos crentes mostrará.</lines>
    </verse>
  </lyrics>
</song>
