<?xml version='1.0' encoding='UTF-8'?>
<song xmlns="http://openlyrics.info/namespace/2009/song" version="0.8" createdIn="OpenLP 2.0.1" modifiedIn="OpenLP 2.0.1" modifiedDate="2013-11-14T22:03:56">
  <properties>
    <titles>
      <title>HCC 215 Livro Santo</title>
      <title>Livro Santo</title>
    </titles>
    <verseOrder>v1 c1 v2 c1 v3 c1</verseOrder>
    <authors>
      <author>Gerda Sodré</author>
    </authors>
    <songbooks>
      <songbook name="Hinário Para o Culto Cristão" entry="215"/>
    </songbooks>
  </properties>
  <lyrics>
    <verse name="v1">
      <lines break="optional">Livro santo, Sagrada Escritura,<br/>és a firme Palavra de Deus,</lines>
      <lines>que não muda, jamais envelhece<br/>e transmite mensagem do céu.</lines>
    </verse>
    <verse name="c1">
      <lines break="optional">És espelho, martelo e espada;<br/>és o amigo melhor do cristão.</lines>
      <lines>Livro santo, Divina Palavra,<br/>fortaleza do meu coração.</lines>
    </verse>
    <verse name="v2">
      <lines break="optional">Bíblia santa, és a luz no caminho<br/>deste mundo enganoso e carnal;</lines>
      <lines>iluminas meus passos pra sempre,<br/>dando força e vigor perenal.</lines>
    </verse>
    <verse name="v3">
      <lines break="optional">És de Deus a mensagem sagrada,<br/>que proclama de Cristo o perdão;</lines>
      <lines>com promessas preciosas, tão lindas,<br/>de levar-me à celeste mansão.</lines>
    </verse>
  </lyrics>
</song>
