<?xml version='1.0' encoding='UTF-8'?>
<song xmlns="http://openlyrics.info/namespace/2009/song" version="0.8" createdIn="OpenLP 2.0.1" modifiedIn="OpenLP 2.0.1" modifiedDate="2013-11-14T22:04:03">
  <properties>
    <titles>
      <title>HCC 254 Cristo, Só Cristo</title>
      <title>Without him</title>
    </titles>
    <verseOrder>v1 c1 v2 c1</verseOrder>
    <authors>
      <author>Mylon LeFevre</author>
    </authors>
    <songbooks>
      <songbook name="Hinário Para o Culto Cristão" entry="254"/>
    </songbooks>
  </properties>
  <lyrics>
    <verse name="v1">
      <lines>Sem Cristo eu nada seria,<br/>sem Cristo não sei andar;<br/>sem Cristo eu vagaria<br/>qual barquinho no imenso mar.</lines>
    </verse>
    <verse name="c1">
      <lines>Cristo, só Cristo!<br/>Queres hoje aceitar<br/>este amigo sem par?<br/>Só Cristo, só Cristo!<br/>Sem ele não há salvação.</lines>
    </verse>
    <verse name="v2">
      <lines>Sem Cristo eu morreria,<br/>sem Cristo preso eu estou;<br/>sem Cristo eu desistiria,<br/>mas, com ele, salvo e livre sou.</lines>
    </verse>
  </lyrics>
</song>
