<?xml version='1.0' encoding='UTF-8'?>
<song xmlns="http://openlyrics.info/namespace/2009/song" version="0.8" createdIn="OpenLP 2.0.1" modifiedIn="OpenLP 2.0.1" modifiedDate="2013-11-14T22:04:53">
  <properties>
    <titles>
      <title>HCC 499 Ouvi Contar a História de Jesus</title>
      <title>Hartford</title>
    </titles>
    <verseOrder>v1 c1 v2 c1 v3 c1</verseOrder>
    <authors>
      <author>Eugene Bartlett</author>
    </authors>
    <songbooks>
      <songbook name="Hinário Para o Culto Cristão" entry="499"/>
    </songbooks>
  </properties>
  <lyrics>
    <verse name="v1">
      <lines break="optional">Ouvi contar a história <br/>de Jesus, o Rei da glória,<br/>que do céu desceu e aqui viveu<br/>porque me quis salvar.</lines>
      <lines>Ouvi do sofrimento<br/>que ele padeceu, morrendo.<br/>Arrependi-me e confiei<br/>em Cristo, o Salvador.</lines>
    </verse>
    <verse name="c1">
      <lines break="optional">Jesus me dá vitória,<br/>vitória completa.<br/>Buscou-me, comprou-me<br/>com sangue remidor.</lines>
      <lines>De coração amou-me,<br/>da perdição salvou-me.<br/>Vitória me assegurou<br/>Jesus, meu Salvador.</lines>
    </verse>
    <verse name="v2">
      <lines break="optional">Jesus aqui curava;<br/>seu poder favor mostrava.<br/>Aleijados Cristo fez andar<br/>e aos cegos deu visão.</lines>
      <lines>Clamei a Cristo: "Cura<br/>meu espírito em tortura."<br/>Minha alma ele então limpou<br/>e deu-me a salvação.</lines>
    </verse>
    <verse name="v3">
      <lines break="optional">Ouvi de um lar glorioso que Jesus,<br/>meu Rei bondoso,<br/>preparou nos céus,<br/>e um dia ali com ele habitarei.</lines>
      <lines>E no celeste coro<br/>cantarei a antiga história.<br/>Ao meu Senhor e Salvador<br/>pra sempre louvarei.</lines>
    </verse>
  </lyrics>
</song>
