<?xml version='1.0' encoding='UTF-8'?>
<song xmlns="http://openlyrics.info/namespace/2009/song" version="0.8" createdIn="OpenLP 2.0.1" modifiedIn="OpenLP 2.0.1" modifiedDate="2013-11-14T22:04:50">
  <properties>
    <titles>
      <title>HCC 482 Eu Quero Fazer o Que Queres, Senhor</title>
      <title>Manchester</title>
    </titles>
    <verseOrder>v1 c1 v2 c1 v3 c1</verseOrder>
    <authors>
      <author>Mary Brown</author>
      <author>Carrie Rounsefell</author>
    </authors>
    <songbooks>
      <songbook name="Hinário Para o Culto Cristão" entry="482"/>
    </songbooks>
  </properties>
  <lyrics>
    <verse name="v1">
      <lines break="optional">Nem sempre será pra o lugar que eu quiser<br/>que o Mestre me vai enviar.<br/>É tão grande a seara, já pronta a colher,<br/>na qual eu irei trabalhar.</lines>
      <lines>E se, por caminhos que nunca segui,<br/>a tua chamada eu ouvir,<br/>feliz certo irei, dirigido por ti,<br/>a tua vontade cumprir.</lines>
    </verse>
    <verse name="c1">
      <lines break="optional">Eu quero fazer o que queres, Senhor.<br/>Por ti sustentado serei.</lines>
      <lines>E quero dizer o que queres, Senhor,<br/>e assim meu dever cumprirei.</lines>
    </verse>
    <verse name="v2">
      <lines break="optional">Há tantas palavras de amor e perdão<br/>que aos outros eu posso levar,<br/>porque nos caminhos dos vícios estão<br/>perdidos que devo ir buscar.</lines>
      <lines>Senhor, se com tua presença real<br/>tu fores pra fortalecer,<br/>darei a mensagem de servo leal<br/>com zelo, fervor e prazer.</lines>
    </verse>
    <verse name="v3">
      <lines break="optional">Eu quero encontrar um obscuro lugar<br/>na tua seara, Senhor.<br/>Enquanto viver, eu irei trabalhar<br/>com fé e coragem e amor.</lines>
      <lines>De ti meu sustento bem sei que virá,<br/>eu nada preciso temer.<br/>A tua vontade, sim, minha será;<br/>um servo fiel quero ser.</lines>
    </verse>
  </lyrics>
</song>
