<?xml version='1.0' encoding='UTF-8'?>
<song xmlns="http://openlyrics.info/namespace/2009/song" version="0.8" createdIn="OpenLP 2.0.1" modifiedIn="OpenLP 2.0.1" modifiedDate="2013-11-14T22:04:28">
  <properties>
    <titles>
      <title>HCC 385 Pai Nosso</title>
      <title>Mateus 6:5-13</title>
    </titles>
    <copyright>Mateus 6:5-13</copyright>
    <verseOrder>v1 v2 v3 v4 v5</verseOrder>
    <authors>
      <author>Leitura bíblica</author>
    </authors>
    <songbooks>
      <songbook name="Hinário Para o Culto Cristão" entry="385"/>
    </songbooks>
  </properties>
  <lyrics>
    <verse name="v1">
      <lines>E, quando orardes, não sejais como os hipócritas;<br/>pois gostam de orar em pé nas sinagogas, e às esquinas das ruas, para serem vistos pelos homens.<br/>Em verdade vos digo que já receberam a sua recompensa.</lines>
    </verse>
    <verse name="v2">
      <lines>Mas tu, quando orares, entra no teu quarto e, fechando a porta, ora a teu Pai que está em secreto;<br/>e teu Pai, que vê em secreto, te recompensará.</lines>
    </verse>
    <verse name="v3">
      <lines>E, orando, não useis de vãs repetições, como os gentios;<br/>porque pensam que pelo seu muito falar serão ouvidos.<br/>Não vos assemelheis, pois, a eles;<br/>porque vosso Pai sabe o que vos é necessário, antes de vós lho pedirdes. Portanto, orai vós deste modo:</lines>
    </verse>
    <verse name="v4">
      <lines>Pai nosso que estás nos céus, santificado seja o teu nome;<br/>venha o teu reino, seja feita a tua vontade, assim na terra como no céu;<br/>o pão nosso de cada dia nos dá hoje; e perdoa-nos as nossas dívidas, assim como nós também temos perdoado aos nossos devedores;<br/>e não nos deixes entrar em tentação; mas livra-nos do mal.</lines>
    </verse>
    <verse name="v5">
      <lines>Porque teu é o reino e o poder, e a glória para sempre.<br/>Amém.</lines>
    </verse>
  </lyrics>
</song>
