<?xml version='1.0' encoding='UTF-8'?>
<song xmlns="http://openlyrics.info/namespace/2009/song" version="0.8" createdIn="OpenLP 2.0.1" modifiedIn="OpenLP 2.0.1" modifiedDate="2013-11-14T22:04:35">
  <properties>
    <titles>
      <title>HCC 416 Nossa Morada Na Rocha Está</title>
      <title>Rocha Firme</title>
    </titles>
    <verseOrder>v1 c1 v2 c1 v3 c1</verseOrder>
    <authors>
      <author>William Kirkpatrick</author>
      <author>Priscilla Owens</author>
    </authors>
    <songbooks>
      <songbook name="Hinário Para o Culto Cristão" entry="416"/>
    </songbooks>
  </properties>
  <lyrics>
    <verse name="v1">
      <lines break="optional">Que alicerce tendes pra construir<br/>uma casa firme pra resistir</lines>
      <lines>grande tempestade que há de chegar<br/>e a instável casa há de derrubar?</lines>
    </verse>
    <verse name="c1">
      <lines break="optional">Nossa morada na Rocha está.<br/>Firme e segura ela ficará;</lines>
      <lines>quando o temporal contra ela der,<br/>há de resistir e permanecer.</lines>
    </verse>
    <verse name="v2">
      <lines break="optional">Como faz a areia na fundação,<br/>fazem nossas obras na salvação;</lines>
      <lines>pois alguém que nelas somente crê<br/>no Senhor Jesus inda não tem fé.</lines>
    </verse>
    <verse name="v3">
      <lines break="optional">Os cristãos, porém, que na Rocha creem,<br/>pelas obras mostram a fé que têm;</lines>
      <lines>com a fé firmada no Salvador,<br/>na maior tormenta não têm pavor.</lines>
    </verse>
  </lyrics>
</song>
