<?xml version='1.0' encoding='UTF-8'?>
<song xmlns="http://openlyrics.info/namespace/2009/song" version="0.8" createdIn="OpenLP 2.0.1" modifiedIn="OpenLP 2.0.1" modifiedDate="2013-11-14T22:03:28">
  <properties>
    <titles>
      <title>HCC 062 Jesus, Sempre Te Amo</title>
      <title>Gordon</title>
    </titles>
    <verseOrder>v1 v2 v3</verseOrder>
    <authors>
      <author>Adoniram Gordon</author>
      <author>William Featherstone</author>
    </authors>
    <songbooks>
      <songbook name="Hinário Para o Culto Cristão" entry="062"/>
    </songbooks>
  </properties>
  <lyrics>
    <verse name="v1">
      <lines>Jesus, sempre te amo porque sei que és meu;<br/>feliz eu te rendo louvor que é só teu.<br/>Meu Mestre divino, Senhor e meu Rei,<br/>a ti, ó meu Cristo, me submeterei.</lines>
    </verse>
    <verse name="v2">
      <lines>Eu te amo porque tu morreste por mim;<br/>eu te amo porque teu amor não tem fim.<br/>Em ti confiança pra sempre terei<br/>e a ti, ó meu Cristo, me submeterei.</lines>
    </verse>
    <verse name="v3">
      <lines>Eu te amo na vida e na morte também;<br/>sempre hei de louvar-te na glória de além.<br/>Agora e pra sempre por ti viverei<br/>e a ti, ó meu Cristo, me submeterei.</lines>
    </verse>
  </lyrics>
</song>
