<?xml version='1.0' encoding='UTF-8'?>
<song xmlns="http://openlyrics.info/namespace/2009/song" version="0.8" createdIn="OpenLP 2.0.1" modifiedIn="OpenLP 2.0.1" modifiedDate="2013-11-14T22:04:05">
  <properties>
    <titles>
      <title>HCC 263 É Cristo Quem Nos Justifica</title>
      <title>Romanos 1:16, 17</title>
    </titles>
    <copyright>Romanos 1:16, 17</copyright>
    <verseOrder>v1 v2</verseOrder>
    <authors>
      <author>Leitura bíblica</author>
    </authors>
    <songbooks>
      <songbook name="Hinário Para o Culto Cristão" entry="263"/>
    </songbooks>
  </properties>
  <lyrics>
    <verse name="v1">
      <lines>Porque não me envergonho do evangelho, pois é o poder de Deus para salvação de todo aquele que crê.<br/>Porque no evangelho é revelada, de fé em fé, a justiça de Deus, como está escrito:</lines>
    </verse>
    <verse name="v2">
      <lines>Mas o justo viverá da fé.</lines>
    </verse>
  </lyrics>
</song>
