<?xml version='1.0' encoding='UTF-8'?>
<song xmlns="http://openlyrics.info/namespace/2009/song" version="0.8" createdIn="OpenLP 2.0.1" modifiedIn="OpenLP 2.0.1" modifiedDate="2013-11-14T22:04:20">
  <properties>
    <titles>
      <title>HCC 346 Oh, Não Consintas Tristezas!</title>
      <title>Reis</title>
    </titles>
    <verseOrder>v1 c1 v2 c1 v3 c1</verseOrder>
    <authors>
      <author>David Hodges</author>
      <author>Fanny Crosby</author>
    </authors>
    <songbooks>
      <songbook name="Hinário Para o Culto Cristão" entry="346"/>
    </songbooks>
  </properties>
  <lyrics>
    <verse name="v1">
      <lines break="optional">Oh, não consintas tristezas<br/>dentro do teu coração!</lines>
      <lines>Tendo fé firme no Mestre,<br/>segue-o sem hesitação.</lines>
    </verse>
    <verse name="c1">
      <lines break="optional">Oh, não consintas que alguma tristeza<br/>fique no teu coração,</lines>
      <lines>pois Cristo em todo momento<br/>é tua proteção.</lines>
    </verse>
    <verse name="v2">
      <lines break="optional">Se por acaso o desgosto<br/>vier esfriar teu amor,</lines>
      <lines>nunca te esqueças de Cristo,<br/>que é teu maior protetor.</lines>
    </verse>
    <verse name="v3">
      <lines break="optional">Deixa, pois, tua tristeza,<br/>toda incerteza e temor;</lines>
      <lines>paz, alegria e conforto<br/>sempre terás no Senhor.</lines>
    </verse>
  </lyrics>
</song>
