<?xml version='1.0' encoding='UTF-8'?>
<song xmlns="http://openlyrics.info/namespace/2009/song" version="0.8" createdIn="OpenLP 2.0.1" modifiedIn="OpenLP 2.0.1" modifiedDate="2013-11-14T22:04:36">
  <properties>
    <titles>
      <title>HCC 420 De Manhã, Deixando o Leito</title>
      <title>Repouso</title>
    </titles>
    <verseOrder>v1 v2 v3</verseOrder>
    <authors>
      <author>Antônio Gonçalves</author>
      <author>Melodia brasileira</author>
    </authors>
    <songbooks>
      <songbook name="Hinário Para o Culto Cristão" entry="420"/>
    </songbooks>
  </properties>
  <lyrics>
    <verse name="v1">
      <lines break="optional">De manhã, deixando o leito,<br/>faço a Deus minha oração;</lines>
      <lines>dou-lhe graças pela noite<br/>de repouso e proteção.</lines>
    </verse>
    <verse name="v2">
      <lines break="optional">Mas também, durante o dia,<br/>grato sou ao meu Senhor</lines>
      <lines>pelo pão, o lar e a vida,<br/>que me provam seu amor.</lines>
    </verse>
    <verse name="v3">
      <lines break="optional">E depois, vindo a noitinha,<br/>novamente, ao me deitar,</lines>
      <lines>oro a Deus e, com mil graças,<br/>durmo em paz, sem recear.</lines>
    </verse>
  </lyrics>
</song>
