<?xml version='1.0' encoding='UTF-8'?>
<song xmlns="http://openlyrics.info/namespace/2009/song" version="0.8" createdIn="OpenLP 2.0.1" modifiedIn="OpenLP 2.0.1" modifiedDate="2013-11-14T22:04:12">
  <properties>
    <titles>
      <title>HCC 301 Remido</title>
      <title>Ada</title>
    </titles>
    <verseOrder>v1 c1 v2 c1 v3 c1</verseOrder>
    <authors>
      <author>Fanny Crosby</author>
      <author>Aubrey Butler</author>
    </authors>
    <songbooks>
      <songbook name="Hinário Para o Culto Cristão" entry="301"/>
    </songbooks>
  </properties>
  <lyrics>
    <verse name="v1">
      <lines break="optional">Remido, eu vou proclamar,<br/>remido por preço real.</lines>
      <lines>Remido por Cristo na morte,<br/>eu tenho a paz eternal.</lines>
    </verse>
    <verse name="c1">
      <lines break="optional">Remido! Remido<br/>no sangue purificador!</lines>
      <lines>Remido pra sempre por Cristo,<br/>fui salvo por seu santo amor.</lines>
    </verse>
    <verse name="v2">
      <lines break="optional">Remido e feliz, com Jesus<br/>eu vivo e posso cantar.</lines>
      <lines>Na luz da presença de Cristo<br/>eu vou para sempre andar.</lines>
    </verse>
    <verse name="v3">
      <lines break="optional">Pensando no meu Redentor,<br/>pensando, vou sempre orar.</lines>
      <lines>Vivendo, eu quero servi-lo<br/>e um dia no céu vou cantar.</lines>
    </verse>
  </lyrics>
</song>
