<?xml version='1.0' encoding='UTF-8'?>
<song xmlns="http://openlyrics.info/namespace/2009/song" version="0.8" createdIn="OpenLP 2.0.1" modifiedIn="OpenLP 2.0.1" modifiedDate="2013-11-14T22:03:31">
  <properties>
    <titles>
      <title>HCC 080 Bendito Seja Sempre o Cordeiro</title>
      <title>De Todas as Tribos</title>
    </titles>
    <verseOrder>v1 c1 v2 c1</verseOrder>
    <authors>
      <author>Guilherne Kerr Neto</author>
      <author>Jorge Camargo Filho</author>
    </authors>
    <songbooks>
      <songbook name="Hinário Para o Culto Cristão" entry="080"/>
    </songbooks>
  </properties>
  <lyrics>
    <verse name="v1">
      <lines break="optional">De todas as tribos, povos e raças,<br/>muitos virão te louvar.</lines>
      <lines>De tantas culturas, línguas e nações,<br/>no tempo e no espaço, virão te adorar.</lines>
    </verse>
    <verse name="c1">
      <lines break="optional">Bendito seja sempre o Cordeiro,<br/>Filho de Deus, raiz de Davi;</lines>
      <lines>bendito seja o seu santo nome,<br/>Cristo Jesus, presente aqui.</lines>
    </verse>
    <verse name="v2">
      <lines break="optional">Remidos, comprados, do mundo inteiro<br/>muitos virão te louvar.</lines>
      <lines>Teus filhos eleitos, povo especial,<br/>no tempo e no espaço, virão te adorar.</lines>
    </verse>
  </lyrics>
</song>
