<?xml version='1.0' encoding='UTF-8'?>
<song xmlns="http://openlyrics.info/namespace/2009/song" version="0.8" createdIn="OpenLP 2.0.1" modifiedIn="OpenLP 2.0.1" modifiedDate="2013-11-14T22:03:18">
  <properties>
    <titles>
      <title>HCC 015 Ó Minha Alma, a Deus Bendize</title>
      <title>Lauda Anima</title>
    </titles>
    <verseOrder>v1 v2 v3 v4</verseOrder>
    <authors>
      <author>Henry Lyte</author>
      <author>Mark Andrews</author>
    </authors>
    <songbooks>
      <songbook name="Hinário Para o Culto Cristão" entry="015"/>
    </songbooks>
  </properties>
  <lyrics>
    <verse name="v1">
      <lines>Ó minha alma, a Deus bendize<br/>em humilde adoração.<br/>Nada há mais que te escravize<br/>no pecado e escuridão.<br/>Oh, louvai-o! Oh, louvai-o!<br/>Ele é Rei da criação.</lines>
    </verse>
    <verse name="v2">
      <lines>Pelo seu favor e graça<br/>que outorgou a nossos pais<br/>e por tudo que Deus faça<br/>bendizei-o mais e mais.<br/>Oh, louvai-o! Oh, louvai-o!<br/>É fiel a nós, mortais.</lines>
    </verse>
    <verse name="v3">
      <lines>Se estivermos em perigo,<br/>nosso Deus nos guardará.<br/>Ele a força do inimigo<br/>para sempre vencerá.<br/>Oh, louvai-o! Oh, louvai-o<br/>pelas bênçãos que ele dá!</lines>
    </verse>
    <verse name="v4">
      <lines>Anjos e homens, reverentes,<br/>adorai-o com fervor.<br/>Luz, estrelas, sol fulgente<br/>que ao espaço dais fulgor,<br/>oh, louvai-o! Oh, louvai-o,<br/>pois é Deus de graça e amor!</lines>
    </verse>
  </lyrics>
</song>
