<?xml version='1.0' encoding='UTF-8'?>
<song xmlns="http://openlyrics.info/namespace/2009/song" version="0.8" createdIn="OpenLP 2.0.1" modifiedIn="OpenLP 2.0.1" modifiedDate="2013-11-14T22:04:15">
  <properties>
    <titles>
      <title>HCC 316 Só em Pensar em Ti, Jesus</title>
      <title>St. Agnes</title>
    </titles>
    <verseOrder>v1 v2 v3 v4</verseOrder>
    <authors>
      <author>John Dykes</author>
      <author>Bernard Clairvaux</author>
    </authors>
    <songbooks>
      <songbook name="Hinário Para o Culto Cristão" entry="316"/>
    </songbooks>
  </properties>
  <lyrics>
    <verse name="v1">
      <lines break="optional">Só em pensar em ti, Jesus,<br/>sinto alegria e paz;</lines>
      <lines>é bem melhor teu rosto ver,<br/>descanso tu me dás.</lines>
    </verse>
    <verse name="v2">
      <lines break="optional">Nome tão meigo não se ouviu<br/>na terra nem nos céus.</lines>
      <lines>É doce o nome de Jesus,<br/>Filho do eterno Deus!</lines>
    </verse>
    <verse name="v3">
      <lines break="optional">Ao abatido coração<br/>Cristo esperança traz;</lines>
      <lines>ao que faminto vem pedir,<br/>bondoso, satisfaz.</lines>
    </verse>
    <verse name="v4">
      <lines break="optional">Nossa alegria és tu, Jesus,<br/>prêmio que é dado aos teus.</lines>
      <lines>És nossa glória e salvação<br/>agora e lá nos céus.</lines>
    </verse>
  </lyrics>
</song>
