<?xml version='1.0' encoding='UTF-8'?>
<song xmlns="http://openlyrics.info/namespace/2009/song" version="0.8" createdIn="OpenLP 2.0.1" modifiedIn="OpenLP 2.0.1" modifiedDate="2013-11-14T22:04:20">
  <properties>
    <titles>
      <title>HCC 344 Firme nas Promessas</title>
      <title>Promises</title>
    </titles>
    <verseOrder>v1 c1 v2 c1 v3 c1</verseOrder>
    <authors>
      <author>Russel Carter</author>
    </authors>
    <songbooks>
      <songbook name="Hinário Para o Culto Cristão" entry="344"/>
    </songbooks>
  </properties>
  <lyrics>
    <verse name="v1">
      <lines break="optional">Firme nas promessas do meu Salvador,<br/>cantarei louvores ao meu Criador.</lines>
      <lines>Sempre permaneço, pelo seu amor,<br/>firme nas promessas de Jesus.</lines>
    </verse>
    <verse name="c1">
      <lines break="optional">Firme, firme,<br/>firme nas promessas de Jesus, meu Mestre.</lines>
      <lines>Firme, firme,<br/>sim, firme nas promessas de Jesus.</lines>
    </verse>
    <verse name="v2">
      <lines break="optional">Firme nas promessas, que não vão falhar,<br/>venço as tempestades do revolto mar;</lines>
      <lines>todo medo e todo mal vou derrotar,<br/>firme nas promessas de Jesus.</lines>
    </verse>
    <verse name="v3">
      <lines break="optional">Firme nas promessas de Jesus, Senhor,<br/>sou agradecido pelo seu favor.</lines>
      <lines>Pelo seu Espírito sou vencedor,<br/>firme nas promessas de Jesus.</lines>
    </verse>
  </lyrics>
</song>
