<?xml version='1.0' encoding='UTF-8'?>
<song xmlns="http://openlyrics.info/namespace/2009/song" version="0.8" createdIn="OpenLP 2.0.1" modifiedIn="OpenLP 2.0.1" modifiedDate="2013-11-14T22:04:41">
  <properties>
    <titles>
      <title>HCC 436 Queremos Te Conhecer Mais e Mais</title>
      <title>Mais e Mais</title>
    </titles>
    <verseOrder>v1 v2</verseOrder>
    <authors>
      <author>Luiza Cruz</author>
    </authors>
    <songbooks>
      <songbook name="Hinário Para o Culto Cristão" entry="436"/>
    </songbooks>
  </properties>
  <lyrics>
    <verse name="v1">
      <lines break="optional">Queremos te conhecer mais e mais<br/>e trilhar sempre teus caminhos mais e mais.</lines>
      <lines>Queremos te obedecer, dedicados em tudo ser,<br/>para assim, Senhor, te agradarmos mais e mais.</lines>
    </verse>
    <verse name="v2">
      <lines break="optional">Queremos, Senhor, te amar mais e mais,<br/>ajudando a tua gente mais e mais,</lines>
      <lines>crescendo pra sermos úteis no teu reino aqui, Senhor,<br/>repartindo com outros bênçãos mais e mais.</lines>
    </verse>
  </lyrics>
</song>
