<?xml version='1.0' encoding='UTF-8'?>
<song xmlns="http://openlyrics.info/namespace/2009/song" version="0.8" createdIn="OpenLP 2.0.1" modifiedIn="OpenLP 2.0.1" modifiedDate="2013-11-14T22:04:46">
  <properties>
    <titles>
      <title>HCC 459 Quem Meu Coração Encanta</title>
      <title>Harris</title>
    </titles>
    <verseOrder>v1 c1 v2 c1 v3 c1 v4 c1</verseOrder>
    <authors>
      <author>Thoro Harris</author>
    </authors>
    <songbooks>
      <songbook name="Hinário Para o Culto Cristão" entry="459"/>
    </songbooks>
  </properties>
  <lyrics>
    <verse name="v1">
      <lines break="optional">Quem meu coração encanta<br/>com seu toque divinal?</lines>
      <lines>É Jesus, puro e precioso,<br/>verdadeiro, sem igual.</lines>
    </verse>
    <verse name="c1">
      <lines break="optional">Quem meu coração encanta<br/>é Jesus, meu Salvador.</lines>
      <lines>Vida eterna e abundante<br/>tenho em Cristo, meu Senhor.</lines>
    </verse>
    <verse name="v2">
      <lines break="optional">Seu amor Cristo oferece<br/>ao aflito coração.</lines>
      <lines>Sua graça é sem limites,<br/>terna é sua compaixão.</lines>
    </verse>
    <verse name="v3">
      <lines break="optional">Cristo atende minhas preces;<br/>meu sustento dele vem.</lines>
      <lines>Nele tenho paz e força;<br/>ele é meu supremo bem.</lines>
    </verse>
    <verse name="v4">
      <lines break="optional">Junto às águas cristalinas,<br/>com os salvos cantarei</lines>
      <lines>e por toda a eternidade<br/>louvarei a Deus, meu Rei.</lines>
    </verse>
  </lyrics>
</song>
