<?xml version='1.0' encoding='UTF-8'?>
<song xmlns="http://openlyrics.info/namespace/2009/song" version="0.8" createdIn="OpenLP 2.0.1" modifiedIn="OpenLP 2.0.1" modifiedDate="2013-11-14T22:04:15">
  <properties>
    <titles>
      <title>HCC 318 Que Alegria É Crer em Cristo</title>
      <title>Trust In Jesus</title>
    </titles>
    <verseOrder>v1 c1 v2 c1 v3 c1</verseOrder>
    <authors>
      <author>William Kirkpatrick</author>
      <author>Louisa Stead</author>
    </authors>
    <songbooks>
      <songbook name="Hinário Para o Culto Cristão" entry="318"/>
    </songbooks>
  </properties>
  <lyrics>
    <verse name="v1">
      <lines break="optional">Que alegria é crer em Cristo,<br/>em seu nome confiar,</lines>
      <lines>observar os seus ensinos,<br/>nas promessas descansar!</lines>
    </verse>
    <verse name="c1">
      <lines break="optional">Cristo! Cristo! Eu confio<br/>em teu nome em teu poder.</lines>
      <lines>Cristo, meu Senhor amado,<br/>faze minha fé crescer!</lines>
    </verse>
    <verse name="v2">
      <lines break="optional">Que alegria é crer em Cristo,<br/>ter certeza de perdão!</lines>
      <lines>Receber de Cristo mesmo<br/>vida, paz e salvação!</lines>
    </verse>
    <verse name="v3">
      <lines break="optional">Que alegria é crer em Cristo,<br/>meu amigo e Salvador!</lines>
      <lines>Andarei seguro sempre,<br/>bem feliz em seu amor.</lines>
    </verse>
  </lyrics>
</song>
