<?xml version='1.0' encoding='UTF-8'?>
<song xmlns="http://openlyrics.info/namespace/2009/song" version="0.8" createdIn="OpenLP 2.0.1" modifiedIn="OpenLP 2.0.1" modifiedDate="2013-11-14T22:04:15">
  <properties>
    <titles>
      <title>HCC 319 Agora Estou Contente</title>
      <title>Contente</title>
    </titles>
    <verseOrder>v1 c1 v2 c1 v3 c1</verseOrder>
    <authors>
      <author>William Ogden</author>
      <author>J. Maxfield</author>
    </authors>
    <songbooks>
      <songbook name="Hinário Para o Culto Cristão" entry="319"/>
    </songbooks>
  </properties>
  <lyrics>
    <verse name="v1">
      <lines break="optional">Riquezas não preciso ter,<br/>mas sim celeste bem;<br/>nem falsa paz, ou vão prazer,</lines>
      <lines>porquanto o salvo tem<br/>eterna paz no Salvador,<br/>por desfrutar o seu amor.</lines>
    </verse>
    <verse name="c1">
      <lines break="optional">Vivo feliz com Cristo,<br/>ele me satisfaz.</lines>
      <lines>Com esse amor do Redentor<br/>agora estou contente.</lines>
    </verse>
    <verse name="v2">
      <lines break="optional">Do mundo as honras para mim<br/>perderam seu valor.<br/>Já tenho a paz divina, enfim,</lines>
      <lines>servindo ao meu Senhor.<br/>E mais feliz, então, serei<br/>ao ver a glória do meu Rei.</lines>
    </verse>
    <verse name="v3">
      <lines break="optional">Até que esteja lá no céu,<br/>aonde Cristo entrou,<br/>e veja a face já sem véu</lines>
      <lines>de quem me resgatou,<br/>desejo só aqui viver<br/>de um modo que lhe dê prazer.</lines>
    </verse>
  </lyrics>
</song>
