<?xml version='1.0' encoding='UTF-8'?>
<song xmlns="http://openlyrics.info/namespace/2009/song" version="0.8" createdIn="OpenLP 2.0.1" modifiedIn="OpenLP 2.0.1" modifiedDate="2013-11-14T22:04:40">
  <properties>
    <titles>
      <title>HCC 433 Usa, Senhor</title>
      <title>Coropos</title>
    </titles>
    <verseOrder>c1 v1 c1</verseOrder>
    <authors>
      <author>Mônica Coropos</author>
    </authors>
    <songbooks>
      <songbook name="Hinário Para o Culto Cristão" entry="433"/>
    </songbooks>
  </properties>
  <lyrics>
    <verse name="c1">
      <lines>Usa, Senhor,<br/>todo o meu ser pra teu louvor.<br/>Mãos, pés e voz,<br/>tudo consagro a ti.</lines>
    </verse>
    <verse name="v1">
      <lines>Não há no mundo nada melhor<br/>que dia a dia trabalhar por Jesus.<br/>Por isso tudo te entrego, ó Deus,<br/>enquanto neste mundo eu viver.</lines>
    </verse>
  </lyrics>
</song>
