<?xml version='1.0' encoding='UTF-8'?>
<song xmlns="http://openlyrics.info/namespace/2009/song" version="0.8" createdIn="OpenLP 2.0.1" modifiedIn="OpenLP 2.0.1" modifiedDate="2013-11-14T22:04:12">
  <properties>
    <titles>
      <title>HCC 300 Tal Qual Estou</title>
      <title>Woodworth</title>
    </titles>
    <verseOrder>v1 v2 v3 v4</verseOrder>
    <authors>
      <author>William Bradbury</author>
      <author>Werner Kaschel</author>
      <author>Charlotte Elliott</author>
    </authors>
    <songbooks>
      <songbook name="Hinário Para o Culto Cristão" entry="300"/>
    </songbooks>
  </properties>
  <lyrics>
    <verse name="v1">
      <lines break="optional">Tal qual estou, ó meu Senhor,<br/>aceito agora o teu favor,</lines>
      <lines>pois sou indigno pecador.<br/>Ó Salvador, eu venho a ti.</lines>
    </verse>
    <verse name="v2">
      <lines break="optional">Tal qual estou, me aceitarás<br/>e tu me purificarás</lines>
      <lines>e o meu pecado esquecerás.<br/>Ó Salvador, eu venho a ti.</lines>
    </verse>
    <verse name="v3">
      <lines break="optional">Tal qual estou, sem esperar<br/>que possa a vida melhorar,</lines>
      <lines>no teu poder vou confiar.<br/>Ó Salvador, eu venho a ti.</lines>
    </verse>
    <verse name="v4">
      <lines break="optional">Tal qual estou e sem temor,<br/>eu peço que ouças meu clamor.</lines>
      <lines>Vem me envolver com teu amor.<br/>Ó Salvador, eu venho a ti.</lines>
    </verse>
  </lyrics>
</song>
