<?xml version='1.0' encoding='UTF-8'?>
<song xmlns="http://openlyrics.info/namespace/2009/song" version="0.8" createdIn="OpenLP 2.0.1" modifiedIn="OpenLP 2.0.1" modifiedDate="2013-11-14T22:04:10">
  <properties>
    <titles>
      <title>HCC 291 Graça de Deus, Infinito Amor</title>
      <title>Moody</title>
    </titles>
    <verseOrder>v1 c1 v2 c1 v3 c1</verseOrder>
    <authors>
      <author>Daniel Towner</author>
      <author>Julia Johnston</author>
    </authors>
    <songbooks>
      <songbook name="Hinário Para o Culto Cristão" entry="291"/>
    </songbooks>
  </properties>
  <lyrics>
    <verse name="v1">
      <lines>Graça de Deus, infinito amor,<br/>graça maior que todo o meu mal!<br/>Lá no Calvário, meu Salvador<br/>prova me deu desse amor real.</lines>
    </verse>
    <verse name="c1">
      <lines>Graça, graça,<br/>fonte de paz, de perdão e amor!<br/>Graça, graça,<br/>graça de Deus para o pecador!</lines>
    </verse>
    <verse name="v2">
      <lines>Todas as manchas do meu pecar<br/>não poderei jamais esconder;<br/>pode Jesus me purificar<br/>e como a neve me embranquecer.</lines>
    </verse>
    <verse name="v3">
      <lines>Graça insondável é dom de Deus<br/>a quem em Cristo somente crê.<br/>Se tu desejas chegar aos céus,<br/>em Jesus Cristo põe tua fé.</lines>
    </verse>
  </lyrics>
</song>
