<?xml version='1.0' encoding='UTF-8'?>
<song xmlns="http://openlyrics.info/namespace/2009/song" version="0.8" createdIn="OpenLP 2.0.1" modifiedIn="OpenLP 2.0.1" modifiedDate="2013-11-14T22:04:53">
  <properties>
    <titles>
      <title>HCC 498 O Senhor É Meu Libertador</title>
      <title>Salmos 144:1, 2, 9; 98:2, 6-9</title>
    </titles>
    <copyright>Salmos 144:1, 2, 9; 98:2, 6-9</copyright>
    <verseOrder>v1 v2 v3 v4 v5</verseOrder>
    <authors>
      <author>Leitura bíblica</author>
    </authors>
    <songbooks>
      <songbook name="Hinário Para o Culto Cristão" entry="498"/>
    </songbooks>
  </properties>
  <lyrics>
    <verse name="v1">
      <lines>Bendito seja o Senhor, minha rocha, que adestra as minhas mãos para a peleja e os meus dedos para a guerra; meu refúgio e minha fortaleza,</lines>
    </verse>
    <verse name="v2">
      <lines>meu alto retiro e meu libertador, escudo meu, em quem me refugio; ele é quem me sujeita o meu povo.</lines>
    </verse>
    <verse name="v3">
      <lines>A ti, ó Deus, cantarei um cântico novo; com a harpa de dez cordas te cantarei louvores.</lines>
    </verse>
    <verse name="v4">
      <lines>O Senhor fez notória a sua salvação, manifestou a sua justiça perante os olhos das nações.</lines>
    </verse>
    <verse name="v5">
      <lines>Com trombetas, e ao som de buzinas, exultai diante do Rei, o Senhor.<br/>Brame o mar e a sua plenitude, o mundo e os que nele habitam; batam palmas os rios;<br/>à uma regozijem-se os montes diante do Senhor, porque vem julgar a terra; com justiça julgará o mundo, e os povos com equidade.</lines>
    </verse>
  </lyrics>
</song>
