<?xml version='1.0' encoding='UTF-8'?>
<song xmlns="http://openlyrics.info/namespace/2009/song" version="0.8" createdIn="OpenLP 2.0.1" modifiedIn="OpenLP 2.0.1" modifiedDate="2013-11-14T22:03:33">
  <properties>
    <titles>
      <title>HCC 094 Falai Pelas Montanhas</title>
      <title>Go Tell It</title>
    </titles>
    <verseOrder>c1 v1 c1 v2 c1 v3 c1</verseOrder>
    <authors>
      <author>John Wesley</author>
    </authors>
    <songbooks>
      <songbook name="Hinário Para o Culto Cristão" entry="094"/>
    </songbooks>
  </properties>
  <lyrics>
    <verse name="c1">
      <lines>Falai pelas montanhas,<br/>nos montes e por todo o lugar;<br/>falai pelas montanhas<br/>que Cristo já nasceu.</lines>
    </verse>
    <verse name="v1">
      <lines>Nasceu na estrebaria<br/>o grande Rei dos céus,<br/>o eterno prometido,<br/>Jesus, menino Deus.</lines>
    </verse>
    <verse name="v2">
      <lines>Nos campos os pastores<br/>ouviram com temor<br/>os anjos que cantavam<br/>em glória e resplendor.</lines>
    </verse>
    <verse name="v3">
      <lines>E nós, que O conhecemos,<br/>devemos proclamar<br/>que Cristo veio ao mundo<br/>e a todos quer salvar.</lines>
    </verse>
  </lyrics>
</song>
