<?xml version='1.0' encoding='UTF-8'?>
<song xmlns="http://openlyrics.info/namespace/2009/song" version="0.8" createdIn="OpenLP 2.0.1" modifiedIn="OpenLP 2.0.1" modifiedDate="2013-11-14T22:03:48">
  <properties>
    <titles>
      <title>HCC 175 Jesus, Teu Nome É Santo</title>
      <title>Escolástica</title>
    </titles>
    <verseOrder>v1 v2 v3</verseOrder>
    <authors>
      <author>Roselena Landenberger</author>
      <author>Manuel Menezes</author>
    </authors>
    <songbooks>
      <songbook name="Hinário Para o Culto Cristão" entry="175"/>
    </songbooks>
  </properties>
  <lyrics>
    <verse name="v1">
      <lines break="optional">Jesus, teu nome é santo,<br/>amável teu querer;<br/>louvor sincero, com fervor,<br/>queremos te render.</lines>
      <lines>Poder e honra e glória a ti<br/>nós vimos tributar,<br/>e com profunda gratidão<br/>teu culto celebrar.</lines>
    </verse>
    <verse name="v2">
      <lines break="optional">Jesus, teu nome é santo,<br/>és digno de louvor;<br/>em todo tempo és nosso Deus,<br/>amigo e protetor.</lines>
      <lines>Incomparável sempre és tu<br/>em tua compaixão,<br/>pois tu vieste ao mundo vil<br/>fazer-te nosso irmão.</lines>
    </verse>
    <verse name="v3">
      <lines break="optional">Jesus, teu nome é santo,<br/>sofreste por amor.<br/>Com tua morte sobre a cruz<br/>salvaste-nos, Senhor.</lines>
      <lines>Na glória já sentado estás,<br/>atento à adoração<br/>que teus fiéis te vêm prestar<br/>com grato coração.</lines>
    </verse>
  </lyrics>
</song>
