<?xml version='1.0' encoding='UTF-8'?>
<song xmlns="http://openlyrics.info/namespace/2009/song" version="0.8" createdIn="OpenLP 2.0.1" modifiedIn="OpenLP 2.0.1" modifiedDate="2013-11-14T22:03:19">
  <properties>
    <titles>
      <title>HCC 019 Louvamos o Senhor</title>
      <title>Salmos 145:3, 2; 57:9, 10; 96:7, 8; 86:12, 13, 10; 81:1</title>
    </titles>
    <copyright>Salmos 145:3, 2; 57:9, 10; 96:7, 8; 86:12, 13, 10; 81:1</copyright>
    <verseOrder>v1 v2 v3 v4 v5</verseOrder>
    <authors>
      <author>Leitura bíblica</author>
    </authors>
    <songbooks>
      <songbook name="Hinário Para o Culto Cristão" entry="019"/>
    </songbooks>
  </properties>
  <format>
    <tags application="OpenLP">
      <tag name="y">
        <open>&lt;span style="-webkit-text-fill-color:yellow"&gt;</open>
        <close>&lt;/span&gt;</close>
      </tag>
    </tags>
  </format>
  <lyrics>
    <verse name="v1">
      <lines><tag name="y">Dirigente:</tag><br/><br/>Grande é o Senhor, e mui digno de ser louvado (...) Cada dia te bendirei, e louvarei o teu nome pelos séculos dos séculos.</lines>
    </verse>
    <verse name="v2">
      <lines><tag name="y">Congregação:</tag><br/><br/>Louvar-te-ei, Senhor, entre os povos; cantar-te-ei louvores entre as nações. Pois a tua benignidade é grande até os céus, e a tua verdade até as nuvens.</lines>
    </verse>
    <verse name="v3">
      <lines><tag name="y">Dirigente:</tag><br/><br/>Tributai ao Senhor, ó famílias dos povos, tributai ao Senhor glória e força. Tributai ao Senhor a glória devida ao seu nome.</lines>
    </verse>
    <verse name="v4">
      <lines><tag name="y">Congregação:</tag><br/><br/>Louvar-te-ei, Senhor Deus meu, de todo o meu coração e glorificarei o teu nome para sempre. Pois grande é a tua benignidade para comigo. Porque tu és grande e operas maravilhas; só tu és Deus.</lines>
    </verse>
    <verse name="v5">
      <lines><tag name="y">Dirigente:</tag><br/><br/>Cantai alegremente a Deus, nossa fortaleza; erguei alegres vozes ao Deus de Jacó.</lines>
    </verse>
  </lyrics>
</song>
