<?xml version='1.0' encoding='UTF-8'?>
<song xmlns="http://openlyrics.info/namespace/2009/song" version="0.8" createdIn="OpenLP 2.0.1" modifiedIn="OpenLP 2.0.1" modifiedDate="2013-11-14T22:03:19">
  <properties>
    <titles>
      <title>HCC 021 Tu És Digno de Louvor</title>
      <title>Parkers</title>
    </titles>
    <verseOrder>v1 v2</verseOrder>
    <authors>
      <author>Hiram Rollo Júnior</author>
    </authors>
    <songbooks>
      <songbook name="Hinário Para o Culto Cristão" entry="021"/>
    </songbooks>
  </properties>
  <lyrics>
    <verse name="v1">
      <lines>Santo, grande e poderoso,<br/>és pra sempre, meu Senhor;<br/>exaltado e glorioso,<br/>tu és digno de louvor.</lines>
    </verse>
    <verse name="v2">
      <lines>Puro, justo e generoso,<br/>és pra sempre, meu Senhor;<br/>soberano e grandioso,<br/>tu és digno de louvor.</lines>
    </verse>
  </lyrics>
</song>
