<?xml version='1.0' encoding='UTF-8'?>
<song xmlns="http://openlyrics.info/namespace/2009/song" version="0.8" createdIn="OpenLP 2.0.1" modifiedIn="OpenLP 2.0.1" modifiedDate="2013-11-14T22:03:45">
  <properties>
    <titles>
      <title>HCC 157 Quando Deus Fizer Chamada</title>
      <title>Roll Call</title>
    </titles>
    <verseOrder>v1 c1 v2 c1 v3 c1</verseOrder>
    <authors>
      <author>James Black</author>
    </authors>
    <songbooks>
      <songbook name="Hinário Para o Culto Cristão" entry="157"/>
    </songbooks>
  </properties>
  <lyrics>
    <verse name="v1">
      <lines>Quando Cristo a trombeta lá do céu mandar tocar,<br/>quando o dia majestoso amanhecer,<br/>e os remidos desta terra meu Jesus vier buscar,<br/>e fizer-se então chamada, lá estarei.</lines>
    </verse>
    <verse name="c1">
      <lines>Quando Deus fizer chamada,<br/>quando Deus fizer chamada,<br/>quando Deus fizer chamada,<br/>quando Deus fizer chamada, lá estarei.</lines>
    </verse>
    <verse name="v2">
      <lines>Nesse dia glorioso, quando o crente ressurgir<br/>e da glória de Jesus participar,<br/>quando os salvos, triunfantes, o saudarem no porvir,<br/>e fizer-se então chamada, lá estarei.</lines>
    </verse>
    <verse name="v3">
      <lines>Viverei então pra Cristo, 'té o dia terminar;<br/>falarei do seu amor por nós aqui;<br/>quando, pois, findar a vida e o labor aqui cessar,<br/>e fizer-se então chamada, lá estarei.</lines>
    </verse>
  </lyrics>
</song>
