<?xml version='1.0' encoding='UTF-8'?>
<song xmlns="http://openlyrics.info/namespace/2009/song" version="0.8" createdIn="OpenLP 2.0.1" modifiedIn="OpenLP 2.0.1" modifiedDate="2013-11-14T22:03:51">
  <properties>
    <titles>
      <title>HCC 189 Oh, Que Sangue Tão Precioso!</title>
      <title>Lene</title>
    </titles>
    <verseOrder>v1 v2 v3 v4</verseOrder>
    <authors>
      <author>Henry Wright</author>
      <author>Hiram Rollo Júnior</author>
    </authors>
    <songbooks>
      <songbook name="Hinário Para o Culto Cristão" entry="189"/>
    </songbooks>
  </properties>
  <lyrics>
    <verse name="v1">
      <lines>Oh, que sangue tão precioso<br/>meu Senhor verteu<br/>quando, para resgatar-nos,<br/>padeceu!</lines>
    </verse>
    <verse name="v2">
      <lines>Oh, que sangue tão precioso!<br/>Oferece paz<br/>e ao sedento da verdade<br/>satisfaz.</lines>
    </verse>
    <verse name="v3">
      <lines>Oh, que sangue tão precioso!<br/>Traz-nos salvação.<br/>Deus por ele dá aos crentes<br/>o perdão.</lines>
    </verse>
    <verse name="v4">
      <lines>Oh, que sangue tão precioso<br/>do meu Salvador,<br/>pois a todos manifesta<br/>seu amor!</lines>
    </verse>
  </lyrics>
</song>
