<?xml version='1.0' encoding='UTF-8'?>
<song xmlns="http://openlyrics.info/namespace/2009/song" version="0.8" createdIn="OpenLP 2.0.1" modifiedIn="OpenLP 2.0.1" modifiedDate="2013-11-14T22:03:35">
  <properties>
    <titles>
      <title>HCC 100 Proclamaram Anjos Mil o Primeiro Natal</title>
      <title>The First Nowell</title>
    </titles>
    <verseOrder>v1 c1 v2 c1 v3 c1 v4 c1 v5 c1 v6 c1</verseOrder>
    <authors>
      <author>Melodia inglesa</author>
    </authors>
    <songbooks>
      <songbook name="Hinário Para o Culto Cristão" entry="100"/>
    </songbooks>
  </properties>
  <lyrics>
    <verse name="v1">
      <lines break="optional">Proclamaram anjos mil o primeiro Natal<br/>a uns pobres pastores ao pé de Belém,</lines>
      <lines>que nos campos os rebanhos guardavam do mal<br/>numa noite tão fria e escura também.</lines>
    </verse>
    <verse name="c1">
      <lines>Natal! Natal! Natal! Natal!<br/>É-nos nascido um Rei divinal!</lines>
    </verse>
    <verse name="v2">
      <lines break="optional">E de súbito no céu linda estrela raiou.<br/>No Oriente luziu com estranho fulgor,</lines>
      <lines>e a terra recebeu essa luz, que brilhou<br/>muitas noites ainda com raro esplendor.</lines>
    </verse>
    <verse name="v3">
      <lines break="optional">Tendo visto a clara luz dessa estrela sem par,<br/>do Oriente alguns magos a foram seguir,</lines>
      <lines>à procura de um rei que devia chegar<br/>aos judeus, e as antigas promessas cumprir.</lines>
    </verse>
    <verse name="v4">
      <lines break="optional">Essa estrela apareceu e os magos guiou<br/>pela estrada que até ao menino os conduz.</lines>
      <lines>Afinal, sobre Belém essa estrela parou,<br/>mesmo acima da casa em que estava Jesus.</lines>
    </verse>
    <verse name="v5">
      <lines break="optional">Reverentes, esses sábios, com santo temor,<br/>mui alegres entraram naquele lugar,</lines>
      <lines>com ofertas preciosas, de muito valor.<br/>Ouro, mirra e incenso vieram lhe dar.</lines>
    </verse>
    <verse name="v6">
      <lines break="optional">E com eles vamos nós, com sincero fervor,<br/>dar louvores ao nosso divino Senhor,</lines>
      <lines>que, deixando os altos céus, a este mundo chegou<br/>e, morrendo na cruz, nossas almas salvou.</lines>
    </verse>
  </lyrics>
</song>
