<?xml version='1.0' encoding='UTF-8'?>
<song xmlns="http://openlyrics.info/namespace/2009/song" version="0.8" createdIn="OpenLP 2.0.1" modifiedIn="OpenLP 2.0.1" modifiedDate="2013-11-14T22:03:47">
  <properties>
    <titles>
      <title>HCC 170 Maravilhoso Amor</title>
      <title>Wondrous Love</title>
    </titles>
    <verseOrder>v1 v2 v3</verseOrder>
    <authors>
      <author>Melodia americana</author>
    </authors>
    <songbooks>
      <songbook name="Hinário Para o Culto Cristão" entry="170"/>
    </songbooks>
  </properties>
  <lyrics>
    <verse name="v1">
      <lines break="optional">Maravilhoso amor, ó Jesus, ó Jesus;<br/>maravilhoso amor, ó Jesus,<br/>maravilhoso amor</lines>
      <lines>mostraste, ó Salvador,<br/>por mim sofrendo a cruz,<br/>ó Jesus, ó Jesus,<br/>por mim sofrendo a cruz, ó Jesus.</lines>
    </verse>
    <verse name="v2">
      <lines break="optional">Perdido andava eu, e me achou, e me achou;<br/>perdido andava eu, e me achou.<br/>Perdido andava eu,</lines>
      <lines>tão longe do meu Deus,<br/>mas Cristo me buscou<br/>e me achou, e me achou,<br/>mas Cristo me buscou e me achou.</lines>
    </verse>
    <verse name="v3">
      <lines break="optional">E, finda a vida aqui, cantarei, cantarei;<br/>e, finda a vida aqui, cantarei.<br/>E, finda a vida aqui,</lines>
      <lines>na eternidade, ali,<br/>perante o meu bom Rei<br/>cantarei, cantarei,<br/>perante o meu bom Rei cantarei.</lines>
    </verse>
  </lyrics>
</song>
