<?xml version='1.0' encoding='UTF-8'?>
<song xmlns="http://openlyrics.info/namespace/2009/song" version="0.8" createdIn="OpenLP 2.0.1" modifiedIn="OpenLP 2.0.1" modifiedDate="2013-11-14T22:03:27">
  <properties>
    <titles>
      <title>HCC 057 A Vitória do Messias</title>
      <title>Salmos 2</title>
    </titles>
    <copyright>Salmos 2</copyright>
    <verseOrder>v1 v2 v3 v4 v5 v6 v7 v8 v9 v10</verseOrder>
    <authors>
      <author>Leitura bíblica</author>
    </authors>
    <songbooks>
      <songbook name="Hinário Para o Culto Cristão" entry="057"/>
    </songbooks>
  </properties>
  <lyrics>
    <verse name="v1">
      <lines>Por que se amotinam as nações, e os povos tramam em vão? </lines>
    </verse>
    <verse name="v2">
      <lines>Os reis da terra se levantam, e os príncipes juntos conspiram contra o Senhor e contra o seu ungido, dizendo: </lines>
    </verse>
    <verse name="v3">
      <lines>Rompamos as suas ataduras, e sacudamos de nós as suas cordas.</lines>
    </verse>
    <verse name="v4">
      <lines>Aquele que está sentado nos céus se rirá: o Senhor zombará deles. Então lhes falará na sua ira, e no seu furor os confundirá, dizendo: </lines>
    </verse>
    <verse name="v5">
      <lines>Eu tenho estabelecido meu Rei sobre Sião, meu santo monte.</lines>
    </verse>
    <verse name="v6">
      <lines>Falarei do decreto do Senhor; ele me disse: Tu és meu filho, hoje te gerei. </lines>
    </verse>
    <verse name="v7">
      <lines>Pede-me, e eu te darei as nações por herança, e as extremidades da terra por possessão.</lines>
    </verse>
    <verse name="v8">
      <lines>Tu os quebrarás com uma vara de ferro; tu os despedaçarás como a um vaso de oleiro. </lines>
    </verse>
    <verse name="v9a">
      <lines>Agora, pois, ó reis, sede prudentes; deixai-vos instruir, juízes da terra.</lines>
    </verse>
    <verse name="v9b">
      <lines>Servi ao Senhor com temor, e regozijai-vos com tremor.</lines>
    </verse>
    <verse name="v10">
      <lines>Bem-aventurados todos aqueles que nele confiam.</lines>
    </verse>
  </lyrics>
</song>
