<?xml version='1.0' encoding='UTF-8'?>
<song xmlns="http://openlyrics.info/namespace/2009/song" version="0.8" createdIn="OpenLP 2.0.1" modifiedIn="OpenLP 2.0.1" modifiedDate="2013-11-14T22:03:56">
  <properties>
    <titles>
      <title>HCC 219 Deus Nos Deu Mensagem Santa</title>
      <title>Heber</title>
    </titles>
    <verseOrder>v1 v2 v3</verseOrder>
    <authors>
      <author>Sarah Kalley</author>
      <author>Edward Hopkins</author>
    </authors>
    <songbooks>
      <songbook name="Hinário Para o Culto Cristão" entry="219"/>
    </songbooks>
  </properties>
  <lyrics>
    <verse name="v1">
      <lines break="optional">Deus nos deu mensagem santa<br/>para nosso guia ser:<br/>é a Bíblia, que nos manda</lines>
      <lines>sempre ao Pai obedecer.<br/>Ela ensina<br/>como devo aqui viver.</lines>
    </verse>
    <verse name="v2">
      <lines break="optional">Ela aponta o meu pecado,<br/>para o meu caminho é luz.<br/>Mostra como estou errado,</lines>
      <lines>quando o mundo me seduz.<br/>É espada<br/>a Palavra de Jesus.</lines>
    </verse>
    <verse name="v3">
      <lines break="optional">Eu vou ler a minha Bíblia<br/>e pensar com devoção<br/>na Palavra da verdade,</lines>
      <lines>que me traz consolação.<br/>A Palavra<br/>vou guardar no coração.</lines>
    </verse>
  </lyrics>
</song>
