<?xml version='1.0' encoding='UTF-8'?>
<song xmlns="http://openlyrics.info/namespace/2009/song" version="0.8" createdIn="OpenLP 2.0.1" modifiedIn="OpenLP 2.0.1" modifiedDate="2013-11-14T22:04:52">
  <properties>
    <titles>
      <title>HCC 492 Mãos ao Trabalho</title>
      <title>Work Song</title>
    </titles>
    <verseOrder>v1 v2 v3</verseOrder>
    <authors>
      <author>Lowell Manson</author>
      <author>Annie Coghill</author>
    </authors>
    <songbooks>
      <songbook name="Hinário Para o Culto Cristão" entry="492"/>
    </songbooks>
  </properties>
  <lyrics>
    <verse name="v1">
      <lines break="optional">Mãos ao trabalho, crentes,<br/>com incessante ardor;<br/>vamos, enquanto temos<br/>nossa vida em flor.</lines>
      <lines>Vamos, enquanto é dia,<br/>com força trabalhar,<br/>pois, quando chega a noite,<br/>já não há lidar.</lines>
    </verse>
    <verse name="v2">
      <lines break="optional">Mãos ao trabalho, crentes,<br/>antes que fuja a luz;<br/>temos agora tempo<br/>de servir Jesus.</lines>
      <lines>Vamos à sua causa<br/>hoje nos dedicar,<br/>pois, quando chega a noite,<br/>já não há lidar.</lines>
    </verse>
    <verse name="v3">
      <lines break="optional">Mãos ao trabalho, crentes,<br/>vem já o anoitecer;<br/>firmes, enquanto a morte<br/>não nos abater.</lines>
      <lines>Vamos, irmãos, à obra,<br/>por Cristo trabalhar,<br/>pois, quando chega a noite,<br/>vamos descansar.</lines>
    </verse>
  </lyrics>
</song>
