<?xml version='1.0' encoding='UTF-8'?>
<song xmlns="http://openlyrics.info/namespace/2009/song" version="0.8" createdIn="OpenLP 2.0.1" modifiedIn="OpenLP 2.0.1" modifiedDate="2013-11-14T22:04:41">
  <properties>
    <titles>
      <title>HCC 434 Teu Santo Amor, Jesus</title>
      <title>Something For Jesus</title>
    </titles>
    <verseOrder>v1 v2 v3</verseOrder>
    <authors>
      <author>Robert Lowry</author>
      <author>Sylvanus Phelps</author>
    </authors>
    <songbooks>
      <songbook name="Hinário Para o Culto Cristão" entry="434"/>
    </songbooks>
  </properties>
  <lyrics>
    <verse name="v1">
      <lines break="optional">Teu santo amor, Jesus,<br/>veio me alcançar;<br/>meu ser, aos pés da cruz,<br/>quero consagrar.</lines>
      <lines>Aceita, ó Salvador,<br/>de um grato pecador,<br/>tributo de louvor,<br/>dado com fervor.</lines>
    </verse>
    <verse name="v2">
      <lines break="optional">Atende, meu Jesus,<br/>essa petição;<br/>teu, e somente teu,<br/>é meu coração.</lines>
      <lines>Teu nome a exaltar,<br/>aos outros vou falar<br/>do teu amor sem par;<br/>vem me habilitar!</lines>
    </verse>
    <verse name="v3">
      <lines break="optional">Dá-me, Senhor, mais fé<br/>e um amor real,<br/>pra te servir e ser<br/>muito mais leal.</lines>
      <lines>As almas a ganhar,<br/>sempre na luz andar<br/>e meus irmãos amar;<br/>vem me habilitar! Amém.</lines>
    </verse>
  </lyrics>
</song>
