<?xml version='1.0' encoding='UTF-8'?>
<song xmlns="http://openlyrics.info/namespace/2009/song" version="0.8" createdIn="OpenLP 2.0.1" modifiedIn="OpenLP 2.0.1" modifiedDate="2013-11-14T22:03:38">
  <properties>
    <titles>
      <title>HCC 119 O Jugo de Jesus É Suave</title>
      <title>Mateus 11:28-30</title>
    </titles>
    <copyright>Mateus 11:28-30</copyright>
    <verseOrder>v1</verseOrder>
    <authors>
      <author>Leitura bíblica</author>
    </authors>
    <songbooks>
      <songbook name="Hinário Para o Culto Cristão" entry="119"/>
    </songbooks>
  </properties>
  <lyrics>
    <verse name="v1">
      <lines break="optional">Vinde a mim, todos os que estais cansados e oprimidos, e eu vos aliviarei.</lines>
      <lines break="optional">Tomai sobre vós o meu jugo, e aprendei de mim, que sou manso e humilde de coração; e achareis descanso para as vossas almas.</lines>
      <lines>Porque o meu jugo é suave, e o meu fardo é leve.</lines>
    </verse>
  </lyrics>
</song>
