<?xml version='1.0' encoding='UTF-8'?>
<song xmlns="http://openlyrics.info/namespace/2009/song" version="0.8" createdIn="OpenLP 2.0.1" modifiedIn="OpenLP 2.0.1" modifiedDate="2013-11-14T22:03:36">
  <properties>
    <titles>
      <title>HCC 106 Cantai Que o Salvador Chegou!</title>
      <title>Antioch</title>
    </titles>
    <verseOrder>v1 v2 v3 v4</verseOrder>
    <authors>
      <author>Isaac Watts</author>
      <author>Georg Friedrich Händel</author>
    </authors>
    <songbooks>
      <songbook name="Hinário Para o Culto Cristão" entry="106"/>
    </songbooks>
  </properties>
  <lyrics>
    <verse name="v1">
      <lines break="optional">Cantai que o Salvador chegou.<br/>Acolha a terra o Rei.<br/>Ó vós, nações, a ele só</lines>
      <lines>contentes vos rendei,<br/>contentes vos rendei,<br/>oh, sim, contentes vos rendei!</lines>
    </verse>
    <verse name="v2">
      <lines break="optional">Ao mundo as novas proclamai<br/>que já raiou a luz.<br/>Ó terra, mar e céus, cantai:</lines>
      <lines>Nasceu o Rei Jesus.<br/>Nasceu o Rei Jesus.<br/>Nasceu, nasceu o Rei Jesus.</lines>
    </verse>
    <verse name="v3">
      <lines break="optional">Ele venceu a morte e a dor,<br/>baniu a maldição.<br/>As bênçãos vêm do Redentor</lines>
      <lines>em régia profusão,<br/>em régia profusão.<br/>Oh, sim, em régia profusão!</lines>
    </verse>
    <verse name="v4">
      <lines break="optional">Cristo governa com amor.<br/>Os povos provarão<br/>que é justo e bom o Salvador</lines>
      <lines>e lhe obedecerão,<br/>e lhe obedecerão.<br/>Sim, todos lhe obedecerão.</lines>
    </verse>
  </lyrics>
</song>
