<?xml version='1.0' encoding='UTF-8'?>
<song xmlns="http://openlyrics.info/namespace/2009/song" version="0.8" createdIn="OpenLP 2.0.1" modifiedIn="OpenLP 2.0.1" modifiedDate="2013-11-14T22:03:21">
  <properties>
    <titles>
      <title>HCC 032 Ao Deus de Amore de Imensa Bondade</title>
      <title>Truehearted</title>
    </titles>
    <verseOrder>v1 c1 v2 c1 v3 c1 v4 c1</verseOrder>
    <authors>
      <author>Salomão Ginsburg</author>
      <author>George Stebbins</author>
    </authors>
    <songbooks>
      <songbook name="Hinário Para o Culto Cristão" entry="032"/>
    </songbooks>
  </properties>
  <lyrics>
    <verse name="v1">
      <lines>Ao Deus de amor e de imensa bondade,<br/>com alegria, bem alto, aclamai.<br/>Com coração transbordante de graças,<br/>seu grande amor, todos juntos louvai.</lines>
    </verse>
    <verse name="c1">
      <lines>No céu, na terra, que maravilhas<br/>vai operando o poder do Senhor!<br/>Mas seu amor aos homens perdidos,<br/>das maravilhas é sempre a maior!</lines>
    </verse>
    <verse name="v2">
      <lines>Já nossos pais nos contaram a glória<br/>de Deus, falando com muito prazer,<br/>que nas tristezas, nos grandes perigos,<br/>Ele os salvou por seu grande poder.</lines>
    </verse>
    <verse name="v3">
      <lines>Hoje também, exultantes, cantamos<br/>que as orações ele nos atendeu.<br/>Seu forte braço, que faz maravilhas,<br/>em nosso auxílio, ele sempre estendeu.</lines>
    </verse>
    <verse name="v4">
      <lines>Foi até hoje e daqui para sempre<br/>ele será nosso eterno poder,<br/>nosso castelo bem forte e seguro,<br/>e nossa fonte de excelso prazer.</lines>
    </verse>
  </lyrics>
</song>
