<?xml version='1.0' encoding='UTF-8'?>
<song xmlns="http://openlyrics.info/namespace/2009/song" version="0.8" createdIn="OpenLP 2.0.1" modifiedIn="OpenLP 2.0.1" modifiedDate="2013-11-14T22:04:02">
  <properties>
    <titles>
      <title>HCC 252 Amigo, Não Saia sem Cristo</title>
      <title>Taylor</title>
    </titles>
    <verseOrder>v1</verseOrder>
    <authors>
      <author>Lawrence Taylor</author>
    </authors>
    <songbooks>
      <songbook name="Hinário Para o Culto Cristão" entry="252"/>
    </songbooks>
  </properties>
  <lyrics>
    <verse name="v1">
      <lines break="optional">Amigo, não saia sem Cristo;<br/>não saia daqui sem Jesus,<br/>pois quer hoje mesmo salvá-lo,<br/>por isso morreu numa cruz.</lines>
      <lines>Receba essa oferta de graça,<br/>aceite de Cristo o perdão.<br/>Amigo, não saia sem Cristo<br/>no seu coração.</lines>
    </verse>
  </lyrics>
</song>
