<?xml version='1.0' encoding='UTF-8'?>
<song xmlns="http://openlyrics.info/namespace/2009/song" version="0.8" createdIn="OpenLP 2.0.1" modifiedIn="OpenLP 2.0.1" modifiedDate="2013-11-14T22:04:19">
  <properties>
    <titles>
      <title>HCC 337 Chuvas de Bênçãos</title>
      <title>Showers Of Blessings</title>
    </titles>
    <verseOrder>v1 c1 v2 c1 v3 c1</verseOrder>
    <authors>
      <author>James McGranahan</author>
      <author>Daniel Whittle</author>
    </authors>
    <songbooks>
      <songbook name="Hinário Para o Culto Cristão" entry="337"/>
    </songbooks>
  </properties>
  <lyrics>
    <verse name="v1">
      <lines break="optional">Chuvas de bênçãos teremos,<br/>é a promessa de Deus;</lines>
      <lines>tempos benditos veremos,<br/>chuvas mandadas dos céus.</lines>
    </verse>
    <verse name="c1">
      <lines break="optional">Chuvas de bênçãos,<br/>chuvas de bênçãos dos céus;</lines>
      <lines>gotas somente nós temos;<br/>chuvas rogamos a Deus.</lines>
    </verse>
    <verse name="v2">
      <lines break="optional">Chuvas de bênçãos teremos,<br/>vida de paz e perdão;</lines>
      <lines>os pecadores por elas<br/>graça dos céus obterão.</lines>
    </verse>
    <verse name="v3">
      <lines break="optional">Chuvas de bênçãos teremos,<br/>manda-nos já, ó Senhor;</lines>
      <lines>que essa bendita promessa<br/>venha trazer-nos vigor.</lines>
    </verse>
  </lyrics>
</song>
