<?xml version='1.0' encoding='UTF-8'?>
<song xmlns="http://openlyrics.info/namespace/2009/song" version="0.8" createdIn="OpenLP 2.0.1" modifiedIn="OpenLP 2.0.1" modifiedDate="2013-11-14T22:04:05">
  <properties>
    <titles>
      <title>HCC 267 O Senhor Te Guardará</title>
      <title>Salmo 121</title>
    </titles>
    <copyright>Salmo 121</copyright>
    <verseOrder>v1 v2 v3 v4 v5 v6 v7 v8</verseOrder>
    <authors>
      <author>Leitura bíblica</author>
    </authors>
    <songbooks>
      <songbook name="Hinário Para o Culto Cristão" entry="267"/>
    </songbooks>
  </properties>
  <lyrics>
    <verse name="v1">
      <lines>Elevo os meus olhos para os montes; de onde me vem o socorro?</lines>
    </verse>
    <verse name="v2">
      <lines>O meu socorro vem do Senhor, que fez os céus e a terra.</lines>
    </verse>
    <verse name="v3">
      <lines>Não deixará vacilar o teu pé; aquele que te guarda não dormitará.</lines>
    </verse>
    <verse name="v4">
      <lines>Eis que não dormitará nem dormirá aquele que guarda a Israel.</lines>
    </verse>
    <verse name="v5">
      <lines>O Senhor é quem te guarda; o Senhor é a tua sombra à tua mão direita.</lines>
    </verse>
    <verse name="v6">
      <lines>De dia o sol não te ferirá, nem a lua de noite.</lines>
    </verse>
    <verse name="v7">
      <lines>O Senhor te guardará de todo o mal; ele guardará a tua vida.</lines>
    </verse>
    <verse name="v8">
      <lines>O Senhor guardará a tua saída e a tua entrada, desde agora e para sempre. </lines>
    </verse>
  </lyrics>
</song>
