<?xml version='1.0' encoding='UTF-8'?>
<song xmlns="http://openlyrics.info/namespace/2009/song" version="0.8" createdIn="OpenLP 2.0.1" modifiedIn="OpenLP 2.0.1" modifiedDate="2013-11-14T22:03:30">
  <properties>
    <titles>
      <title>HCC 077 Luz da Minha Alma</title>
      <title>Luz</title>
    </titles>
    <verseOrder>v1 v2 v3 v4 v5</verseOrder>
    <authors>
      <author>Joan Sutton</author>
      <author>John Keble</author>
    </authors>
    <songbooks>
      <songbook name="Hinário Para o Culto Cristão" entry="077"/>
    </songbooks>
  </properties>
  <lyrics>
    <verse name="v1">
      <lines break="optional">Luz da minha alma és tu, Senhor;<br/>noite não há se perto estás.</lines>
      <lines>Dissipa as nuvens do temor,<br/>e tenho em ti descanso e paz.</lines>
    </verse>
    <verse name="v2">
      <lines break="optional">Qual brando orvalho, o sono vem<br/>minha alma e corpo refrescar.</lines>
      <lines>Em ti, Jesus, supremo bem,<br/>quão suave e doce é descansar!</lines>
    </verse>
    <verse name="v3">
      <lines break="optional">Fica ao meu lado, Salvador;<br/>só tenho vida em teu amor.</lines>
      <lines>Do dia esvai-se toda a luz;<br/>tu me diriges, ó Jesus.</lines>
    </verse>
    <verse name="v4">
      <lines break="optional">Com os enfermos vem estar,<br/>os pobres vem alimentar;</lines>
      <lines>aos que no leito sofrem dor,<br/>dá teu alívio animador.</lines>
    </verse>
    <verse name="v5">
      <lines break="optional">Sê tu conosco ao despertar<br/>e nosso passo vem guiar;</lines>
      <lines>na imensidão do teu amor<br/>dá que habitemos, ó Senhor.</lines>
    </verse>
  </lyrics>
</song>
