<?xml version='1.0' encoding='UTF-8'?>
<song xmlns="http://openlyrics.info/namespace/2009/song" version="0.8" createdIn="OpenLP 2.0.1" modifiedIn="OpenLP 2.0.1" modifiedDate="2013-11-14T22:04:52">
  <properties>
    <titles>
      <title>HCC 490 Deus Nos Chama a Ser Seu Povo</title>
      <title>Ano Novo</title>
    </titles>
    <verseOrder>v1 v2 v3</verseOrder>
    <authors>
      <author>David Hodges</author>
      <author>Thomas Jackson</author>
    </authors>
    <songbooks>
      <songbook name="Hinário Para o Culto Cristão" entry="490"/>
    </songbooks>
  </properties>
  <lyrics>
    <verse name="v1">
      <lines break="optional">Deus nos chama a ser seu povo,<br/>sua graça a demonstrar;<br/>pelo Espírito unidos,<br/>esperança ao mundo dar.</lines>
      <lines>Vida nova, pois, vivamos,<br/>com fervor e devoção,<br/>e mostremos sua glória,<br/>com amor e comunhão.</lines>
    </verse>
    <verse name="v2">
      <lines break="optional">Deus nos chama a ser seu povo,<br/>servos do Senhor Jesus,<br/>obedientes ao mandado<br/>de levar a nossa cruz.</lines>
      <lines>Dediquemos nossas vidas<br/>e talentos ao Senhor,<br/>repartindo com os outros<br/>sua graça e seu amor.</lines>
    </verse>
    <verse name="v3">
      <lines break="optional">Deus nos chama a ser povo,<br/>seus profetas em ação,<br/>a justiça promovendo,<br/>combatendo a opressão.</lines>
      <lines>Corajosos, proclamemos<br/>o perdão do Redentor<br/>e, fiéis, obedeçamos<br/>à chamada do Senhor!</lines>
    </verse>
  </lyrics>
</song>
