<?xml version='1.0' encoding='UTF-8'?>
<song xmlns="http://openlyrics.info/namespace/2009/song" version="0.8" createdIn="OpenLP 2.0.1" modifiedIn="OpenLP 2.0.1" modifiedDate="2013-11-14T22:04:34">
  <properties>
    <titles>
      <title>HCC 413 Ouvi o Salvador Dizer</title>
      <title>Vox Dilecti</title>
    </titles>
    <verseOrder>v1 v2 v3</verseOrder>
    <authors>
      <author>John Dykes</author>
      <author>Horatius Bonar</author>
    </authors>
    <songbooks>
      <songbook name="Hinário Para o Culto Cristão" entry="413"/>
    </songbooks>
  </properties>
  <lyrics>
    <verse name="v1">
      <lines break="optional">Ouvi o Salvador dizer:<br/>"Vem descansar em mim<br/>e nos meus braços hás de ter<br/>consolação sem fim."</lines>
      <lines>Então eu fui e lhe entreguei<br/>meu triste coração.<br/>Abrigo, paz e graça achei,<br/>achei consolação.</lines>
    </verse>
    <verse name="v2">
      <lines break="optional">Ouvi o Salvador dizer:<br/>"Da vida a fonte sou.<br/>Das águas vivas vem beber,<br/>de graça eu sempre dou."</lines>
      <lines>Fui a Jesus e me prostrei,<br/>das águas eu bebi.<br/>Sedento nunca ficarei<br/>enquanto estou aqui.</lines>
    </verse>
    <verse name="v3">
      <lines break="optional">Ouvi o Salvador dizer:<br/>"A luz da vida sou;<br/>a quem com fé me receber<br/>a vida eterna dou."</lines>
      <lines>Fui a Jesus e nele achei<br/>o sol que brilha em mim;<br/>e nessa luz eu andarei<br/>até da vida o fim.</lines>
    </verse>
  </lyrics>
</song>
