<?xml version='1.0' encoding='UTF-8'?>
<song xmlns="http://openlyrics.info/namespace/2009/song" version="0.8" createdIn="OpenLP 2.0.1" modifiedIn="OpenLP 2.0.1" modifiedDate="2013-11-14T22:03:32">
  <properties>
    <titles>
      <title>HCC 086 Ele Será a Nossa Paz</title>
      <title>Miquéias 5:2, 4, 5</title>
    </titles>
    <copyright>Miquéias 5:2, 4, 5</copyright>
    <verseOrder>v1</verseOrder>
    <authors>
      <author>Leitura bíblica</author>
    </authors>
    <songbooks>
      <songbook name="Hinário Para o Culto Cristão" entry="086"/>
    </songbooks>
  </properties>
  <lyrics>
    <verse name="v1">
      <lines>Mas tu, Belém Efrata, posto que pequena para estar entre os milhares de Judá,<br/>de ti é que me sairá aquele que há de reinar em Israel, e cujas saídas são desde<br/>os tempos antigos, desde os dias da eternidade.<br/>E ele permanecerá, e apascentará o povo na força do Senhor,<br/>na excelência do nome do Senhor seu Deus, e eles permanecerão,<br/>porque agora ele será grande até os fins da terra. E este será a nossa paz.</lines>
    </verse>
  </lyrics>
</song>
