<?xml version='1.0' encoding='UTF-8'?>
<song xmlns="http://openlyrics.info/namespace/2009/song" version="0.8" createdIn="OpenLP 2.0.1" modifiedIn="OpenLP 2.0.1" modifiedDate="2013-11-14T22:03:26">
  <properties>
    <titles>
      <title>HCC 053 Tudo Belo, ó Deus, Criaste</title>
      <title>Geneva</title>
    </titles>
    <verseOrder>v1 v2 v3 v4</verseOrder>
    <authors>
      <author>Mary Edgar</author>
      <author>Carl Lowden</author>
    </authors>
    <songbooks>
      <songbook name="Hinário Para o Culto Cristão" entry="053"/>
    </songbooks>
  </properties>
  <lyrics>
    <verse name="v1">
      <lines>Tudo belo, ó Deus, criaste<br/>pela tua mão.<br/>Faz de novo puro e forte<br/>o meu coração.</lines>
    </verse>
    <verse name="v2">
      <lines>Como as fontes cristalinas<br/>vem tornar-me, ó Deus.<br/>Como rocha inabalável,<br/>firma os passos meus.</lines>
    </verse>
    <verse name="v3">
      <lines>Como os céus após a chuva<br/>quero limpo estar.<br/>Minha mente e meus desejos<br/>vem purificar.</lines>
    </verse>
    <verse name="v4">
      <lines>Tudo belo, ó Deus, criaste<br/>pelo teu poder.<br/>Vem fazer mais belo e puro<br/>todo o meu viver.<br/>Amém.</lines>
    </verse>
  </lyrics>
</song>
