<?xml version='1.0' encoding='UTF-8'?>
<song xmlns="http://openlyrics.info/namespace/2009/song" version="0.8" createdIn="OpenLP 2.0.1" modifiedIn="OpenLP 2.0.1" modifiedDate="2013-11-14T22:04:45">
  <properties>
    <titles>
      <title>HCC 456 Precioso É Jesus Para Mim</title>
      <title>Precious To Me</title>
    </titles>
    <verseOrder>v1 c1 v2 c1 v3 c1 v4 c1</verseOrder>
    <authors>
      <author>Charles Gabriel</author>
    </authors>
    <songbooks>
      <songbook name="Hinário Para o Culto Cristão" entry="456"/>
    </songbooks>
  </properties>
  <lyrics>
    <verse name="v1">
      <lines break="optional">Desejo a presença do meu Salvador<br/>as honras a Ele darei com louvor</lines>
      <lines>porque sempre achei nele graça e favor;<br/>precioso é Jesus para mim!</lines>
    </verse>
    <verse name="c1">
      <lines break="optional">Precioso é Jesus para mim!<br/>Precioso é Jesus para mim!</lines>
      <lines>Celeste prazer é Jesus conhecer!<br/>Precioso é Jesus para mim!</lines>
    </verse>
    <verse name="v2">
      <lines break="optional">Batendo Ele à porta do meu coração,<br/>humilde e paciente aguardou admissão.</lines>
      <lines>Do triste pecado outorgou-me perdão;<br/>precioso é Jesus para mim!</lines>
    </verse>
    <verse name="v3">
      <lines break="optional">Firmado em Jesus eu terei, no final,<br/>futuro de glória na vida eternal.</lines>
      <lines>Feliz viverei já liberto do mal;<br/>precioso é Jesus para mim!</lines>
    </verse>
    <verse name="v4">
      <lines break="optional">Na glória, minha alma deseja habitar<br/>e mais com o Mestre se identificar.</lines>
      <lines>com todo os salvos servir e adorar;<br/>precioso é Jesus para mim!</lines>
    </verse>
  </lyrics>
</song>
