<?xml version='1.0' encoding='UTF-8'?>
<song xmlns="http://openlyrics.info/namespace/2009/song" version="0.8" createdIn="OpenLP 2.0.1" modifiedIn="OpenLP 2.0.1" modifiedDate="2013-11-14T22:04:47">
  <properties>
    <titles>
      <title>HCC 465 Crer e Observar</title>
      <title>Trust And Obey</title>
    </titles>
    <verseOrder>v1 c1 v2 c1 v3 c1 v4 c1</verseOrder>
    <authors>
      <author>Daniel Towner</author>
      <author>John Sammis</author>
    </authors>
    <songbooks>
      <songbook name="Hinário Para o Culto Cristão" entry="465"/>
    </songbooks>
  </properties>
  <lyrics>
    <verse name="v1">
      <lines break="optional">Em Jesus confiar,<br/>suas leis observar,<br/>é trilhar um caminho de paz.</lines>
      <lines>Satisfeitos, guardar<br/>o que ele ordenar<br/>alegria perene nos traz.</lines>
    </verse>
    <verse name="c1">
      <lines break="optional">Crer e observar<br/>tudo quanto ordenar;</lines>
      <lines>o fiel obedece<br/>ao que Cristo mandar.</lines>
    </verse>
    <verse name="v2">
      <lines break="optional">Ao andarmos com Deus,<br/>recebemos dos céus<br/>direção e conforto sem par.</lines>
      <lines>Nem tristeza, nem dor,<br/>nem a prova maior<br/>poderão nossa fé abalar.</lines>
    </verse>
    <verse name="v3">
      <lines break="optional">Inefável prazer<br/>é Jesus conhecer,<br/>e ser crente zeloso e leal.</lines>
      <lines>Sua voz sempre ouvir,<br/>suas ordens cumprir,<br/>é ter bênção constante e real.</lines>
    </verse>
    <verse name="v4">
      <lines break="optional">Resolutos, Senhor,<br/>e com todo fervor,<br/>os teu passos queremos seguir,</lines>
      <lines>teus preceitos guardar,<br/>o teu nome exaltar,<br/>sempre a tua presença sentir.</lines>
    </verse>
  </lyrics>
</song>
