<?xml version='1.0' encoding='UTF-8'?>
<song xmlns="http://openlyrics.info/namespace/2009/song" version="0.8" createdIn="OpenLP 2.0.1" modifiedIn="OpenLP 2.0.1" modifiedDate="2013-11-14T22:03:24">
  <properties>
    <titles>
      <title>HCC 044 O Mundo É do Senhor</title>
      <title>Jo 1:1, 2; Gn 1:1-3; Jo 1:4; Gn 1:6-8; Sl 19:1; Gn 1:9, 10; Sl 24:1, 2; Gn 1:14; Mt 5:14, 16; Gn 1:24; Sl 148:7; Gn 1:26; Sl 148:12, 13; Gn 2:3</title>
    </titles>
    <copyright>Jo 1:1, 2; Gn 1:1-3; Jo 1:4; Gn 1:6-8; Sl 19:1; Gn 1:9, 10; Sl 24:1, 2; Gn 1:14; Mt 5:14, 16; Gn 1:24; Sl 148:7; Gn 1:26; Sl 148:12, 13; Gn 2:3</copyright>
    <verseOrder>v1 v2 v3 v4 v5 v6 v7 v8 v9 v10 v11 v12 v13 v14</verseOrder>
    <authors>
      <author>Leitura bíblica</author>
    </authors>
    <songbooks>
      <songbook name="Hinário Para o Culto Cristão" entry="044"/>
    </songbooks>
  </properties>
  <lyrics>
    <verse name="v1">
      <lines>No princípio era o Verbo, e o Verbo estava com Deus, e o Verbo era Deus. Ele estava no princípio com Deus.</lines>
    </verse>
    <verse name="v2">
      <lines>No princípio criou Deus os céus e a terra. (...) O Espírito de Deus pairava sobre a face das águas. Disse Deus: Haja luz.</lines>
    </verse>
    <verse name="v3">
      <lines>Nele estava a vida, e a vida era a luz dos homens.</lines>
    </verse>
    <verse name="v4">
      <lines>E disse Deus: Haja um firmamento no meio das águas, (...) e separou as águas. (...) Chamou Deus ao firmamento céu.</lines>
    </verse>
    <verse name="v5">
      <lines>Os céus proclamam a glória de Deus e o firmamento anuncia a obra das suas mãos.</lines>
    </verse>
    <verse name="v6">
      <lines break="optional">E disse Deus: Ajuntem-se num só lugar as águas que estão debaixo do céu, e apareça o elemento seco. (...)</lines>
      <lines> Chamou Deus ao elemento seco terra, e ao ajuntamento das águas mares.</lines>
    </verse>
    <verse name="v7">
      <lines>Do Senhor é a terra e a sua plenitude (...) Porque ele a fundou sobre os mares, e a firmou sobre os rios.</lines>
    </verse>
    <verse name="v8">
      <lines>E disse Deus: Haja luminares no firmamento do céu, para fazerem separação entre o dia e a noite.</lines>
    </verse>
    <verse name="v9">
      <lines>Vós sois a luz do mundo. (...) Assim resplandeça a vossa luz diante dos homens, para que (...) glorifiquem a vosso Pai.</lines>
    </verse>
    <verse name="v10">
      <lines>E disse Deus: Produza a terra seres viventes segundo as suas espécies.</lines>
    </verse>
    <verse name="v11">
      <lines>Louvai ao Senhor desde a terra, vós, monstros marinhos e todos os abismos.</lines>
    </verse>
    <verse name="v12">
      <lines>E disse Deus: Façamos o homem à nossa imagem, conforme a nossa semelhança.</lines>
    </verse>
    <verse name="v13">
      <lines>Mancebos e donzelas; velhos e crianças! Louvem (...) o nome do Senhor.</lines>
    </verse>
    <verse name="v14">
      <lines>Abençoou Deus o sétimo dia, e o santificou; porque nele descansou de toda a sua obra que criara e fizera.</lines>
    </verse>
  </lyrics>
</song>
