<?xml version='1.0' encoding='UTF-8'?>
<song xmlns="http://openlyrics.info/namespace/2009/song" version="0.8" createdIn="OpenLP 2.0.1" modifiedIn="OpenLP 2.0.1" modifiedDate="2013-11-14T22:03:18">
  <properties>
    <titles>
      <title>HCC 017 Fonte És Tu de Toda Bênção</title>
      <title>Nettleton</title>
    </titles>
    <verseOrder>v1 v2 v3</verseOrder>
    <authors>
      <author>Robert Robinson</author>
    </authors>
    <songbooks>
      <songbook name="Hinário Para o Culto Cristão" entry="017"/>
    </songbooks>
  </properties>
  <lyrics>
    <verse name="v1">
      <lines break="optional">Fonte és tu de toda bênção;<br/>vem o canto me inspirar;<br/>a misericórdia tua<br/>quero em alto som louvar.</lines>
      <lines>Oh, ensina o novo canto<br/>dos remidos lá dos céus<br/>ao teu servo e ao povo santo<br/>pra louvarmos-te, bom Deus!</lines>
    </verse>
    <verse name="v2">
      <lines break="optional">Ao Senhor eu agradeço,<br/>pois Jesus me socorreu<br/>e, por sua graça, um dia<br/>vai levar-me para o céu.</lines>
      <lines>Eu, perdido, procurou-me,<br/>longe do meu Deus, sem luz;<br/>dos pecados meus lavou-me<br/>com seu sangue o bom Jesus.</lines>
    </verse>
    <verse name="v3">
      <lines break="optional">Devedor à tua graça<br/>cada dia e hora sou.<br/>Teu cuidado sempre faça<br/>com que eu ame a ti, Senhor.</lines>
      <lines>O meu ser é vacilante:<br/>toma-o, prende-o com amor,<br/>pra que eu, a todo instante,<br/>glorifique a ti, Senhor.</lines>
    </verse>
  </lyrics>
</song>
