<?xml version='1.0' encoding='UTF-8'?>
<song xmlns="http://openlyrics.info/namespace/2009/song" version="0.8" createdIn="OpenLP 2.0.1" modifiedIn="OpenLP 2.0.1" modifiedDate="2013-11-14T22:03:55">
  <properties>
    <titles>
      <title>HCC 213 Oh, Vive em Mim, Consolador!</title>
      <title>Truett</title>
    </titles>
    <verseOrder>v1 c1 v2 c1 v3 c1 v3 c1</verseOrder>
    <authors>
      <author>Baylus McKinney</author>
      <author>Edwin Hatch</author>
    </authors>
    <songbooks>
      <songbook name="Hinário Para o Culto Cristão" entry="213"/>
    </songbooks>
  </properties>
  <lyrics>
    <verse name="v1">
      <lines>Oh, vive em mim, Consolador!<br/>Limpa meu coração;<br/>faze brilhar a tua luz<br/>e dá-me a tua unção.</lines>
    </verse>
    <verse name="c1">
      <lines>Vive em mim, vive em mim,<br/>Santo Espírito, vive em mim!<br/>Com teu poder limpa meu ser,<br/>Santo Espírito, vive em mim!</lines>
    </verse>
    <verse name="v2">
      <lines>Oh, vive em mim, Consolador!<br/>Vem dominar meu ser,<br/>minha vontade sujeitar<br/>a Cristo e seu querer.</lines>
    </verse>
    <verse name="v3">
      <lines>Oh, vive em mim, Consolador!<br/>Enche-me de poder!<br/>Chamas de zelo, amor e fé<br/>em mim vem acender.</lines>
    </verse>
    <verse name="v4">
      <lines>Oh, vive em mim, Consolador!<br/>Meu ser é todo teu;<br/>quero por ti aqui viver,<br/>porque já não sou meu.</lines>
    </verse>
  </lyrics>
</song>
