<?xml version='1.0' encoding='UTF-8'?>
<song xmlns="http://openlyrics.info/namespace/2009/song" version="0.8" createdIn="OpenLP 2.0.1" modifiedIn="OpenLP 2.0.1" modifiedDate="2013-11-14T22:03:31">
  <properties>
    <titles>
      <title>HCC 078 Tu Sabes Que Te Amo</title>
      <title>João 21:15-17</title>
    </titles>
    <copyright>João 21:15-17</copyright>
    <verseOrder>v1 v2 v3</verseOrder>
    <authors>
      <author>Leitura bíblica</author>
    </authors>
    <songbooks>
      <songbook name="Hinário Para o Culto Cristão" entry="078"/>
    </songbooks>
  </properties>
  <lyrics>
    <verse name="v1">
      <lines break="optional">Depois de terem comido, perguntou Jesus a Simão Pedro: Simão, filho de João, amas-me mais do que estes? </lines>
      <lines>Respondeu-lhe ele: Sim, Senhor, tu sabes que te amo. Disse-lhe ele: Apascenta os meus cordeirinhos.</lines>
    </verse>
    <verse name="v2">
      <lines break="optional">Tornou a perguntar-lhe: Simão, filho de João, amas-me?</lines>
      <lines>Respondeu-lhe: Sim, Senhor; tu sabes que te amo. Disse-lhe: Pastoreia as minhas ovelhas.</lines>
    </verse>
    <verse name="v3">
      <lines break="optional">Perguntou-lhe terceira vez: Simão, filho de João, amas-me? Entristeceu-se Pedro por lhe ter perguntado pela terceira vez: Amas-me?</lines>
      <lines>E respondeu-lhe: Senhor, tu sabes todas as coisas; tu sabes que te amo. Disse-lhe Jesus: Apascenta as minhas ovelhas.</lines>
    </verse>
  </lyrics>
</song>
