<?xml version='1.0' encoding='UTF-8'?>
<song xmlns="http://openlyrics.info/namespace/2009/song" version="0.8" createdIn="OpenLP 2.0.1" modifiedIn="OpenLP 2.0.1" modifiedDate="2013-11-14T22:04:16">
  <properties>
    <titles>
      <title>HCC 321 Cristo É Nossa Esperança</title>
      <title>Cristo É Mais</title>
    </titles>
    <verseOrder>v1 v2</verseOrder>
    <authors>
      <author>Guilherne Kerr Neto</author>
      <author>Marcílio Oliveira Filho</author>
    </authors>
    <songbooks>
      <songbook name="Hinário Para o Culto Cristão" entry="321"/>
    </songbooks>
  </properties>
  <lyrics>
    <verse name="v1">
      <lines break="optional">Cristo é nossa esperança,<br/>pois nos veio libertar.<br/>Seu amor que nos alcança<br/>é sublime e singular.</lines>
      <lines>Jesus Cristo está presente<br/>para as dores minorar,<br/>quando sobre nós se lança<br/>dor que aflige, dor sem par.</lines>
    </verse>
    <verse name="v2">
      <lines break="optional">Cristo é nossa alegria;<br/>nele temos luz e paz.<br/>Mesmo em noite escura e fria,<br/>seu amor calor nos traz.</lines>
      <lines>Nossa vida e nossa força<br/>com poder e amor refaz.<br/>Ele é nossa alegria,<br/>esperança e muito mais.</lines>
    </verse>
  </lyrics>
</song>
