<?xml version='1.0' encoding='UTF-8'?>
<song xmlns="http://openlyrics.info/namespace/2009/song" version="0.8" createdIn="OpenLP 2.0.1" modifiedIn="OpenLP 2.0.1" modifiedDate="2013-11-14T22:03:17">
  <properties>
    <titles>
      <title>HCC 012 Deus É Fiel, Justo e Reto</title>
      <title>Deuteronômio 32:3, 4; 1 Samuel 2:3</title>
    </titles>
    <copyright>Deuteronômio 32:3, 4; 1 Samuel 2:3</copyright>
    <verseOrder>v1 v2</verseOrder>
    <authors>
      <author>Leitura bíblica</author>
    </authors>
    <songbooks>
      <songbook name="Hinário Para o Culto Cristão" entry="012"/>
    </songbooks>
  </properties>
  <lyrics>
    <verse name="v1">
      <lines>Porque proclamarei o nome do Senhor.<br/>Ele é a Rocha; suas obras são perfeitas, porque todos os seus caminhos são justos;</lines>
    </verse>
    <verse name="v2">
      <lines>Deus é fiel e sem iniquidade;  justo e reto é ele.<br/>O Senhor é o Deus da sabedoria.</lines>
    </verse>
  </lyrics>
</song>
