<?xml version='1.0' encoding='UTF-8'?>
<song xmlns="http://openlyrics.info/namespace/2009/song" version="0.8" createdIn="OpenLP 2.0.1" modifiedIn="OpenLP 2.0.1" modifiedDate="2013-11-14T22:04:19">
  <properties>
    <titles>
      <title>HCC 340 Salvador Bendito</title>
      <title>St. Gertrude</title>
    </titles>
    <verseOrder>v1 c1 v2 c1 v3 c1 v4 c1</verseOrder>
    <authors>
      <author>Henry Wright</author>
      <author>Arthur Sullivan</author>
    </authors>
    <songbooks>
      <songbook name="Hinário Para o Culto Cristão" entry="340"/>
    </songbooks>
  </properties>
  <lyrics>
    <verse name="v1">
      <lines break="optional">Salvador bendito; terno e bom Senhor,<br/>só em ti confio, grande Salvador.</lines>
      <lines>Sobre a cruz morreste para me salvar,<br/>tudo padeceste para me livrar.</lines>
    </verse>
    <verse name="c1">
      <lines>Ó Jesus bendito, terno e bom Senhor,<br/>só em ti confio, grande Salvador.</lines>
    </verse>
    <verse name="v2">
      <lines break="optional">Só em ti confio; grande é teu amor.<br/>Nunca desprezaste um só pecador.</lines>
      <lines>Todo o que contrito já te procurou<br/>pela tua graça salvação achou.</lines>
    </verse>
    <verse name="v3">
      <lines break="optional">Sim, em ti confio; Salvador fiel.<br/>Nunca abandonaste o teu Israel.</lines>
      <lines>Tua excelsa graça nunca faltará.<br/>O que em ti confia não perecerá.</lines>
    </verse>
    <verse name="v4">
      <lines break="optional">Sempre em ti confio; grande é teu poder.<br/>Tu os inimigos podes bem vencer.</lines>
      <lines>Salvo e bem seguro leva-me, Senhor,<br/>sempre protegido pelo teu amor.</lines>
    </verse>
  </lyrics>
</song>
