<?xml version='1.0' encoding='UTF-8'?>
<song xmlns="http://openlyrics.info/namespace/2009/song" version="0.8" createdIn="OpenLP 2.0.1" modifiedIn="OpenLP 2.0.1" modifiedDate="2013-11-14T22:04:47">
  <properties>
    <titles>
      <title>HCC 467 Por Onde Me Conduzir</title>
      <title>Falls Creek</title>
    </titles>
    <verseOrder>v1 c1 v2 c1 v3 c1 v4 c1</verseOrder>
    <authors>
      <author>Baylus McKinney</author>
    </authors>
    <songbooks>
      <songbook name="Hinário Para o Culto Cristão" entry="467"/>
    </songbooks>
  </properties>
  <lyrics>
    <verse name="v1">
      <lines break="optional">"Oh, toma a cruz e segue-me!"<br/>Jesus me disse assim;</lines>
      <lines>"pra te salvar, na cruz morri;<br/>entrega-te hoje a mim".</lines>
    </verse>
    <verse name="c1">
      <lines break="optional">Por onde me conduzir,<br/>por onde me conduzir,</lines>
      <lines>a Cristo, meu Mestre, irei seguir,<br/>por onde me conduzir.</lines>
    </verse>
    <verse name="v2">
      <lines break="optional">Bem perto, ao lado de Jesus,<br/>desejo aqui seguir,</lines>
      <lines>andando sempre em sua luz,<br/>por onde me conduzir.</lines>
    </verse>
    <verse name="v3">
      <lines break="optional">Em sombra ou sol, na paz, na dor,<br/>a Cristo irei servir;</lines>
      <lines>em terra ou mar, seja onde for,<br/>por onde me conduzir.</lines>
    </verse>
    <verse name="v4">
      <lines break="optional">Meu ser e meu louvor darei<br/>a quem me quis remir.</lines>
      <lines>A Cristo, o Mestre, seguirei<br/>por onde me conduzir.</lines>
    </verse>
  </lyrics>
</song>
