<?xml version='1.0' encoding='UTF-8'?>
<song xmlns="http://openlyrics.info/namespace/2009/song" version="0.8" createdIn="OpenLP 2.0.1" modifiedIn="OpenLP 2.0.1" modifiedDate="2013-11-14T22:03:34">
  <properties>
    <titles>
      <title>HCC 097 Anjos das Mansões de Glória</title>
      <title>Regent Square</title>
    </titles>
    <verseOrder>v1 c1 v2 c1 v3 c1 v4 c1</verseOrder>
    <authors>
      <author>Henry Smart</author>
      <author>James Montgomery</author>
    </authors>
    <songbooks>
      <songbook name="Hinário Para o Culto Cristão" entry="097"/>
    </songbooks>
  </properties>
  <lyrics>
    <verse name="v1">
      <lines break="optional">Anjos das mansões de glória,<br/>vinde à terra e novas dai;</lines>
      <lines>conheceis do mundo a história,<br/>o Natal anunciai.</lines>
    </verse>
    <verse name="c1">
      <lines>Adoremos, adoremos<br/>a Jesus, o Infante Rei!</lines>
    </verse>
    <verse name="v2">
      <lines break="optional">O rebanho aqui dormita;<br/>vós, pastores, acordai.</lines>
      <lines>Entre os homens Deus habita,<br/>sua estrela contemplai.</lines>
    </verse>
    <verse name="v3">
      <lines break="optional">As visões deixai de lado.<br/>Vinde, ó magos, e achareis</lines>
      <lines>das nações o Desejado;<br/>sua estrela conheceis.</lines>
    </verse>
    <verse name="v4">
      <lines break="optional">Vós, seus filhos, que, prostrados,<br/>esperáveis sem cansar,</lines>
      <lines>recebei o Cristo amado,<br/>que ao seu templo vai chegar.</lines>
    </verse>
  </lyrics>
</song>
