<?xml version='1.0' encoding='UTF-8'?>
<song xmlns="http://openlyrics.info/namespace/2009/song" version="0.8" createdIn="OpenLP 2.0.1" modifiedIn="OpenLP 2.0.1" modifiedDate="2013-11-14T22:04:21">
  <properties>
    <titles>
      <title>HCC 350 A Jesus Cristo Contarei Tudo</title>
      <title>Orwigsburg</title>
    </titles>
    <verseOrder>v1 c1 v2 c1 v3 c1</verseOrder>
    <authors>
      <author>Elisha Hoffmann</author>
    </authors>
    <songbooks>
      <songbook name="Hinário Para o Culto Cristão" entry="350"/>
    </songbooks>
  </properties>
  <lyrics>
    <verse name="v1">
      <lines break="optional">A Jesus Cristo contarei tudo<br/>que haja em meu peito a me perturbar;</lines>
      <lines>os meus problemas, meus sofrimentos,<br/>só ele pode suavizar.</lines>
    </verse>
    <verse name="c1">
      <lines break="optional">A Jesus Cristo, meu Mestre amado,<br/>narrarei sempre minha aflição;</lines>
      <lines>aos meus cuidados, meus sofrimentos,<br/>só ele pode dar solução.</lines>
    </verse>
    <verse name="v2">
      <lines break="optional">Quando tentado, sei que preciso<br/>de um protetor que possa valer;</lines>
      <lines>só Jesus Cristo, que é invencível,<br/>pode, portanto, me proteger.</lines>
    </verse>
    <verse name="v3">
      <lines break="optional">Sei que este mundo quer atrair-me,<br/>do bom caminho me desviar;</lines>
      <lines>mas Jesus Cristo, forte e zeloso,<br/>sempre me ajuda a perseverar.</lines>
    </verse>
  </lyrics>
</song>
