<?xml version='1.0' encoding='UTF-8'?>
<song xmlns="http://openlyrics.info/namespace/2009/song" version="0.8" createdIn="OpenLP 2.0.1" modifiedIn="OpenLP 2.0.1" modifiedDate="2013-11-14T22:04:42">
  <properties>
    <titles>
      <title>HCC 442 Perto, Mais Perto</title>
      <title>Morris</title>
    </titles>
    <verseOrder>v1 v2 v3</verseOrder>
    <authors>
      <author>Lelia Morris</author>
    </authors>
    <songbooks>
      <songbook name="Hinário Para o Culto Cristão" entry="442"/>
    </songbooks>
  </properties>
  <lyrics>
    <verse name="v1">
      <lines break="optional">Perto, mais perto, ó Deus, de ti,<br/>perto de ti eu preciso viver.</lines>
      <lines>Perto, mais perto, ó Deus, de ti,<br/>em tua graça desejo crescer.<br/>Em tua graça desejo crescer.</lines>
    </verse>
    <verse name="v2">
      <lines break="optional">Perto, mais perto; mui pobre sou,<br/>tudo, porém, venho aqui te ofertar.</lines>
      <lines>Todo o meu ser, contrito te dou.<br/>Busco o teu reino em primeiro lugar.<br/>Busco o teu reino em primeiro lugar.</lines>
    </verse>
    <verse name="v3">
      <lines break="optional">Perto, mais perto; em meu viver,<br/>sei que seguro pra sempre hei de estar,</lines>
      <lines>e, finda a luta, quando eu morrer,<br/>perto, mais perto de ti vou ficar.<br/>Perto, mais perto de ti vou ficar.</lines>
    </verse>
  </lyrics>
</song>
