<?xml version='1.0' encoding='UTF-8'?>
<song xmlns="http://openlyrics.info/namespace/2009/song" version="0.8" createdIn="OpenLP 2.0.1" modifiedIn="OpenLP 2.0.1" modifiedDate="2013-11-14T22:04:44">
  <properties>
    <titles>
      <title>HCC 450 Triste e Sombrio Foi Meu Viver</title>
      <title>Jesus, I Come</title>
    </titles>
    <verseOrder>v1 v2 v3</verseOrder>
    <authors>
      <author>George Stebbins</author>
      <author>William Sleeper</author>
    </authors>
    <songbooks>
      <songbook name="Hinário Para o Culto Cristão" entry="450"/>
    </songbooks>
  </properties>
  <lyrics>
    <verse name="v1">
      <lines break="optional">Triste e sombrio foi meu viver,<br/>longe de ti, meu Redentor,<br/>mas alegria vim conhecer<br/>junto de ti, Senhor.</lines>
      <lines>Foi grande a luta e a tentação;<br/>tenho sofrido muita aflição.<br/>Pra confortar o meu coração,<br/>eu venho a ti, Senhor.</lines>
    </verse>
    <verse name="v2">
      <lines break="optional">Minhas vaidades abandonei:<br/>são ilusões, não tem valor.<br/>Pois teu querer será minha lei,<br/>vou te servir, Senhor.</lines>
      <lines>Do teu amor desejo falar.<br/>A tua graça vou proclamar.<br/>Sempre contigo almejo ficar,<br/>teu quero ser, Senhor.</lines>
    </verse>
    <verse name="v3">
      <lines break="optional">E nem a morte recearei:<br/>perto de mim tu ficarás;<br/>e lá no céu a glória terei,<br/>junto de ti, Senhor.</lines>
      <lines>Longe do mal desejo viver,<br/>todo pecado vou combater,<br/>com alegria te obedecer,<br/>meu Rei e meu Senhor.</lines>
    </verse>
  </lyrics>
</song>
