<?xml version='1.0' encoding='UTF-8'?>
<song xmlns="http://openlyrics.info/namespace/2009/song" version="0.8" createdIn="OpenLP 2.0.1" modifiedIn="OpenLP 2.0.1" modifiedDate="2013-11-14T22:03:32">
  <properties>
    <titles>
      <title>HCC 083 Jesus a Revelação de Deus</title>
      <title>Hebreus 1:1-4, 6</title>
    </titles>
    <copyright>Hebreus 1:1-4, 6</copyright>
    <verseOrder>v1</verseOrder>
    <authors>
      <author>Leitura bíblica</author>
    </authors>
    <songbooks>
      <songbook name="Hinário Para o Culto Cristão" entry="083"/>
    </songbooks>
  </properties>
  <lyrics>
    <verse name="v1">
      <lines>Havendo Deus antigamente falado muitas vezes,<br/>e de muitas maneiras, aos pais, pelos profetas,<br/>nestes últimos dias a nós nos falou pelo Filho,<br/>a quem constituiu herdeiro de todas as coisas,<br/>e por quem fez também o mundo,<br/>sendo ele o resplendor da sua glória e a expressa imagem do seu Ser,<br/>e sustentando todas as coisas pela palavra do seu poder,<br/>havendo ele mesmo feito a purificação dos pecados,<br/>assentou-se à direta da majestade nas alturas,<br/>feito tanto mais excelente do que os anjos,<br/>quanto herdou mais excelente nome do que eles (...) <br/>Ao introduzir no mundo o primogênito, diz:<br/>E todos os anjos de Deus o adorem.</lines>
    </verse>
  </lyrics>
</song>
