<?xml version='1.0' encoding='UTF-8'?>
<song xmlns="http://openlyrics.info/namespace/2009/song" version="0.8" createdIn="OpenLP 2.0.1" modifiedIn="OpenLP 2.0.1" modifiedDate="2013-11-14T22:03:57">
  <properties>
    <titles>
      <title>HCC 220 Teu Livro Santo</title>
      <title>Retreat</title>
    </titles>
    <verseOrder>v1 v2 v3</verseOrder>
    <authors>
      <author>Sarah Kalley</author>
      <author>Thomas Hastings</author>
    </authors>
    <songbooks>
      <songbook name="Hinário Para o Culto Cristão" entry="220"/>
    </songbooks>
  </properties>
  <lyrics>
    <verse name="v1">
      <lines break="optional">Teu santo livro, ó grande Deus,<br/>em nossas mãos tomamos.</lines>
      <lines>Clareia os mandamento teus,<br/>Senhor, nós te imploramos.</lines>
    </verse>
    <verse name="v2">
      <lines break="optional">O brilho da celeste luz<br/>nos dê inteligência.</lines>
      <lines>O livro do Senhor Jesus,<br/>leiamos com frequência.</lines>
    </verse>
    <verse name="v3">
      <lines break="optional">Inspira as nossas orações,<br/>Espírito divino,</lines>
      <lines>abrindo nossos corações<br/>ao teu bendito ensino.</lines>
    </verse>
  </lyrics>
</song>
