<?xml version='1.0' encoding='UTF-8'?>
<song xmlns="http://openlyrics.info/namespace/2009/song" version="0.8" createdIn="OpenLP 2.0.1" modifiedIn="OpenLP 2.0.1" modifiedDate="2013-11-14T22:04:47">
  <properties>
    <titles>
      <title>HCC 468 Onde Quer Que Seja</title>
      <title>I Can Safely Go</title>
    </titles>
    <verseOrder>v1 c1 v2 c1 v3 c1</verseOrder>
    <authors>
      <author>Kurt Kaiser</author>
      <author>Jessie Pounds</author>
    </authors>
    <songbooks>
      <songbook name="Hinário Para o Culto Cristão" entry="468"/>
    </songbooks>
  </properties>
  <lyrics>
    <verse name="v1">
      <lines break="optional">Onde quer que seja, com Jesus irei,<br/>ele é meu bendito Salvador e Rei.</lines>
      <lines>Seja para a luta, a fim de batalhar,<br/>seja para o campo, a fim de semear.</lines>
    </verse>
    <verse name="c1">
      <lines break="optional">Onde quer, onde quer<br/>que Deus me mandar,</lines>
      <lines>perto do meu Salvador<br/>eu quero estar.</lines>
    </verse>
    <verse name="v2">
      <lines break="optional">"Onde quer que seja, seguirei Jesus",<br/>diz o coração que vive em sua luz.</lines>
      <lines>Perto dele sempre bem seguro vou<br/>onde quer que seja, pois contente estou.</lines>
    </verse>
    <verse name="v3">
      <lines break="optional">Seja, pois, para onde quer que me levar,<br/>eu feliz com ele sempre vou estar.</lines>
      <lines>Onde quer que seja, sempre cantarei:<br/>"Tu, Senhor, comigo estás; não temerei."</lines>
    </verse>
  </lyrics>
</song>
