<?xml version='1.0' encoding='UTF-8'?>
<song xmlns="http://openlyrics.info/namespace/2009/song" version="0.8" createdIn="OpenLP 2.0.1" modifiedIn="OpenLP 2.0.1" modifiedDate="2013-11-14T22:03:34">
  <properties>
    <titles>
      <title>HCC 098 Pequena Vila de Belém</title>
      <title>St. Louis</title>
    </titles>
    <verseOrder>v1 v2 v3 v4</verseOrder>
    <authors>
      <author>Phillips Brooks</author>
      <author>Lewis Redner</author>
    </authors>
    <songbooks>
      <songbook name="Hinário Para o Culto Cristão" entry="098"/>
    </songbooks>
  </properties>
  <lyrics>
    <verse name="v1">
      <lines break="optional">Pequena vila de Belém,<br/>repousa em teu dormir,<br/>enquanto os astros lá no céu<br/>estão a refulgir.</lines>
      <lines>Porém nas tuas trevas<br/>resplende a eterna luz,<br/>incomparável, divinal:<br/>nasceu o bom Jesus.</lines>
    </verse>
    <verse name="v2">
      <lines break="optional">Vós, anjos, dai real louvor<br/>ao Pai, eterno Deus,<br/>e ao mundo inteiro anunciai<br/>as novas lá dos céus.</lines>
      <lines>Estrelas matutinas,<br/>em hinos de louvor,<br/>aos anjos e homens proclamai<br/>de Deus o eterno amor.</lines>
    </verse>
    <verse name="v3">
      <lines break="optional">O dom glorioso divinal,<br/>nenhum alarde faz.<br/>Por Cristo aos homens nosso Deus<br/>concede graça e paz.</lines>
      <lines>Sereno e muito humilde,<br/>vem ele ao mundo, assim,<br/>trazendo a todos redenção,<br/>mostrando amor sem fim.</lines>
    </verse>
    <verse name="v4">
      <lines break="optional">Habita em nossos corações,<br/>infante e Rei Jesus,<br/>pois desejamos contemplar<br/>visões de tua luz.</lines>
      <lines>Nos céus proclamam anjos<br/>o amor do Deus fiel.<br/>Oh, vem, Senhor, em nós morar,<br/>eterno Emanuel!</lines>
    </verse>
  </lyrics>
</song>
