<?xml version='1.0' encoding='UTF-8'?>
<song xmlns="http://openlyrics.info/namespace/2009/song" version="0.8" createdIn="OpenLP 2.0.1" modifiedIn="OpenLP 2.0.1" modifiedDate="2013-11-14T22:03:36">
  <properties>
    <titles>
      <title>HCC 107 Numa Estrebaria Rude</title>
      <title>Irby</title>
    </titles>
    <verseOrder>v1 v2 v3 v4</verseOrder>
    <authors>
      <author>Henry Gauntlett</author>
      <author>Cecil Alexander</author>
    </authors>
    <songbooks>
      <songbook name="Hinário Para o Culto Cristão" entry="107"/>
    </songbooks>
  </properties>
  <lyrics>
    <verse name="v1">
      <lines break="optional">Numa estrebaria rude<br/>da cidade de Belém,<br/>onde o povo não pensava</lines>
      <lines>encontrar o Sumo Bem,<br/>nela a Virgem deu à luz<br/>ao menino, o bom Jesus.</lines>
    </verse>
    <verse name="v2">
      <lines break="optional">O Senhor da eterna glória<br/>neste mundo quis nascer<br/>e por berço a manjedoura</lines>
      <lines>entre os homens veio ter.<br/>A tal ponto se humilhou<br/>o Senhor que o céu criou!</lines>
    </verse>
    <verse name="v3">
      <lines break="optional">Com amor tratou os outros,<br/>revelando a eterna luz.<br/>Fome, sede, dor, tristezas</lines>
      <lines>padeceu, e até a cruz,<br/>pra mostra-nos compaixão<br/>e nos dar a salvação.</lines>
    </verse>
    <verse name="v4">
      <lines break="optional">Quando para o céu nós formos,<br/>lá veremos o Senhor,<br/>pois o meigo e bom menino</lines>
      <lines>é o eterno Criador.<br/>Para nós desceu dos céus<br/>e nos leva para Deus.</lines>
    </verse>
  </lyrics>
</song>
