<?xml version='1.0' encoding='UTF-8'?>
<song xmlns="http://openlyrics.info/namespace/2009/song" version="0.8" createdIn="OpenLP 2.0.1" modifiedIn="OpenLP 2.0.1" modifiedDate="2013-11-14T22:04:28">
  <properties>
    <titles>
      <title>HCC 386 Bem de Manhã</title>
      <title>Veille Toujours</title>
    </titles>
    <verseOrder>v1 c1 v2 c1 v3 c1 v4 c1</verseOrder>
    <authors>
      <author>Letra anônima</author>
      <author>Sophia Zuberbuehler</author>
    </authors>
    <songbooks>
      <songbook name="Hinário Para o Culto Cristão" entry="386"/>
    </songbooks>
  </properties>
  <lyrics>
    <verse name="v1">
      <lines break="optional">Bem de manhã embora o céu sereno<br/>pareça um dia calmo anunciar,</lines>
      <lines>vigia e ora: o coração pequeno<br/>um temporal pode enfrentar!</lines>
    </verse>
    <verse name="c1">
      <lines>Bem de manhã,<br/>e sem cessar,<br/>vigiar, sim, e orar!</lines>
    </verse>
    <verse name="v2">
      <lines break="optional">Ao meio dia, quando sons e brados<br/>abafam mais de Deus a voz de amor,</lines>
      <lines>ao Salvador entrega os teus cuidados<br/>e vive em paz com o Senhor!</lines>
    </verse>
    <verse name="v3">
      <lines break="optional">Do dia ao fim, após os seus lidares,<br/>relembra as bênçãos do celeste amor</lines>
      <lines>e conta a Deus prazeres e pesares,<br/>deixando em suas mãos a dor!</lines>
    </verse>
    <verse name="v4">
      <lines break="optional">E, sem cessar, vigia a cada instante,<br/>que o inimigo ataca sem parar!</lines>
      <lines>Só com Jesus, em comunhão constante,<br/>tu podes sempre triunfar.</lines>
    </verse>
  </lyrics>
</song>
