<?xml version='1.0' encoding='UTF-8'?>
<song xmlns="http://openlyrics.info/namespace/2009/song" version="0.8" createdIn="OpenLP 2.0.1" modifiedIn="OpenLP 2.0.1" modifiedDate="2013-11-14T22:03:31">
  <properties>
    <titles>
      <title>HCC 082 Meu Deus, Eu Te Amo</title>
      <title>Bracondale</title>
    </titles>
    <verseOrder>v1 v2 v3 v4</verseOrder>
    <authors>
      <author>Josiah Booth</author>
      <author>Francis Xavier</author>
    </authors>
    <songbooks>
      <songbook name="Hinário Para o Culto Cristão" entry="082"/>
    </songbooks>
  </properties>
  <lyrics>
    <verse name="v1">
      <lines break="optional">Meu Deus, eu te amo, não porque<br/>espere os céus e o bem.</lines>
      <lines>Nem é que eu tema, ao não te amar,<br/>sofrer no inferno além.</lines>
    </verse>
    <verse name="v2">
      <lines break="optional">Mas só porque, Senhor, por mim<br/>morreste numa cruz;</lines>
      <lines>e ali, sofrendo em dor cruel,<br/>me deste vida e luz.</lines>
    </verse>
    <verse name="v3">
      <lines break="optional">Atrai-me o teu infindo amor<br/>de tal maneira a ti</lines>
      <lines>que, mesmo sem inferno ou céu,<br/>eu te amarei aqui.</lines>
    </verse>
    <verse name="v4">
      <lines break="optional">Assim compreendo e vivo, ó Deus,<br/>cantando o teu louvor.</lines>
      <lines>A minha salvação és tu,<br/>manancial de amor.</lines>
    </verse>
  </lyrics>
</song>
