<?xml version='1.0' encoding='UTF-8'?>
<song xmlns="http://openlyrics.info/namespace/2009/song" version="0.8" createdIn="OpenLP 2.0.1" modifiedIn="OpenLP 2.0.1" modifiedDate="2013-11-14T22:04:43">
  <properties>
    <titles>
      <title>HCC 447 Mas Eu Sei em Quem Tenho Crido</title>
      <title>El Nathan</title>
    </titles>
    <verseOrder>v1 c1 v2 c1 v3 c1 v4 c1</verseOrder>
    <authors>
      <author>James McGranahan</author>
      <author>Daniel Whittle</author>
    </authors>
    <songbooks>
      <songbook name="Hinário Para o Culto Cristão" entry="447"/>
    </songbooks>
  </properties>
  <lyrics>
    <verse name="v1">
      <lines break="optional">Não sei por que de Deus o amor<br/>a mim se revelou,</lines>
      <lines>por que razão o Salvador<br/>na cruz me resgatou.</lines>
    </verse>
    <verse name="c1">
      <lines break="optional">Mas eu sei em quem tenho crido<br/>e estou seguro que é poderoso</lines>
      <lines>pra guardar bem o meu tesouro<br/>até o dia final.</lines>
    </verse>
    <verse name="v2">
      <lines break="optional">Ignoro como o Espírito<br/>me convenceu do mal,</lines>
      <lines>mostrou-me Cristo, o Salvador,<br/>o Verbo divinal.</lines>
    </verse>
    <verse name="v3">
      <lines break="optional">Não sei o que de mal ou bem<br/>é destinado a mim,</lines>
      <lines>se bons ou tristes dias vêm<br/>até da vida o fim.</lines>
    </verse>
    <verse name="v4">
      <lines break="optional">E, quando vem Jesus, não sei,<br/>se breve ou tarde vem,</lines>
      <lines>mas sei que meu Senhor virá<br/>na glória que ele tem.</lines>
    </verse>
  </lyrics>
</song>
