<?xml version='1.0' encoding='UTF-8'?>
<song xmlns="http://openlyrics.info/namespace/2009/song" version="0.8" createdIn="OpenLP 2.0.1" modifiedIn="OpenLP 2.0.1" modifiedDate="2013-11-14T22:03:43">
  <properties>
    <titles>
      <title>HCC 146 Sei Que Vive o Redentor</title>
      <title>Equatorial</title>
    </titles>
    <verseOrder>v1 v2 v3 v4</verseOrder>
    <authors>
      <author>Hiram Rollo Júnior</author>
      <author>Antônio Neves</author>
    </authors>
    <songbooks>
      <songbook name="Hinário Para o Culto Cristão" entry="146"/>
    </songbooks>
  </properties>
  <lyrics>
    <verse name="v1">
      <lines>Sei que vive o Redentor,<br/>sei que há vida em seu favor,<br/>sei que numa cruz morreu,<br/>sei que reina lá no céu.</lines>
    </verse>
    <verse name="v2">
      <lines>Vive para interceder<br/>e nas lutas me valer.<br/>Vive para me ajudar<br/>e do mal me resguardar.</lines>
    </verse>
    <verse name="v3">
      <lines>Cristo sofre a minha dor<br/>e me livra de temor;<br/>e tristeza me desfaz,<br/>dando-me alegria e paz.</lines>
    </verse>
    <verse name="v4">
      <lines>Vive! Hosanas eu lhe dou!<br/>Vive! Reina! E salvo estou.<br/>Vivo nele, o Redentor;<br/>vivo firme em seu amor.</lines>
    </verse>
  </lyrics>
</song>
