<?xml version='1.0' encoding='UTF-8'?>
<song xmlns="http://openlyrics.info/namespace/2009/song" version="0.8" createdIn="OpenLP 2.0.1" modifiedIn="OpenLP 2.0.1" modifiedDate="2013-11-14T22:04:08">
  <properties>
    <titles>
      <title>HCC 283 Eu Creio, Senhor, na Divina Promessa</title>
      <title>Telford</title>
    </titles>
    <verseOrder>v1 v2 v3 v4</verseOrder>
    <authors>
      <author>Henriqueta Braga</author>
      <author>Antônio Gonçalves</author>
    </authors>
    <songbooks>
      <songbook name="Hinário Para o Culto Cristão" entry="283"/>
    </songbooks>
  </properties>
  <lyrics>
    <verse name="v1">
      <lines break="optional">Eu creio, Senhor, na divina promessa.<br/>Vitórias já tive nas lutas aqui.</lines>
      <lines>Contudo é verdade que a gente tropeça;<br/>por isso, Senhor, eu preciso de ti.</lines>
    </verse>
    <verse name="v2">
      <lines break="optional">A luz que me guia no escuro caminho<br/>fulgura de cima, do sol criador.</lines>
      <lines>Contudo não posso segui-la sozinho;<br/>por isso eu preciso de ti, meu Senhor.</lines>
    </verse>
    <verse name="v3">
      <lines break="optional">Bem sei que nas preces eu posso buscar-te;<br/>jamais dessa bênção na vida eu descri.</lines>
      <lines>Contudo é possível que dela me aparte;<br/>por isso, Senhor, eu preciso de ti.</lines>
    </verse>
    <verse name="v4">
      <lines break="optional">Esforços da terra, precário destino,<br/>empenho dos homens, riqueza, o que for,</lines>
      <lines>não valem a bênção do reino divino;<br/>por isso eu preciso de ti, meu Senhor.</lines>
    </verse>
  </lyrics>
</song>
