<?xml version='1.0' encoding='UTF-8'?>
<song xmlns="http://openlyrics.info/namespace/2009/song" version="0.8" createdIn="OpenLP 2.0.1" modifiedIn="OpenLP 2.0.1" modifiedDate="2013-11-14T22:03:59">
  <properties>
    <titles>
      <title>HCC 230 Louvai com Todo o Ardor</title>
      <title>Marion</title>
    </titles>
    <verseOrder>v1 c1 v2 c1 v3 c1</verseOrder>
    <authors>
      <author>Edward Plumptre</author>
      <author>Arthur Messiter</author>
    </authors>
    <songbooks>
      <songbook name="Hinário Para o Culto Cristão" entry="230"/>
    </songbooks>
  </properties>
  <lyrics>
    <verse name="v1">
      <lines>Louvai com todo o ardor<br/>a quem na triste cruz<br/>vos deu eterna salvação,<br/>o Redentor Jesus.</lines>
    </verse>
    <verse name="c1">
      <lines>Louvai, louvai,<br/>louvai ao vosso Deus.</lines>
    </verse>
    <verse name="v2">
      <lines>Nas lutas, no sofrer,<br/>em toda condição,<br/>mostrai a Cristo vosso amor:<br/>louvai com devoção.</lines>
    </verse>
    <verse name="v3">
      <lines>Avante! Sem temor,<br/>anunciai Jesus,<br/>lutando contra a escuridão<br/>até que brilhe a luz.</lines>
    </verse>
  </lyrics>
</song>
