<?xml version='1.0' encoding='UTF-8'?>
<song xmlns="http://openlyrics.info/namespace/2009/song" version="0.8" createdIn="OpenLP 2.0.1" modifiedIn="OpenLP 2.0.1" modifiedDate="2013-11-14T22:03:20">
  <properties>
    <titles>
      <title>HCC 024 Nós Bendiremos ao Senhor</title>
      <title>Salmos 115:1-3, 12, 13, 16-18</title>
    </titles>
    <copyright>Salmos 115:1-3, 12, 13, 16-18</copyright>
    <verseOrder>v1 v2 v3 v4 v5</verseOrder>
    <authors>
      <author>Leitura bíblica</author>
    </authors>
    <songbooks>
      <songbook name="Hinário Para o Culto Cristão" entry="024"/>
    </songbooks>
  </properties>
  <lyrics>
    <verse name="v1">
      <lines>Não a nós, Senhor, não a nós, mas ao teu nome dá glória, por amor da tua benignidade e da tua verdade.</lines>
    </verse>
    <verse name="v2">
      <lines>Por que perguntariam as nações: Onde está o seu Deus?<br/>Mas o nosso Deus está nos céus; ele faz tudo o que lhe apraz.</lines>
    </verse>
    <verse name="v3">
      <lines>O Senhor tem-se lembrado de nós, abençoar-nos-á; abençoará os que temem ao Senhor, tanto pequenos como grandes.</lines>
    </verse>
    <verse name="v4">
      <lines>Os céus são os céus do Senhor, mas a terra, deu-a ele aos<br/>filhos dos homens.</lines>
    </verse>
    <verse name="v5">
      <lines>Os mortos não louvam ao Senhor, nem os que descem ao silêncio; nós, porém, bendiremos ao Senhor, desde agora e para sempre.<br/>Louvai ao Senhor.</lines>
    </verse>
  </lyrics>
</song>
