<?xml version='1.0' encoding='UTF-8'?>
<song xmlns="http://openlyrics.info/namespace/2009/song" version="0.8" createdIn="OpenLP 2.0.1" modifiedIn="OpenLP 2.0.1" modifiedDate="2013-11-14T22:03:16">
  <properties>
    <titles>
      <title>HCC 004 Santo, Santo, Pai Bondoso!</title>
      <title>Holy Holy</title>
    </titles>
    <verseOrder>v1 v2 v3</verseOrder>
    <authors>
      <author>Jimmy Owens</author>
    </authors>
    <songbooks>
      <songbook name="Hinário Para o Culto Cristão" entry="004"/>
    </songbooks>
  </properties>
  <lyrics>
    <verse name="v1">
      <lines break="optional">Santo, santo, Pai bondoso,<br/>santo, santo, Deus poderoso;</lines>
      <lines>entregamos nossos corações a ti, em devoção.<br/>Pai bondoso, te adoramos.</lines>
    </verse>
    <verse name="v2">
      <lines break="optional">Santo, santo, Cristo amado,<br/>pela cruz nós somos redimidos;</lines>
      <lines>elevamos nossas mentes, em constante adoração.<br/>Cristo amado, te adoramos.</lines>
    </verse>
    <verse name="v3">
      <lines break="optional">Santo, santo, Santo Espírito,<br/>enche de poder as nossas vidas!</lines>
      <lines>Suplicamos tua graça, teu auxílio e direção.<br/>Santo Espírito, te adoramos.</lines>
    </verse>
  </lyrics>
</song>
