<?xml version='1.0' encoding='UTF-8'?>
<song xmlns="http://openlyrics.info/namespace/2009/song" version="0.8" createdIn="OpenLP 2.0.1" modifiedIn="OpenLP 2.0.1" modifiedDate="2013-11-14T22:04:17">
  <properties>
    <titles>
      <title>HCC 327 Se Teu Coração Estiver em Paz</title>
      <title>Coração em Paz</title>
    </titles>
    <verseOrder>v1 c1 v2 c1 v3 c1</verseOrder>
    <authors>
      <author>Bentley Ackley</author>
      <author>Lizzie DeArmond</author>
    </authors>
    <songbooks>
      <songbook name="Hinário Para o Culto Cristão" entry="327"/>
    </songbooks>
  </properties>
  <lyrics>
    <verse name="v1">
      <lines break="optional">Vindo sombras escuras nos caminhos teus,<br/>oh, não te desanimes, canta um hino a Deus!</lines>
      <lines>Cada nuvem escura arco-íris traz<br/>quando em teu coração reinar perfeita paz.</lines>
    </verse>
    <verse name="c1">
      <lines break="optional">Se teu coração estiver em paz,<br/>bem feliz e alegre a vida passarás.</lines>
      <lines>Se teu coração estiver em paz,<br/>verás que um arco-íris cada nuvem traz.</lines>
    </verse>
    <verse name="v2">
      <lines break="optional">Se o viver é de lutas, cheio de amargor,<br/>mostra afeto aos aflitos, age em seu favor.</lines>
      <lines>E de tudo o que sofres tu te esquecerás;<br/>fruirás muitas bênçãos se tiveres paz.</lines>
    </verse>
    <verse name="v3">
      <lines break="optional">Vem após longa noite a aurora matinal,<br/>fica o céu mais brilhante após o temporal.</lines>
      <lines>A esperança não percas, tudo vencerás;<br/>fugirão as tristezas se tiveres paz.</lines>
    </verse>
  </lyrics>
</song>
