<?xml version='1.0' encoding='UTF-8'?>
<song xmlns="http://openlyrics.info/namespace/2009/song" version="0.8" createdIn="OpenLP 2.0.1" modifiedIn="OpenLP 2.0.1" modifiedDate="2013-11-14T22:03:18">
  <properties>
    <titles>
      <title>HCC 014 Ao Deus de Abraão Louvai</title>
      <title>Leoni</title>
    </titles>
    <verseOrder>v1 v2 v3 v4</verseOrder>
    <authors>
      <author>Daniel Dayyam</author>
      <author>Melodia hebraica</author>
    </authors>
    <songbooks>
      <songbook name="Hinário Para o Culto Cristão" entry="014"/>
    </songbooks>
  </properties>
  <lyrics>
    <verse name="v1">
      <lines break="optional">Ao Deus de Abraão louvai,<br/>do vasto céu Senhor,<br/>eterno e poderoso Pai<br/>e Deus de amor.</lines>
      <lines>Imenso é seu poder,<br/>que terra e céu criou.<br/>Louvor minha alma vai render<br/>ao grande Eu Sou.</lines>
    </verse>
    <verse name="v2">
      <lines break="optional">Ao Deus de Abraão louvai.<br/>E, por mandado seu,<br/>minha alma deixa a terra e vai<br/>morar no céu.</lines>
      <lines>O mundo desprezei,<br/>seu lucro e seu louvor,<br/>e Deus por meu Senhor tomei<br/>e protetor.</lines>
    </verse>
    <verse name="v3">
      <lines break="optional">Meu guia Deus será.<br/>Seu infinito amor<br/>feliz em tudo me fará<br/>por onde eu for.</lines>
      <lines>Tomou-me pela mão,<br/>em trevas deu-me luz.<br/>E tenho eterna salvação<br/>por meu Jesus.</lines>
    </verse>
    <verse name="v4">
      <lines break="optional">Meu Deus por si jurou;<br/>eu nele confiei<br/>e para o céu que preparou<br/>eu subirei.</lines>
      <lines>Seu rosto irei eu ver,<br/>firmado em seu amor,<br/>e eu hei de sempre engrandecer<br/>meu Redentor.</lines>
    </verse>
  </lyrics>
</song>
