<?xml version='1.0' encoding='UTF-8'?>
<song xmlns="http://openlyrics.info/namespace/2009/song" version="0.8" createdIn="OpenLP 2.0.1" modifiedIn="OpenLP 2.0.1" modifiedDate="2013-11-14T22:03:40">
  <properties>
    <titles>
      <title>HCC 128 Digno É o Cordeiro</title>
      <title>Worthy Is The Lamb</title>
    </titles>
    <verseOrder>v1</verseOrder>
    <authors>
      <author>Donald Wyrtzen</author>
    </authors>
    <songbooks>
      <songbook name="Hinário Para o Culto Cristão" entry="128"/>
    </songbooks>
  </properties>
  <lyrics>
    <verse name="v1">
      <lines break="optional">Digno é o Cordeiro que foi morto.<br/>Digno é o Cordeiro que foi morto.<br/>Digno é o Cordeiro que foi morto<br/>de receber honra e glória, riqueza e poder,</lines>
      <lines>força e sabedoria.<br/>Digno é o Cordeiro, digno é o Cordeiro,<br/>digno é o Cordeiro que foi morto.<br/>Digno é o Cordeiro.</lines>
    </verse>
  </lyrics>
</song>
