<?xml version='1.0' encoding='UTF-8'?>
<song xmlns="http://openlyrics.info/namespace/2009/song" version="0.8" createdIn="OpenLP 2.0.1" modifiedIn="OpenLP 2.0.1" modifiedDate="2013-11-14T22:04:14">
  <properties>
    <titles>
      <title>HCC 314 Preciosa a Graça de Jesus</title>
      <title>Amazing Grace</title>
    </titles>
    <verseOrder>v1 v2 v3 v4</verseOrder>
    <authors>
      <author>John Newton</author>
    </authors>
    <songbooks>
      <songbook name="Hinário Para o Culto Cristão" entry="314"/>
    </songbooks>
  </properties>
  <lyrics>
    <verse name="v1">
      <lines break="optional">Preciosa a graça de Jesus,<br/>que um dia me salvou.</lines>
      <lines>Perdido andei, sem ver a luz,<br/>mas Cristo me encontrou.</lines>
    </verse>
    <verse name="v2">
      <lines break="optional">A graça, então, meu coração<br/>do medo me libertou.</lines>
      <lines>Oh, quão preciosa salvação<br/>a graça me outorgou!</lines>
    </verse>
    <verse name="v3">
      <lines break="optional">Promessas deu-me o Salvador,<br/>e nele eu posso crer.</lines>
      <lines>É meu refúgio e protetor<br/>em todo o meu viver.</lines>
    </verse>
    <verse name="v4">
      <lines break="optional">Perigos mil atravessei<br/>e a graça me valeu.</lines>
      <lines>Eu são e salvo agora irei<br/>ao santo lar do céu.</lines>
    </verse>
  </lyrics>
</song>
