<?xml version='1.0' encoding='UTF-8'?>
<song xmlns="http://openlyrics.info/namespace/2009/song" version="0.8" createdIn="OpenLP 2.0.1" modifiedIn="OpenLP 2.0.1" modifiedDate="2013-11-14T22:03:16">
  <properties>
    <titles>
      <title>HCC 002 Santo! Santo! Santo!</title>
      <title>Nicaea</title>
    </titles>
    <verseOrder>v1 v2 v3 v4</verseOrder>
    <authors>
      <author>John Dykes</author>
    </authors>
    <songbooks>
      <songbook name="Hinário Para o Culto Cristão" entry="002"/>
    </songbooks>
  </properties>
  <lyrics>
    <verse name="v1">
      <lines break="optional">Santo! Santo! Santo! Deus onipotente!<br/>Cedo, de manhã, entoamos teu louvor.</lines>
      <lines>Santo! Santo! Santo! Nosso Deus triúno,<br/>és um só Deus, excelso Criador.</lines>
    </verse>
    <verse name="v2">
      <lines break="optional">Santo! Santo! Santo! Todos os remidos,<br/>juntos com os anjos, proclamam teu louvor.</lines>
      <lines>Antes de formar-se o firmamento e a terra,<br/>eras e sempre és e hás de ser, Senhor.</lines>
    </verse>
    <verse name="v3">
      <lines break="optional">Santo! Santo! Santo! Nós, os pecadores,<br/>não podemos ver tua glória sem tremor.</lines>
      <lines>Tu somente és santo; outro não existe<br/>puro e perfeito, excelso benfeitor.</lines>
    </verse>
    <verse name="v4">
      <lines break="optional">Santo! Santo! Santo! Deus onipotente!<br/>Tuas obras louvam teu nome com fervor.</lines>
      <lines>Santo! Santo! Santo! Justo e compassivo!<br/>És um só Deus, supremo Criador. Amém.</lines>
    </verse>
  </lyrics>
</song>
