<?xml version='1.0' encoding='UTF-8'?>
<song xmlns="http://openlyrics.info/namespace/2009/song" version="0.8" createdIn="OpenLP 2.0.1" modifiedIn="OpenLP 2.0.1" modifiedDate="2013-11-14T22:03:59">
  <properties>
    <titles>
      <title>HCC 232 Cantemos Alegremente ao Senhor</title>
      <title>Salmos 95:6; 81:1; 95:1</title>
    </titles>
    <copyright>Salmos 95:6; 81:1; 95:1</copyright>
    <verseOrder>v1</verseOrder>
    <authors>
      <author>Leitura bíblica</author>
    </authors>
    <songbooks>
      <songbook name="Hinário Para o Culto Cristão" entry="232"/>
    </songbooks>
  </properties>
  <lyrics>
    <verse name="v1">
      <lines>Oh, vinde, adoremos e prostremo-nos; <br/>ajoelhemo-nos diante do Senhor, que nos criou.<br/>Cantai alegremente a Deus, nossa fortaleza.<br/>Vinde, cantemos alegremente ao Senhor,<br/>cantemos com júbilo à rocha da nossa salvação.</lines>
    </verse>
  </lyrics>
</song>
