<?xml version='1.0' encoding='UTF-8'?>
<song xmlns="http://openlyrics.info/namespace/2009/song" version="0.8" createdIn="OpenLP 2.0.1" modifiedIn="OpenLP 2.0.1" modifiedDate="2013-11-14T22:03:59">
  <properties>
    <titles>
      <title>HCC 233 Adorem o Rei</title>
      <title>Lyons</title>
    </titles>
    <verseOrder>v1 v2 v3 v4</verseOrder>
    <authors>
      <author>Robert Grant</author>
      <author>Johann Haydn</author>
    </authors>
    <songbooks>
      <songbook name="Hinário Para o Culto Cristão" entry="233"/>
    </songbooks>
  </properties>
  <lyrics>
    <verse name="v1">
      <lines break="optional">Adorem o Rei, glorioso Senhor,<br/>e louvem a Deus, pois ele é amor.</lines>
      <lines>É nossa defesa, real proteção,<br/>louvado na glória e com gratidão.</lines>
    </verse>
    <verse name="v2">
      <lines break="optional">Seu grande poder e graça eternal,<br/>verdade, perdão e glória real,</lines>
      <lines>aos povos proclamem, com todo o fervor.<br/>De tudo o que existe é Deus Criador.</lines>
    </verse>
    <verse name="v3">
      <lines break="optional">Amor sem igual, quem pode explicar?<br/>É visto no sol, na lua a brilhar;</lines>
      <lines>é visto nos montes, nas árvores mil;<br/>se mostra no orvalho, no céu cor de anil.</lines>
    </verse>
    <verse name="v4">
      <lines break="optional">Nós, filhos do pó, sem força ou valor,<br/>achamos em Deus poder e vigor.</lines>
      <lines>A sua bondade, constante, eficaz,<br/>nos traz ricas bênçãos e dá-nos a paz.</lines>
    </verse>
  </lyrics>
</song>
