<?xml version='1.0' encoding='UTF-8'?>
<song xmlns="http://openlyrics.info/namespace/2009/song" version="0.8" createdIn="OpenLP 2.0.1" modifiedIn="OpenLP 2.0.1" modifiedDate="2013-11-14T22:04:02">
  <properties>
    <titles>
      <title>HCC 251 Salvação Jesus Me Dá</title>
      <title>Fisher</title>
    </titles>
    <verseOrder>v1 c1 v2 c1 v3 c1 v4 c1</verseOrder>
    <authors>
      <author>Manuel Souza</author>
      <author>Albert Fisher</author>
    </authors>
    <songbooks>
      <songbook name="Hinário Para o Culto Cristão" entry="251"/>
    </songbooks>
  </properties>
  <lyrics>
    <verse name="v1">
      <lines>Salvação Jesus me dá,<br/>com amor me guiará,<br/>para o céu me levará.<br/>Tu não queres a Cristo seguir?</lines>
    </verse>
    <verse name="c1">
      <lines>Cristo Jesus, meu Salvador,<br/>cuida de mim, cuida de ti.<br/>Cristo Jesus, meu Salvador,<br/>tudo o que é bom fará por ti.</lines>
    </verse>
    <verse name="v2">
      <lines>Seu poder me dá Jesus<br/>para andar em sua luz<br/>e levar a minha cruz.<br/>Tu não queres a Cristo seguir?</lines>
    </verse>
    <verse name="v3">
      <lines>Cristo já por mim morreu,<br/>todo o mal na cruz venceu,<br/>seu perdão me ofereceu.<br/>Tu não queres a Cristo seguir?</lines>
    </verse>
    <verse name="v4">
      <lines>Eu no céu irei morar,<br/>com os anjos vou cantar,<br/>a Jesus irei louvar.<br/>Tu não queres a Cristo seguir?</lines>
    </verse>
  </lyrics>
</song>
