<?xml version='1.0' encoding='UTF-8'?>
<song xmlns="http://openlyrics.info/namespace/2009/song" version="0.8" createdIn="OpenLP 2.0.1" modifiedIn="OpenLP 2.0.1" modifiedDate="2013-11-14T22:04:16">
  <properties>
    <titles>
      <title>HCC 322 Cantai de Júbilo Vós, os Retos de Coração</title>
      <title>Felipenses 4:4; Salmos 27:1; 97:12; 9:10; 32:11</title>
    </titles>
    <copyright>Felipenses 4:4; Salmos 27:1; 97:12; 9:10; 32:11</copyright>
    <verseOrder>v1 v2 v3 v4 v5</verseOrder>
    <authors>
      <author>Leitura bíblica</author>
    </authors>
    <songbooks>
      <songbook name="Hinário Para o Culto Cristão" entry="322"/>
    </songbooks>
  </properties>
  <format>
    <tags application="OpenLP">
      <tag name="y">
        <open>&lt;span style="-webkit-text-fill-color:yellow"&gt;</open>
        <close>&lt;/span&gt;</close>
      </tag>
    </tags>
  </format>
  <lyrics>
    <verse name="v1">
      <lines><tag name="y">Dirigente:</tag><br/>Regozijai-vos sempre no Senhor, outra vez digo, regozijai-vos.</lines>
    </verse>
    <verse name="v2">
      <lines><tag name="y">Congregação:</tag><br/>O Senhor é a minha luz e a minha salvação; a quem temerei? O Senhor é a força da minha vida.</lines>
    </verse>
    <verse name="v3">
      <lines><tag name="y">Dirigente:</tag><br/>Alegrai-vos, ó justos, no Senhor, e rendei graças ao seu santo nome.</lines>
    </verse>
    <verse name="v4">
      <lines><tag name="y">Congregação:</tag><br/>Porque tu, Senhor, não abandonas aqueles que te buscam. Em ti confiam os que conhecem o teu nome.</lines>
    </verse>
    <verse name="v5">
      <lines><tag name="y">Dirigente:</tag><br/>Alegrai-vos no Senhor, e regozijai-vos, vós justos; e cantai de júbilo, todos vós que sois retos de coração.</lines>
    </verse>
  </lyrics>
</song>
