<?xml version='1.0' encoding='UTF-8'?>
<song xmlns="http://openlyrics.info/namespace/2009/song" version="0.8" createdIn="OpenLP 2.0.1" modifiedIn="OpenLP 2.0.1" modifiedDate="2013-11-14T22:04:30">
  <properties>
    <titles>
      <title>HCC 394 Contigo, ó Mestre, Quero Andar</title>
      <title>maryton</title>
    </titles>
    <verseOrder>v1 v2 v3 v4</verseOrder>
    <authors>
      <author>Washington Gladden</author>
      <author>Henry Smith</author>
    </authors>
    <songbooks>
      <songbook name="Hinário Para o Culto Cristão" entry="394"/>
    </songbooks>
  </properties>
  <lyrics>
    <verse name="v1">
      <lines break="optional">Contigo, ó Mestre, quero andar<br/>em teu serviço trabalhar.</lines>
      <lines>Vem ajudar-me a compreender<br/>os sofrimentos do viver.</lines>
    </verse>
    <verse name="v2">
      <lines break="optional">Aos de insensível coração<br/>quero mostrar mais compaixão</lines>
      <lines>e aos pés errantes apontar<br/>a direção do eterno lar.</lines>
    </verse>
    <verse name="v3">
      <lines break="optional">Dá-me paciência, junto a ti,<br/>humilde, em teu serviço aqui.</lines>
      <lines>Em minha fé, que eu venha a ser<br/>mais forte, para o mal vencer.</lines>
    </verse>
    <verse name="v4">
      <lines break="optional">Nesta esperança e nesta paz<br/>e em teu amor que satisfaz,</lines>
      <lines>por um futuro promissor<br/>contigo quero andar, Senhor. Amém.</lines>
    </verse>
  </lyrics>
</song>
