<?xml version='1.0' encoding='UTF-8'?>
<song xmlns="http://openlyrics.info/namespace/2009/song" version="0.8" createdIn="OpenLP 2.0.1" modifiedIn="OpenLP 2.0.1" modifiedDate="2013-11-14T22:03:48">
  <properties>
    <titles>
      <title>HCC 172 O Cuidado de Jesus</title>
      <title>João 13:1; 17:1, 11, 12, 15</title>
    </titles>
    <copyright>João 13:1; 17:1, 11, 12, 15</copyright>
    <verseOrder>v1</verseOrder>
    <authors>
      <author>Leitura bíblica</author>
    </authors>
    <songbooks>
      <songbook name="Hinário Para o Culto Cristão" entry="172"/>
    </songbooks>
  </properties>
  <lyrics>
    <verse name="v1">
      <lines break="optional">Antes da festa da páscoa, sabendo Jesus que era chegada a sua hora de passar deste mundo para o Pai, e havendo amado os seus que estavam no mundo, amou-os até o fim.</lines>
      <lines break="optional">Jesus, levantando os olhos ao céu, disse: Pai santo, guarda-os no teu nome, o qual me deste, para que eles sejam um, assim como nós.</lines>
      <lines break="optional">Enquanto eu estava com eles, eu os guardava (...) e os conservei, e nenhum deles se perdeu.</lines>
      <lines>Não rogo que os tires do mundo, mas que os guardes do Maligno.</lines>
    </verse>
  </lyrics>
</song>
