<?xml version='1.0' encoding='UTF-8'?>
<song xmlns="http://openlyrics.info/namespace/2009/song" version="0.8" createdIn="OpenLP 2.0.1" modifiedIn="OpenLP 2.0.1" modifiedDate="2013-11-14T22:04:30">
  <properties>
    <titles>
      <title>HCC 397 Esperança na Comunhão com Deus</title>
      <title>Salmos 33:20; Provérbios 3:5, 6; Salmos 22:4; 18:46; 19:14</title>
    </titles>
    <copyright>Salmos 33:20; Provérbios 3:5, 6; Salmos 22:4; 18:46; 19:14</copyright>
    <verseOrder>v1 v2 v3 v4 v5</verseOrder>
    <authors>
      <author>Leitura bíblica</author>
    </authors>
    <songbooks>
      <songbook name="Hinário Para o Culto Cristão" entry="397"/>
    </songbooks>
  </properties>
  <lyrics>
    <verse name="v1">
      <lines>A nossa alma espera na Senhor; ele é o nosso auxílio e o nosso escudo.</lines>
    </verse>
    <verse name="v2">
      <lines>Confia no Senhor de todo o teu coração.<br/>Reconhece-o em todos os teus caminhos, e ele endireitará as tuas veredas.</lines>
    </verse>
    <verse name="v3">
      <lines>Em ti confiaram nossos pais; confiaram, e tu os livraste.</lines>
    </verse>
    <verse name="v4">
      <lines>Vive o Senhor; bendita seja a minha rocha, e exaltado seja o Deus da minha salvação.</lines>
    </verse>
    <verse name="v5">
      <lines>Sejam agradáveis as palavras da minha boca e a meditação do meu coração perante a tua face, Senhor, Rocha minha e Redentor meu!</lines>
    </verse>
  </lyrics>
</song>
