<?xml version='1.0' encoding='UTF-8'?>
<song xmlns="http://openlyrics.info/namespace/2009/song" version="0.8" createdIn="OpenLP 2.0.1" modifiedIn="OpenLP 2.0.1" modifiedDate="2013-11-14T22:03:56">
  <properties>
    <titles>
      <title>HCC 216 Eu Quero o Pão do Céu</title>
      <title>Bread Of Life</title>
    </titles>
    <verseOrder>v1 v2 v3 v4</verseOrder>
    <authors>
      <author>Mary Lathbury</author>
      <author>William Sherwin</author>
      <author>Alexander Groves</author>
    </authors>
    <songbooks>
      <songbook name="Hinário Para o Culto Cristão" entry="216"/>
    </songbooks>
  </properties>
  <lyrics>
    <verse name="v1">
      <lines break="optional">Eu quero o pão do céu, ó Salvador,<br/>pois meu sustento vem do teu amor.</lines>
      <lines>Da mera letra além, quero escutar<br/>a tua voz suave a me falar.</lines>
    </verse>
    <verse name="v2">
      <lines break="optional">De tua graça, ó Deus, vem me suprir.<br/>Com paciência, vem me corrigir.</lines>
      <lines>Minha vaidade, então, há de ter fim,<br/>e tua paz será constante em mim.</lines>
    </verse>
    <verse name="v3">
      <lines break="optional">Tu és o pão do céu, eu nada sou.<br/>Que maravilha! Sei que salvo estou.</lines>
      <lines>De todo o coração vou te servir.<br/>Só pela fé consigo prosseguir.</lines>
    </verse>
    <verse name="v4">
      <lines break="optional">Meus olhos vem abrir, por teu poder,<br/>para que tua graça eu possa ver.</lines>
      <lines>Os pensamentos teus vem me ensinar.<br/>Faze que eu ande, ó Pai, sem vacilar. Amém.</lines>
    </verse>
  </lyrics>
</song>
