<?xml version='1.0' encoding='UTF-8'?>
<song xmlns="http://openlyrics.info/namespace/2009/song" version="0.8" createdIn="OpenLP 2.0.1" modifiedIn="OpenLP 2.0.1" modifiedDate="2013-11-14T22:03:54">
  <properties>
    <titles>
      <title>HCC 205 Ele É o Meu Senhor</title>
      <title>Meu Senhor</title>
    </titles>
    <verseOrder>c1 v1 c1 v2 c1 v3 c1</verseOrder>
    <authors>
      <author>Autor desconhecido</author>
    </authors>
    <songbooks>
      <songbook name="Hinário Para o Culto Cristão" entry="205"/>
    </songbooks>
  </properties>
  <lyrics>
    <verse name="c1">
      <lines>Ele é o meu Senhor.<br/>Ele é Rei dos reis.<br/>Cristo amado, sem igual;<br/>Cristo, o Salvador.</lines>
    </verse>
    <verse name="v1">
      <lines>Eu sei que vive o Redentor,<br/>Cristo, o Salvador.<br/>E bênçãos dá por seu amor,<br/>Cristo, o Salvador.</lines>
    </verse>
    <verse name="v2">
      <lines>Minha alma sempre o louvará,<br/>Cristo, o Salvador.<br/>Meu cálice transbordará,<br/>Cristo, o Salvador.</lines>
    </verse>
    <verse name="v3">
      <lines>E quem no santo Filho crer,<br/>Cristo, o Salvador,<br/>a graça eterna há de obter,<br/>Cristo, o Salvador.</lines>
    </verse>
  </lyrics>
</song>
