<?xml version='1.0' encoding='UTF-8'?>
<song xmlns="http://openlyrics.info/namespace/2009/song" version="0.8" createdIn="OpenLP 2.0.1" modifiedIn="OpenLP 2.0.1" modifiedDate="2013-11-14T22:03:36">
  <properties>
    <titles>
      <title>HCC 109 Repousa Tranquilo</title>
      <title>Tranquilidade</title>
    </titles>
    <verseOrder>v1 v2 v3</verseOrder>
    <authors>
      <author>Isaac Salum</author>
      <author>Melodia nordestina</author>
    </authors>
    <songbooks>
      <songbook name="Hinário Para o Culto Cristão" entry="109"/>
    </songbooks>
  </properties>
  <lyrics>
    <verse name="v1">
      <lines break="optional">Repousa tranquilo,<br/>ó meigo Jesus;<br/>a noite vai alta<br/>e a estrela reluz.</lines>
      <lines>A mãe carinhosa<br/>nem pode embalar<br/>teu berço tão rude,<br/>mas ei-la a cantar.</lines>
    </verse>
    <verse name="v2">
      <lines break="optional">Também seu esposo,<br/>com terna afeição,<br/>ao lado murmura<br/>suave oração.</lines>
      <lines>Ouviram pastores<br/>dos anjos louvor:<br/>"A paz venha à terra,<br/>e glória ao Senhor."</lines>
    </verse>
    <verse name="v3">
      <lines break="optional">E os magos de longe,<br/>seguindo uma luz,<br/>te trazem presentes,<br/>ó meigo Jesus.</lines>
      <lines>Repousa tranquilo,<br/>querido bebê;<br/>se a estrela se apaga<br/>a aurora te vê.</lines>
    </verse>
  </lyrics>
</song>
