<?xml version='1.0' encoding='UTF-8'?>
<song xmlns="http://openlyrics.info/namespace/2009/song" version="0.8" createdIn="OpenLP 2.0.1" modifiedIn="OpenLP 2.0.1" modifiedDate="2013-11-14T22:04:04">
  <properties>
    <titles>
      <title>HCC 259 Escuto A Voz Do Bom Jesus</title>
      <title>Ginsburg</title>
    </titles>
    <verseOrder>v1 v2 v3 v4</verseOrder>
    <authors>
      <author>David Hodges</author>
      <author>G. Watson</author>
    </authors>
    <songbooks>
      <songbook name="Hinário Para o Culto Cristão" entry="259"/>
    </songbooks>
  </properties>
  <lyrics>
    <verse name="v1">
      <lines break="optional">Escuto a voz do bom Jesus:<br/>"Segue-me, vem, segue-me.<br/>Guiar-te-ei à eterna luz;<br/>segue-me, vem, segue-me.</lines>
      <lines>Por ti eu toda a lei cumpri,<br/>por ti o amargo fel bebi,<br/>por ti a morte já sofri;<br/>segue-me, vem, segue-me."</lines>
    </verse>
    <verse name="v2">
      <lines break="optional">"Liberto dos pecados teus,<br/>segue-me, vem, segue-me.<br/>Levar-te-ei aos altos céus;<br/>segue-me, vem, segue-me.</lines>
      <lines>Oh, quantas vezes te chamei,<br/>e tu quebraste a minha lei,<br/>mas teus pecados perdoei!<br/>Segue-me, vem, segue-me."</lines>
    </verse>
    <verse name="v3">
      <lines break="optional">"Em mim tu podes descansar;<br/>segue-me, vem, segue-me.<br/>Vem teus cuidados me entregar;<br/>segue-me, vem, segue-me.</lines>
      <lines>Eu sou teu Deus, teu Salvador;<br/>eu te amo muito, ó pecador.<br/>Oh, deixa todo o teu temor!<br/>Segue-me, vem, segue-me."</lines>
    </verse>
    <verse name="v4">
      <lines break="optional">Sim, meu Jesus, te seguirei;<br/>seguirei, sim, seguirei.<br/>Por ti eu tudo deixarei;<br/>deixarei, sim, deixarei.</lines>
      <lines>Sem ti sou fraco e sem valor,<br/>sem ti não posso andar, Senhor.<br/>Mas cheio, então, do teu vigor,<br/>seguirei, sim, seguirei.</lines>
    </verse>
  </lyrics>
</song>
