<?xml version='1.0' encoding='UTF-8'?>
<song xmlns="http://openlyrics.info/namespace/2009/song" version="0.8" createdIn="OpenLP 2.0.1" modifiedIn="OpenLP 2.0.1" modifiedDate="2013-11-14T22:04:02">
  <properties>
    <titles>
      <title>HCC 250 Vinde, Aflitos Pecadores</title>
      <title>Beach Spring</title>
    </titles>
    <verseOrder>v1 v2 v3 v4</verseOrder>
    <authors>
      <author>Joseph Hart</author>
      <author>Benjamin White</author>
    </authors>
    <songbooks>
      <songbook name="Hinário Para o Culto Cristão" entry="250"/>
    </songbooks>
  </properties>
  <lyrics>
    <verse name="v1">
      <lines break="optional">Vinde, aflitos pecadores,<br/>cheios de tristeza e dor,<br/>a Jesus, que vos convida<br/>com instante e terno amor.</lines>
      <lines>Ele é forte, ele é forte;<br/>confiai em seu favor.<br/>Ele é forte, ele é forte;<br/>confiai em seu favor.</lines>
    </verse>
    <verse name="v2">
      <lines break="optional">Vinde, pobres e famintos,<br/>e o perdão de Deus buscai;<br/>fé bendita e toda a graça<br/>só em Cristo procurai.</lines>
      <lines>Sem dinheiro, sem dinheiro,<br/>vinde a Cristo e já comprai.<br/>Sem dinheiro, sem dinheiro,<br/>vinde a Cristo e já comprai.</lines>
    </verse>
    <verse name="v3">
      <lines break="optional">A consciência diz bem claro:<br/>és indigno de favor.<br/>Diz Jesus: Eu pelo indigno<br/>já morri, sou fiador.</lines>
      <lines>Vinde logo, vinde logo,<br/>aceitai seu rico amor.<br/>Vinde logo, vinde logo,<br/>aceitai seu rico amor.</lines>
    </verse>
    <verse name="v4">
      <lines break="optional">Eis Jesus, Deus humanado;<br/>ele é o Servo Sofredor!<br/>Eis ferida a fronte e o lado;<br/>mostra o sangue redentor!</lines>
      <lines>Isso basta, isso basta.<br/>Vinde, vinde sem temor.<br/>Isso basta, isso basta.<br/>Vinde, vinde sem temor.</lines>
    </verse>
  </lyrics>
</song>
