<?xml version='1.0' encoding='UTF-8'?>
<song xmlns="http://openlyrics.info/namespace/2009/song" version="0.8" createdIn="OpenLP 2.0.1" modifiedIn="OpenLP 2.0.1" modifiedDate="2013-11-14T22:03:26">
  <properties>
    <titles>
      <title>HCC 052 Grandioso És Tu!</title>
      <title>O Store Gud</title>
    </titles>
    <verseOrder>v1 c1 v2 c1 v3 c1 v4 c1</verseOrder>
    <authors>
      <author>Carl Boberg</author>
    </authors>
    <songbooks>
      <songbook name="Hinário Para o Culto Cristão" entry="052"/>
    </songbooks>
  </properties>
  <lyrics>
    <verse name="v1">
      <lines>Senhor, meu Deus, quando eu, maravilhado,<br/>contemplo a tua imensa criação,<br/>o céu e a terra, os vastos oceanos<br/>fico a pensar em tua perfeição.</lines>
    </verse>
    <verse name="c1">
      <lines>Então minha alma canta a ti, Senhor:<br/>"Grandioso és tu! Grandioso és tu!"<br/>Então minha alma canta a ti, Senhor:<br/>"Grandioso és tu! Grandioso és tu!"</lines>
    </verse>
    <verse name="v2">
      <lines>Ao caminhar nas matas e florestas,<br/>escuto as aves todas a cantar;<br/>olhando os montes, vales e campinas,<br/>em tudo vejo o teu poder sem par.</lines>
    </verse>
    <verse name="v3">
      <lines>Quando eu medito em teu amor tão grande,<br/>que ofereceu teu filho sobre o altar,<br/>maravilhado e agradecido venho<br/>também a minha vida te ofertar.</lines>
    </verse>
    <verse name="v4">
      <lines>E quando, enfim, Jesus vier em glória<br/>e ao lar celeste então me transportar,<br/>adorarei, prostrado e para sempre:<br/>"Grandioso és tu, meu Deus!", hei de cantar.</lines>
    </verse>
  </lyrics>
</song>
