<?xml version='1.0' encoding='UTF-8'?>
<song xmlns="http://openlyrics.info/namespace/2009/song" version="0.8" createdIn="OpenLP 2.0.1" modifiedIn="OpenLP 2.0.1" modifiedDate="2013-11-14T22:04:26">
  <properties>
    <titles>
      <title>HCC 375 Ouve-nos, Pastor Divino</title>
      <title>Bradbury</title>
    </titles>
    <verseOrder>v1 v2 v3 v4</verseOrder>
    <authors>
      <author>William Bradbury</author>
      <author>Dorothy Thrupp</author>
    </authors>
    <songbooks>
      <songbook name="Hinário Para o Culto Cristão" entry="375"/>
    </songbooks>
  </properties>
  <lyrics>
    <verse name="v1">
      <lines break="optional">Ouve-nos, Pastor divino,<br/>nós que neste bom lugar,<br/>teu rebanho congregado,<br/>desejamos te adorar.</lines>
      <lines>Cristo amado, Cristo amado,<br/>vem teu povo abençoar.<br/>Cristo amado, Cristo amado,<br/>vem teu povo abençoar.</lines>
    </verse>
    <verse name="v2">
      <lines break="optional">Ao perdido no pecado<br/>seu perigo faze ver;<br/>chama os pobres enganados,<br/>faze-os tua voz ouvir.</lines>
      <lines>Aos enfermos, aos enfermos,<br/>ó Senhor, vem acudir.<br/>Aos enfermos, aos enfermos,<br/>ó Senhor, vem acudir.</lines>
    </verse>
    <verse name="v3">
      <lines break="optional">Traze o pobre desgarrado<br/>ao aprisco teu, Senhor;<br/>toma o terno cordeirinho<br/>nos teus braços, bom Pastor.</lines>
      <lines>Dá-lhe os pastos, dá-lhe os pastos<br/>de celeste e doce amor.<br/>Dá-lhe os pastos, dá-lhe os pastos<br/>de celeste e doce amor.</lines>
    </verse>
    <verse name="v4">
      <lines break="optional">Ó Jesus, escuta a prece,<br/>nossa humilde petição;<br/>vem encher o teu rebanho<br/>de sincera devoção.</lines>
      <lines>Cantaremos, cantaremos<br/>tua eterna compaixão.<br/>Cantaremos, cantaremos<br/>tua eterna compaixão.</lines>
    </verse>
  </lyrics>
</song>
