<?xml version='1.0' encoding='UTF-8'?>
<song xmlns="http://openlyrics.info/namespace/2009/song" version="0.8" createdIn="OpenLP 2.0.1" modifiedIn="OpenLP 2.0.1" modifiedDate="2013-11-14T22:03:32">
  <properties>
    <titles>
      <title>HCC 084 Eu Te Amo, ó Meu Salvador</title>
      <title>I Love Thee</title>
    </titles>
    <verseOrder>v1 v2 v3</verseOrder>
    <authors>
      <author>Melodia americana</author>
    </authors>
    <songbooks>
      <songbook name="Hinário Para o Culto Cristão" entry="084"/>
    </songbooks>
  </properties>
  <lyrics>
    <verse name="v1">
      <lines break="optional">Eu te amo, eu te amo, ó meu Salvador.<br/>Eu te amo, meu Mestre, meu Deus e Senhor.</lines>
      <lines>O quanto eu te adoro aqui mostrarei<br/>por minhas ações de bondade, ó meu Rei.</lines>
    </verse>
    <verse name="v2">
      <lines break="optional">Feliz toda hora eu sou, ó Jesus;<br/>em ti eu encontro perdão, paz e luz.</lines>
      <lines>Bendigo o teu nome; és minha canção;<br/>inspiras louvores, amor, gratidão.</lines>
    </verse>
    <verse name="v3">
      <lines break="optional">Igual ao teu nome não há, ó Senhor;<br/>de mim sempre cuidas por teu terno amor.</lines>
      <lines>Por isso te louvo com todo o meu ser<br/>e sem tua graça não posso viver.</lines>
    </verse>
  </lyrics>
</song>
