<?xml version='1.0' encoding='UTF-8'?>
<song xmlns="http://openlyrics.info/namespace/2009/song" version="0.8" createdIn="OpenLP 2.0.1" modifiedIn="OpenLP 2.0.1" modifiedDate="2013-11-14T22:04:49">
  <properties>
    <titles>
      <title>HCC 477 Os Dez Mandamentos</title>
      <title>Êxodo 20:1-8, 11-17</title>
    </titles>
    <copyright>Êxodo 20:1-8, 11-17</copyright>
    <verseOrder>v1 v2 v3 v4 v5 v6 v7</verseOrder>
    <authors>
      <author>Leitura bíblica</author>
    </authors>
    <songbooks>
      <songbook name="Hinário Para o Culto Cristão" entry="477"/>
    </songbooks>
  </properties>
  <lyrics>
    <verse name="v1">
      <lines>Então falou Deus todas estas palavras, dizendo: Eu sou o Senhor teu Deus, que te tirei da terra do Egito, da casa da servidão.</lines>
    </verse>
    <verse name="v2">
      <lines>Não terás outros deuses diante de mim.</lines>
    </verse>
    <verse name="v3">
      <lines>Não farás para ti imagem esculpida.<br/>Não te encurvarás diante delas, nem as servirás; porque eu, o Senhor teu Deus, sou Deus zeloso.<br/>Uso de misericórdia com milhares dos que me amam e guardam os meus mandamentos.</lines>
    </verse>
    <verse name="v4">
      <lines>Não tomarás o nome do Senhor teu Deus em vão; porque o Senhor não terá por inocente aquele que tomar o seu nome em vão.</lines>
    </verse>
    <verse name="v5">
      <lines>Lembra-te do dia do sábado, para o santificar.<br/>Porque em seis dias fez o Senhor o céu e a terra, o mar e tudo o que neles há, e ao sétimo dia descansou;<br/>por isso o Senhor abençoou o dia do sábado, e o santificou.</lines>
    </verse>
    <verse name="v6">
      <lines>Honra a teu pai e a tua mãe, para que se prolonguem os teus dias na terra que o Senhor teu Deus te dá.</lines>
    </verse>
    <verse name="v7">
      <lines>Não matarás.<br/>Não adulterarás.<br/>Não furtarás.<br/>Não dirás falso testemunho contra o teu próximo.<br/>Não cobiçarás.</lines>
    </verse>
  </lyrics>
</song>
