<?xml version='1.0' encoding='UTF-8'?>
<song xmlns="http://openlyrics.info/namespace/2009/song" version="0.8" createdIn="OpenLP 2.0.1" modifiedIn="OpenLP 2.0.1" modifiedDate="2013-11-14T22:03:44">
  <properties>
    <titles>
      <title>HCC 153 Já Refulge a Glória Eterna de Jesus</title>
      <title>Battle Hymn</title>
    </titles>
    <verseOrder>v1 c1 v2 c1 v3 c1 v4 c2</verseOrder>
    <authors>
      <author>Melodia americana</author>
      <author>Julia Howe</author>
    </authors>
    <songbooks>
      <songbook name="Hinário Para o Culto Cristão" entry="153"/>
    </songbooks>
  </properties>
  <lyrics>
    <verse name="v1">
      <lines>Já refulge a glória eterna de Jesus, o Rei dos reis;<br/>breve os reinos deste mundo seguirão as suas leis.<br/>Os sinais da sua vinda mais se mostram cada vez.<br/>Vencendo vem Jesus.</lines>
    </verse>
    <verse name="c1">
      <lines>Glória, glória! Aleluia!<br/>Glória, glória! Aleluia!<br/>Glória, glória! Aleluia!<br/>Vencendo vem Jesus.</lines>
    </verse>
    <verse name="v2">
      <lines>O clarim que chama os salvos à batalha já soou;<br/>Cristo, à frente do seu povo, multidões já conquistou.<br/>O inimigo, em retirada, seu furor já demonstrou.<br/>Vencendo vem Jesus.</lines>
    </verse>
    <verse name="v3">
      <lines>Eis que em glória refulgente sobre as nuvens descerá,<br/>e as nações e os reis da terra com poder governará.<br/>Sim, em paz e santidade, toda a terra regerá.<br/>Vencendo vem Jesus.</lines>
    </verse>
    <verse name="v4">
      <lines>E por fim, entronizado, as nações irá julgar.<br/>Todos, grandes e pequenos, o Juiz hão de encarar.<br/>E os remidos, triunfantes, lá no céu irão cantar:<br/>Venceu o Rei Jesus.</lines>
    </verse>
    <verse name="c2">
      <lines>Glória, glória! Aleluia!<br/>Glória, glória! Aleluia!<br/>Glória, glória! Aleluia!<br/>Venceu o Rei Jesus.</lines>
    </verse>
  </lyrics>
</song>
