<?xml version='1.0' encoding='UTF-8'?>
<song xmlns="http://openlyrics.info/namespace/2009/song" version="0.8" createdIn="OpenLP 2.0.1" modifiedIn="OpenLP 2.0.1" modifiedDate="2013-11-14T22:03:41">
  <properties>
    <titles>
      <title>HCC 136 Adoro o Cristo Vivo</title>
      <title>Ackley</title>
    </titles>
    <verseOrder>v1 c1 v2 c1 v3 c1</verseOrder>
    <authors>
      <author>Alfred Ackley</author>
    </authors>
    <songbooks>
      <songbook name="Hinário Para o Culto Cristão" entry="136"/>
    </songbooks>
  </properties>
  <lyrics>
    <verse name="v1">
      <lines break="optional">Adoro o Cristo vivo, presente junto a mim.<br/>Se os homens o rejeitam, eu creio mesmo assim.</lines>
      <lines>Eu posso a glória eterna em tudo contemplar.<br/>Jesus, nas horas tristes, vem me ajudar.</lines>
    </verse>
    <verse name="c1">
      <lines break="optional">Jesus, Jesus agora vivo está.<br/>Comigo vai em meu viver; jamais me deixará.</lines>
      <lines>Jesus, Jesus meus erros perdoou.<br/>Eu sei que vive o Redentor. Jesus Ressuscitou.</lines>
    </verse>
    <verse name="v2">
      <lines break="optional">Em tudo que me cerca eu vejo o seu amor.<br/>E se estiver cansado, eu não terei temor.</lines>
      <lines>Eu sei que me orienta no forte vendaval;<br/>me livra a sua graça de todo mal.</lines>
    </verse>
    <verse name="v3">
      <lines break="optional">Ó crente, seja alegre; louvores venha dar<br/>a Cristo, o Rei Eterno. É tempo de cantar!</lines>
      <lines>Pois quem procura o Mestre encontrará também<br/>amor, consolo, vida e todo bem.</lines>
    </verse>
  </lyrics>
</song>
