<?xml version='1.0' encoding='UTF-8'?>
<song xmlns="http://openlyrics.info/namespace/2009/song" version="0.8" createdIn="OpenLP 2.0.1" modifiedIn="OpenLP 2.0.1" modifiedDate="2013-11-14T22:04:44">
  <properties>
    <titles>
      <title>HCC 452 Cristo Satisfaz Minha Alma</title>
      <title>Routh</title>
    </titles>
    <verseOrder>v1 c1 v2 c1 v3 c1</verseOrder>
    <authors>
      <author>Baylus McKinney</author>
    </authors>
    <songbooks>
      <songbook name="Hinário Para o Culto Cristão" entry="452"/>
    </songbooks>
  </properties>
  <lyrics>
    <verse name="v1">
      <lines break="optional">Cristo satisfaz minha alma,<br/>pois em meu lugar sofreu.</lines>
      <lines>Vida, paz e liberdade,<br/>plena salvação me deu.</lines>
    </verse>
    <verse name="c1">
      <lines break="optional">Cristo satisfaz,<br/>Cristo satisfaz,<br/>satisfaz completamente.</lines>
      <lines>Meu mais puro ideal,<br/>inspirado pela cruz,<br/>é servir e honrar o bom Jesus.</lines>
    </verse>
    <verse name="v2">
      <lines break="optional">Cristo satisfaz minha alma,<br/>pois que me livrou do mal.</lines>
      <lines>Quero sempre obedecer-lhe,<br/>sendo mais e mais leal.</lines>
    </verse>
    <verse name="v3">
      <lines break="optional">Quando os dias se findarem,<br/>e meu Deus me receber,</lines>
      <lines>"Satisfeito estou contigo",<br/>ouvirei Jesus dizer.</lines>
    </verse>
  </lyrics>
</song>
