<?xml version='1.0' encoding='UTF-8'?>
<song xmlns="http://openlyrics.info/namespace/2009/song" version="0.8" createdIn="OpenLP 2.0.1" modifiedIn="OpenLP 2.0.1" modifiedDate="2013-11-14T22:03:44">
  <properties>
    <titles>
      <title>HCC 151 A Carta do Apóstolo Pedro</title>
      <title>2 Pedro 3:1-14, 17, 18</title>
    </titles>
    <copyright>2 Pedro 3:1-14, 17, 18</copyright>
    <verseOrder>v1 v2 v3 v4 v5 v6 v7</verseOrder>
    <authors>
      <author>Leitura bíblica</author>
    </authors>
    <songbooks>
      <songbook name="Hinário Para o Culto Cristão" entry="151"/>
    </songbooks>
  </properties>
  <lyrics>
    <verse name="v1">
      <lines>Amados,<br/>Já é esta a segunda carta que vos escrevo;<br/>em ambas as quais desperto com admoestações o vosso ânimo sincero;<br/>para que vos lembreis das palavras que dantes foram ditas pelos santos profetas,<br/>e do mandamento do Senhor e Salvador, dado mediante os vossos apóstolos;<br/>sabendo primeiro isto, que nos últimos dias virão escarnecedores com zombaria (...) dizendo:</lines>
    </verse>
    <verse name="v2">
      <lines>Onde está a promessa da sua vinda? Porque desde que os pais dormiram,<br/>todas as coisas permanecem como desde o princípio da criação.</lines>
    </verse>
    <verse name="v3">
      <lines>Pois eles de propósito ignoram isto, que pela palavra de Deus já desde a antiguidade existiram os céus e a terra,<br/>que foi tirada da água e no meio da água subsiste; pelas quais coisas pereceu o mundo de então, afogado em água;<br/>mas os céus e a terra de agora, pela mesma palavra, têm sido guardados para o fogo,<br/>sendo reservados para o dia do juízo e da perdição dos homens ímpios.</lines>
    </verse>
    <verse name="v4">
      <lines>Mas vós, amados, não ignoreis uma coisa: que um dia para o Senhor é como mil anos, e mil anos como um dia.<br/>O Senhor não retarda a sua promessa (...) porém é longânimo para convosco,<br/>não querendo que ninguém se perca, senão que todos venham a arrepender-se.</lines>
    </verse>
    <verse name="v5">
      <lines>Virá, pois, como ladrão o dia do Senhor, no qual os céus passarão com grande estrondo,<br/>e os elementos, ardendo, se dissolverão, e a terra, e as obras que nela há, serão descobertas.<br/>Ora,uma vez que todas estas coisas hão de ser assim dissolvidas,<br/>que pessoas não deveis ser em santidade e piedade, aguardando,<br/>e desejando ardentemente a vinda do dia de Deus, em que os céus,<br/>em fogo se dissolverão e os elementos, ardendo se fundirão?</lines>
    </verse>
    <verse name="v6">
      <lines>Nós, porém, segundo a sua promessa, aguardamos novos céus e uma nova terra, nos quais habita a justiça.</lines>
    </verse>
    <verse name="v7">
      <lines>Amados (...) guardai-vos de que pelo engano dos homens perversos sejais juntamente arrebatados,<br/>e descaiais da vossa firmeza (...) crescei na graça e no conhecimento de nosso Senhor e Salvador Jesus Cristo.<br/>A ele seja dada a glória, assim agora, como até o dia da eternidade.</lines>
    </verse>
  </lyrics>
</song>
