<?xml version='1.0' encoding='UTF-8'?>
<song xmlns="http://openlyrics.info/namespace/2009/song" version="0.8" createdIn="OpenLP 2.0.1" modifiedIn="OpenLP 2.0.1" modifiedDate="2013-11-14T22:03:50">
  <properties>
    <titles>
      <title>HCC 186 O Senhor É o Meu Pastor</title>
      <title>Isaías 40:11; Salmos 23:1; Ezequiel 34:12, 11, 14-16</title>
    </titles>
    <copyright>Isaías 40:11; Salmos 23:1; Ezequiel 34:12, 11, 14-16</copyright>
    <verseOrder>v1 v2 v3 v4 v5 v6 v7 v8 v9 v10 v11 v12</verseOrder>
    <authors>
      <author>Leitura bíblica</author>
    </authors>
    <songbooks>
      <songbook name="Hinário Para o Culto Cristão" entry="186"/>
    </songbooks>
  </properties>
  <lyrics>
    <verse name="v1">
      <lines>Como pastor ele apascentará o seu rebanho;<br/>entre os seus braços recolherá os cordeirinhos, e os levará no seu regaço;<br/>as que amamentam, ele as guiará mansamente.</lines>
    </verse>
    <verse name="v2">
      <lines>O Senhor é o meu pastor; nada me faltará.</lines>
    </verse>
    <verse name="v3">
      <lines>Como o pastor busca o seu rebanho, no dia em que está no meio das suas ovelhas dispersas, assim buscarei as minhas ovelhas.<br/>Eis que eu, eu mesmo, procurarei as minhas ovelhas, e as buscarei.</lines>
    </verse>
    <verse name="v4">
      <lines>O Senhor é o meu pastor; nada me faltará.</lines>
    </verse>
    <verse name="v5">
      <lines>Livrá-las-ei de todos os lugares por onde foram espalhadas, no dia de nuvens e de escuridão.</lines>
    </verse>
    <verse name="v6">
      <lines>O Senhor é o meu pastor; nada me faltará.</lines>
    </verse>
    <verse name="v7">
      <lines>Sim, tirá-las-ei para fora dos povos, e as congregarei dos países,<br/>e as introduzirei na sua terra, e as apascentarei sobre os montes de Israel,<br/>junto às correntes dágua, e em todos os lugares habitados da terra.</lines>
    </verse>
    <verse name="v8">
      <lines>O Senhor é o meu pastor; nada me faltará.</lines>
    </verse>
    <verse name="v9">
      <lines>Em bons pastos as apascentarei (...) Eu mesmo apascentarei as minhas ovelhas, e eu as farei repousar, diz o Senhor.</lines>
    </verse>
    <verse name="v10">
      <lines>O Senhor é o meu pastor; nada me faltará.</lines>
    </verse>
    <verse name="v11">
      <lines>A perdida buscarei, e a desgarrada tornarei a trazer;<br/>a quebrada ligarei, e a enferma fortalecerei;<br/>e a gorda e a forte vigiarei.<br/>Apascentá-las-ei com justiça.</lines>
    </verse>
    <verse name="v12">
      <lines>O Senhor é o meu pastor; nada me faltará.</lines>
    </verse>
  </lyrics>
</song>
