<?xml version='1.0' encoding='UTF-8'?>
<song xmlns="http://openlyrics.info/namespace/2009/song" version="0.8" createdIn="OpenLP 2.0.1" modifiedIn="OpenLP 2.0.1" modifiedDate="2013-11-14T22:04:42">
  <properties>
    <titles>
      <title>HCC 439 Toma, Senhor, Minha Mente</title>
      <title>Shaffer</title>
    </titles>
    <verseOrder>v1 v2 v3</verseOrder>
    <authors>
      <author>Frances Havergal</author>
      <author>Jeanne Shaffer</author>
    </authors>
    <songbooks>
      <songbook name="Hinário Para o Culto Cristão" entry="439"/>
    </songbooks>
  </properties>
  <lyrics>
    <verse name="v1">
      <lines break="optional">Toma, sempre, meu Senhor,<br/>minha mente e meu amor!</lines>
      <lines>Que meu modo de pensar<br/>possa em tudo te agradar!</lines>
    </verse>
    <verse name="v2">
      <lines break="optional">Meu ouvido vem abrir,<br/>faz-me tua voz ouvir,</lines>
      <lines>e depressa, com prazer,<br/>tuas leis obedecer.</lines>
    </verse>
    <verse name="v3">
      <lines break="optional">Os meus lábios vem encher<br/>de verdade, amor, saber;</lines>
      <lines>tua graça, que é sem par,<br/>quero sempre anunciar.</lines>
    </verse>
  </lyrics>
</song>
