<?xml version='1.0' encoding='UTF-8'?>
<song xmlns="http://openlyrics.info/namespace/2009/song" version="0.8" createdIn="OpenLP 2.0.1" modifiedIn="OpenLP 2.0.1" modifiedDate="2013-11-14T22:04:01">
  <properties>
    <titles>
      <title>HCC 246 Santuários Nós Somos</title>
      <title>Raquel</title>
    </titles>
    <verseOrder>v1 c1 v2 c1 v3 c1</verseOrder>
    <authors>
      <author>Jilton Moraes</author>
      <author>Werner Kaschel</author>
      <author>Skinner Chávez-Melo</author>
    </authors>
    <songbooks>
      <songbook name="Hinário Para o Culto Cristão" entry="246"/>
    </songbooks>
  </properties>
  <lyrics>
    <verse name="v1">
      <lines>Santuário nós somos,<br/>santuários do bom Deus.<br/>Do pecado libertos,<br/>nos tornamos filhos seus.</lines>
    </verse>
    <verse name="c1">
      <lines>Ao Senhor eu pertenço;<br/>não sou meu, bem certo estou.<br/>Tudo entrego ao meu Mestre<br/>que do mal me libertou.</lines>
    </verse>
    <verse name="v2">
      <lines>Nosso corpo guardemos<br/>da impureza e todo mal.<br/>Somos luz neste mundo<br/>e na terra somos sal.</lines>
    </verse>
    <verse name="v3">
      <lines>O que sou e o que tenho<br/>eu dedico ao meu Senhor.<br/>Minha vida eu entrego<br/>e os meus bens, com todo o amor.</lines>
    </verse>
    <verse name="v4">
      <lines>Multiplica e abençoa<br/>o que venho te ofertar,<br/>pra estender o teu reino,<br/>tanto aqui como além-mar.</lines>
    </verse>
  </lyrics>
</song>
