<?xml version='1.0' encoding='UTF-8'?>
<song xmlns="http://openlyrics.info/namespace/2009/song" version="0.8" createdIn="OpenLP 2.0.1" modifiedIn="OpenLP 2.0.1" modifiedDate="2013-11-14T22:04:52">
  <properties>
    <titles>
      <title>HCC 491 No Serviço do Meu Rei</title>
      <title>Serviço</title>
    </titles>
    <verseOrder>v1 c1 v2 c1 v3 c1 v4 c1</verseOrder>
    <authors>
      <author>Alfred Ackley</author>
      <author>Bentley Ackley</author>
    </authors>
    <songbooks>
      <songbook name="Hinário Para o Culto Cristão" entry="491"/>
    </songbooks>
  </properties>
  <lyrics>
    <verse name="v1">
      <lines break="optional">No serviço do meu Rei eu sou feliz,<br/>satisfeito, abençoado;</lines>
      <lines>proclamando do meu Rei a salvação,<br/>no serviço do meu Rei.</lines>
    </verse>
    <verse name="c1">
      <lines break="optional">No serviço do meu Rei<br/>minha vida empregarei.</lines>
      <lines>Gozo, paz, felicidade tem quem serve a meu bom Rei.</lines>
    </verse>
    <verse name="v2">
      <lines break="optional">No serviço do meu Rei eu sou feliz,<br/>obediente, corajoso;</lines>
      <lines>na tristeza ou na alegria sei sorrir,<br/>no serviço do meu Rei.</lines>
    </verse>
    <verse name="v3">
      <lines break="optional">No serviço do meu Rei eu sou feliz,<br/>jubiloso, consagrado.</lines>
      <lines>Ao seu lado desafio todo mal,<br/>no serviço do meu Rei.</lines>
    </verse>
    <verse name="v4">
      <lines break="optional">No serviço do meu Rei eu sou feliz,<br/>vitorioso, decidido.</lines>
      <lines>Quanto tenho, no serviço gastarei,<br/>no serviço do meu Rei.</lines>
    </verse>
  </lyrics>
</song>
