<?xml version='1.0' encoding='UTF-8'?>
<song xmlns="http://openlyrics.info/namespace/2009/song" version="0.8" createdIn="OpenLP 2.0.1" modifiedIn="OpenLP 2.0.1" modifiedDate="2013-11-14T22:04:39">
  <properties>
    <titles>
      <title>HCC 429 A Ti Seja Consagrada Minha Vida</title>
      <title>Mozart</title>
    </titles>
    <verseOrder>v1 v2 v3 v4 v5 v6</verseOrder>
    <authors>
      <author>Frances Havergal</author>
      <author>Melodia anônima</author>
    </authors>
    <songbooks>
      <songbook name="Hinário Para o Culto Cristão" entry="429"/>
    </songbooks>
  </properties>
  <lyrics>
    <verse name="v1">
      <lines break="optional">A ti seja consagrada<br/>minha vida, ó meu Senhor;</lines>
      <lines>meus momentos e meus dias<br/>sejam só em teu louvor.</lines>
    </verse>
    <verse name="v2">
      <lines break="optional">Sempre minhas mãos se movam<br/>com presteza e com amor,</lines>
      <lines>e meu pés velozes corram<br/>ao serviço do Senhor.</lines>
    </verse>
    <verse name="v3">
      <lines break="optional">Minha voz agora toma<br/>para o teu louvor cantar;</lines>
      <lines>toma os lábios meus, fazendo-os<br/>a mensagem proclamar.</lines>
    </verse>
    <verse name="v4">
      <lines break="optional">Minha prata e ouro toma,<br/>nada quero te esconder;</lines>
      <lines>minha inteligência usa<br/>para sempre o bem fazer.</lines>
    </verse>
    <verse name="v5">
      <lines break="optional">A vontade minha toma,<br/>sujeitando-a a ti Senhor,</lines>
      <lines>do meu coração fazendo<br/>o teu trono, ó Salvador.</lines>
    </verse>
    <verse name="v6">
      <lines break="optional">Meu amor e meu desejo<br/>sejam só teu nome honrar;</lines>
      <lines>faze que meu ser inteiro<br/>eu te possa consagrar. Amém.</lines>
    </verse>
  </lyrics>
</song>
