<?xml version='1.0' encoding='UTF-8'?>
<song xmlns="http://openlyrics.info/namespace/2009/song" version="0.8" createdIn="OpenLP 2.0.1" modifiedIn="OpenLP 2.0.1" modifiedDate="2013-11-14T22:04:07">
  <properties>
    <titles>
      <title>HCC 276 Abandonando os Maus Caminhos</title>
      <title>Isaías 55:6-9</title>
    </titles>
    <copyright>Isaías 55:6-9</copyright>
    <verseOrder>v1</verseOrder>
    <authors>
      <author>Leitura bíblica</author>
    </authors>
    <songbooks>
      <songbook name="Hinário Para o Culto Cristão" entry="276"/>
    </songbooks>
  </properties>
  <lyrics>
    <verse name="v1">
      <lines>Buscai ao Senhor enquanto se pode achar, invocai-o enquanto está perto.<br/>Deixe o ímpio o seu caminho, e o homem maligno os seus pensamentos;<br/>volte-se ao Senhor, que se compadecerá dele;<br/>e para o nosso Deus, porque é generoso em perdoar.<br/>Porque os meus pensamentos não são os vossos pensamentos,<br/>nem os vossos caminhos os meus caminhos, diz o Senhor.<br/>Porque, assim como o céu é mais alto do que a terra,<br/>assim são os meus caminhos mais altos do que os vossos caminhos,<br/>e os meus pensamentos mais altos do que os vossos pensamentos.</lines>
    </verse>
  </lyrics>
</song>
