<?xml version='1.0' encoding='UTF-8'?>
<song xmlns="http://openlyrics.info/namespace/2009/song" version="0.8" createdIn="OpenLP 2.0.1" modifiedIn="OpenLP 2.0.1" modifiedDate="2013-11-14T22:03:32">
  <properties>
    <titles>
      <title>HCC 085 Oh, Vem, Oh, Vem, Emanuel!</title>
      <title>Veni Emmanuel</title>
    </titles>
    <verseOrder>v1 c1 v2 c1 v3 c1 v4 c1</verseOrder>
    <authors>
      <author>Melodia gregoriana</author>
    </authors>
    <songbooks>
      <songbook name="Hinário Para o Culto Cristão" entry="085"/>
    </songbooks>
  </properties>
  <lyrics>
    <verse name="v1">
      <lines>Oh, vem, oh, vem, Emanuel!<br/>Redime o povo de Israel,<br/>que geme em triste exílio e dor<br/>e aguarda o grande Redentor!</lines>
    </verse>
    <verse name="c1">
      <lines>Dai glória a Deus, ó Israel!<br/>Virá em breve Emanuel!</lines>
    </verse>
    <verse name="v2">
      <lines>Oh, vem aqui nos animar<br/>e nossas almas despertar!<br/>Dispersa as sombras do temor<br/>e as densas nuvens do terror.</lines>
    </verse>
    <verse name="v3">
      <lines>Oh, vem, rebento de Jessé,<br/>e aos filhos teus renova a fé!<br/>Que a morte possam dominar<br/>e a vida eterna alcançar.</lines>
    </verse>
    <verse name="v4">
      <lines>Vem, Filho de Davi, oh, vem!<br/>Descerra o céu de todo bem<br/>e ali, na porta que abrirás,<br/>suprema glória nos darás.</lines>
    </verse>
  </lyrics>
</song>
