<?xml version='1.0' encoding='UTF-8'?>
<song xmlns="http://openlyrics.info/namespace/2009/song" version="0.8" createdIn="OpenLP 2.0.1" modifiedIn="OpenLP 2.0.1" modifiedDate="2013-11-14T22:03:40">
  <properties>
    <titles>
      <title>HCC 131 Oração Intercessória de Jesus</title>
      <title>João 17:1-5, 6, 8, 9-11, 14, 15, 17, 20, 24-26</title>
    </titles>
    <copyright>João 17:1-5, 6, 8, 9-11, 14, 15, 17, 20, 24-26</copyright>
    <verseOrder>v1</verseOrder>
    <authors>
      <author>Leitura bíblica</author>
    </authors>
    <songbooks>
      <songbook name="Hinário Para o Culto Cristão" entry="131"/>
    </songbooks>
  </properties>
  <lyrics>
    <verse name="v1">
      <lines>Pai, é chegada a hora; glorifica a teu Filho, para que também o Filho te glorifique;<br/>assim como lhe deste autoridade sobre toda a carne,<br/>para que dê a vida eterna a todos aqueles que lhe tens dado.<br/>E a vida eterna é esta: que te conheçam a ti,<br/>o único Deus verdadeiro, e a Jesus Cristo, aquele que tu enviaste.<br/>Eu te glorifiquei na terra, completando a obra que me deste para fazer.<br/>Agora, pois, glorifica-me tu, ó Pai, junto de ti mesmo,<br/>com aquela glória que eu tinha contigo antes que o mundo existisse.<br/>Manifestei o teu nome aos homens (...)<br/>Eram teus, e tu mos deste; e guardaram a tua palavra.<br/>Verdadeiramente conheceram que saí de ti, e creram que tu me enviaste.<br/>Eu rogo (...) por aqueles que me tens dado, porque são teus;<br/>todas as minhas coisas são tuas, e as tuas coisas são minhas; e neles sou glorificado.<br/>Eu não estou mais no mundo; mas eles estão no mundo, e eu vou para ti.<br/>Pai santo, guarda-os no teu nome (...) para que eles sejam um, assim como nós.<br/>Eu lhes dei a tua palavra; e o mundo os odiou, porque não são do mundo, assim como eu não sou do mundo.<br/>Não rogo que os tires do mundo, mas que os guardes do Maligno.<br/>Santifica-os na verdade; a tua palavra é a verdade.<br/>E rogo (...) por aqueles que pela sua palavra hão de crer em mim.<br/>Pai, desejo que onde eu estou, estejam comigo também aqueles que me tens dado,<br/>para verem a minha glória, a qual me deste; pois que me amaste antes da fundação do mundo.<br/>Pai justo, o mundo não te conheceu, mas eu te conheço; e estes conheceram que tu me enviaste;<br/>e eu lhes fiz conhecer o teu nome, e lho farei conhecer ainda;<br/>para que haja neles aquele amor com que me amaste, e também eu neles esteja.</lines>
    </verse>
  </lyrics>
</song>
