<?xml version='1.0' encoding='UTF-8'?>
<song xmlns="http://openlyrics.info/namespace/2009/song" version="0.8" createdIn="OpenLP 2.0.1" modifiedIn="OpenLP 2.0.1" modifiedDate="2013-11-14T22:03:37">
  <properties>
    <titles>
      <title>HCC 113 O Verbo Se Fez Carne</title>
      <title>João 1:1-5, 9-18</title>
    </titles>
    <copyright>João 1:1-5, 9-18</copyright>
    <verseOrder>v1</verseOrder>
    <authors>
      <author>Leitura bíblica</author>
    </authors>
    <songbooks>
      <songbook name="Hinário Para o Culto Cristão" entry="113"/>
    </songbooks>
  </properties>
  <lyrics>
    <verse name="v1">
      <lines>No princípio era o Verbo, e o Verbo estava com Deus,<br/>e o Verbo era Deus.<br/>Ele estava no princípio com Deus.<br/>Todas as coisas foram feitas por intermédio dele,<br/>e sem ele nada do que foi feito se fez.<br/>Nele estava a vida, e a vida era a luz dos homens;<br/>a luz resplandece nas trevas,<br/>e as trevas não prevaleceram contra ela.<br/>A verdadeira luz, que alumia a todo homem,<br/>estava chegando ao mundo.<br/>Estava ele no mundo, e o mundo foi feito por intermédio dele,<br/>e o mundo não o conheceu.<br/>Veio para o que era seu, e os seus não o receberam.<br/>Mas, a todos quantos o receberam, aos que crêem no seu nome,<br/>deu-lhes o poder de se tornarem filhos de Deus;<br/>os quais não nasceram do sangue, nem da vontade da carne,<br/>nem da vontade do varão, mas de Deus.<br/>E o Verbo se fez carne, e habitou entre nós, cheio de graça e de verdade;<br/>e vimos a sua glória, como a glória do unigênito do Pai.<br/>João deu testemunho dele, e clamou, dizento:<br/>Este é aquele de quem eu disse:<br/>O que vem depois de mim, passou adiante de mim;<br/>porque antes de mim ele já existia.<br/>Pois todos nós recebemos da sua plenitude, e graça sobre graça.<br/>Porque a lei foi dada por meio de Moisés;<br/>a graça e a verdade vieram por Jesus Cristo.<br/>Ninguém jamais viu a Deus.<br/>O Deus unigênito, que está no seio do Pai, esse o deu a conhecer.</lines>
    </verse>
  </lyrics>
</song>
