<?xml version='1.0' encoding='UTF-8'?>
<song xmlns="http://openlyrics.info/namespace/2009/song" version="0.8" createdIn="OpenLP 2.0.1" modifiedIn="OpenLP 2.0.1" modifiedDate="2013-11-14T22:03:51">
  <properties>
    <titles>
      <title>HCC 190 Por Meus Pecados Padeceu</title>
      <title>Hudson</title>
    </titles>
    <verseOrder>v1 v2 v3 v4</verseOrder>
    <authors>
      <author>Isaac Watts</author>
      <author>Ralph Hudson</author>
    </authors>
    <songbooks>
      <songbook name="Hinário Para o Culto Cristão" entry="190"/>
    </songbooks>
  </properties>
  <lyrics>
    <verse name="v1">
      <lines>Por meus pecados padeceu<br/>Jesus, que é vida e luz.<br/>Ele o castigo meu sofreu<br/>na ensanguentada cruz.</lines>
    </verse>
    <verse name="v2">
      <lines>Jamais terei tão fraca a voz<br/>que hesite em confessar<br/>a quem, com morte tão atroz,<br/>minha alma quis salvar.</lines>
    </verse>
    <verse name="v3">
      <lines>Pois eu desejo aqui cantar<br/>ao grande Salvador.<br/>E, quando for no céu morar,<br/>louva-lo-ei melhor.</lines>
    </verse>
    <verse name="v4">
      <lines>Oh, faz-me forte em confessar<br/>a ti, Jesus, Senhor!<br/>Oh, faz-me pronto a confiar<br/>em teu excelso amor!</lines>
    </verse>
  </lyrics>
</song>
