<?xml version='1.0' encoding='UTF-8'?>
<song xmlns="http://openlyrics.info/namespace/2009/song" version="0.8" createdIn="OpenLP 2.0.1" modifiedIn="OpenLP 2.0.1" modifiedDate="2013-11-14T22:03:53">
  <properties>
    <titles>
      <title>HCC 201 Devemos Confessar Jesus Como Senhor</title>
      <title>Romanos 10:9, 10</title>
    </titles>
    <copyright>Romanos 10:9, 10</copyright>
    <verseOrder>v1</verseOrder>
    <authors>
      <author>Leitura bíblica</author>
    </authors>
    <songbooks>
      <songbook name="Hinário Para o Culto Cristão" entry="201"/>
    </songbooks>
  </properties>
  <lyrics>
    <verse name="v1">
      <lines>Se com a tua boca confessares a Jesus como Senhor,<br/>e em teu coração creres que Deus o ressuscitou dentre os mortos, serás salvo;<br/>pois é com o coração que se crê para a justiça, e com a boca se faz confissão para a salvação.</lines>
    </verse>
  </lyrics>
</song>
