<?xml version='1.0' encoding='UTF-8'?>
<song xmlns="http://openlyrics.info/namespace/2009/song" version="0.8" createdIn="OpenLP 2.0.1" modifiedIn="OpenLP 2.0.1" modifiedDate="2013-11-14T22:04:02">
  <properties>
    <titles>
      <title>HCC 247 Vem Nos Ensinar, Senhor</title>
      <title>Burroughs</title>
    </titles>
    <verseOrder>v1 v2 v3</verseOrder>
    <authors>
      <author>Joseph Green</author>
      <author>Bob Burroughs</author>
    </authors>
    <songbooks>
      <songbook name="Hinário Para o Culto Cristão" entry="247"/>
    </songbooks>
  </properties>
  <lyrics>
    <verse name="v1">
      <lines>Vem nos ensinar, Senhor,<br/>tudo o que devemos ser;<br/>pelas tuas leis de amor,<br/>rege o nosso proceder.</lines>
    </verse>
    <verse name="v2">
      <lines>Vem nos ensinar a orar<br/>pelos povos e as nações<br/>que não sabem te adorar,<br/>tendo o mal nos corações.</lines>
    </verse>
    <verse name="v3">
      <lines>Vem nos ensinar a dar<br/>nossos bens e nosso amor<br/>para em tudo proclamar<br/>que és do mundo o Salvador.</lines>
    </verse>
  </lyrics>
</song>
