<?xml version='1.0' encoding='UTF-8'?>
<song xmlns="http://openlyrics.info/namespace/2009/song" version="0.8" createdIn="OpenLP 2.0.1" modifiedIn="OpenLP 2.0.1" modifiedDate="2013-11-14T22:03:35">
  <properties>
    <titles>
      <title>HCC 105 O Cântico de Maria</title>
      <title>Lucas 1:46-56</title>
    </titles>
    <copyright>Lucas 1:46-56</copyright>
    <verseOrder>v1</verseOrder>
    <authors>
      <author>Leitura bíblica</author>
    </authors>
    <songbooks>
      <songbook name="Hinário Para o Culto Cristão" entry="104"/>
    </songbooks>
  </properties>
  <lyrics>
    <verse name="v1">
      <lines>A minha alma engrandece ao Senhor,<br/>e o meu espírito exulta em Deus, meu Salvador;<br/>porque atentou na condição humilde de sua serva.<br/>Desde agora, pois, todas as gerações me chamarão bem-aventurada,<br/>porque o Poderoso me fez grandes coisas;<br/>e santo é o seu nome.<br/>E a sua misericórdia vai de geração em geração sobre os que o temem.<br/>Com o seu braço manifestou poder;<br/>dissipou os que eram soberbos nos pensamentos de seus corações;<br/>depôs dos tronos os poderosos,<br/>e elevou os humildes.<br/>Aos famintos encheu de bens,<br/>e vazios despediu os ricos.<br/>Auxiliou a Israel, seu servo,<br/>lembrando-se de misericórdia<br/>(como falou a nossos pais)<br/>para com Abraão e sua descendência para sempre.</lines>
    </verse>
  </lyrics>
</song>
