<?xml version='1.0' encoding='UTF-8'?>
<song xmlns="http://openlyrics.info/namespace/2009/song" version="0.8" createdIn="OpenLP 2.0.1" modifiedIn="OpenLP 2.0.1" modifiedDate="2013-11-14T22:04:41">
  <properties>
    <titles>
      <title>HCC 435 Não Sou Meu</title>
      <title>Reconhecimento</title>
    </titles>
    <verseOrder>v1 c1 v2 c1 v3 c1 v4 c1</verseOrder>
    <authors>
      <author>James McGranahan</author>
      <author>Daniel Whittle</author>
    </authors>
    <songbooks>
      <songbook name="Hinário Para o Culto Cristão" entry="435"/>
    </songbooks>
  </properties>
  <lyrics>
    <verse name="v1">
      <lines break="optional">Não sou meu. Por Cristo salvo,<br/>que por mim morreu na cruz,</lines>
      <lines>eu confesso alegremente<br/>que pertenço ao bom Jesus.</lines>
    </verse>
    <verse name="c1">
      <lines break="optional">Não sou meu; oh, não sou meu!<br/>Bom Jesus, sou todo teu.</lines>
      <lines>O que tenho e sou entrego;<br/>ó Senhor, sou todo teu.</lines>
    </verse>
    <verse name="v2">
      <lines break="optional">Não sou meu. Por Cristo salvo,<br/>pois seu sangue derramou</lines>
      <lines>e da pena do pecado<br/>a minha alma resgatou.</lines>
    </verse>
    <verse name="v3">
      <lines break="optional">Não sou meu. A ti confio<br/>tudo quanto chamo meu.</lines>
      <lines>Tudo em tuas mãos entrego,<br/>pois, Senhor, sou todo teu.</lines>
    </verse>
    <verse name="v4">
      <lines break="optional">Não sou meu. Oh, santifica<br/>tudo quanto sou, Senhor!</lines>
      <lines>Do egoísmo e da vaidade<br/>livra-me, meu Salvador.</lines>
    </verse>
  </lyrics>
</song>
