<?xml version='1.0' encoding='UTF-8'?>
<song xmlns="http://openlyrics.info/namespace/2009/song" version="0.8" createdIn="OpenLP 2.0.1" modifiedIn="OpenLP 2.0.1" modifiedDate="2013-11-14T22:04:32">
  <properties>
    <titles>
      <title>HCC 404 Eu Andei a Sós com Cristo</title>
      <title>Forest Park</title>
    </titles>
    <verseOrder>v1 c1 v2 c1 v3 c1 v4 c1</verseOrder>
    <authors>
      <author>Oswald Smith</author>
      <author>Barbara Gaultney</author>
    </authors>
    <songbooks>
      <songbook name="Hinário Para o Culto Cristão" entry="404"/>
    </songbooks>
  </properties>
  <lyrics>
    <verse name="v1">
      <lines break="optional">Eu andei a sós com Cristo<br/>em divina comunhão</lines>
      <lines>e não mais me atrai o mundo,<br/>pois estou em sua mão.</lines>
    </verse>
    <verse name="c1">
      <lines break="optional">Eu vi, eu conheço;<br/>com ele já andei.<br/>Que glória então senti!</lines>
      <lines>Sou de Jesus, e ele é meu,<br/>pois vida eterna recebi.</lines>
    </verse>
    <verse name="v2">
      <lines break="optional">Na montanha eu o vi e então<br/>conforto veio a mim.</lines>
      <lines>A visão maravilhosa<br/>lembrarei até o fim.</lines>
    </verse>
    <verse name="v3">
      <lines break="optional">Eu estava deprimido,<br/>carecendo de perdão;</lines>
      <lines>meu pecado foi levado,<br/>tenho sua proteção.</lines>
    </verse>
    <verse name="v4">
      <lines break="optional">Pelas trevas e nas sombras,<br/>com Jesus não há temor.</lines>
      <lines>Doces foram os ensinos<br/>que aprendi do meu Senhor.</lines>
    </verse>
  </lyrics>
</song>
