<?xml version='1.0' encoding='UTF-8'?>
<song xmlns="http://openlyrics.info/namespace/2009/song" version="0.8" createdIn="OpenLP 2.0.1" modifiedIn="OpenLP 2.0.1" modifiedDate="2013-11-14T22:04:46">
  <properties>
    <titles>
      <title>HCC 458 Por Sua Graça e Compaixão</title>
      <title>He Lifted Me</title>
    </titles>
    <verseOrder>v1 c1 v2 c1 v3 c1</verseOrder>
    <authors>
      <author>Charles Gabriel</author>
    </authors>
    <songbooks>
      <songbook name="Hinário Para o Culto Cristão" entry="458"/>
    </songbooks>
  </properties>
  <lyrics>
    <verse name="v1">
      <lines break="optional">Por sua graça e compaixão,<br/>Jesus me deu a sua mão;</lines>
      <lines>das trevas e da perdição<br/>Jesus, então, me ergueu.</lines>
    </verse>
    <verse name="c1">
      <lines break="optional">Com sua mão, Jesus me ergueu.<br/>Em compaixão, Jesus me ergueu.</lines>
      <lines>Por esse amor do Redentor<br/>eu cantarei: "Jesus me ergueu."</lines>
    </verse>
    <verse name="v2">
      <lines break="optional">Castigo e dor sofreu Jesus<br/>em meu lugar, na rude cruz.</lines>
      <lines>Pra dar-me paz, perdão e luz,<br/>Jesus, então, me ergueu.</lines>
    </verse>
    <verse name="v3">
      <lines break="optional">Em tudo posso me alegrar,<br/>sem compreender, sem explicar,</lines>
      <lines>até que eu vá no céu morar<br/>porque Jesus me ergueu.</lines>
    </verse>
  </lyrics>
</song>
