<?xml version='1.0' encoding='UTF-8'?>
<song xmlns="http://openlyrics.info/namespace/2009/song" version="0.8" createdIn="OpenLP 2.0.1" modifiedIn="OpenLP 2.0.1" modifiedDate="2013-11-14T22:04:46">
  <properties>
    <titles>
      <title>HCC 463 O Meu Coração Sofredor</title>
      <title>Cantai</title>
    </titles>
    <verseOrder>v1 c1 v2 c1 v3 c1 v4 c1</verseOrder>
    <authors>
      <author>James McGranahan</author>
      <author>Mary Servoss</author>
    </authors>
    <songbooks>
      <songbook name="Hinário Para o Culto Cristão" entry="463"/>
    </songbooks>
  </properties>
  <lyrics>
    <verse name="v1">
      <lines break="optional">O meu coração sofredor,<br/>descanso seguro encontrou,</lines>
      <lines>seguindo os conselhos de amor<br/>do Pai, que do mal me chamou.</lines>
    </verse>
    <verse name="c1">
      <lines break="optional">Cantai, cantai<br/>no templo do nosso Senhor.</lines>
      <lines>Cantai, cantai,<br/>ao mundo mostrai seu amor.</lines>
    </verse>
    <verse name="v2">
      <lines break="optional">Nos astros que brilham nos céus,<br/>da lua no brando clarão,</lines>
      <lines>eu leio poemas de Deus,<br/>que falam de amor e perdão.</lines>
    </verse>
    <verse name="v3">
      <lines break="optional">No livro bendito encontrei<br/>palavras de amor e de luz</lines>
      <lines>e canto celeste escutei<br/>dos anjos, saudando Jesus.</lines>
    </verse>
    <verse name="v4">
      <lines break="optional">Os males do mundo deixei,<br/>por isso me pus a cantar.</lines>
      <lines>Com Deus para sempre estarei,<br/>irei com Jesus ao seu lar.</lines>
    </verse>
  </lyrics>
</song>
