<?xml version='1.0' encoding='UTF-8'?>
<song xmlns="http://openlyrics.info/namespace/2009/song" version="0.8" createdIn="OpenLP 2.0.1" modifiedIn="OpenLP 2.0.1" modifiedDate="2013-11-14T22:03:33">
  <properties>
    <titles>
      <title>HCC 089 Em Silêncio Toda Carne</title>
      <title>Picardy</title>
    </titles>
    <verseOrder>v1 v2 v3</verseOrder>
    <authors>
      <author>Melodia francesa</author>
    </authors>
    <songbooks>
      <songbook name="Hinário Para o Culto Cristão" entry="089"/>
    </songbooks>
  </properties>
  <lyrics>
    <verse name="v1">
      <lines break="optional">Em silêncio toda carne,<br/>com temor e devoção,<br/>abandone, reverente</lines>
      <lines>todo pensamento vão.<br/>Nosso Deus à terra desce:<br/>tributai-lhe adoração!</lines>
    </verse>
    <verse name="v2">
      <lines break="optional">Rei dos reis, da Virgem filho,<br/>entre nós ele habitou.<br/>Deus, em corpo e sangue humano,</lines>
      <lines>Deus, Senhor que se humilhou,<br/>os seus filhos alimenta.<br/>Ele disse: "O pão eu sou."</lines>
    </verse>
    <verse name="v3">
      <lines break="optional">Vigilantes anjos voam<br/>ao redor do Criador<br/>e, cobrindo as suas faces,</lines>
      <lines>cantam o eternal louvor:<br/>"Aleluia, aleluia!<br/>Ao supremo Deus, Senhor!"</lines>
    </verse>
  </lyrics>
</song>
