<?xml version='1.0' encoding='UTF-8'?>
<song xmlns="http://openlyrics.info/namespace/2009/song" version="0.8" createdIn="OpenLP 2.0.1" modifiedIn="OpenLP 2.0.1" modifiedDate="2013-11-14T22:03:31">
  <properties>
    <titles>
      <title>HCC 081 Todos os Habitantes Louvarão ao Senhor</title>
      <title>Salmos 100</title>
    </titles>
    <copyright>Salmos 100</copyright>
    <verseOrder>v1</verseOrder>
    <authors>
      <author>Leitura bíblica</author>
    </authors>
    <songbooks>
      <songbook name="Hinário Para o Culto Cristão" entry="081"/>
    </songbooks>
  </properties>
  <lyrics>
    <verse name="v1">
      <lines>Celebrai com júbilo ao Senhor, todos os habitantes da terra. <br/>Servi ao Senhor com alegria, e apresentai-vos a ele com cântico.<br/>Sabei que o Senhor é Deus!<br/>Foi ele quem nos fez, e somos dele; somos o seu povo e ovelhas do seu pasto.<br/>Entrai pelas suas portas com ação de graças, e em seus átrios com louvor; dai-lhe graças e bendizei o seu nome.<br/>Porque o Senhor é bom; a sua benignidade dura para sempre, e a sua fidelidade de geração em geração.</lines>
    </verse>
  </lyrics>
</song>
