<?xml version='1.0' encoding='UTF-8'?>
<song xmlns="http://openlyrics.info/namespace/2009/song" version="0.8" createdIn="OpenLP 2.0.1" modifiedIn="OpenLP 2.0.1" modifiedDate="2013-11-14T22:03:44">
  <properties>
    <titles>
      <title>HCC 149 Olhai! Vigiai!</title>
      <title>Mateus 24:42, 44, 30, 31; Lucas 17:34-36; Marcos 13:28, 29, 33</title>
    </titles>
    <copyright>Mateus 24:42, 44, 30, 31; Lucas 17:34-36; Marcos 13:28, 29, 33</copyright>
    <verseOrder>v1 v2 v3</verseOrder>
    <authors>
      <author>Leitura bíblica</author>
    </authors>
    <songbooks>
      <songbook name="Hinário Para o Culto Cristão" entry="149"/>
    </songbooks>
  </properties>
  <lyrics>
    <verse name="v1">
      <lines>Vigiai, pois, porque não sabeis em que dia vem o vosso Senhor.<br/>Por isso ficai também vós apercebidos; porque numa hora em que não penseis, virá o Filho do homem.</lines>
    </verse>
    <verse name="v2">
      <lines>Então aparecerá no céu o sinal do Filho do homem (...) com poder e grande glória.<br/>E ele enviará os seus anjos com grande clangor de trombeta,<br/>os quais lhe ajuntarão os escolhidos desde os quatro ventos, de uma à outra extremidade dos céus.</lines>
    </verse>
    <verse name="v3">
      <lines>Digo-vos: Naquela noite estarão dois numa cama; um será tomado, e o outro será deixado.<br/>Duas mulheres estarão juntas moendo; uma será tomada, e a outra será deixada.<br/>Dois homens estarão no campo; um será tomado, e o outro será deixado.</lines>
    </verse>
    <verse name="v4">
      <lines>Da figueira, pois, aprendei a parábola: Quando já o seu ramo se torna tenro e brota folhas, sabeis que está próximo o verão.<br/>Assim também vós, quando virdes sucederem essas coisas, sabei que ele está próximo, mesmo às portas.<br/>Olhai! Vigiai! Porque não sabeis quando chegará o tempo.</lines>
    </verse>
  </lyrics>
</song>
