<?xml version='1.0' encoding='UTF-8'?>
<song xmlns="http://openlyrics.info/namespace/2009/song" version="0.8" createdIn="OpenLP 2.0.1" modifiedIn="OpenLP 2.0.1" modifiedDate="2013-11-14T22:03:49">
  <properties>
    <titles>
      <title>HCC 177 Nome Que Inspira o Meu Louvor</title>
      <title>O Nome do Salvador</title>
    </titles>
    <verseOrder>v1 c1 v2 c1 v3 c1 v4 c1</verseOrder>
    <authors>
      <author>Frederick Whitfield</author>
      <author>William Rudd</author>
    </authors>
    <songbooks>
      <songbook name="Hinário Para o Culto Cristão" entry="177"/>
    </songbooks>
  </properties>
  <lyrics>
    <verse name="v1">
      <lines>Existe um nome sem igual<br/>que inspira o meu louvor,<br/>um som mavioso, divinal<br/>é o nome do Salvador.</lines>
    </verse>
    <verse name="c1">
      <lines>Nome que inspira o meu louvor,<br/>nome que inspira o meu louvor,<br/>nome que inspira o meu louvor<br/>é o nome do Salvador.</lines>
    </verse>
    <verse name="v2">
      <lines>Jesus, o Salvador, me amou,<br/>sofreu cruciante dor<br/>e minha vida libertou<br/>na força do seu amor.</lines>
    </verse>
    <verse name="v3">
      <lines>Jesus, por onde quer que eu vá,<br/>dirige o meu viver.<br/>Conforto e forças sempre dá<br/>com seu amor e poder.</lines>
    </verse>
    <verse name="v4">
      <lines>No céu, um dia, cantarei<br/>dos salvos a canção<br/>e plenamente entenderei<br/>quão grande foi seu perdão.</lines>
    </verse>
  </lyrics>
</song>
