<?xml version='1.0' encoding='UTF-8'?>
<song xmlns="http://openlyrics.info/namespace/2009/song" version="0.8" createdIn="OpenLP 2.0.1" modifiedIn="OpenLP 2.0.1" modifiedDate="2013-11-14T22:03:42">
  <properties>
    <titles>
      <title>HCC 143 A Ascensão De Cristo</title>
      <title>Lucas 24:38-47, 50-53</title>
    </titles>
    <copyright>Lucas 24:38-47, 50-53</copyright>
    <verseOrder>v1</verseOrder>
    <authors>
      <author>Leitura bíblica</author>
    </authors>
    <songbooks>
      <songbook name="Hinário Para o Culto Cristão" entry="143"/>
    </songbooks>
  </properties>
  <lyrics>
    <verse name="v1">
      <lines>Por que estais perturbados?<br/>E por que surgem dúvidas em vossos corações?<br/>Olhai as minhas mãos e os meus pés, que sou eu mesmo; apalpai-me e vede; porque um espírito não tem carne nem ossos, como percebeis que eu tenho.<br/>E, dizendo isso, mostrou-lhes as mãos e os pés.<br/>Não acreditando eles ainda por causa da alegria, e estando admirados, perguntou-lhes Jesus:<br/>Tendes aqui alguma coisa que comer?<br/>Então lhe deram um pedaço de peixe assado, o qual ele tomou e comeu diante deles.<br/>Depois lhes disse: São estas as palavras que vos falei, estando ainda convosco,<br/>que importava que se cumprisse tudo o que de mim estava escrito na Lei de Moisés, nos Profetas e nos Salmos.<br/>Então lhes abriu o entendimento para compreenderem as Escrituras; e disse-lhes:<br/>Assim está escrito que o Cristo padecesse, e ao terceiro dia ressurgisse dentre os mortos; e que em seu nome se pregasse o arrependimento para<br/>remissão dos pecados, a todas as nações começando por Jerusalém.<br/>Então os levou fora, até Betânia; e levantando as mãos, os abençoou.<br/>E aconteceu que, enquanto os abençoava, apartou-se deles; e foi elevado ao céu.<br/>E, depois de o adorarem, voltaram com grande júbilo para Jerusalém; e estavam continuamente no templo bendizendo a Deus.</lines>
    </verse>
  </lyrics>
</song>
