<?xml version='1.0' encoding='UTF-8'?>
<song xmlns="http://openlyrics.info/namespace/2009/song" version="0.8" createdIn="OpenLP 2.0.1" modifiedIn="OpenLP 2.0.1" modifiedDate="2013-11-14T22:04:05">
  <properties>
    <titles>
      <title>HCC 266 Uma Bênção Antiga</title>
      <title>Bênção Antiga</title>
    </titles>
    <verseOrder>v1</verseOrder>
    <authors>
      <author>Denes Agay</author>
    </authors>
    <songbooks>
      <songbook name="Hinário Para o Culto Cristão" entry="266"/>
    </songbooks>
  </properties>
  <lyrics>
    <verse name="v1">
      <lines break="optional">Tua vida, amigo,<br/>seja sempre para o melhor.<br/>Que o sol aqueça teu viver,<br/>que a chuva caia leve no teu lar,<br/>e até nos encontrarmos outra vez;</lines>
      <lines>que Deus, <br/>que Deus te segure nas suas mãos.<br/>Que o Senhor te abençoe e guarde,<br/>que o Senhor sobre ti levante o rosto<br/>e te dê paz.</lines>
    </verse>
  </lyrics>
</song>
