<?xml version='1.0' encoding='UTF-8'?>
<song xmlns="http://openlyrics.info/namespace/2009/song" version="0.8" createdIn="OpenLP 2.0.1" modifiedIn="OpenLP 2.0.1" modifiedDate="2013-11-14T22:03:53">
  <properties>
    <titles>
      <title>HCC 200 Cristo É Tudo Para Mim</title>
      <title>Elizabeth</title>
    </titles>
    <verseOrder>v1 v2 v3 v4</verseOrder>
    <authors>
      <author>Will Thompson</author>
    </authors>
    <songbooks>
      <songbook name="Hinário Para o Culto Cristão" entry="200"/>
    </songbooks>
  </properties>
  <lyrics>
    <verse name="v1">
      <lines break="optional">Cristo é tudo para mim:<br/>é vida, paz e luz.<br/>Seu braço forte me sustém;<br/>só ele me conduz.</lines>
      <lines>Quando está triste o coração,<br/>ele me dá consolação;<br/>consolação<br/>ao coração<br/>dá Jesus.</lines>
    </verse>
    <verse name="v2">
      <lines break="optional">Cristo é tudo para mim,<br/>amigo sem igual.<br/>A ele vou em aflição<br/>e livra-me do mal.</lines>
      <lines>Tudo me dá o meu Senhor,<br/>provando assim o seu amor,<br/>o grande amor<br/>do meu Senhor,<br/>de Jesus.</lines>
    </verse>
    <verse name="v3">
      <lines break="optional">Cristo é tudo para mim;<br/>eu sempre o amarei.<br/>Não poderei abandonar<br/>o meu Senhor e Rei.</lines>
      <lines>Servo leal aqui serei,<br/>por toda vida servirei.<br/>Eu servirei<br/>ao meu bom Rei,<br/>a Jesus.</lines>
    </verse>
    <verse name="v4">
      <lines break="optional">Cristo é tudo para mim,<br/>vou sempre confiar<br/>no grande amor do Salvador,<br/>até o fim chegar.</lines>
      <lines>Então no céu eu cantarei;<br/>santo louvor entoarei,<br/>santo louvor<br/>ao meu Senhor,<br/>a Jesus.</lines>
    </verse>
  </lyrics>
</song>
