<?xml version='1.0' encoding='UTF-8'?>
<song xmlns="http://openlyrics.info/namespace/2009/song" version="0.8" createdIn="OpenLP 2.0.1" modifiedIn="OpenLP 2.0.1" modifiedDate="2013-11-14T22:04:46">
  <properties>
    <titles>
      <title>HCC 462 Cristo Me Amou e Me Livrou</title>
      <title>Safety</title>
    </titles>
    <verseOrder>v1 c1 v2 c1</verseOrder>
    <authors>
      <author>James Rowe</author>
    </authors>
    <songbooks>
      <songbook name="Hinário Para o Culto Cristão" entry="462"/>
    </songbooks>
  </properties>
  <lyrics>
    <verse name="v1">
      <lines break="optional">Eu, perdido pecador,<br/>longe do meu Jesus,<br/>já me achava sem vigor,<br/>a perecer sem luz;</lines>
      <lines>meu estado Cristo viu,<br/>e me estendeu a mão<br/>e salvar-me conseguiu<br/>da perdição.</lines>
    </verse>
    <verse name="c1">
      <lines break="optional">Cristo me amou<br/>e me livrou.<br/>O seu imenso amor<br/>me transformou.</lines>
      <lines>Por seu poder<br/>e seu querer,<br/>Cristo, meu Salvador,<br/>me libertou.</lines>
    </verse>
    <verse name="v2">
      <lines break="optional">Minha vida, todo o ser<br/>quero lhe consagrar.<br/>A seu lado vou viver,<br/>o seu amor cantar</lines>
      <lines>e a mensagem transmitir<br/>aos que perdidos são.<br/>Vou ao meu Senhor servir<br/>com gratidão.</lines>
    </verse>
  </lyrics>
</song>
