<?xml version='1.0' encoding='UTF-8'?>
<song xmlns="http://openlyrics.info/namespace/2009/song" version="0.8" createdIn="OpenLP 2.0.1" modifiedIn="OpenLP 2.0.1" modifiedDate="2013-11-14T22:04:05">
  <properties>
    <titles>
      <title>HCC 264 Oh, Olhai, Pois, e Vivei!</title>
      <title>Look And Live</title>
    </titles>
    <verseOrder>v1 c1 v2 c1 v3 c1 v4 c1</verseOrder>
    <authors>
      <author>William Ogden</author>
    </authors>
    <songbooks>
      <songbook name="Hinário Para o Culto Cristão" entry="264"/>
    </songbooks>
  </properties>
  <lyrics>
    <verse name="v1">
      <lines break="optional">A mensagem do Senhor Aleluia!<br/>- nos fala de perdão e amor.</lines>
      <lines>Cristo salva o pecador, Aleluia!<br/>- salva até por meio de um olhar.</lines>
    </verse>
    <verse name="c1">
      <lines break="optional">Oh, olhai, pois, e vivei!<br/>Confiai só em Jesus.</lines>
      <lines>Ele salva o pecador, Aleluia!<br/>- salva até por meio de um olhar.</lines>
    </verse>
    <verse name="v2">
      <lines break="optional">Nossa culpa já levou. Aleluia!<br/>- Jesus a carregou na cruz.</lines>
      <lines>Sua vida ele entregou Aleluia!<br/>- para nos apresentar a Deus.</lines>
    </verse>
    <verse name="v3">
      <lines break="optional">Sua graça nos legou, Aleluia!<br/>- eterna vida lá nos céus.</lines>
      <lines>Confiai só em Jesus, Aleluia!<br/>- convertei-vos hoje mesmo a Deus.</lines>
    </verse>
    <verse name="v4">
      <lines break="optional">Aceitai a salvação, Aleluia!<br/>- segui os passos do Senhor.</lines>
      <lines>Proclamai o seu perdão, Aleluia!<br/>- exaltai o grande Redentor.</lines>
    </verse>
  </lyrics>
</song>
