<?xml version='1.0' encoding='UTF-8'?>
<song xmlns="http://openlyrics.info/namespace/2009/song" version="0.8" createdIn="OpenLP 2.0.1" modifiedIn="OpenLP 2.0.1" modifiedDate="2013-11-14T22:03:39">
  <properties>
    <titles>
      <title>HCC 126 A Submissão de Jesus ao Pai</title>
      <title>Marcos 14:36</title>
    </titles>
    <copyright>Marcos 14:36</copyright>
    <verseOrder>v1</verseOrder>
    <authors>
      <author>Leitura bíblica</author>
    </authors>
    <songbooks>
      <songbook name="Hinário Para o Culto Cristão" entry="126"/>
    </songbooks>
  </properties>
  <lyrics>
    <verse name="v1">
      <lines>Aba, Pai, tudo te é possível; afasta de mim este cálice;<br/>todavia não seja o que eu quero, mas o que tu queres.</lines>
    </verse>
  </lyrics>
</song>
