<?xml version='1.0' encoding='UTF-8'?>
<song xmlns="http://openlyrics.info/namespace/2009/song" version="0.8" createdIn="OpenLP 2.0.1" modifiedIn="OpenLP 2.0.1" modifiedDate="2013-11-14T22:04:14">
  <properties>
    <titles>
      <title>HCC 312 Seu Maravilhoso Olhar</title>
      <title>Maravilhoso Olhar</title>
    </titles>
    <verseOrder>v1 c1 v2 c1 v3 c1</verseOrder>
    <authors>
      <author>John Peterson</author>
    </authors>
    <songbooks>
      <songbook name="Hinário Para o Culto Cristão" entry="312"/>
    </songbooks>
  </properties>
  <lyrics>
    <verse name="v1">
      <lines>Vivi tão longe do Senhor,<br/>assim eu quis andar,<br/>até que eu encontrei o amor<br/>em seu bondoso olhar.</lines>
    </verse>
    <verse name="c1">
      <lines break="optional">Seu maravilhoso olhar!<br/>Seu maravilhoso olhar!</lines>
      <lines>Transformou meu ser,<br/>todo o meu viver,<br/>seu maravilhoso olhar.</lines>
    </verse>
    <verse name="v2">
      <lines>Seu corpo vi na rude cruz,<br/>sofrendo ali por mim,<br/>e ouvi a voz do meu Jesus:<br/>"Por ti morri assim."</lines>
    </verse>
    <verse name="v3">
      <lines>Em contrição então voltei<br/>à fonte desse amor.<br/>Perdão e paz em Cristo achei;<br/>pertenço ao Salvador.</lines>
    </verse>
  </lyrics>
</song>
