<?xml version='1.0' encoding='UTF-8'?>
<song xmlns="http://openlyrics.info/namespace/2009/song" version="0.8" createdIn="OpenLP 2.0.1" modifiedIn="OpenLP 2.0.1" modifiedDate="2013-11-14T22:03:19">
  <properties>
    <titles>
      <title>HCC 023 Não a Nós, Senhor</title>
      <title>Salmo 115</title>
    </titles>
    <verseOrder>c1 v1 c1 v2 c1</verseOrder>
    <authors>
      <author>Guilherne Kerr Neto</author>
      <author>Nelson Bomilcar</author>
    </authors>
    <songbooks>
      <songbook name="Hinário Para o Culto Cristão" entry="023"/>
    </songbooks>
  </properties>
  <lyrics>
    <verse name="c1">
      <lines>Não a nós, Senhor,<br/>não a nós, Senhor,<br/>mas ao teu nome dá glória,<br/>por amor da tua misericórdia<br/>e da tua fidelidade.</lines>
    </verse>
    <verse name="v1">
      <lines>Por que perguntam as nações:<br/>"Onde está o nosso Deus?"<br/>No céu está o nosso Deus;<br/>e tudo faz como lhe agrada.</lines>
    </verse>
    <verse name="v2">
      <lines>Por que confiam as nações<br/>em ouro, prata e riquezas,<br/>e se afastam do Senhor,<br/>que é fonte de todas as bênçãos?</lines>
    </verse>
  </lyrics>
</song>
