<?xml version='1.0' encoding='UTF-8'?>
<song xmlns="http://openlyrics.info/namespace/2009/song" version="0.8" createdIn="OpenLP 2.0.1" modifiedIn="OpenLP 2.0.1" modifiedDate="2013-11-14T22:04:11">
  <properties>
    <titles>
      <title>HCC 295 Para o Céu Por Jesus Irei</title>
      <title>Way Of The Cross</title>
    </titles>
    <verseOrder>v1 c1 v2 c1 v3 c1</verseOrder>
    <authors>
      <author>Charles Gabriel</author>
      <author>Jessie Pounds</author>
    </authors>
    <songbooks>
      <songbook name="Hinário Para o Culto Cristão" entry="295"/>
    </songbooks>
  </properties>
  <lyrics>
    <verse name="v1">
      <lines break="optional">Foi Jesus que abriu o caminho do céu,<br/>nenhum outro vou achar.</lines>
      <lines>Nunca irei entrar na mansão de luz<br/>se não for através da cruz.</lines>
    </verse>
    <verse name="c1">
      <lines break="optional">Para o céu por Jesus irei.<br/>Para o céu por Jesus irei.</lines>
      <lines>Grande é meu prazer de certeza ter:<br/>para o céu pela cruz irei.</lines>
    </verse>
    <verse name="v2">
      <lines break="optional">Certamente vou no caminho da cruz<br/>com resolução andar.</lines>
      <lines>É desejo meu desfrutar no céu<br/>minha herança que Cristo deu.</lines>
    </verse>
    <verse name="v3">
      <lines break="optional">Os caminhos ímpios do mundo deixei,<br/>jamais neles vou seguir.</lines>
      <lines>Com Jesus eu vou, levo a minha cruz<br/>no caminho que ao céu conduz.</lines>
    </verse>
  </lyrics>
</song>
