<?xml version='1.0' encoding='UTF-8'?>
<song xmlns="http://openlyrics.info/namespace/2009/song" version="0.8" createdIn="OpenLP 2.0.1" modifiedIn="OpenLP 2.0.1" modifiedDate="2013-11-14T22:04:23">
  <properties>
    <titles>
      <title>HCC 360 Espero em Ti, Senhor</title>
      <title>Olivet</title>
    </titles>
    <verseOrder>v1 v2 v3 v4</verseOrder>
    <authors>
      <author>Lowell Manson</author>
      <author>Ray Palmer</author>
    </authors>
    <songbooks>
      <songbook name="Hinário Para o Culto Cristão" entry="360"/>
    </songbooks>
  </properties>
  <lyrics>
    <verse name="v1">
      <lines break="optional">Espero em ti, Senhor.<br/>Cordeiro, por amor,<br/>foste na cruz.</lines>
      <lines>Escuta a oração,<br/>de mim tem compaixão.<br/>Eis minha decisão:<br/>Seguir Jesus.</lines>
    </verse>
    <verse name="v2">
      <lines break="optional">Que eu possa receber<br/>graça de ti, poder<br/>e teu amor.</lines>
      <lines>Teu sangue carmesim<br/>deste na cruz por mim.<br/>Que eu tenha amor sem fim<br/>por ti, Senhor.</lines>
    </verse>
    <verse name="v3">
      <lines break="optional">Na vida, ao caminhar,<br/>se angústia, me assaltar,<br/>sê protetor.</lines>
      <lines>Dissipa a escuridão,<br/>conforta o coração<br/>e dá-me tua forte<br/>mão, Senhor.</lines>
    </verse>
    <verse name="v4">
      <lines break="optional">Chegando a vida ao fim,<br/>e junto à morte, enfim,<br/>eu me sentir,</lines>
      <lines>bendito Salvador,<br/>que eu possa, sem temor,<br/>confiante em teu amor,<br/>ao céu subir. Amém.</lines>
    </verse>
  </lyrics>
</song>
