<?xml version='1.0' encoding='UTF-8'?>
<song xmlns="http://openlyrics.info/namespace/2009/song" version="0.8" createdIn="OpenLP 2.0.1" modifiedIn="OpenLP 2.0.1" modifiedDate="2013-11-14T22:03:53">
  <properties>
    <titles>
      <title>HCC 199 A Jesus, O Rei da Glória</title>
      <title>Erin</title>
    </titles>
    <verseOrder>v1 v2 v3 v4</verseOrder>
    <authors>
      <author>Henry Lyte</author>
      <author>Paul Langston</author>
    </authors>
    <songbooks>
      <songbook name="Hinário Para o Culto Cristão" entry="199"/>
    </songbooks>
  </properties>
  <lyrics>
    <verse name="v1">
      <lines break="optional">A Jesus, o Rei da glória,<br/>santos hinos entoai.<br/>Aos seus pés, humildemente,<br/>seu poder glorificai.</lines>
      <lines>Aleluia, aleluia!<br/>Suas obras proclamai.</lines>
    </verse>
    <verse name="v2">
      <lines break="optional">Seu amor e sua graça<br/>aos perdidos dispensou;<br/>tão paciente e mui bondoso,<br/>seus pecados perdoou.</lines>
      <lines>Aleluia, aleluia!<br/>Do castigo os libertou.</lines>
    </verse>
    <verse name="v3">
      <lines break="optional">Cristo entende nossas lutas,<br/>pois tentado foi também.<br/>Triunfante, o Mestre agora<br/>socorrer a todos vem.</lines>
      <lines>Aleluia, aleluia!<br/>Só deseja o nosso bem.</lines>
    </verse>
    <verse name="v4">
      <lines break="optional">Ao Senhor, na sua glória,<br/>ó remidos, adorai.<br/>Dedicados, fervorosos,<br/>sua graça apregoai.</lines>
      <lines>Aleluia, aleluia!<br/>Seu amor anunciai.</lines>
    </verse>
  </lyrics>
</song>
