<?xml version='1.0' encoding='UTF-8'?>
<song xmlns="http://openlyrics.info/namespace/2009/song" version="0.8" createdIn="OpenLP 2.0.1" modifiedIn="OpenLP 2.0.1" modifiedDate="2013-11-14T22:03:25">
  <properties>
    <titles>
      <title>HCC 048 Eu Louvo o Poderoso Deus</title>
      <title>Curitiba</title>
    </titles>
    <verseOrder>v1 v2 v3</verseOrder>
    <authors>
      <author>Isaac Watts</author>
      <author>Ralph Manuel</author>
    </authors>
    <songbooks>
      <songbook name="Hinário Para o Culto Cristão" entry="048"/>
    </songbooks>
  </properties>
  <lyrics>
    <verse name="v1">
      <lines break="optional">Eu louvo o poderoso Deus<br/>que os montes mil criou<br/>e fez do nada os vastos céus<br/>e o mar também formou.</lines>
      <lines>Eu louvo o sábio Criador<br/>que o sol no céu ergueu.<br/>A toda estrela de esplendor<br/>e à lua nomes deu.</lines>
    </verse>
    <verse name="v2">
      <lines break="optional">Dou graças ao bondoso Deus,<br/>que o mundo sustentou<br/>e, por poderes que são seus,<br/>os animais criou.</lines>
      <lines>E, quando olhou a criação,<br/>viu que era tudo bom.<br/>Celebro em santa admiração,<br/>o seu precioso dom.</lines>
    </verse>
    <verse name="v3">
      <lines break="optional">A glória eterna do Senhor<br/>em tudo posso ver;<br/>em cada planta, em cada flor,<br/>eu vejo o seu poder.</lines>
      <lines>De suas obras, sem cessar,<br/>Deus cuida com amor.<br/>Que o mundo inteiro venha dar<br/>louvor ao Criador.</lines>
    </verse>
  </lyrics>
</song>
