<?xml version='1.0' encoding='UTF-8'?>
<song xmlns="http://openlyrics.info/namespace/2009/song" version="0.8" createdIn="OpenLP 2.0.1" modifiedIn="OpenLP 2.0.1" modifiedDate="2013-11-14T22:04:25">
  <properties>
    <titles>
      <title>HCC 369 Cristo, Bom Mestre, Eis Meu Querer</title>
      <title>Adelaide</title>
    </titles>
    <verseOrder>v1 v2 v3</verseOrder>
    <authors>
      <author>George Stebbins</author>
      <author>Adelaide Pollard</author>
    </authors>
    <songbooks>
      <songbook name="Hinário Para o Culto Cristão" entry="369"/>
    </songbooks>
  </properties>
  <lyrics>
    <verse name="v1">
      <lines break="optional">Cristo, bom Mestre, eis meu querer:<br/>tua vontade sempre fazer.</lines>
      <lines>Faze-me forte pra resistir<br/>às duras provas que possam vir.</lines>
    </verse>
    <verse name="v2">
      <lines break="optional">Cristo, bom Mestre, eis meu querer:<br/>mais santidade na vida ter.</lines>
      <lines>Faze-me puro, Cristo, Senhor,<br/>mais dependente do teu favor.</lines>
    </verse>
    <verse name="v3">
      <lines break="optional">Cristo, bom Mestre, eis meu querer:<br/>minhas fraquezas todas vencer.</lines>
      <lines>Faze-me pronto para lutar,<br/>para a vitória sempre alcançar.</lines>
    </verse>
  </lyrics>
</song>
