<?xml version='1.0' encoding='UTF-8'?>
<song xmlns="http://openlyrics.info/namespace/2009/song" version="0.8" createdIn="OpenLP 2.0.1" modifiedIn="OpenLP 2.0.1" modifiedDate="2013-11-14T22:04:09">
  <properties>
    <titles>
      <title>HCC 288 Vem, Senhor, do Bem a Fonte</title>
      <title>Owens</title>
    </titles>
    <verseOrder>v1 v2 v3</verseOrder>
    <authors>
      <author>Jimmy Owens</author>
      <author>Robert Robinson</author>
    </authors>
    <songbooks>
      <songbook name="Hinário Para o Culto Cristão" entry="288"/>
    </songbooks>
  </properties>
  <lyrics>
    <verse name="v1">
      <lines break="optional">Vem, Senhor, do bem a fonte;<br/>vem, celeste Redentor,<br/>ajudar-me a celebrar-te<br/>neste canto de louvor.</lines>
      <lines>Tu, Jesus, por mim morreste;<br/>quero só por ti viver.<br/>Quero em todos os momentos<br/>tuas bênçãos receber.</lines>
    </verse>
    <verse name="v2">
      <lines break="optional">Era pobre e desgarrado,<br/>mas Jesus me procurou.<br/>Pra livrar-me do castigo<br/>ele à morte se entregou.</lines>
      <lines>E, na cruz refugiado,<br/>paz, perdão e vida achei.<br/>Redimido eternamente,<br/>sua glória fruirei.</lines>
    </verse>
    <verse name="v3">
      <lines break="optional">Dessa graça, ó Cristo amado,<br/>eu não sou merecedor.<br/>Mais e mais a ti me prenda<br/>o teu santo e puro amor.</lines>
      <lines>Sou ingrato, reconheço,<br/>mas suplico o teu perdão.<br/>Vem livrar-me do pecado,<br/>dirigir meu coração!</lines>
    </verse>
  </lyrics>
</song>
