<?xml version='1.0' encoding='UTF-8'?>
<song xmlns="http://openlyrics.info/namespace/2009/song" version="0.8" createdIn="OpenLP 2.0.1" modifiedIn="OpenLP 2.0.1" modifiedDate="2013-11-14T22:03:46">
  <properties>
    <titles>
      <title>HCC 163 Todo Coração Procura</title>
      <title>Inmolado</title>
    </titles>
    <verseOrder>v1 v2 v3</verseOrder>
    <authors>
      <author>Henry Wright</author>
      <author>Rafael Grullón</author>
    </authors>
    <songbooks>
      <songbook name="Hinário Para o Culto Cristão" entry="163"/>
    </songbooks>
  </properties>
  <lyrics>
    <verse name="v1">
      <lines>Todo coração procura<br/>onde possa descansar.<br/>Mas descanso verdadeiro<br/>só Jesus me pode dar.</lines>
    </verse>
    <verse name="v2">
      <lines>Pois meu coração te entrego,<br/>ó Jesus, meu Salvador.<br/>Reina sobre a minha vida;<br/>sou teu servo, ó meu Senhor.</lines>
    </verse>
    <verse name="v3">
      <lines>Cristo sempre, e tão somente<br/>Cristo, meu Pastor e Rei,<br/>meu abrigo, meu amigo,<br/>vida nova em ti achei.</lines>
    </verse>
  </lyrics>
</song>
