<?xml version='1.0' encoding='UTF-8'?>
<song xmlns="http://openlyrics.info/namespace/2009/song" version="0.8" createdIn="OpenLP 2.0.1" modifiedIn="OpenLP 2.0.1" modifiedDate="2013-11-14T22:04:48">
  <properties>
    <titles>
      <title>HCC 471 Cristo Chama</title>
      <title>Crente</title>
    </titles>
    <verseOrder>v1 v2 v3 v4</verseOrder>
    <authors>
      <author>Ralph Manuel</author>
      <author>Cecil Alexander</author>
    </authors>
    <songbooks>
      <songbook name="Hinário Para o Culto Cristão" entry="471"/>
    </songbooks>
  </properties>
  <lyrics>
    <verse name="v1">
      <lines break="optional">Cristo chama nos tumultos<br/>e aflições que nos detêm;</lines>
      <lines>dia a dia, em voz suave:<br/>"Vem seguir-me, ó crente, vem!"</lines>
    </verse>
    <verse name="v2">
      <lines break="optional">Cristo chama dos cuidados,<br/>dos pecados, do amargor,</lines>
      <lines>dos enganos, dos desgostos:<br/>"Vem seguir-me com fervor!"</lines>
    </verse>
    <verse name="v3">
      <lines break="optional">Cristo chama na alegria,<br/>na tristeza, no labor,</lines>
      <lines>no descanso e nos prazeres:<br/>"Vem mostrar-me mais amor!"</lines>
    </verse>
    <verse name="v4">
      <lines break="optional">Cristo chama, eis-nos prontos<br/>a seguir-te, ó Salvador;</lines>
      <lines>nossas vidas entregamos<br/>ao serviço teu, Senhor.</lines>
    </verse>
  </lyrics>
</song>
