<?xml version='1.0' encoding='UTF-8'?>
<song xmlns="http://openlyrics.info/namespace/2009/song" version="0.8" createdIn="OpenLP 2.0.1" modifiedIn="OpenLP 2.0.1" modifiedDate="2013-11-14T22:04:18">
  <properties>
    <titles>
      <title>HCC 332 Morada de Paz</title>
      <title>Isaías 48:17, 18; Salmos 34:15, 19; Lamentações 3:24, 25; Isaías 32:18</title>
    </titles>
    <copyright>Isaías 48:17, 18; Salmos 34:15, 19; Lamentações 3:24, 25; Isaías 32:18</copyright>
    <verseOrder>v1 v2 v3 v4 v5</verseOrder>
    <authors>
      <author>Leitura bíblica</author>
    </authors>
    <songbooks>
      <songbook name="Hinário Para o Culto Cristão" entry="332"/>
    </songbooks>
  </properties>
  <format>
    <tags application="OpenLP">
      <tag name="y">
        <open>&lt;span style="-webkit-text-fill-color:yellow"&gt;</open>
        <close>&lt;/span&gt;</close>
      </tag>
    </tags>
  </format>
  <lyrics>
    <verse name="v1">
      <lines><tag name="y">Dirigente:</tag><br/>Assim diz o Senhor, o teu Redentor, o Santo de Israel:<br/>Eu sou o Senhor, o teu Deus, que te ensina o que é útil, e te guia pelo caminho em que deves andar.</lines>
    </verse>
    <verse name="v2">
      <lines><tag name="y">Coro:</tag><br/>Ah! Se tivesses dado ouvidos aos meus mandamentos!<br/>Então seria a tua paz como um rio, e a tua justiça como as ondas do mar.</lines>
    </verse>
    <verse name="v3">
      <lines><tag name="y">Todos:</tag><br/>Os olhos do Senhor estão sobre os justos, e os seus ouvidos atentos ao seu clamor.<br/>Muitas são as aflições do justo, mas de todas elas o Senhor o livra.</lines>
    </verse>
    <verse name="v4">
      <lines><tag name="y">Coro:</tag><br/>A minha porção é o Senhor, diz a minha alma; portanto esperarei nele.</lines>
    </verse>
    <verse name="v5">
      <lines><tag name="y">Dirigente:</tag><br/>Bom é o Senhor para os que esperam por ele, para a alma que o busca.<br/>O meu povo habitará em morada de paz, em moradas bem seguras, e em lugares quietos de descanso.</lines>
    </verse>
  </lyrics>
</song>
