<?xml version='1.0' encoding='UTF-8'?>
<song xmlns="http://openlyrics.info/namespace/2009/song" version="0.8" createdIn="OpenLP 2.0.1" modifiedIn="OpenLP 2.0.1" modifiedDate="2013-11-14T22:03:21">
  <properties>
    <titles>
      <title>HCC 033 Deus Cuidará de Ti</title>
      <title>God Cares</title>
    </titles>
    <verseOrder>v1 c1 v2 c1 v3 c1</verseOrder>
    <authors>
      <author>Civilla Martin</author>
      <author>Walter Martin</author>
    </authors>
    <songbooks>
      <songbook name="Hinário Para o Culto Cristão" entry="033"/>
    </songbooks>
  </properties>
  <lyrics>
    <verse name="v1">
      <lines>Aflito e triste coração,<br/>Deus cuidará de ti.<br/>Tens nos seus braços proteção.<br/>Deus cuidará de ti.</lines>
    </verse>
    <verse name="c1">
      <lines>Deus cuidará de ti,<br/>tudo ele vê, tudo provê.<br/>Sim, cuidará de ti,<br/>Deus cuidará de ti.</lines>
    </verse>
    <verse name="v2">
      <lines>Na dor cruel, na provação,<br/>Deus cuidará de ti.<br/>Socorro dá e direção.<br/>Deus cuidará de ti.</lines>
    </verse>
    <verse name="v3">
      <lines>Os seus tesouros te dará,<br/>Deus cuidará de ti.<br/>Com bênçãos mil te cobrirá,<br/>Deus cuidará de ti.</lines>
    </verse>
  </lyrics>
</song>
