<?xml version='1.0' encoding='UTF-8'?>
<song xmlns="http://openlyrics.info/namespace/2009/song" version="0.8" createdIn="OpenLP 2.0.1" modifiedIn="OpenLP 2.0.1" modifiedDate="2013-11-14T22:03:35">
  <properties>
    <titles>
      <title>HCC 103 Jesus, Emanuel Esperança de Israel!</title>
      <title>Lucas 2:8-14</title>
    </titles>
    <copyright>Lucas 2:8-14</copyright>
    <verseOrder>v1 v2 v3 v4 v5 v6</verseOrder>
    <authors>
      <author>Leitura bíblica</author>
    </authors>
    <songbooks>
      <songbook name="Hinário Para o Culto Cristão" entry="103"/>
    </songbooks>
  </properties>
  <format>
    <tags application="OpenLP">
      <tag name="y">
        <open>&lt;span style="-webkit-text-fill-color:yellow"&gt;</open>
        <close>&lt;/span&gt;</close>
      </tag>
    </tags>
  </format>
  <lyrics>
    <verse name="v1">
      <lines><tag name="y">Leitor 1:</tag><br/>O povo que andava em trevas viu uma grande luz;<br/>e sobre os que habitavam na terra de profunda escuridão resplandeceu a luz.</lines>
    </verse>
    <verse name="v2">
      <lines><tag name="y">Leitor 2:</tag><br/>Tu multiplicaste este povo, a alegria lhe aumentaste;<br/>todos se alegrarão perante ti,<br/>como se alegram na ceifa e como exultam quando se repartem os despojos.</lines>
    </verse>
    <verse name="v3">
      <lines><tag name="y">Leitores 1 e 2:</tag><br/>Porque tu quebraste o jugo da sua carga e o bordão do seu ombro,<br/>que é o cetro do seu opressor.</lines>
    </verse>
    <verse name="v4">
      <lines><tag name="y">Congregação:</tag><br/>Porque um menino nos nasceu, um filho se nos deu;<br/>e o governo estará sobre os seus ombros;</lines>
    </verse>
    <verse name="v5">
      <lines><tag name="y">Todos:</tag><br/>e o seu nome será: Maravilhoso Conselheiro,<br/>Deus Forte, Pai Eterno, Príncipe da Paz.</lines>
    </verse>
    <verse name="v6">
      <lines><tag name="y">Leitores 1 e 2:</tag><br/>Do aumento do seu governo e da paz não haverá fim,<br/>(...) o zelo do Senhor dos exércitos fará isso.</lines>
    </verse>
  </lyrics>
</song>
