<?xml version='1.0' encoding='UTF-8'?>
<song xmlns="http://openlyrics.info/namespace/2009/song" version="0.8" createdIn="OpenLP 2.0.1" modifiedIn="OpenLP 2.0.1" modifiedDate="2013-11-14T22:04:07">
  <properties>
    <titles>
      <title>HCC 277 Estou Aqui, Jesus</title>
      <title>Contrição</title>
    </titles>
    <verseOrder>v1 v2 v3 v4</verseOrder>
    <authors>
      <author>Hiram Rollo Júnior</author>
      <author>Fanny Crosby</author>
    </authors>
    <songbooks>
      <songbook name="Hinário Para o Culto Cristão" entry="277"/>
    </songbooks>
  </properties>
  <lyrics>
    <verse name="v1">
      <lines break="optional">Estou aqui, Jesus, em confissão;<br/>procuro a tua luz e teu perdão.</lines>
      <lines>Sim, vem me perdoar e teu favor mostrar.<br/>Oh, queiras me escutar em oração!<br/>Oh, queiras me escutar em oração!</lines>
    </verse>
    <verse name="v2">
      <lines break="optional">Cansado e triste estou, meu Redentor.<br/>Um pecador eu sou, Cristo, Senhor.</lines>
      <lines>Por isso venho a ti; dá-me alegria aqui,<br/>pois já me arrependi, meu Salvador,<br/>pois já me arrependi, meu Salvador.</lines>
    </verse>
    <verse name="v3">
      <lines break="optional">Do meu Senhor a voz vem me chamar.<br/>Jesus comigo, a sós, quer me falar.</lines>
      <lines>Já creio, Salvador, no teu perdão e amor;<br/>e quero a ti, Senhor, me consagrar,<br/>e quero a ti, Senhor, me consagrar.</lines>
    </verse>
    <verse name="v4">
      <lines break="optional">Com gratidão, Senhor, eu vou viver.<br/>Teu Reino, ó Salvador, vou promover.</lines>
      <lines>Pertenço a ti, meu Deus, sou um dos filhos teus;<br/>conduze os passos meus em teu querer,<br/>conduze os passos meus em teu querer.</lines>
    </verse>
  </lyrics>
</song>
