<?xml version='1.0' encoding='UTF-8'?>
<song xmlns="http://openlyrics.info/namespace/2009/song" version="0.8" createdIn="OpenLP 2.0.1" modifiedIn="OpenLP 2.0.1" modifiedDate="2013-11-14T22:04:36">
  <properties>
    <titles>
      <title>HCC 421 Dai Graças ao Senhor</title>
      <title>Salmos 92:1, 2; 138:1, 3; 118:1</title>
    </titles>
    <copyright>Salmos 92:1, 2; 138:1, 3; 118:1</copyright>
    <verseOrder>v1 v2 v3</verseOrder>
    <authors>
      <author>Leitura bíblica</author>
    </authors>
    <songbooks>
      <songbook name="Hinário Para o Culto Cristão" entry="421"/>
    </songbooks>
  </properties>
  <format>
    <tags application="OpenLP">
      <tag name="y">
        <open>&lt;span style="-webkit-text-fill-color:yellow"&gt;</open>
        <close>&lt;/span&gt;</close>
      </tag>
    </tags>
  </format>
  <lyrics>
    <verse name="v1">
      <lines><tag name="y">Pastor:</tag><br/>Bom é render graças ao Senhor, e cantar louvores ao teu nome, ó Altíssimo, anunciar de manhã a tua benignidade, e à noite a tua fidelidade.</lines>
    </verse>
    <verse name="v2">
      <lines><tag name="y">Congregação:</tag><br/>Graças te dou de todo o meu coração. No dia em que eu clamei, atendeste-me; alentaste-me, fortalecendo a minha alma.</lines>
    </verse>
    <verse name="v3">
      <lines><tag name="y">Pastor:</tag><br/>Dai graças ao Senhor, porque ele é bom; porque a sua benignidade dura para sempre.</lines>
    </verse>
  </lyrics>
</song>
