<?xml version='1.0' encoding='UTF-8'?>
<song xmlns="http://openlyrics.info/namespace/2009/song" version="0.8" createdIn="OpenLP 2.0.1" modifiedIn="OpenLP 2.0.1" modifiedDate="2013-11-14T22:03:37">
  <properties>
    <titles>
      <title>HCC 116 Um Dia</title>
      <title>Chapman</title>
    </titles>
    <verseOrder>v1 c1 v2 c1 v3 c1 v4 c1</verseOrder>
    <authors>
      <author>J. Chapman</author>
      <author>Charles Marsh</author>
    </authors>
    <songbooks>
      <songbook name="Hinário Para o Culto Cristão" entry="116"/>
    </songbooks>
  </properties>
  <lyrics>
    <verse name="v1">
      <lines break="optional">Um dia encheram-se os céus de louvores,<br/>quando no mundo reinava o mal.</lines>
      <lines>Cristo desceu e nasceu de uma virgem,<br/>para trazer-nos o amor divinal.</lines>
    </verse>
    <verse name="c1">
      <lines break="optional">Vivo, ele amou-me; na cruz, salvou-me;<br/>e o meu pecado na tumba deixou.</lines>
      <lines>E, ressurreto, justificou-me;<br/>um dia, em glória, Jesus voltará.</lines>
    </verse>
    <verse name="v2">
      <lines break="optional">Um dia Cristo subiu ao Calvário,<br/>onde o pregaram na cruz de amargor;</lines>
      <lines>em grande angústia, por nós rejeitado,<br/>para remir-nos morreu o Senhor.</lines>
    </verse>
    <verse name="v3">
      <lines break="optional">Um dia a tumba não mais o reteve,<br/>glória a Jesus, Santo Filho de Deus!</lines>
      <lines>Ressuscitou, conquistou a vitória<br/>e, junto ao Pai, intercede nos céus.</lines>
    </verse>
    <verse name="v4">
      <lines break="optional">Um dia, ao som da gloriosa trombeta,<br/>Cristo Jesus em poder voltará.</lines>
      <lines>Entre os remidos de todos os tempos,<br/>em grande glória o Senhor reinará.</lines>
    </verse>
  </lyrics>
</song>
