<?xml version='1.0' encoding='UTF-8'?>
<song xmlns="http://openlyrics.info/namespace/2009/song" version="0.8" createdIn="OpenLP 2.0.1" modifiedIn="OpenLP 2.0.1" modifiedDate="2013-11-14T22:04:01">
  <properties>
    <titles>
      <title>HCC 245 Tudo Vem De Ti, Senhor!</title>
      <title>1 Crônicas 29:10-14, 16-18</title>
    </titles>
    <copyright>1 Crônicas 29:10-14, 16-18</copyright>
    <verseOrder>v1</verseOrder>
    <authors>
      <author>Leitura bíblica</author>
    </authors>
    <songbooks>
      <songbook name="Hinário Para o Culto Cristão" entry="245"/>
    </songbooks>
  </properties>
  <lyrics>
    <verse name="v1">
      <lines>Bendito és tu, ó Senhor (...)<br/>Tua é a grandeza, e o poder, e a glória, e a vitória, e a majestade,<br/>porque teu é tudo quanto há no céu e na terra;<br/>teu é, ó Senhor, o reino, e tu te exaltaste como chefe sobre todos.<br/>Tanto riquezas como honra vêm de ti, tu dominas sobre tudo, e na tua mão há força e poder;<br/>na tua mão está o engrandecer e o dar força a tudo.<br/>Agora, pois, ó nosso Deus, graças te damos, e louvamos o teu glorioso nome.<br/>Mas quem sou eu, e quem é o meu povo, para que pudéssemos fazer ofertas tão voluntariamente?<br/>Porque tudo vem de ti, e do que é teu to damos.<br/>Ó Senhor, Deus nosso, toda esta abundância,<br/>que preparamos para te edificar uma casa ao teu santo nome, vem da tua mão e é toda tua.<br/>Na sinceridade do meu coração voluntariamente ofereci todas estas coisas;<br/>e agora vi com alegria que o teu povo, que se acha aqui, ofereceu voluntariamente.<br/>Ó Senhor, Deus de nossos pais (...)<br/>conserva para sempre no coração do teu povo estas disposições e estes pensamentos, e encaminha o seu coração para ti.</lines>
    </verse>
  </lyrics>
</song>
