<?xml version='1.0' encoding='UTF-8'?>
<song xmlns="http://openlyrics.info/namespace/2009/song" version="0.8" createdIn="OpenLP 2.0.1" modifiedIn="OpenLP 2.0.1" modifiedDate="2013-11-14T22:04:10">
  <properties>
    <titles>
      <title>HCC 292 Salvos Pela Graça do Senhor</title>
      <title>João 6:29, 33, 40; 1:12, 13; Romanos 8:9, 13, 16, 17; Efésios 2:4-6, 8</title>
    </titles>
    <copyright>João 6:29, 33, 40; 1:12, 13; Romanos 8:9, 13, 16, 17; Efésios 2:4-6, 8</copyright>
    <verseOrder>v1 v2 v3 v4 v5 v6 v7 v8 v9 v10 v11 v12</verseOrder>
    <authors>
      <author>Leitura bíblica</author>
    </authors>
    <songbooks>
      <songbook name="Hinário Para o Culto Cristão" entry="292"/>
    </songbooks>
  </properties>
  <format>
    <tags application="OpenLP">
      <tag name="y">
        <open>&lt;span style="-webkit-text-fill-color:yellow"&gt;</open>
        <close>&lt;/span&gt;</close>
      </tag>
    </tags>
  </format>
  <lyrics>
    <verse name="v1">
      <lines><tag name="y">Dirigente:</tag><br/>A obra de Deus é esta: Que creiais naquele que ele enviou (...) Porque o pão de Deus é aquele que desce do céu e dá vida ao mundo.</lines>
    </verse>
    <verse name="v2">
      <lines><tag name="y">Congregação:</tag><br/>Porquanto esta é a vontade de meu Pai: Que todo aquele que vê o Filho e crê nele, tenha a vida eterna; e eu o ressuscitarei no último dia.</lines>
    </verse>
    <verse name="v3">
      <lines><tag name="y">Coro:</tag><br/>Mas, a todos quantos o receberam, aos que creem no seu nome, deu-lhes o poder de se tornarem filhos de Deus.</lines>
    </verse>
    <verse name="v4">
      <lines><tag name="y">Todos:</tag><br/>Os quais não nasceram do sangue, nem da vontade da carne, nem da vontade do varão, mas de Deus.</lines>
    </verse>
    <verse name="v5">
      <lines><tag name="y">Dirigente:</tag><br/>Vós, porém, não estais na carne mas no Espírito, se é que o Espírito de Deus habita em vós.</lines>
    </verse>
    <verse name="v6">
      <lines><tag name="y">Coro:</tag><br/>Mas, se alguém não tem o Espírito de Cristo, esse tal não é dele.</lines>
    </verse>
    <verse name="v7">
      <lines><tag name="y">Dirigente:</tag><br/>Porque, se viverdes segundo a carne, haveis de morrer; mas, se pelo Espírito mortificardes as obras do corpo, vivereis.</lines>
    </verse>
    <verse name="v8">
      <lines><tag name="y">Congregação:</tag><br/>O Espírito mesmo testifica com o nosso espírito que somos filhos de Deus.</lines>
    </verse>
    <verse name="v9">
      <lines><tag name="y">Coro:</tag><br/>E, se filhos, também herdeiros, herdeiros de Deus e co-herdeiros de Cristo.</lines>
    </verse>
    <verse name="v10">
      <lines><tag name="y">Dirigente:</tag><br/>Mas Deus, sendo rico em misericórdia, pelo seu muito amor com que nos amou (...) nos vivificou juntamente com Cristo.</lines>
    </verse>
    <verse name="v11">
      <lines><tag name="y">Todos:</tag><br/>E nos ressuscitou juntamente com ele, e com ele nos fez sentar nas regiões celestiais em Cristo Jesus.</lines>
    </verse>
    <verse name="v12">
      <lines><tag name="y">Dirigente:</tag><br/>Porque pela graça sois salvos, por meio da fé; e isto não vem de vós, é dom de Deus.</lines>
    </verse>
  </lyrics>
</song>
