<?xml version='1.0' encoding='UTF-8'?>
<song xmlns="http://openlyrics.info/namespace/2009/song" version="0.8" createdIn="OpenLP 2.0.1" modifiedIn="OpenLP 2.0.1" modifiedDate="2013-11-14T22:03:58">
  <properties>
    <titles>
      <title>HCC 229 Louvem, Com Alegre Som</title>
      <title>Monkland</title>
    </titles>
    <verseOrder>v1 c1 v2 c1 v3 c1 v4 c1 v5 c1</verseOrder>
    <authors>
      <author>John Milton</author>
      <author>John Antes</author>
    </authors>
    <songbooks>
      <songbook name="Hinário Para o Culto Cristão" entry="229"/>
    </songbooks>
  </properties>
  <lyrics>
    <verse name="v1">
      <lines>Louvem, com alegre som,<br/>ao Senhor porque ele é bom.</lines>
    </verse>
    <verse name="c1">
      <lines>Sua graça Deus nos dá<br/>e jamais nos deixará.</lines>
    </verse>
    <verse name="v2">
      <lines>Com poder ele ordenou,<br/>e no mundo a luz raiou.</lines>
    </verse>
    <verse name="v3">
      <lines>O seu povo abençoou;<br/>no deserto ele o guiou.</lines>
    </verse>
    <verse name="v4">
      <lines>Com olhar de compaixão<br/>deu-nos vida e salvação.</lines>
    </verse>
    <verse name="v5">
      <lines>Louvem, com alegre som<br/>ao Senhor porque ele é bom.</lines>
    </verse>
  </lyrics>
</song>
