<?xml version='1.0' encoding='UTF-8'?>
<song xmlns="http://openlyrics.info/namespace/2009/song" version="0.8" createdIn="OpenLP 2.0.1" modifiedIn="OpenLP 2.0.1" modifiedDate="2013-11-14T22:03:39">
  <properties>
    <titles>
      <title>HCC 122 A Entrada Triunfal de Jesus</title>
      <title>Marcos 11:1-11</title>
    </titles>
    <copyright>Marcos 11:1-11</copyright>
    <verseOrder>v1 v2 v3 v4 v5 v6</verseOrder>
    <authors>
      <author>Leitura bíblica</author>
    </authors>
    <songbooks>
      <songbook name="Hinário Para o Culto Cristão" entry="122"/>
    </songbooks>
  </properties>
  <format>
    <tags application="OpenLP">
      <tag name="y">
        <open>&lt;span style="-webkit-text-fill-color:yellow"&gt;</open>
        <close>&lt;/span&gt;</close>
      </tag>
    </tags>
  </format>
  <lyrics>
    <verse name="v1">
      <lines><tag name="y">Congregação:</tag><br/>Ora, quando se aproximavam de Jerusalém,<br/>de Betfagé e de Betânia, junto do Monte das Oliveiras,<br/>enviou Jesus dois dos seus discípulos e disse-lhes:</lines>
    </verse>
    <verse name="v2">
      <lines><tag name="y">Dirigente:</tag><br/>Ide à aldeia que está defronte de vós; e logo que nela entrardes,<br/>encontrareis preso um jumentinho, em que ainda ninguém montou;<br/>desprendei-o e trazei-o.<br/>E se alguém vos perguntar: Por que fazeis isso?<br/>respondei: O Senhor precisa dele, e logo tornará a enviá-lo para aqui.</lines>
    </verse>
    <verse name="v3">
      <lines><tag name="y">Congregação:</tag><br/>Foram, pois, e acharam o jumentinho preso ao portão do lado de fora na rua, e o desprenderam.<br/>(...) Que fazeis, desprendendo o jumentinho?<br/>Responderam como Jesus lhes tinha mandado; e lho deixaram levar.</lines>
    </verse>
    <verse name="v4">
      <lines><tag name="y">Coro:</tag><br/>Então trouxeram a Jesus o jumentinho e lançaram sobre ele os seus mantos;<br/>e Jesus montou nele.<br/>Muitos também estenderam pelo caminho os seus mantos,<br/>e outros, ramagens que tinham cortado nos campos.<br/>E tanto os que o precediam como os que o seguiam, clamavam:</lines>
    </verse>
    <verse name="v5">
      <lines><tag name="y">Todos:</tag><br/>Hosana! Bendito o que vem em nome do Senhor!<br/>Bendito o reino que vem, o reino de nosso pai Davi!<br/>Hosana nas alturas!</lines>
    </verse>
    <verse name="v6">
      <lines><tag name="y">Congregação:</tag><br/>Tendo Jesus entrado em Jerusalém, foi ao templo;<br/>e tendo observado tudo em redor,<br/>como já fosse tarde, saiu para Betânia com os doze.</lines>
    </verse>
  </lyrics>
</song>
