<?xml version='1.0' encoding='UTF-8'?>
<song xmlns="http://openlyrics.info/namespace/2009/song" version="0.8" createdIn="OpenLP 2.0.1" modifiedIn="OpenLP 2.0.1" modifiedDate="2013-11-14T22:03:37">
  <properties>
    <titles>
      <title>HCC 114 Veio a Este Mundo o Senhor Jesus</title>
      <title>Second Coming</title>
    </titles>
    <verseOrder>v1 c1 v2 c1 v3 c1</verseOrder>
    <authors>
      <author>Lelia Morris</author>
    </authors>
    <songbooks>
      <songbook name="Hinário Para o Culto Cristão" entry="114"/>
    </songbooks>
  </properties>
  <lyrics>
    <verse name="v1">
      <lines break="optional">Veio a este mundo o Senhor Jesus<br/>veio nos libertar.<br/>Foi rejeitado, morreu na cruz<br/>para nos resgatar.</lines>
      <lines>Glória e poder no céu deixou,<br/>ingratidão na terra achou.<br/>Tudo ele fez, pois nos amou,<br/>para nos resgatar.</lines>
    </verse>
    <verse name="c1">
      <lines break="optional">Glória, glória<br/>demos ao Salvador,<br/>glória, glória<br/>por seu tão grande amor.</lines>
      <lines>Glória, glória!<br/>Temos a paz com Deus.<br/>Glória, glória,<br/>vamos cantar nos céus.</lines>
    </verse>
    <verse name="v2">
      <lines break="optional">Nosso castigo Jesus levou,<br/>veio nos libertar.<br/>Tudo na cruz ele consumou<br/>para nos resgatar.</lines>
      <lines>Quem entre nós já compreendeu<br/>todas as dores que sofreu,<br/>a condição em que morreu<br/>para nos resgatar?</lines>
    </verse>
    <verse name="v3">
      <lines break="optional">Cristo morreu numa cruz de horror,<br/>veio nos libertar.<br/>Chama-nos sempre com terno amor<br/>para nos resgatar.</lines>
      <lines>Vamos a Cristo em contrição,<br/>tendo certeza do perdão,<br/>pois ele estende a sua mão<br/>para nos resgatar.</lines>
    </verse>
  </lyrics>
</song>
