<?xml version='1.0' encoding='UTF-8'?>
<song xmlns="http://openlyrics.info/namespace/2009/song" version="0.8" createdIn="OpenLP 2.0.1" modifiedIn="OpenLP 2.0.1" modifiedDate="2013-11-14T22:03:52">
  <properties>
    <titles>
      <title>HCC 193 Maravilhosa Graça</title>
      <title>Wonderful Grace</title>
    </titles>
    <verseOrder>v1 c1 v2 c1 v3 c1</verseOrder>
    <authors>
      <author>Haldor Lillenas</author>
    </authors>
    <songbooks>
      <songbook name="Hinário Para o Culto Cristão" entry="193"/>
    </songbooks>
  </properties>
  <lyrics>
    <verse name="v1">
      <lines break="optional">Maravilhosa Graça!<br/>Graça de Deus, sem par!<br/>Como poder cantá-la?<br/>Como hei de começar?</lines>
      <lines>Ela me dá certeza,<br/>e vivo com firmeza<br/>pela maravilhosa graça de Jesus.</lines>
    </verse>
    <verse name="c1">
      <lines break="optional">Graça! Que maravilhosa graça!<br/>É imensurável e sem fim.<br/>É maravilhosa, é tão grandiosa,<br/>é suficiente para mim.</lines>
      <lines>É maior que a minha iniquidade,<br/>é revelação do amor do Pai.<br/>O nome de Jesus engrandecei<br/>e a Deus louvai!</lines>
    </verse>
    <verse name="v2">
      <lines break="optional">Maravilhosa Graça!<br/>Traz vida perenal.<br/>Por Cristo perdoado,<br/>vou a mansão real.</lines>
      <lines>Hoje eu sou liberto;<br/>vivo de Deus bem perto<br/>pela maravilhosa graça de Jesus.</lines>
    </verse>
    <verse name="v3">
      <lines break="optional">Maravilhosa Graça!<br/>Que ricas bençãos traz!<br/>Por ela Deus transforma,<br/>dá vida eterna e paz.</lines>
      <lines>Sendo por Cristo salvo,<br/>faço do céu meu alvo<br/>pela maravilhosa graça de Jesus.</lines>
    </verse>
  </lyrics>
</song>
