<?xml version='1.0' encoding='UTF-8'?>
<song xmlns="http://openlyrics.info/namespace/2009/song" version="0.8" createdIn="OpenLP 2.0.1" modifiedIn="OpenLP 2.0.1" modifiedDate="2013-11-14T22:03:52">
  <properties>
    <titles>
      <title>HCC 195 Oh, Venham Coroar!</title>
      <title>Diademata</title>
    </titles>
    <verseOrder>v1 v2 v3 v4</verseOrder>
    <authors>
      <author>Matthew Bridges</author>
      <author>Godfrey Thring</author>
      <author>George Elvey</author>
    </authors>
    <songbooks>
      <songbook name="Hinário Para o Culto Cristão" entry="195"/>
    </songbooks>
  </properties>
  <lyrics>
    <verse name="v1">
      <lines break="optional">Oh, venham coroar<br/>Jesus, o Salvador,<br/>Cordeiro que desceu do céu,<br/>e é digno de louvor!</lines>
      <lines>Despertem, pois, irmãos,<br/>pra o Redentor louvar.<br/>Jesus por nós morreu na cruz<br/>e agora é Rei sem par.</lines>
    </verse>
    <verse name="v2">
      <lines break="optional">Oh, venham coroar<br/>a encarnação do Amor!<br/>A fronte e as mãos feridas têm<br/>sinais de intensa dor.</lines>
      <lines>Os anjos lá no céu<br/>não podem contemplar<br/>a glória excelsa de Jesus,<br/>intensa, a rebrilhar.</lines>
    </verse>
    <verse name="v3">
      <lines break="optional">Oh, venham coroar<br/>quem vida nos doou!<br/>A morte e todo o seu poder<br/>Jesus já derrotou.</lines>
      <lines>Agora Cristo está<br/>à destra do bom Deus<br/>e ali no céu conservará<br/>os redimidos seus.</lines>
    </verse>
    <verse name="v4">
      <lines break="optional">Oh, venham coroar<br/>o Cristo Criador,<br/>e queiram anjos bendizer<br/>o nosso Redentor!</lines>
      <lines>Unidos, pois, assim,<br/>em coro singular<br/>entoaremos a Jesus<br/>louvores sem cessar.</lines>
    </verse>
  </lyrics>
</song>
