<?xml version='1.0' encoding='UTF-8'?>
<song xmlns="http://openlyrics.info/namespace/2009/song" version="0.8" createdIn="OpenLP 2.0.1" modifiedIn="OpenLP 2.0.1" modifiedDate="2013-11-14T22:03:47">
  <properties>
    <titles>
      <title>HCC 168 Quanto Nos Ama Jesus!</title>
      <title>He Loves You And Me</title>
    </titles>
    <verseOrder>v1 v2</verseOrder>
    <authors>
      <author>Kurt Kaiser</author>
    </authors>
    <songbooks>
      <songbook name="Hinário Para o Culto Cristão" entry="168"/>
    </songbooks>
  </properties>
  <lyrics>
    <verse name="v1">
      <lines>Quanto nos ama Jesus!<br/>Quanto nos ama Jesus!<br/>Por nós sofreu,<br/>na cruz morreu.<br/>Cristo te ama.<br/>Cristo me ama.<br/>Quanto nos ama Jesus!</lines>
    </verse>
    <verse name="v2">
      <lines>Foi ao Calvário por mim.<br/>Quem pode amar tanto assim?<br/>O que ele fez,<br/>ao mal desfez.<br/>Cristo te ama.<br/>Cristo me ama.<br/>Quanto nos ama Jesus!</lines>
    </verse>
  </lyrics>
</song>
