<?xml version='1.0' encoding='UTF-8'?>
<song xmlns="http://openlyrics.info/namespace/2009/song" version="0.8" createdIn="OpenLP 2.0.1" modifiedIn="OpenLP 2.0.1" modifiedDate="2013-11-14T22:03:29">
  <properties>
    <titles>
      <title>HCC 070 Honra e Glória ao Cordeiro</title>
      <title>Apocalipse 15:3, 4; Hebreus 13:15; Apocalipse 5:13</title>
    </titles>
    <copyright>Apocalipse 15:3, 4; Hebreus 13:15; Apocalipse 5:13</copyright>
    <verseOrder>v1 v2 v3 v4 v5</verseOrder>
    <authors>
      <author>Leitura bíblica</author>
    </authors>
    <songbooks>
      <songbook name="Hinário Para o Culto Cristão" entry="070"/>
    </songbooks>
  </properties>
  <format>
    <tags application="OpenLP">
      <tag name="y">
        <open>&lt;span style="-webkit-text-fill-color:yellow"&gt;</open>
        <close>&lt;/span&gt;</close>
      </tag>
    </tags>
  </format>
  <lyrics>
    <verse name="v1">
      <lines><tag name="y">Dirigente:</tag><br/>Grandes e admiráveis são as tuas obras, ó Senhor Deus Todo-Poderoso; justos e verdadeiros são os teus caminhos, ó Rei dos séculos.</lines>
    </verse>
    <verse name="v2">
      <lines><tag name="y">Congregação:</tag><br/><br/>Quem não te temerá, Senhor, e não glorificará o teu nome?</lines>
    </verse>
    <verse name="v3">
      <lines><tag name="y">Todos:</tag><br/>Pois só tu és santo; por isso todas as nações virão e se prostrarão diante de ti, porque os teus juízos são manifestos.</lines>
    </verse>
    <verse name="v4">
      <lines><tag name="y">Dirigente:</tag><br/>Ofereçamos sempre a Deus sacrifício de louvor, isto é, o fruto dos lábios que confessam o seu nome.</lines>
    </verse>
    <verse name="v5">
      <lines><tag name="y">Todos:</tag><br/>Ao que está assentado sobre o trono, e ao Cordeiro, seja o louvor, e a honra, e a glória, e o domínio pelos séculos dos séculos.</lines>
    </verse>
  </lyrics>
</song>
