<?xml version='1.0' encoding='UTF-8'?>
<song xmlns="http://openlyrics.info/namespace/2009/song" version="0.8" createdIn="OpenLP 2.0.1" modifiedIn="OpenLP 2.0.1" modifiedDate="2013-11-14T22:04:27">
  <properties>
    <titles>
      <title>HCC 378 Bendita a Hora de Oração</title>
      <title>Sweet Hour</title>
    </titles>
    <verseOrder>v1 v2 v3</verseOrder>
    <authors>
      <author>William Bradbury</author>
      <author>William Walford</author>
    </authors>
    <songbooks>
      <songbook name="Hinário Para o Culto Cristão" entry="378"/>
    </songbooks>
  </properties>
  <lyrics>
    <verse name="v1">
      <lines break="optional">Bendita a hora de oração,<br/>pois traz-nos paz ao coração<br/>e alívio dá em meio à dor,<br/>trazendo auxílio do Senhor.</lines>
      <lines>Em tempos de perturbação,<br/>na dor maior, na tentação,<br/>procurarei com mais fervor<br/>a comunhão com o Senhor.</lines>
    </verse>
    <verse name="v2">
      <lines break="optional">Bendita a hora de oração,<br/>produto só da devoção,<br/>que eleva ao céu o seu odor,<br/>em doce cheiro ao meu Senhor.</lines>
      <lines>E, finda a hora de aflição,<br/>os dias maus, a tentação,<br/>então darei melhor louvor<br/>a meu Jesus, a meu Senhor.</lines>
    </verse>
    <verse name="v3">
      <lines break="optional">Bendita a hora de oração,<br/>de plena paz e comunhão,<br/>que traz-me fé e mais amor<br/>e enche a vida de dulçor.</lines>
      <lines>Desejo a vida aqui findar<br/>com fé, amor, constante orar,<br/>e lá no céu de resplendor<br/>eu cantarei a Deus louvor.</lines>
    </verse>
  </lyrics>
</song>
