<?xml version='1.0' encoding='UTF-8'?>
<song xmlns="http://openlyrics.info/namespace/2009/song" version="0.8" createdIn="OpenLP 2.0.1" modifiedIn="OpenLP 2.0.1" modifiedDate="2013-11-14T22:03:47">
  <properties>
    <titles>
      <title>HCC 166 Senhor, É Admirável o Teu Divino Amor</title>
      <title>Angel's Story</title>
    </titles>
    <verseOrder>v1 v2 v3 v4</verseOrder>
    <authors>
      <author>James Deck</author>
      <author>Arthur Mann</author>
    </authors>
    <songbooks>
      <songbook name="Hinário Para o Culto Cristão" entry="166"/>
    </songbooks>
  </properties>
  <lyrics>
    <verse name="v1">
      <lines break="optional">Senhor, é admirável o teu divino amor,<br/>eterno, incomparável, motivo de louvor.</lines>
      <lines>Amando-nos, chegaste a este mundo aqui<br/>e assim nos resgataste, chamando-nos a ti.</lines>
    </verse>
    <verse name="v2">
      <lines break="optional">Provaste, humilhado, a nossa condição;<br/>levaste, sem pecado, a nossa transgressão.</lines>
      <lines>Sofreste a crueldade, sofreste afronta e dor<br/>pra dar-nos liberdade, eterno Salvador.</lines>
    </verse>
    <verse name="v3">
      <lines break="optional">Por nós sacrificaste a vida sobre a cruz;<br/>da morte nos livraste, Senhor e Rei Jesus!</lines>
      <lines>Por isso te adoramos com grato coração<br/>e, humildes, te ofertamos a nossa devoção.</lines>
    </verse>
    <verse name="v4">
      <lines break="optional">Agora, transformados, queremos te servir<br/>e, unidos, irmanados, o exemplo teu seguir.</lines>
      <lines>Aceita o culto santo e alegre em teu louvor,<br/>de puro e doce canto, querido Salvador.</lines>
    </verse>
  </lyrics>
</song>
