<?xml version='1.0' encoding='UTF-8'?>
<song xmlns="http://openlyrics.info/namespace/2009/song" version="0.8" createdIn="OpenLP 2.0.1" modifiedIn="OpenLP 2.0.1" modifiedDate="2013-11-14T22:04:16">
  <properties>
    <titles>
      <title>HCC 325 Cristo É a Nossa Paz</title>
      <title>Efésios 2:11-15, 17-18</title>
    </titles>
    <copyright>Efésios 2:11-15, 17-18</copyright>
    <verseOrder>v1 v2 v3 v4</verseOrder>
    <authors>
      <author>Leitura bíblica</author>
    </authors>
    <songbooks>
      <songbook name="Hinário Para o Culto Cristão" entry="325"/>
    </songbooks>
  </properties>
  <format>
    <tags application="OpenLP">
      <tag name="y">
        <open>&lt;span style="-webkit-text-fill-color:yellow"&gt;</open>
        <close>&lt;/span&gt;</close>
      </tag>
    </tags>
  </format>
  <lyrics>
    <verse name="v1">
      <lines><tag name="y">Dirigente:</tag><br/>Lembrai-vos que outrora vós (...) estáveis naquele tempo sem Cristo (...) não tendo esperança, e sem Deus no mundo.<br/>Mas agora, em Cristo Jesus, vós, que antes estáveis longe, já pelo sangue de Cristo chegastes perto.</lines>
    </verse>
    <verse name="v2">
      <lines><tag name="y">Congregação:</tag><br/>Porque ele é a nossa paz (...) na sua carne desfez a inimizade (...) para criar, em si mesmo (...) um novo homem, assim fazendo a paz.</lines>
    </verse>
    <verse name="v3">
      <lines><tag name="y">Dirigente:</tag><br/>Vindo, ele evangelizou paz a vós que estáveis longe, e paz aos que estavam perto;</lines>
    </verse>
    <verse name="v4">
      <lines><tag name="y">Todos:</tag><br/>porque por ele ambos temos acesso ao Pai em um mesmo Espírito.</lines>
    </verse>
  </lyrics>
</song>
