<?xml version='1.0' encoding='utf-8'?>
<song xmlns="http://openlyrics.info/namespace/2009/song" version="0.8" createdIn="OpenLP 2.0.3" modifiedIn="OpenLP 2.0.3" modifiedDate="2014-02-05T19:28:26">
  <properties>
    <titles>
      <title>HC  446 - Ó VEM JÁ</title>
    </titles>
    <authors>
      <author>HARPA CRISTÃ</author>
    </authors>
  </properties>
  <lyrics>
    <verse name="v1">
      <lines>VEM, Ó ALMA CANSADA, QUE SENTES DOR,<br/>A TEU BOM SALVADOR, A JESUS,<br/>E CONFIA NO SANGUE DO REDENTOR,<br/>DERRAMADO, QUE FOI LÁ NA CRUZ.</lines>
    </verse>
    <verse name="c1">
      <lines>Ó VEM JÁ! Ó VEM JÁ! A JESUS VEM<br/>COMO ESTÁS;<br/>NÃO DEMORES PECADOR ACEITAR O TEU SALVADOR.<br/>Ó VEM JÁ! Ó VEM JÁ! A JESUS VEM COMO ESTÁS,<br/>NÃO DEMORES PECADOR ACEITAR O TEU SALVADOR.</lines>
    </verse>
    <verse name="v2">
      <lines>TU QUE VAGAS MUI LONGE DO SALVADOR,<br/>NO PECADO, NO MAL PRESO ESTÁS;<br/>SÓ JESUS É QUE VAI TE LIVRAR DA DOR,<br/>SALVAÇÃO HOJE MESMO TE DAR.</lines>
    </verse>
    <verse name="v3">
      <lines>CRISTO CHAMA AINDA: "Ó VINDE A MIM,<br/>OPRIMIDOS, CANSADOS, SEM PAZ;<br/>VIDA ETERNA DAREI PARA VÓS, ENFIM,<br/>NO MEU REINO DE GOZO VERAZ".</lines>
    </verse>
  </lyrics>
</song>
