<?xml version='1.0' encoding='utf-8'?>
<song xmlns="http://openlyrics.info/namespace/2009/song" version="0.8" createdIn="OpenLP 2.0.3" modifiedIn="OpenLP 2.0.3" modifiedDate="2014-02-05T19:27:06">
  <properties>
    <titles>
      <title>HC  016 - DESPERTAR PARA O TRABALHO</title>
    </titles>
    <authors>
      <author>HARPA CRISTÃ</author>
    </authors>
  </properties>
  <lyrics>
    <verse name="v1">
      <lines>POSSO TENDO AS MÃOS VAZIAS,<br/>COM JESUS EU ME ENCONTRAR?<br/>NADA FIZ, E VÃO-SE OS DIAS,<br/>QUE LHE POSSO APRESENTAR?</lines>
    </verse>
    <verse name="c1">
      <lines>POSSO TENDO AS MÃOS VAZIAS,<br/>COM JESUS, EU ME ENCONTRAR?<br/>QUANTAS ALMAS PODERIA<br/>AO SENHOR APRESENTAR?</lines>
    </verse>
    <verse name="v2">
      <lines>NÃO MAIS TEMEREI A MORTE;<br/>VENCEREI POR SALVO ESTAR;<br/>QUAL SERÁ A MINHA SORTE,<br/>SE NO CÉU VAZIO ENTRAR?</lines>
    </verse>
    <verse name="v3">
      <lines>NO CELESTE LAR ENTRANDO,<br/>COMO IREI AO SALVADOR?<br/>QUANTAS ALMAS IREI LEVANDO.<br/>PARA MEU FIEL SENHOR?</lines>
    </verse>
    <verse name="v4">
      <lines>DO PECADO, PRESO EM ELOS,<br/>PASSEI ANOS EM VÃO LABOR;<br/>QUEM ME DERA REAVÊ-LOS,<br/>P'RA SERVIR AO MEU SENHOR.</lines>
    </verse>
    <verse name="v5">
      <lines>DESPERTAMOS, JÁ É DIA;<br/>TRABALHEMOS, COM FERVOR;<br/>E LEVEMOS, COM ALEGRIA,<br/>MUITAS ALMAS AO SENHOR.</lines>
    </verse>
  </lyrics>
</song>
