<?xml version='1.0' encoding='utf-8'?>
<song xmlns="http://openlyrics.info/namespace/2009/song" version="0.8" createdIn="OpenLP 2.0.3" modifiedIn="OpenLP 2.0.3" modifiedDate="2014-02-05T19:28:13">
  <properties>
    <titles>
      <title>HC  370 - GRATO A TI</title>
    </titles>
    <authors>
      <author>HARPA CRISTÃ</author>
    </authors>
  </properties>
  <lyrics>
    <verse name="v1">
      <lines>Ó MEU SENHOR, DÁ-ME MAIS GRATIDÃO,<br/>POR TUDO QUE TU FIZESTE POR MIM<br/>POR TUA GRAÇA NO MEU CORAÇÃO,<br/>QUE ME ENCHEU DE VENTURA SEM FIM!</lines>
    </verse>
    <verse name="c1">
      <lines>MAIS GRATO A TI, MAIS GRATO A<br/>TI.<br/>MAIS CONSAGRADO, Ó FAZ-ME, SENHOR!<br/>MAIS HUMILHADO E CHEIO DE AMOR,<br/>FAZ-ME MAIS GRATO A TI, MAIS GRATO A TI!</lines>
    </verse>
    <verse name="v2">
      <lines>DE GRAÇAS DESTE AO MEU CORAÇÃO<br/>A SANTIDADE, A PAZ E A FÉ;<br/>GOZO CELESTE E CONSOLAÇÃO,<br/>E LIBERDADE DE ESTAR AOS TEUS PÉS.</lines>
    </verse>
    <verse name="v3">
      <lines>Ó MEU SENHOR, TU FIZESTE POR MIM,<br/>O QUE NINGUÉM PODERIA FAZER;<br/>NA CRUZ PREGADO VERTESTE, ASSIM,<br/>SANGUE, NO QUAL SEMPRE POSSO VENCER!</lines>
    </verse>
  </lyrics>
</song>
