<?xml version='1.0' encoding='utf-8'?>
<song xmlns="http://openlyrics.info/namespace/2009/song" version="0.8" createdIn="OpenLP 2.0.3" modifiedIn="OpenLP 2.0.3" modifiedDate="2014-02-05T19:28:08">
  <properties>
    <titles>
      <title>HC  344 - UM AMIGO ENTRE OS LÍRIOS</title>
    </titles>
    <authors>
      <author>HARPA CRISTÃ</author>
    </authors>
  </properties>
  <lyrics>
    <verse name="v1">
      <lines>ENTRE OS LÍRIOS, NO MEIO DOS VALES<br/>'STÁ UM AMIGO, QUE É CARO P'RA MIM;<br/>QUERO SEGUI-LO, ISENTO DOS MALES,<br/>VÊ-LO NO CÉU, COM OS ANJOS ENFIM.</lines>
    </verse>
    <verse name="c1">
      <lines>MEU SALVADOR JESUS, Ó FILHO DO<br/>BOM DEUS;<br/>GRAÇAS POR TUA LUZ, QUE VEIO DOS CÉUS!<br/>POR MIM PROVASTE A CRUZ,<br/>POR MIM MORRESTE, JESUS!</lines>
    </verse>
    <verse name="v2">
      <lines>HOJE TE BUSCO, Ó VEM, REVELAR-ME<br/>A LUZ DIVINA, ONDE ESTÁS, MEU JESUS,<br/>COM TEU REBANHO VEM JÁ A LEVAR-ME<br/>PARA O RIO QUE VIDA PRODUZ.</lines>
    </verse>
    <verse name="v3">
      <lines>OUVE-ME AGORA, JESUS MUI AMADO,<br/>DEIXA-ME TEU GRANDE AMOR DESFRUTAR;<br/>NÃO MAIS ME 'SCONDAS TEU ROSTO ADORADO,<br/>POIS ME CHAMASTE P'RA ME LIBERTAR.</lines>
    </verse>
    <verse name="v4">
      <lines>A VOZ DE CRISTO É P'RA MIM MAIS PRECIOSA<br/>QUE A VOZ DOS ANJOS; E DO SOL A LUZ,<br/>NÃO TEM O BRILHO DA FACE RADIOSA<br/>QUANDO SORRI MEU AMADO JESUS.</lines>
    </verse>
  </lyrics>
</song>
