<?xml version='1.0' encoding='utf-8'?>
<song xmlns="http://openlyrics.info/namespace/2009/song" version="0.8" createdIn="OpenLP 2.0.3" modifiedIn="OpenLP 2.0.3" modifiedDate="2014-02-05T19:27:08">
  <properties>
    <titles>
      <title>HC  030 - NÃO SOU MEU</title>
    </titles>
    <authors>
      <author>HARPA CRISTÃ</author>
    </authors>
  </properties>
  <lyrics>
    <verse name="v1">
      <lines>NÃO SOU MEU! POR CRISTO SALVO,<br/>QUE POR MIM MORREU NA CRUZ,<br/>EU CONFESSO ALEGREMENTE,<br/>QUE PERTENÇO AO BOM JESUS.</lines>
    </verse>
    <verse name="c1">
      <lines>NÃO SOU MEU! OH! NÃO SOU MEU!<br/>BOM JESUS, SOU TODO TEU!<br/>HOJE MESMO E PARA SEMPRE,<br/>BOM JESUS, SOU TODO TEU!</lines>
    </verse>
    <verse name="v2">
      <lines>NÃO SOU MEU! POR ELE REMIDO,<br/>QUANDO O SANGUE DERRAMOU;<br/>NA SUA GRAÇA CONFIANDO,<br/>QUE MINH'ALMA RESGATOU.</lines>
    </verse>
    <verse name="v3">
      <lines>JAMAIS MEU! A TI CONFIO<br/>TUDO QUANTO CHAMO MEU;<br/>TUDO NAS TUAS MÃOS ENTREGO;<br/>MEU SENHOR, SOU TODO TEU!</lines>
    </verse>
    <verse name="v4">
      <lines>JAMAIS MEU! Ó SANTIFICA<br/>TUDO QUANTO SOU, SENHOR!<br/>DA VAIDADE E DA SOBERBA,<br/>VEM LIVRAR-ME, SALVADOR.</lines>
    </verse>
  </lyrics>
</song>
