<?xml version='1.0' encoding='utf-8'?>
<song xmlns="http://openlyrics.info/namespace/2009/song" version="0.8" createdIn="OpenLP 2.0.3" modifiedIn="OpenLP 2.0.3" modifiedDate="2014-02-05T19:28:17">
  <properties>
    <titles>
      <title>HC  391 - JESUS NO MONTE DA ASCENSÃO</title>
    </titles>
    <authors>
      <author>HARPA CRISTÃ</author>
    </authors>
  </properties>
  <lyrics>
    <verse name="v1">
      <lines>JESUS DISSE AOS DISCÍPULOS, NO MONTE, AO SUBIR:<br/>"DETEI-VOS EM JERUSALÉM, POIS HÁ DE SE CUMPRIR<br/>A VINDA GLORIOSA DO CONSOLADOR,<br/>P'RA REVESTIR AS TESTEMUNHAS DO SENHOR".</lines>
    </verse>
    <verse name="c1">
      <lines>DESCENDO O FOGO DO<br/>ALTAR, O VENTO DE AMOR,<br/>DEPRESSA FORAM PROCLAMAR O SALVADOR.</lines>
    </verse>
    <verse name="v2">
      <lines>ENCHEU-SE O CENÁC'LO DE GLORIOSA LUZ;<br/>DESCENDO O FOGO DIVINAL, A NÓS VOLTOU JESUS.<br/>E TODOS, REVESTIDOS COM O PODER DO CÉU,<br/>FALARAM NOUTRAS LÍNGUAS EM LOUVOR A DEUS.</lines>
    </verse>
    <verse name="v3">
      <lines>O POVO, ASSUSTADO COM O PODER DO CÉU,<br/>NÃO COMPREENDEU QUE ISTO FOI O QUE DEUS PROMETEU.<br/>MAS PEDRO LHES PROCLAMA: "ASSIM DIZ O SENHOR:<br/>NO FIM DOS DIAS, VOS DAREI CONSOLADOR".</lines>
    </verse>
    <verse name="v4">
      <lines>ASSIM JESUS TE MANDA ORAR E ESPERAR<br/>O SANTO ESPÍRITO DE DEUS, QUE VEM P'RA T'ENSINAR;<br/>JESUS, A GLORIOSA UNÇÃO, TE MANDARÁ,<br/>E SEU AMOR SUBLIME, PROCLAMAR IRÁS.</lines>
    </verse>
  </lyrics>
</song>
