<?xml version='1.0' encoding='utf-8'?>
<song xmlns="http://openlyrics.info/namespace/2009/song" version="0.8" createdIn="OpenLP 2.0.3" modifiedIn="OpenLP 2.0.3" modifiedDate="2014-02-05T19:27:47">
  <properties>
    <titles>
      <title>HC  233 - A CEIA DIO SENHOR</title>
    </titles>
    <authors>
      <author>HARPA CRISTÃ</author>
    </authors>
  </properties>
  <lyrics>
    <verse name="v1">
      <lines>Ó JESUS CRISTO, AQUI ESTAMOS<br/>UNIDOS TODOS EM UM LUGAR,<br/>P'RA TUA MORTE NÓS RELEMBRARMOS,<br/>QUE TU QUISESTE POR NÓS PROVAR.</lines>
    </verse>
    <verse name="v2">
      <lines>ALEGRA-NOS, Ó JESUS AMADO,<br/>ENCHENDO-NOS DO CONSOLADOR;<br/>Ó GRANDE GRAÇA TU NOS TENS DADO,<br/>POIS SOMOS SALVOS P'LO TEU AMOR.</lines>
    </verse>
    <verse name="v3">
      <lines>QUE NÓS SEJAMOS ABENÇOADOS;<br/>TAMBÉM O PÃO E O VINHO AQUI,<br/>P'LO TEU PODER SEJAM CONSAGRADOS<br/>P'RA NOS ALIMENTARMOS DE TI.</lines>
    </verse>
    <verse name="v4">
      <lines>E QUANDO TODOS NOS REUNIRMOS,<br/>UM DIA, LÁ NO TEU LAR, NOS CÉUS,<br/>NÓS ALELUIAS, SIM, CANTAREMOS,<br/>ETERNO HINO AO NOSSO DEUS.</lines>
    </verse>
  </lyrics>
</song>
