<?xml version='1.0' encoding='utf-8'?>
<song xmlns="http://openlyrics.info/namespace/2009/song" version="0.8" createdIn="OpenLP 2.0.3" modifiedIn="OpenLP 2.0.3" modifiedDate="2014-02-05T19:28:22">
  <properties>
    <titles>
      <title>HC  423 - DE TI PRECISO MAIS</title>
    </titles>
    <authors>
      <author>HARPA CRISTÃ</author>
    </authors>
  </properties>
  <lyrics>
    <verse name="v1">
      <lines>JESUS, PRECISO MAIS DE AMOR,<br/>REINO DE DEUS, EM MEU CORAÇÃO;<br/>DA COMPAIXÃO TU ÉS O SENHOR;<br/>DE TI PRECISO MAIS.<br/>DE TI PRECISO MAIS,<br/>DO TEU AMOR VERAZ;<br/>SEI QUE ESTÁS PRONTO P'RA ME VALER,<br/>DE TI PRECISO MAIS!</lines>
    </verse>
    <verse name="v2">
      <lines>JESUS, PRECISO MAIS DE PODER,<br/>DOM DO ETERNO CONSOLADOR;<br/>ÉS O DADOR QUE ENCHE MEU SER;<br/>DE TI PRECISO MAIS!<br/>DE TI PRECISO MAIS,<br/>DO TEU PODER VERAZ,<br/>DA TUA GRAÇA, Ó VEM ME ENCHER,<br/>DE TI PRECISO MAIS!</lines>
    </verse>
    <verse name="v3">
      <lines>JESUS, PRECISO MAIS TE IMITAR,<br/>COM HUMILDADE E SUBMISSÃO;<br/>TUA INSTRUÇÃO EU QUERO GUARDAR,<br/>DE TI PRECISO MAIS,<br/>DE TI PRECISO MAIS,<br/>DA GRAÇA EFICAZ,<br/>SEI QUE TU QUERES M'A CONCEDER,<br/>DE TI PRECISO MAIS!</lines>
    </verse>
    <verse name="v4">
      <lines>JESUS, PRECISO MAIS DE OUVIR<br/>NO MEU SILÊNCIO A VOZ DE AMOR,<br/>QUE DÁ VIGOR PARA EU TE SERVIR,<br/>DE TI PRECISO MAIS.<br/>DE TI PRECISO MAIS.<br/>A TUA VOZ VERAZ<br/>NO MEU SILÊNCIO SEMPRE ATENDER,<br/>DE TI PRECISO MAIS!</lines>
    </verse>
    <verse name="v5">
      <lines>JESUS, PRECISO MAIS COMUNHÃO,<br/>CONTIGO ESTAR EM SANTO TABOR;<br/>É ESPLENDOR, TRANSFIGURAÇÃO;<br/>DE TI PRECISO MAIS.<br/>DE TI PRECISO MAIS,<br/>TRANSFORMAÇÃO VERAZ;<br/>A TUA FACE EU QUERO TER,<br/>DE TI PRECISO MAIS!</lines>
    </verse>
  </lyrics>
</song>
