<?xml version='1.0' encoding='utf-8'?>
<song xmlns="http://openlyrics.info/namespace/2009/song" version="0.8" createdIn="OpenLP 2.0.3" modifiedIn="OpenLP 2.0.3" modifiedDate="2014-02-05T19:27:24">
  <properties>
    <titles>
      <title>HC  130 - CRISTO É MEU!</title>
    </titles>
    <authors>
      <author>HARPA CRISTÃ</author>
    </authors>
  </properties>
  <lyrics>
    <verse name="v1">
      <lines>MANSO PASTOR JÁ NO MUNDO VIVEU E ELE É MEU,<br/>NOS DANDO A VIDA, POR NÓS PADECEU E ELE É MEU;<br/>GRAÇA TÃO VASTA NÃO POSSO SONDAR, MAS ELE É MEU.<br/>SOU PERDOADO JÁ POSSO CANTAR, QUE ELE É MEU.</lines>
    </verse>
    <verse name="c1">
      <lines>CRISTO É MEU!<br/>CRISTO É MEU!<br/>MARAVILHOSO, MAS CERTO É DIZER:<br/>JESUS É MEU!</lines>
    </verse>
    <verse name="v2">
      <lines>HÁ UM AMIGO DE AMOR SEM IGUAL E ELE É MEU;<br/>SEMPRE O MAIS FORTE, O MAIS FIRME E LEAL E ELE É MEU.<br/>SOU TÃO INDIGNO DE SER UM DOS SEUS, MAS ELE É MEU.<br/>VOU SEU AMOR DESFRUTAR, LÁ NOS CÉUS, POIS ELE É MEU.</lines>
    </verse>
    <verse name="v3">
      <lines>ELE MANDOU-NOS O CONSOLADOR, TAMBÉM É MEU.<br/>CHEIO DE GRAÇA, DE PAZ E DE AMOR, E TUDO É MEU.<br/>NADA ME NEGA DOS SEUS RICOS DONS, POIS TUDO É MEU.<br/>GRANDES TESOUROS, TÃO PUROS E BONS, SÃO TODOS MEUS.</lines>
    </verse>
  </lyrics>
</song>
