<?xml version='1.0' encoding='utf-8'?>
<song xmlns="http://openlyrics.info/namespace/2009/song" version="0.8" createdIn="OpenLP 2.0.3" modifiedIn="OpenLP 2.0.3" modifiedDate="2014-02-05T19:27:22">
  <properties>
    <titles>
      <title>HC  119 - INESGOTÁVEL É SEU AMOR</title>
    </titles>
    <authors>
      <author>HARPA CRISTÃ</author>
    </authors>
  </properties>
  <lyrics>
    <verse name="v1">
      <lines>SEJA LOUVADO O BOM SALVADOR<br/>LIVRE É SEU AMOR, LIVRE É SEU AMOR.<br/>HÁ PREPARADO PARA O PECADOR,<br/>FONTE PRECIOSA DE AMOR;<br/>E, SE EM CRISTO QUERES CONFIAR,<br/>LIVRE É SEU AMOR, LIVRE É SEU AMOR;<br/>A VIDA ETERNA TU IRÁS GOZAR,<br/>INESGOTÁVEL É SEU AMOR.</lines>
    </verse>
    <verse name="c1">
      <lines>TERNO, TE CHAMA JESUS: QUERER IR?<br/>Ó PECADOR, Ó PECADOR!<br/>ELE DEIXOU PARA NÓS, AO SUBIR,<br/>FONTE PRECIOSA DE AMOR.</lines>
    </verse>
    <verse name="v2">
      <lines>POR QUE VIVENDO EM PECADO HÁ DE ESTAR?<br/>LIVRE É SEU AMOR, LIVRE É SEU AMOR.<br/>CRISTO TE CHAMA, Ó VEM SEM TARDAR,<br/>INESGOTÁVEL É SEU AMOR;<br/>DEIXA AS TREVAS POR LUZ DIVINAL,<br/>LIVRE É SEU AMOR, LIVRE É SEU AMOR;<br/>HOJE JESUS QUER LIVRAR-TE DO MAL,<br/>INESGOTÁVEL É SEU AMOR.</lines>
    </verse>
    <verse name="v3">
      <lines>Ó! SE TU CRERES, PERDÃO OBTERÁS,<br/>LIVRE É SEU AMOR, LIVRE É SEU AMOR;<br/>VEM O MOMENTO QUE TU BENDIRÁS;<br/>INESGOTÁVEL É SEU AMOR;<br/>CRISTO TE ESPERA, Ó OUVE O CHAMAR;<br/>LIVRE É SEU AMOR, LIVRE É SEU AMOR;<br/>FÉ EM SEU NOME TE HÁ DE SALVAR.<br/>INESGOTÁVEL É SEU AMOR.</lines>
    </verse>
  </lyrics>
</song>
