<?xml version='1.0' encoding='utf-8'?>
<song xmlns="http://openlyrics.info/namespace/2009/song" version="0.8" createdIn="OpenLP 2.0.3" modifiedIn="OpenLP 2.0.3" modifiedDate="2014-02-05T19:27:49">
  <properties>
    <titles>
      <title>HC  245 - PAZ DE DEUS EM JESUS ENCONTREI</title>
    </titles>
    <authors>
      <author>HARPA CRISTÃ</author>
    </authors>
  </properties>
  <lyrics>
    <verse name="v1">
      <lines>a paz e gozo jesus já me deu,<br/>ele p'ra isso ao mundo baixou;<br/>para salvar-me, seu sangue verteu,<br/>quando por mim na cruz expirou.</lines>
    </verse>
    <verse name="c1">
      <lines>paz de deus em jesus encontrei,<br/>pois tenho gozo no coração;<br/>honra e glória tributarei<br/>ao que me trouxe a salvação.</lines>
    </verse>
    <verse name="v2">
      <lines>a paz e gozo desfruto enfim,<br/>por jesus cristo, o meu redentor;<br/>um amor santo, oh, tenho em mim,<br/>que alcancei do consolador!</lines>
    </verse>
    <verse name="v3">
      <lines>a paz e gozo tem meu coração,<br/>vida celeste, repleta de maor;<br/>cristo me deu a real salvação,<br/>também o dom do consolador.</lines>
    </verse>
  </lyrics>
</song>
