<?xml version='1.0' encoding='utf-8'?>
<song xmlns="http://openlyrics.info/namespace/2009/song" version="0.8" createdIn="OpenLP 2.0.3" modifiedIn="OpenLP 2.0.3" modifiedDate="2014-02-05T19:28:02">
  <properties>
    <titles>
      <title>HC  311 - JESUS, MEU SALVADOR</title>
    </titles>
    <authors>
      <author>HARPA CRISTÃ</author>
    </authors>
  </properties>
  <lyrics>
    <verse name="v1">
      <lines>JESUS SALVOU-ME DO MUNDO,<br/>ELE É TÃO DOCE P'RA MIM;<br/>AMOR, LHE TENHO, PROFUNDO,<br/>POR SUA GRAÇA SEM FIM;<br/>QUANDO IA EU NO DESERTO,<br/>SEM GOZO, PAZ E SEM LUZ,<br/>ELE BUSCOU-ME, POR CERTO,<br/>TÉ QUE ACHOU-ME - JESUS!</lines>
    </verse>
    <verse name="c1">
      <lines>JESUS, JESUS, TU ÉS MEU SALVADOR,<br/>JESUS, JESUS, SÓ TEU SEREI, SENHOR.<br/>NA SANDA MUI VERDADEIRA,<br/>GUIA-ME TUA MÃO,<br/>E AO FINDAR MINHA CARREIRA,<br/>RECEBEREI GALARDÃO.</lines>
    </verse>
    <verse name="v2">
      <lines>JESUS DE SARON É A ROSA,<br/>LÍRIO SUAVE É P'RA MIM;<br/>ELE É A ROCHA PRECIOSA,<br/>ONDE HÁ GOZO SEM FIM;<br/>É DA MANHÃ A ESTRELA,<br/>NA NOITE ESCURA E SEM LUZ,<br/>TENHO DOÇURA EM VÊ-LA,<br/>POIS ELA É MEU JESUS!</lines>
    </verse>
    <verse name="v3">
      <lines>NA MANJEDORA NASCENDO,<br/>NO MUNDO, SÓ BATALHOU;<br/>EM MEU LUGAR PADECENDO,<br/>SANGUE POR MIM DERRAMOU,<br/>RESSURGIU DA SEPULTURA,<br/>SUBINDO À DEXTRA DE DEUS;<br/>BREVE VIRÁ DAS ALTURAS,<br/>DESCENDO EM NUVENS DOS CÉUS.</lines>
    </verse>
  </lyrics>
</song>
