<?xml version='1.0' encoding='utf-8'?>
<song xmlns="http://openlyrics.info/namespace/2009/song" version="0.8" createdIn="OpenLP 2.0.3" modifiedIn="OpenLP 2.0.3" modifiedDate="2014-02-05T19:28:09">
  <properties>
    <titles>
      <title>HC  351 - A FELICIDADE DA SALVAÇÃO</title>
    </titles>
    <authors>
      <author>HARPA CRISTÃ</author>
    </authors>
  </properties>
  <lyrics>
    <verse name="v1">
      <lines>SÃO FELIZES OS QUE TÊM O ALEGRE SOM<br/>DA SALVAÇÃO REAL DO NOSSO DEUS,<br/>POIS ELES TÊM OUVIDO NUM SUAVE TOM,<br/>A MULTIDÃO QUE CANTA LÁ NO CÉU.</lines>
    </verse>
    <verse name="c1">
      <lines>JÁ OS FILHOS DE DEUS BEM ALEGRES<br/>ESTÃO,<br/>PORÉM NO CÉU PRAZER MELHOR TERÃO,<br/>OS GOZOS DO CRISTÃO, APENAS GOTAS SÃO<br/>DO MAR DE BÊNÇÃOS, EM SIÃO!</lines>
    </verse>
    <verse name="v2">
      <lines>SECAM-SE DO MUNDO OS MANANCIAIS POR FIM,<br/>DEIXANDO AQUI SOMENTE SEQUIDÃO,<br/>PÓREM, AS FONTES DIVINAIS NÃO SÃO ASSIM,<br/>POIS SEMPRE ÁGUAS VIVAS MANARÃO.</lines>
    </verse>
    <verse name="v3">
      <lines>PAULO E SILAS, EIS QUE NA CADEIA ESTÃO,<br/>NO TRONCO TÊM SEGUROS MÃOS E PÉS,<br/>MAS SEM SE IMPORTAREM, MESMO NA PRISÃO,<br/>ENTOAM HINOS AO SENHOR, COM FÉ!</lines>
    </verse>
    <verse name="v4">
      <lines>EIS ESTEVÃO NUMA GRANDE EXULTAÇÃO,<br/>EMBORA ÀS PERDRADAS SUCUMBIU,<br/>PORQUE DO ESPÍRITO CHEIO TEVE A VISÃO:<br/>O SALVADOR À DEXTRA DE DEUS, VIU!</lines>
    </verse>
    <verse name="v5">
      <lines>MUITOS SÉCULOS TÊM-SE PASSADO JÁ,<br/>DEPOIS QUE ESTEVÃO, PELA FÉ MORREU,<br/>MAS SALVAÇÃO IGUAL JESUS AINDA DÁ,<br/>A TODOS CRENTES E FIÉIS EM DEUS.</lines>
    </verse>
    <verse name="v6">
      <lines>QUAL POMBINHO JÁ EM CANTO DIVINAL,<br/>QUE LOUVA: "ALELUIA", EM NOSSO SER;<br/>SE PERGUNTARES: "ONDE APANHAREI IGUAL?"<br/>"NO GÓLGOTA" NÓS VAMOS RESPONDER.</lines>
    </verse>
  </lyrics>
</song>
