<?xml version='1.0' encoding='utf-8'?>
<song xmlns="http://openlyrics.info/namespace/2009/song" version="0.8" createdIn="OpenLP 2.0.3" modifiedIn="OpenLP 2.0.3" modifiedDate="2014-02-05T19:27:53">
  <properties>
    <titles>
      <title>HC  268 - CONFIANTE EM DEUS</title>
    </titles>
    <authors>
      <author>HARPA CRISTÃ</author>
    </authors>
  </properties>
  <lyrics>
    <verse name="v1">
      <lines>SÊ TU, EM DEUS CONFIANTE;<br/>ORA MUITO A JESUS,<br/>E ALEGRE, TRIUFANTE,<br/>LEVA SEMPRE TUA CRUZ.<br/>NO SENHOR TEM ESPERANÇA;<br/>POIS TE GUIA SUA MÃO;<br/>VEM A ELE, SEM TARDANÇA,<br/>E TERÁS CONSOLAÇÃO.</lines>
    </verse>
    <verse name="c1">
      <lines>GLÓRIA, GLÓRIA. ALELUIA, ALELUIA A JESUS!<br/>ALELUIA! GLÓRIA A JESUS!<br/>GLÓRIA, GLÓRIA. ALELUIA, ALELUIA A JESUS!<br/>ALELUIA AO REDENTOR! AMÉM.</lines>
    </verse>
    <verse name="v2">
      <lines>SE AQUI ÉS PERSEGUIDO,<br/>TENS A GLÓRIA DO PORVIR;<br/>SE ESTÁS ENFRAQUECIDO,<br/>NOVAS FORÇAS HÃO DE VIR;<br/>MESMO QUE O SOL SE TURVE,<br/>HAJA FORTE FURACÃO,<br/>SÊ FIEL, NÃO TE PERTUBES,<br/>CRÊ EM DEUS, DE CORAÇÃO.</lines>
    </verse>
  </lyrics>
</song>
