<?xml version='1.0' encoding='utf-8'?>
<song xmlns="http://openlyrics.info/namespace/2009/song" version="0.8" createdIn="OpenLP 2.0.3" modifiedIn="OpenLP 2.0.3" modifiedDate="2014-02-05T19:27:25">
  <properties>
    <titles>
      <title>HC  131 - DE VALOR EM VALOR</title>
    </titles>
    <authors>
      <author>HARPA CRISTÃ</author>
    </authors>
  </properties>
  <lyrics>
    <verse name="v1">
      <lines>SÓ EM TI, MEU SENHOR EU DESEJO ESTAR,<br/>E TAMBÉM RECEBER TUA LUZ;<br/>DE VALOR EM VALOR SÓ POR TI AVANÇAR,<br/>Ó ME TRAZ JUNTO A TI, MEU JESUS.</lines>
    </verse>
    <verse name="c1">
      <lines>EU DESEJO, Ó DEUS, EM JESUS<br/>HABITAR;<br/>POIS MINH'ALMA SUSPIRA POR TI;<br/>DE VALOR EM VALOR, E NA FÉ AUMENTAR,<br/>PARA QUE VEJAM CRISTO EM MIM.</lines>
    </verse>
    <verse name="v2">
      <lines>O CAMINHO, SENHOR, FAZ-ME MAIS CONHECER,<br/>QUE ME LEVA À SANTA SIÃO;<br/>POR TEU GRANDE FAVOR, E COM MUITO PRAZER<br/>ENTRAREI NA ETERNAL MANSÃO.</lines>
    </verse>
    <verse name="v3">
      <lines>TUA MÃO, Ó SENHOR! QUEIRA ME PROTEGER,<br/>E DOS MALES DAQUI ME LIVRAR;<br/>NA MANHÃ D'ESPLENDOR, EU TAMBÉM QUERO SER<br/>DOS FIÉIS, QUE VÃO RESSUSCITAR.</lines>
    </verse>
  </lyrics>
</song>
