<?xml version='1.0' encoding='utf-8'?>
<song xmlns="http://openlyrics.info/namespace/2009/song" version="0.8" createdIn="OpenLP 2.0.3" modifiedIn="OpenLP 2.0.3" modifiedDate="2014-02-05T19:28:10">
  <properties>
    <titles>
      <title>HC  354 - O CUIDADO DA ALMA</title>
    </titles>
    <authors>
      <author>HARPA CRISTÃ</author>
    </authors>
  </properties>
  <lyrics>
    <verse name="v1">
      <lines>EU TENHO QUE GUARDAR<br/>MINH'ALMA IMORTAL,<br/>E PREPARÁ-LA PARA ENTRAR,<br/>NO REINO CELESTIAL.</lines>
    </verse>
    <verse name="v2">
      <lines>P'RA ISTO EU FAZER,<br/>MEU DEUS, VEM ME AJUDAR;<br/>A TEU SERVIÇO, SIM, MEU SER,<br/>TE QUERO CONSAGRAR.</lines>
    </verse>
    <verse name="v3">
      <lines>TEU FILHO QUERO SER,<br/>DE TODO CORAÇÃO<br/>E PARA SEMPRE OBTER<br/>TUA ETERNA PROTEÇÃO.</lines>
    </verse>
    <verse name="v4">
      <lines>AJUDA-ME A VELAR,<br/>NA FÉ ME FIRMAR BEM,<br/>POIS EM TI POSSO CONFIAR,<br/>E DESCANSAR TAMBÉM!</lines>
    </verse>
  </lyrics>
</song>
