<?xml version='1.0' encoding='utf-8'?>
<song xmlns="http://openlyrics.info/namespace/2009/song" version="0.8" createdIn="OpenLP 2.0.3" modifiedIn="OpenLP 2.0.3" modifiedDate="2014-02-05T19:28:24">
  <properties>
    <titles>
      <title>HC  431 - CRISTO CHAMA O PECADOR</title>
    </titles>
    <authors>
      <author>HARPA CRISTÃ</author>
    </authors>
  </properties>
  <lyrics>
    <verse name="v1">
      <lines>CRISTO CHAMA, CHAMA, CHAMA COM MUITO AMOR,<br/>"HOJE VEM A MIM, PECADOR!"<br/>A CRISTO DÁ TEU CORAÇÃO,<br/>MANCHADO JÁ POR MAL ATROZ;<br/>VEM, HOJE, VEM! BELA OCASIÃO!<br/>NÃO QUERES VIR A ESTA VOZ?</lines>
    </verse>
    <verse name="c1">
      <lines>ACEITARÁS AO SALVADOR?<br/>É TEU SENHOR, E BENFEITOR;<br/>TE CHAMA JÁ, VEM SEM TARDAR,<br/>ACEITARÁS O SALVADOR?<br/>ACEITARÁS O SALVADOR?</lines>
    </verse>
    <verse name="v2">
      <lines>CRISTO CHAMA, CHAMA, CHAMA COM MUITO AMOR;<br/>"HOJE VEM A MIM PECADOR!"<br/>A T'ESPERAR ESTÁ JESUS,<br/>POIS QUER TE DAR AMOR SEM PAR;<br/>NÃO TARDES MAIS, VEM PARA LUZ,<br/>NÃO OUVES TU JESUS CHAMAR?</lines>
    </verse>
    <verse name="v3">
      <lines>CRISTO CHAMA, CHAMA, CHAMA COM MUITO AMOR;<br/>"HOJE VEM A MIM PECADOR!"<br/>OH! AMANHÃ? NÃO VIVERÁS...<br/>E POR LAVAR... TEU CORAÇÃO?<br/>TEMPO FELIZ TU PERDERÁS<br/>E NÃO TERÁS MAIS SALVAÇÃO.</lines>
    </verse>
  </lyrics>
</song>
