<?xml version='1.0' encoding='utf-8'?>
<song xmlns="http://openlyrics.info/namespace/2009/song" version="0.8" createdIn="OpenLP 2.0.3" modifiedIn="OpenLP 2.0.3" modifiedDate="2014-02-05T19:27:35">
  <properties>
    <titles>
      <title>HC  170 - AO CALVÁRIO DE HORROR</title>
    </titles>
    <authors>
      <author>HARPA CRISTÃ</author>
    </authors>
  </properties>
  <lyrics>
    <verse name="v1">
      <lines>COMO HAVIA TREVAS NO MEU CORAÇÃO,<br/>QUANDO JESUS CRISTO ME SALVOU;<br/>PELA LUZ DIVINA, COM A SUA MÃO,<br/>TODAS AS MINHAS TREVAS DISSIPOU!</lines>
    </verse>
    <verse name="c1">
      <lines>AO CALVÁRIO DE HORROR, SUBIU<br/>JESUS,<br/>LEVANDO A CRUZ, LEVANDO A CRUZ;<br/>AO CALVÁRIO DE HORROR, SUBIU JESUS,<br/>LEVANDO A MINHA CRUZ!</lines>
    </verse>
    <verse name="v2">
      <lines>VINDO UM PERDIDO AO SENHOR JESUS,<br/>ACHARÁ O GOZO DIVINAL,<br/>E NA SUA ALMA RAIARÁ A LUZ,<br/>LUZ QUE VEM DO CÉU, LUZ ETERNAL!</lines>
    </verse>
    <verse name="v3">
      <lines>É MARAVILHOSO O AMOR DE DEUS,<br/>QUE MANDOU SEU FILHO P'RA SALVAR<br/>TODO O PERDIDO PECADOR OU RÉU,<br/>QUE A SUA GRAÇA ACEITAR!</lines>
    </verse>
  </lyrics>
</song>
