<?xml version='1.0' encoding='utf-8'?>
<song xmlns="http://openlyrics.info/namespace/2009/song" version="0.8" createdIn="OpenLP 2.0.3" modifiedIn="OpenLP 2.0.3" modifiedDate="2014-02-05T19:27:43">
  <properties>
    <titles>
      <title>HC  209 - A VOZ DO BOM PASTOR</title>
    </titles>
    <authors>
      <author>HARPA CRISTÃ</author>
    </authors>
  </properties>
  <lyrics>
    <verse name="v1">
      <lines>ESCUTA A VOZ DO BOM PASTOR<br/>EM ESPLENDOROSA SOLIDÃO,<br/>CHAMA AO CORDEIRO QUE EM TEMOR<br/>VAGA NA DENSA ESCURIDÃO.</lines>
    </verse>
    <verse name="c1">
      <lines>HOJE VEM A JESUS,<br/>AO BONDOSO SALVADOR,<br/>RECEBER SUA LUZ.<br/>VEM A CRISTO, O BOM PASTOR.</lines>
    </verse>
    <verse name="v2">
      <lines>QUEM AJUDAR QUE A JESUS,<br/>OS PECADOS PROCURAR,<br/>VÁ ESPALHAR A SUA LUZ,<br/>O EVANGELHO PROCLAMAR.</lines>
    </verse>
    <verse name="v3">
      <lines>TRISTE DESERTO O MUNDO É,<br/>CERCADO DE PERIGOS MIL;<br/>VEM, CHAMA CRISTO, VEM COM FÉ,<br/>VEM PARA DENTRO DO REDIL.</lines>
    </verse>
    <verse name="v4">
      <lines>ESCUTA HOJE, O BOM PASTOR,<br/>VEM NO APRISCO TE ABRIGAR,<br/>FOGE DO LOBO ENGANADOR,<br/>POIS ELE QUER TE DEVORAR.</lines>
    </verse>
  </lyrics>
</song>
