<?xml version='1.0' encoding='utf-8'?>
<song xmlns="http://openlyrics.info/namespace/2009/song" version="0.8" createdIn="OpenLP 2.0.3" modifiedIn="OpenLP 2.0.3" modifiedDate="2014-02-05T19:27:25">
  <properties>
    <titles>
      <title>HC  133 - NO ROL DO LIVRO</title>
    </titles>
    <authors>
      <author>HARPA CRISTÃ</author>
    </authors>
  </properties>
  <lyrics>
    <verse name="v1">
      <lines>TEU NOME, POR INTEIRO, ESCRITO ESTÁ NOS CÉUS<br/>NO LIVRO DO CORDEIRO, NO LIVRO DO BOM DEUS,<br/>TEREMOS A VITÓRIA, OLHANDO NO SENHOR;<br/>POR ISSO, DAMOS GLÓRIAS E GRAN LOUVOR.</lines>
    </verse>
    <verse name="c1">
      <lines>TEU NOME ESCRITO, IRMÃO,<br/>ESTÁ POR DEUS,<br/>NO LIVRO DA VIDA, NO ROL DOS FILHOS SEUS,<br/>TEU NOME ESCRITO, IRMÃO, ESTÁ NOS CÉUS;<br/>OH! GLÓRIA, ALELUIA! AMÉM.</lines>
    </verse>
    <verse name="v2">
      <lines>ALEGRES NÓS ANDAMOS NA GRAÇA DO SENHOR;<br/>E NELA NÓS ACHAMOS PODER CONSOLADOR!<br/>DE CRISTO RECEBEMOS, AJUDA E VIGOR;<br/>AVANTE, POIS MARCHEMOS, SEM MAIS TEMOR.</lines>
    </verse>
    <verse name="v3">
      <lines>NÓS CRIATURAS, SOMOS REMIDAS POR JESUS,<br/>NO QUAL ELEITOS FOMOS, P'RA DESFRUTAR A LUZ,<br/>NÓS TEMOS, POR HERANÇA, JESUS NOS ALTOS CÉUS,<br/>TAMBÉM A ESPERANÇA DE VER A DEUS.</lines>
    </verse>
    <verse name="v4">
      <lines>CONTENTES, LEVANTEMOS OS OLHOS PARA OS CÉUS,<br/>ESCRITOS NÓS JÁ TEMOS, OS NOMES, LÁ POR DEUS;<br/>SENTINDO GRANDE GOZO, SERVINDO AO SENHOR,<br/>AO TODO-PODEROSO, AO REDENTOR.</lines>
    </verse>
  </lyrics>
</song>
