<?xml version='1.0' encoding='utf-8'?>
<song xmlns="http://openlyrics.info/namespace/2009/song" version="0.8" createdIn="OpenLP 2.0.3" modifiedIn="OpenLP 2.0.3" modifiedDate="2014-02-05T19:27:07">
  <properties>
    <titles>
      <title>HC  022 - CEIA DO SENHOR</title>
    </titles>
    <authors>
      <author>HARPA CRISTÃ</author>
    </authors>
  </properties>
  <lyrics>
    <verse name="v1">
      <lines>EM NOSSA ALMA NÓS TOMAMOS<br/>O TEU CORPO, Ó JESUS!<br/>COMO OFERTA VOLUNTÁRIA,<br/>QUE NOS DESTE LÁ NA CRUZ.</lines>
    </verse>
    <verse name="c1">
      <lines>COMO PÃO DO CÉU DESCENTE,<br/>VAMOS A TI RECEBER,<br/>POIS UNIDOS AO TEU CORPO,<br/>NÓS QUEREMOS, SIM, VIVER.</lines>
    </verse>
    <verse name="v2">
      <lines>EM FIGURA, O TEU SANGUE<br/>NÓS BEBEMOS, Ó SENHOR,<br/>POIS SÓ NELE HÁ VIRTUDE<br/>P'RA SALVAR O PECADOR.</lines>
    </verse>
    <verse name="v3">
      <lines>VEM, CONCEDE À TUA IGREJA<br/>O PERDÃO DO TEU AMOR,<br/>PARA QUE NOS DOIS EMBLEMAS,<br/>CONTEMPLEMOS-TE, SENHOR.</lines>
    </verse>
    <verse name="v4">
      <lines>Ó SENHOR, POR TEU ESPÍRITO<br/>EM NÓS VEM JÁ RESIDIR,<br/>P'RA TEU CORPO E TEU SANGUE<br/>NÓS PODERMOS DISCERNIR.</lines>
    </verse>
  </lyrics>
</song>
