<?xml version='1.0' encoding='utf-8'?>
<song xmlns="http://openlyrics.info/namespace/2009/song" version="0.8" createdIn="OpenLP 2.0.3" modifiedIn="OpenLP 2.0.3" modifiedDate="2014-02-05T19:27:16">
  <properties>
    <titles>
      <title>HC  078 - MEU FORTE REDENTOR</title>
    </titles>
    <authors>
      <author>HARPA CRISTÃ</author>
    </authors>
  </properties>
  <lyrics>
    <verse name="v1">
      <lines>VAGANDO EU EM GRANDE ESCURIDÃO,<br/>O SALVADOR ME ENCONTROU,<br/>PERDIDO, MESMO, SEM TER SALVAÇÃO;<br/>A MINH'ALMA SEU SANGUE LAVOU.</lines>
    </verse>
    <verse name="c1">
      <lines>JESUS É O MEU FORTE REDENTOR;<br/>ELE É MEU GRANDE SALVADOR,<br/>QUE ME LIBERTOU NA CRUZ, COM MUI AMOR,<br/>CRISTO É MEU REI E MEU SENHOR.</lines>
    </verse>
    <verse name="v2">
      <lines>NOS MEUS PECADOS E VIL TURBAÇÃO,<br/>A LUZ MOSTROU-ME, O SENHOR;<br/>E FEZ-ME VER QUE ALI NA PEDIÇÃO<br/>ME ALCANÇAVA SEU GRANDE AMOR.</lines>
    </verse>
    <verse name="v3">
      <lines>EU GOZO DESTA GRANDE SALVAÇÃO,<br/>MEU NOME JÁ NO CÉU ESTÁ;<br/>E RECEBI A DIVINAL UNÇÃO,<br/>QUE AOS FIÉIS AINDA DEUS DÁ.</lines>
    </verse>
    <verse name="v4">
      <lines>NUM DIA ALEGRE, CRISTO VOLTARÁ,<br/>E PARA O CÉU EU SUBIREI;<br/>MEU CORPO TRANSFORMADO ENETÃO SERÁ,<br/>QUAL O DE CRISTO JESUS, O MEU REI.</lines>
    </verse>
  </lyrics>
</song>
