<?xml version='1.0' encoding='utf-8'?>
<song xmlns="http://openlyrics.info/namespace/2009/song" version="0.8" createdIn="OpenLP 2.0.3" modifiedIn="OpenLP 2.0.3" modifiedDate="2014-02-05T19:27:10">
  <properties>
    <titles>
      <title>HC  043 - DOCE LAR</title>
    </titles>
    <authors>
      <author>HARPA CRISTÃ</author>
    </authors>
  </properties>
  <lyrics>
    <verse name="v1">
      <lines>NA PÁTRIA CELESTE, DE DEUS O DOCE LAR,<br/>PREPARA JESUS, PARA OS SEUS, UM LUGAR,<br/>POIS LONGE DO MAL, DO PECADO E DA DOR,<br/>CONSIGO P'RA SEMPRE OS QUER TER SEU SENHOR.</lines>
    </verse>
    <verse name="c1">
      <lines>OH! DOCE, DOCE LAR!<br/>ALI, COM JESUS, VOU PARA SEMPRE DESCANSAR</lines>
    </verse>
    <verse name="v2">
      <lines>OH! LAR SACROSSANTO DE PAZ E DE AMOR!<br/>ALI SOBRE O TRONO, VEREI MEU SENHOR,<br/>O MEIGO CORDEIRO, REINANDO EM LUZ,<br/>POR TODOS LOUVADO, BENDITO JESUS!</lines>
    </verse>
    <verse name="v3">
      <lines>QUE PURAS DELÍCIAS SE ENCONTRAM EM TI!<br/>QUE GOZOS SUPREMOS ESPERAM ALI,<br/>AQUELES A QUEM JUNTO A SI DEUS QUE TER,<br/>E PERPETUAMENTE OS SATISFAZER!</lines>
    </verse>
    <verse name="v4">
      <lines>NÃO SÃO SEUS PRAZERES QUE ANSEIO GOZAR,<br/>MAS, SIM, COM JESUS PARA SEMPRE MORAR!<br/>JAMAIS DESONRÁ-LO, JAMAIS OFENDER<br/>A QUEM, P'RA GANHAR-ME, POR MIM QUIS MORRER.</lines>
    </verse>
  </lyrics>
</song>
