<?xml version='1.0' encoding='utf-8'?>
<song xmlns="http://openlyrics.info/namespace/2009/song" version="0.8" createdIn="OpenLP 2.0.3" modifiedIn="OpenLP 2.0.3" modifiedDate="2014-02-05T19:27:40">
  <properties>
    <titles>
      <title>HC  190 - CRISTO! MEU CRISTO!</title>
    </titles>
    <authors>
      <author>HARPA CRISTÃ</author>
    </authors>
  </properties>
  <lyrics>
    <verse name="v1">
      <lines>OH! QUANTO FEZ JESUS POR MIM!<br/>SALVOU-ME DO PECADO!<br/>ATÉ A MORTE ( TRISTE FIM),<br/>AMOU-ME O BEM AMADO.<br/>COM DEUS, O PAI, AGORA ESTÁ<br/>JESUS, MEU ADVOGADO;<br/>MORADA ME CONCEDERÁ<br/>NA GLÓRIA, COM O AMADO.</lines>
    </verse>
    <verse name="c1">
      <lines>CRISTO! MEU CRISTO!<br/>TEU NOME É DOCE, AMADO!<br/>DESEJO VER-TE, FACE A FACE<br/>MEU CRISTO BEM AMADO.</lines>
    </verse>
    <verse name="v2">
      <lines>DEFENDE COMO PROTETOR,<br/>SEGURA O PÉ CANSADO;<br/>E SOBRE MIM, COM TERNO AMOR,<br/>VIGIA O BEM AMADO.<br/>A MINHA HUMILDE PETIÇÃO<br/>ESCUTA COM AGRADO;<br/>TRANQÜILO E DÉBIL CORAÇÃO,<br/>REPOUSA EM TI, AMADO.</lines>
    </verse>
  </lyrics>
</song>
