<?xml version='1.0' encoding='utf-8'?>
<song xmlns="http://openlyrics.info/namespace/2009/song" version="0.8" createdIn="OpenLP 2.0.3" modifiedIn="OpenLP 2.0.3" modifiedDate="2014-02-05T19:27:34">
  <properties>
    <titles>
      <title>HC  167 - AS TESTEMUNHAS DE JESUS</title>
    </titles>
    <authors>
      <author>HARPA CRISTÃ</author>
    </authors>
  </properties>
  <lyrics>
    <verse name="v1">
      <lines>Ó COMPANHEIROS DESTA CAUSA SANTA<br/>ANUNCIAI QUE CRISTO É SALVADOR,<br/>É BOA NOVA QUE O PERDIDO SALVA<br/>E DO ESCRAVO FAZ UM VENCEDOR;<br/>DO AMAZONAS, ATÉ AO RIO GRANDE,<br/>O EVANGELHO, OUSADOS, PROCLAMAI,<br/>E A MENSAGEM, QUE DA PAZ NOS FALA;<br/>ETERNA GLÓRIA VOS DARÁ DO PAI.</lines>
    </verse>
    <verse name="v2">
      <lines>A SALVAÇÃO PERFEITA E GLORIOSA,<br/>QUE, EM JESUS, O PAI QUIS REVELAR,<br/>NÓS PUBLICAMOS, SIM, POR TODA A PARTE,<br/>AOS QUE JESUS JÁ VEIO P'RA SALVAR.<br/>E MUITOS JÁ A CRISTO SE ENTREGARAM,<br/>E A ESTES OUTROS VÃO SE REUNIR,<br/>SIM, A PALAVRA, EM VÃO, NÃO SE SEMEIA,<br/>POIS QUEM A DEU, TAMBÉM A FAZ FRUIR.</lines>
    </verse>
    <verse name="v3">
      <lines>PODER DO ALTO P'RA SER TESTEMUNHA,<br/>FOI A PROMESSA QU'ELE NOS DEIXOU,<br/>BEM POUCOS CRENTES, 'STÃO À SUA ESPERA,<br/>DESCONHECENDO O QUE DEUS NOS LEGOU,<br/>MAS, GLÓRIA A DEUS! HÁ OUTROS QUE ACORDARAM<br/>E CHEIOS DE PODER PENTECOSTAL,<br/>VÃO DESPERTAR OS CRENTES OCIOSOS,<br/>P'RA ACHAREM ESTE DOM CELESTIAL.</lines>
    </verse>
    <verse name="v4">
      <lines>NO NOME DE JESUS NÓS PROCLAMAMOS,<br/>A SALVAÇÃO P'RA TODO O PECADOR,<br/>A ESTE NOME CURA OS ENFERMOS,<br/>QUE BUSCAM NELE ALIVIAR A DOR;<br/>E OS DEMÔNIOS SERÃO EXPULSOS,<br/>PORQUE JESUS PODER NOS PROMETEU,<br/>E JÁ UM POVO ESTÁ SE PREPARANDO<br/>P'RA ENCONTRAR JESUS, O REI DO CÉU.</lines>
    </verse>
  </lyrics>
</song>
