<?xml version='1.0' encoding='utf-8'?>
<song xmlns="http://openlyrics.info/namespace/2009/song" version="0.8" createdIn="OpenLP 2.0.3" modifiedIn="OpenLP 2.0.3" modifiedDate="2014-02-05T19:27:51">
  <properties>
    <titles>
      <title>HC  256 - ABANDONA ESTE MUNDO DE HORROR</title>
    </titles>
    <authors>
      <author>HARPA CRISTÃ</author>
    </authors>
  </properties>
  <lyrics>
    <verse name="v1">
      <lines>ABANDONA ESTE MAR,<br/>ONDE PODES NAUFRAGAR;<br/>ABANDONA ESTE MUNDO DE HORROR,<br/>A MARÉ TE LEVARÁ,<br/>O TEU BARCO QUEBRARÁ,<br/>Ó ACEITA A JESUS, O SALVADOR!</lines>
    </verse>
    <verse name="c1">
      <lines>ABANDONA JÁ DUMA VEZ,<br/>ESTE PROCELOSO MAR.<br/>HOJE SEM TARDAR;<br/>DO CASTIGO ETERNAL,<br/>E DE MORTE TÃO FATAL,<br/>FOGE LOGO PECADOR COM RAPIDEZ.</lines>
    </verse>
    <verse name="v2">
      <lines>EIS FARÓIS A CLAREAR<br/>E PERIGOS A MARCAR;<br/>ABANDONA ESTE MUNDO DE HORROR,<br/>JÁ NA BARRA MAIS ALÉM,<br/>O TEU BARCO SE SUSTÉM,<br/>Ó ACEITA A JESUS, O SALVADOR!</lines>
    </verse>
    <verse name="v3">
      <lines>EIS QUE VOZES SEM CESSAR,<br/>NÃO SE CANSAM DE CLAMAR:<br/>ABANDONA ESTE MUNDO DE HORROR,<br/>Ó AMIGO, OUVE JÁ,<br/>ESSA VOZ TE SALVARÁ.<br/>Ó ACEITA A JESUS, O SALVDOR!</lines>
    </verse>
    <verse name="v4">
      <lines>NÃO ESCUTAS A JESUS,<br/>QUE TE CHAMA PARA ALUZ?<br/>ABANDONA ESTE MUNDO DE HORROR,<br/>SE PERSISTES EM VAGAR,<br/>NÃO TE PODERÁS SALVAR.<br/>Ó ACEITA A JESUS, O SALVADOR!</lines>
    </verse>
  </lyrics>
</song>
