<?xml version='1.0' encoding='utf-8'?>
<song xmlns="http://openlyrics.info/namespace/2009/song" version="0.8" createdIn="OpenLP 2.0.3" modifiedIn="OpenLP 2.0.3" modifiedDate="2014-02-05T19:28:06">
  <properties>
    <titles>
      <title>HC  331 - Ó CARO SALVADOR</title>
    </titles>
    <authors>
      <author>HARPA CRISTÃ</author>
    </authors>
  </properties>
  <lyrics>
    <verse name="v1">
      <lines>Ó CARO SALVADOR, MANANCIAL DE AMOR,<br/>TE SINTO EM MIM!<br/>TEU GOZO A MIM VIRÁ, JAMAIS ME FALTARÁ,<br/>O QUAL ME LEVARÁ AO CÉU ENFIM.</lines>
    </verse>
    <verse name="v2">
      <lines>Ó CARO SALVADOR, RIQUEZA DE AMOR,<br/>VELA POR MIM;<br/>TEM-ME NA TUA MÃO, Ó GRANDE CAPITÃO,<br/>E LUTAREI, ENTÃO, CONTIGO ASSIM.</lines>
    </verse>
    <verse name="v3">
      <lines>Ó CARO SALVADOR, MEU VERO INTERCESSOR,<br/>ORA POR MIM;<br/>EU POSSO ENTÃO FALAR, OH! DESTE AMOR SEM PAR,<br/>QUE VEIO ME SALVAR DO MUNDO, SIM!</lines>
    </verse>
    <verse name="v4">
      <lines>Ó CARO SALVADOR, COM TEU PODER, SENHOR,<br/>OPERA EM MIM;<br/>NA SENDA DE VALOR, REPLETO DE VIGOR,<br/>SEM TER NENHUM TEMOR, IREI ASSIM!</lines>
    </verse>
  </lyrics>
</song>
