<?xml version='1.0' encoding='utf-8'?>
<song xmlns="http://openlyrics.info/namespace/2009/song" version="0.8" createdIn="OpenLP 2.0.3" modifiedIn="OpenLP 2.0.3" modifiedDate="2014-02-05T19:27:27">
  <properties>
    <titles>
      <title>HC  141 - GUIA-ME SEMPRE, MEU SENHOR</title>
    </titles>
    <authors>
      <author>HARPA CRISTÃ</author>
    </authors>
  </properties>
  <lyrics>
    <verse name="v1">
      <lines>AONDE GUIAR-ME MEU SENHOR,<br/>EU SEGUIREI, POR SEU AMOR;<br/>É SUA MÃO QUE ME CONDUZ,<br/>POR MIM FERIDA SOBRE A CRUZ.</lines>
    </verse>
    <verse name="c1">
      <lines>GUIA-ME SEMPRE, MEU SENHOR,<br/>GUIA MEUS PASSOS, SALVADOR;<br/>TU ME COMPRASTE SOBRE A CRUZ;<br/>REGE-ME EM TUDO, MEU JESUS.</lines>
    </verse>
    <verse name="v2">
      <lines>ACHO PRAZER EM TE SEGUIR;<br/>DESCANSO E PAZ ME FAZ SENTIR;<br/>DOCE É A MIM O TEU QUERER,<br/>GOZO ME TRAZ TE OBEDECER.</lines>
    </verse>
    <verse name="v3">
      <lines>SIGO SEM MEDO O MEU SENHOR<br/>QUE ME ENCHEU DO SEU AMOR;<br/>SENTINDO PERTO A SUA MÃO,<br/>POSSO CANTAR NA ESCURIDÃO.</lines>
    </verse>
    <verse name="v4">
      <lines>PARA SEU REINO ME CONDUZ,<br/>PELO JARDIM E PELA CRUZ;<br/>LÁ FICOU MORTO O VELHO "EU",<br/>LÁ MEU ESPÍRITO REVIVEU.</lines>
    </verse>
  </lyrics>
</song>
