<?xml version='1.0' encoding='utf-8'?>
<song xmlns="http://openlyrics.info/namespace/2009/song" version="0.8" createdIn="OpenLP 2.0.3" modifiedIn="OpenLP 2.0.3" modifiedDate="2014-02-05T19:27:14">
  <properties>
    <titles>
      <title>HC  067 - QUEM QUER IR COM CRISTO!</title>
    </titles>
    <authors>
      <author>HARPA CRISTÃ</author>
    </authors>
  </properties>
  <lyrics>
    <verse name="v1">
      <lines>QUEM QUER HOJE MESMO A JESUS SEGUIR?<br/>SEU PENDÃO ALÇANDO, AO COMBATE IR?<br/>QUEM QUER, HUMILHADO, SEMPRE O SERVIR,<br/>E OBEDECÊ-LO, SEU QUERER CUMPRIR?</lines>
    </verse>
    <verse name="c1">
      <lines>QUEM QUE IR COM CRISTO, QUEM<br/>RESPONDERÁ,<br/>PRESTO, SEM DEMORA, " EU, SENHOR, IREI"?<br/>ONDE FOR O MESTRE, TU TAMBÉM IRÁS?<br/>QUEM DIRÁ AGORA: "EU TE SEGUIREI"?</lines>
    </verse>
    <verse name="v2">
      <lines>QUEM SEGUIR A CRISTO QUER, COM MUI AMOR,<br/>DANDO-LHE TRIBUTO, DANDO-LHE LOUVOR;<br/>DE SUA NOBRE CAUSA, SENDO DEFENSOR,<br/>E NA SANTA VINHA, SER TRABALHADOR?</lines>
    </verse>
    <verse name="v3">
      <lines>QUERES TU SEGUI-LO, SEM VACILAÇÃO,<br/>E FUGIR DOS BRAÇOS DA VIL TENTAÇÃO?<br/>SEMPRE CONFIANDO NA SUA PROTEÇÃO,<br/>POR FÉ DESFRUTANDO SUA SALVAÇÃO.</lines>
    </verse>
  </lyrics>
</song>
