<?xml version='1.0' encoding='utf-8'?>
<song xmlns="http://openlyrics.info/namespace/2009/song" version="0.8" createdIn="OpenLP 2.0.3" modifiedIn="OpenLP 2.0.3" modifiedDate="2014-02-05T19:27:12">
  <properties>
    <titles>
      <title>HC  053 - A ESPERANÇA DA IGREJA</title>
    </titles>
    <authors>
      <author>HARPA CRISTÃ</author>
    </authors>
  </properties>
  <lyrics>
    <verse name="v1">
      <lines>ATÉ QUE VOLTE O SALVADOR,<br/>CERCANDO A MESA DO SENHOR,<br/>A CEIA VIMOS CELEBRAR,<br/>DE CRISTO, A MORTE ANUNCIAR,<br/>E COM HUMILDE DEVOÇÃO,<br/>RENDER A DEUS ADORAÇÃO.</lines>
    </verse>
    <verse name="v2">
      <lines>ATÉ QUE VOLTE O SALVADOR,<br/>AQUI MOSTREMOS SEU AMOR;<br/>COM VIVA FÉ E GRATIDÃO,<br/>PARTICIPEMOS DESTE PÃO,<br/>OBEDIENTES A JESUS,<br/>LEMBRANDO ASSIM A SUA CRUZ!</lines>
    </verse>
    <verse name="v3">
      <lines>ATÉ QUE VOLTE O SALVADOR,<br/>BEBENDO O CÁLICE DO SENHOR,<br/>SEU NOME QUEREMOS BENDIZER,<br/>E MAIS E MAIS ENGRANDECER,<br/>O SANGUE QUE ELE DERRAMOU,<br/>O SANGUE QUE NOS RESGATOU!</lines>
    </verse>
    <verse name="v4">
      <lines>SE DURAS SÃO AS PROVAÇÕES,<br/>SE FORTES AS PERSEGUIÇÕES,<br/>SE AS LUTAS FAZEM-SE SENTIR,<br/>E CUSTA-NOS AS RESISTIR,<br/>NÃO NOS DEIXEMOS PERTUBAR:<br/>SÃO SÓ ATÉ JESUS VOLTAR!</lines>
    </verse>
    <verse name="v5">
      <lines>BEM PRONTOS PARA O RECEBER,<br/>DEVEMOS SEMPRE AQUI VIVER;<br/>O TEMPO FOGE, O DIA VEM,<br/>A GLÓRIA ESPERAMOS ALÉM,<br/>POIS TRABALHEMOS, COM FERVOR,<br/>ATÉ QUE VOLTE O SALVADOR.</lines>
    </verse>
  </lyrics>
</song>
