<?xml version='1.0' encoding='utf-8'?>
<song xmlns="http://openlyrics.info/namespace/2009/song" version="0.8" createdIn="OpenLP 2.0.3" modifiedIn="OpenLP 2.0.3" modifiedDate="2014-02-05T19:27:18">
  <properties>
    <titles>
      <title>HC  089 - SUBLIME E GRANDE AMOR</title>
    </titles>
    <authors>
      <author>HARPA CRISTÃ</author>
    </authors>
  </properties>
  <lyrics>
    <verse name="v1">
      <lines>CONTA-ME, SIM, DE JESUS,<br/>PARA NA MENTE, EU GRAVAR<br/>COMO FOI QUE PADECEU<br/>NA CRUZ, P'RA ME LIBERTAR:<br/>A SUA PAIXÃO E MORTE,<br/>A COMEÇAR NO JARDIM,<br/>NÃO HOUVE MAIS QUEM TIVESSE<br/>UM SOFRIMENTO ASSIM!</lines>
    </verse>
    <verse name="c1">
      <lines>SÓ AMOR! SÓ AMOR!<br/>SÓ AMOR! SUBLIME E GRANDE AMOR!</lines>
    </verse>
    <verse name="v2">
      <lines>CONTA-ME COMO SENTIU<br/>A RUDE MORTE NA CRUZ,<br/>SUPORTANDO A ACUSAÇÃO<br/>DOS INIMIGOS DA LUZ;<br/>CONTA-ME COMO TEM DADO<br/>AO MALFEITOR SUA PAZ,<br/>DIZENDO: "HOJE, COMIGO,<br/>NO PARAÍSO ESTARÁS".</lines>
    </verse>
    <verse name="v3">
      <lines>CONTA-ME COMO CHOROU,<br/>FALANDO A JERUSALÉM;<br/>PROFETAS FAZES MORRER,<br/>QUANDO A TI ELES VÊM;<br/>CONTA-ME COMO INDA CHORA,<br/>POR CAUSA DO PECADOR,<br/>QUE NÃO QUER SEU EVANGELHO,<br/>PROCLAMANDO COM AMOR.</lines>
    </verse>
    <verse name="v4">
      <lines>CONTA-ME COMO O SENHOR<br/>UM BOM TESTEMUNHO DEU,<br/>SATISFAZENDO A LEI,<br/>QUANDO O CÁLICE BEBEU;<br/>TAMBÉM DISSE ESTAS PALAVRAS,<br/>COM SEU TÃO PROFUNDO AMOR;<br/>PAI, LHES PERDOA A CEGUEIRA,<br/>QUE É PRÓPRIA DO PECADOR.</lines>
    </verse>
    <verse name="v5">
      <lines>CONTA-ME COMO, TAMBÉM,<br/>VEIO AO POVO JUDEU,<br/>POVO QUE TANTO AMOU,<br/>QUERENDO DAR-LHE OS CÉUS;<br/>COMO INDA HOJE ELE AMA<br/>A TODO O PECADOR,<br/>DANDO-LHE PAZ E DESCANSO,<br/>PELO EVANGELHO DE AMOR.</lines>
    </verse>
  </lyrics>
</song>
