<?xml version='1.0' encoding='utf-8'?>
<song xmlns="http://openlyrics.info/namespace/2009/song" version="0.8" createdIn="OpenLP 2.0.3" modifiedIn="OpenLP 2.0.3" modifiedDate="2014-02-05T19:27:27">
  <properties>
    <titles>
      <title>HC  143 - O VERDADEIRO AMIGO</title>
    </titles>
    <authors>
      <author>HARPA CRISTÃ</author>
    </authors>
  </properties>
  <lyrics>
    <verse name="v1">
      <lines>TU ÉS P'RA MIM O VERDADEIRO AMIGO,<br/>SÓ EM TI, MEU REDENTOR, VOU CONFIAR,<br/>DEFENDE-ME DO MUNDO, DO PERIGO;<br/>ANSIOSO, EU TE QUERO ENCONTRAR.</lines>
    </verse>
    <verse name="c1">
      <lines>VEM LEVAR ME PARA PERTO<br/>DO TEU GRANDE E BONDOSO CORAÇÃO;<br/>SEMPRE AVANTE E BEM CERTO,<br/>COM JESUS, EU VOU ANDANDO P'RA SIÃO.</lines>
    </verse>
    <verse name="v2">
      <lines>VEM JÁ, SENHOR, COM TUA GRAÇA IMENSA<br/>AJUDAR-ME A LEVAR A MINHA CRUZ,<br/>FAZENDO-ME SENTIR REAL PRESENÇA,<br/>DO CONSOLADOR DIVINO, Ó JESUS!</lines>
    </verse>
    <verse name="v3">
      <lines>JESUS, TU ÉS A MINHA ESPERANÇA,<br/>E CONTENTE EU DESEJO TE SEGUIR;<br/>A TI ORANDO, COM PERSEVERANÇA,<br/>PARA QUE ME GUARDES SEMPRE DE CAIR.</lines>
    </verse>
  </lyrics>
</song>
