<?xml version='1.0' encoding='utf-8'?>
<song xmlns="http://openlyrics.info/namespace/2009/song" version="0.8" createdIn="OpenLP 2.0.3" modifiedIn="OpenLP 2.0.3" modifiedDate="2014-02-05T19:27:23">
  <properties>
    <titles>
      <title>HC  120 - NOITE  DE PAZ</title>
    </titles>
    <authors>
      <author>HARPA CRISTÃ</author>
    </authors>
  </properties>
  <lyrics>
    <verse name="v1">
      <lines>NOITE DE PAZ, NOITE DE AMOR;<br/>TUDO DORME, EM DERREDOR!<br/>ENTRE OS ASTROS QUE ESPARGEM A LUZ<br/>BELA, INDICANDO O MENINO JESUS,<br/>BRILHA A ESTRELA DA PAZ,<br/>BRILHA A ESTRELA DA PAZ.</lines>
    </verse>
    <verse name="v2">
      <lines>NOITE DE PAZ, NOITE DE AMOR,<br/>OUVE O FIEL PASTOR,<br/>COROS CELESTES QUE CANTAM A PAZ,<br/>QUE NESTA NOITE SUBLIME NOS TRAZ,<br/>O NOSSO BOM REDENTOR,<br/>O NOSSO BOM REDENTOR.</lines>
    </verse>
    <verse name="v3">
      <lines>NOITE DE PAZ, NOITE DE AMOR,<br/>OH! QUE BELO RESPLENDOR,<br/>PAIRA NO ROSTO DO MEIGO JESUS!<br/>E NO PRESÉPIO DO MUNDO, A LUZ!<br/>ASTRO DE ETERNO FULGOR,<br/>ASTRO DE ETERNO FULGOR.</lines>
    </verse>
  </lyrics>
</song>
