<?xml version='1.0' encoding='utf-8'?>
<song xmlns="http://openlyrics.info/namespace/2009/song" version="0.8" createdIn="OpenLP 2.0.3" modifiedIn="OpenLP 2.0.3" modifiedDate="2014-02-05T19:28:07">
  <properties>
    <titles>
      <title>HC  337 - Ó BOM JESUS</title>
    </titles>
    <authors>
      <author>HARPA CRISTÃ</author>
    </authors>
  </properties>
  <lyrics>
    <verse name="v1">
      <lines>Ó BOM JESUS, TESOURO DE PODER,<br/>QUERO SENTIR-TE, SEMPRE NO MEU SER!<br/>FAZ-ME ANDAR, OH! SEMPRE NESTA LUZ,<br/>POIS DENTRO DE MIM VIVES, Ó MEU BOM JESUS!</lines>
    </verse>
    <verse name="c1">
      <lines>OH! EM MIM, JÁ ENFIM,<br/>RESSUSCITOU JESUS;<br/>DAS TREVAS LIVRE ESTOU ASSIM, POR SUA LUZ!</lines>
    </verse>
    <verse name="v2">
      <lines>Ó BOM JESUS, Ó FONTE DE AMOR,<br/>FAZ-ME OUVIR A TUA VOZ, SENHOR;<br/>SEMPRE VIVER DE TI EU QUERO SIM,<br/>Ó MANIFESTA MAIS O TEU PODER EM MIM!</lines>
    </verse>
    <verse name="v3">
      <lines>Ó BOM JESUS, REAL CONSOLADOR,<br/>LONGE DE TI ESTÁ O PECADOR!<br/>VIVES EM MIM, ÉS MINHA SALVAÇÃO;<br/>SÓ É FELIZ, O QUE TE TEM NO CORAÇÃO!</lines>
    </verse>
  </lyrics>
</song>
