<?xml version='1.0' encoding='utf-8'?>
<song xmlns="http://openlyrics.info/namespace/2009/song" version="0.8" createdIn="OpenLP 2.0.3" modifiedIn="OpenLP 2.0.3" modifiedDate="2014-02-05T19:28:23">
  <properties>
    <titles>
      <title>HC  426 - UNIÃO DOS IRMÃOS</title>
    </titles>
    <authors>
      <author>HARPA CRISTÃ</author>
    </authors>
  </properties>
  <lyrics>
    <verse name="v1">
      <lines>QUANDO AQUI NOS REUNIMOS,<br/>Ó IRMÃOS, EM SANTO AMOR,<br/>CERTAMENTE NÓS FRUÍMOS,<br/>BÊNÇÃOS DO CONSOLADOR!<br/>SEMPRE PODE SUA PRESENÇA,<br/>DE JESUS TESTIFICAR;<br/>COM PALAVRAS E SENTENÇAS<br/>A QUEM QUER O ESCUTAR.</lines>
    </verse>
    <verse name="v2">
      <lines>QUANDO NÓS NOS HUMILHAMOS<br/>ANTE O BOM CONSOLADOR,<br/>O PODER QUE NÓS BUSCAMOS,<br/>NOS CONCEDE COM AMOR;<br/>E SE VERDES GLORIOSO,<br/>EM VISÃO JESUS PASSAR,<br/>EIS QUE BUSCA ANSIOSO,<br/>UMA ALMA BATIZAR.</lines>
    </verse>
    <verse name="v3">
      <lines>QUANDO TODOS NOS ACHAMOS<br/>PRONTOS PARA ESCUTAR,<br/>PELA UNÇÃO, OUVIR NÓS VAMOS<br/>O BOM DEUS, A NÓS FALAR;<br/>E NO CÉU, SIM, AO CHEGARMOS,<br/>OH! QUE FESTA HAVERÁ,<br/>QUANDO JÁ NOS ENCONTRARMOS<br/>NO LUGAR QUE DEUS DARÁ!</lines>
    </verse>
    <verse name="v4">
      <lines>Ó REMIDOS, SEMPRE FIRMES,<br/>ESPERANDO COM ARDOR,<br/>QUE EM NÓS DEUS MAIS CONFIRME<br/>SEU PODER CONSOLADOR;<br/>EIA! AVANTE, A CAMINHO,<br/>PELA GLORIOSA LUZ,<br/>POIS DE NÓS VAI MUI VIZINHO,<br/>O AMADO E BOM JESUS!</lines>
    </verse>
  </lyrics>
</song>
