<?xml version='1.0' encoding='utf-8'?>
<song xmlns="http://openlyrics.info/namespace/2009/song" version="0.8" createdIn="OpenLP 2.0.3" modifiedIn="OpenLP 2.0.3" modifiedDate="2014-02-05T19:27:09">
  <properties>
    <titles>
      <title>HC  033 - COM TUA MÃO</title>
    </titles>
    <authors>
      <author>HARPA CRISTÃ</author>
    </authors>
  </properties>
  <lyrics>
    <verse name="v1">
      <lines>COM TUA MÃO, SEGURA BEM A MINHA,<br/>POIS EU TÃO FRACO SOU, Ó SALVADOR!<br/>QUE NÃO ME ATREVO A DAR NEM UM SÓ PASSO<br/>SEM TEU AMPARO, MEU JESUS SENHOR!</lines>
    </verse>
    <verse name="v2">
      <lines>COM TUA MÃO, SEGURA BEM A MINHA,<br/>E MAIS E MAIS UNIDO A TI, JESUS.<br/>Ó TRAZE-ME, QUE NUNCA ME DESVIE<br/>DE TI, SENHOR, A MINHA VIDA E LUZ!</lines>
    </verse>
    <verse name="v3">
      <lines>COM TUA MÃO, SEGURA BEM A MINHA,<br/>E, PELO MUNDO, ALEGRE SEGUIREI;<br/>MESMO ONDE AS SOMBRAS CAEM MAIS ESCURAS<br/>TEU ROSTO VENDO, NADA TEMEREI.</lines>
    </verse>
    <verse name="v4">
      <lines>E, SE CHEGAR À BEIRA DESSE RIO,<br/>QUE TU POR MIM QUISESTE ATRAVESSAR,<br/>COM TUA MÃO SEGURA BEM A MINHA,<br/>E SOBRE A MORTE EU HEI DE TRIUNFAR.</lines>
    </verse>
    <verse name="v5">
      <lines>QUANDO VOLTARES ESSES CÉUS ROMPENDO,<br/>SEGURA BEM A MINHA MÃO, SENHOR,<br/>E, MEU JESUS, Ó LEVA-ME CONTIGO,<br/>PARA ONDE EU GOZE TEU ETERNO AMOR.</lines>
    </verse>
  </lyrics>
</song>
