<?xml version='1.0' encoding='utf-8'?>
<song xmlns="http://openlyrics.info/namespace/2009/song" version="0.8" createdIn="OpenLP 2.0.3" modifiedIn="OpenLP 2.0.3" modifiedDate="2014-02-05T19:28:02">
  <properties>
    <titles>
      <title>HC  309 - AO FINDAR DO DIA</title>
    </titles>
    <authors>
      <author>HARPA CRISTÃ</author>
    </authors>
  </properties>
  <lyrics>
    <verse name="v1">
      <lines>FINDA A LIDA DESTE DIA, Ó BENDITO SALVADOR;<br/>EIS-NOS TODOS REUNIDOS A CANTAR O TEU LOUVOR;<br/>VEM ENCHER-NOS DO TEU SANTO E DOCE AMOR!</lines>
    </verse>
    <verse name="v2">
      <lines>A LEITURA DA PALAVRA, VEM, SENHOR, ABENÇOAR,<br/>E NO CORAÇÃO DOS CRENTES TEUS ENSINOS VEM GRAVAR.<br/>TUAS BÊNÇÃOS CONTINUA A DERRAMAR!</lines>
    </verse>
    <verse name="v3">
      <lines>CONGREGADOS NOS ACHARMOS CONSTRANGIDOS PELOAMOR<br/>QUE EMANA DO TEU NOME, Ó AMADO SALVADOR;<br/>APRENDENDO NO TEU LIVRO, Ó SENHOR! AMÉM.</lines>
    </verse>
  </lyrics>
</song>
