<?xml version='1.0' encoding='utf-8'?>
<song xmlns="http://openlyrics.info/namespace/2009/song" version="0.8" createdIn="OpenLP 2.0.3" modifiedIn="OpenLP 2.0.3" modifiedDate="2014-02-05T19:27:07">
  <properties>
    <titles>
      <title>HC  023 - GLÓRIA A JESUS</title>
    </titles>
    <authors>
      <author>HARPA CRISTÃ</author>
    </authors>
  </properties>
  <lyrics>
    <verse name="v1">
      <lines>CANTAM OS SANTOS COM FERVOR,<br/>A QUEM POR MIM FOI IMOLADO,<br/>NA CRUZ, SOFRENDO O MEU PECADO.</lines>
    </verse>
    <verse name="v2">
      <lines>GLÓRIA A JESUS!<br/>GLÓRIA A JESUS!<br/>GLÓRIA A JESUS, O SALVADOR!</lines>
    </verse>
    <verse name="v3">
      <lines>DEUS É O JUSTIFICADOR<br/>DE QUEM CRER NO SEU ENVIADO<br/>SIM, NO SEU FILHO MUI AMADO.</lines>
    </verse>
    <verse name="v4">
      <lines>DO SEU PAI RECEBEU LOUVOR,<br/>E COM PODER DOI EXALTADO,<br/>POR ISSO É GLORIFICADO.</lines>
    </verse>
    <verse name="v5">
      <lines>DO "SANGUE PUFIFICADOR"<br/>EU QUERO SEMPRE TER LEMBRANÇA,<br/>E NELE TER MAIS CONFIANÇA.</lines>
    </verse>
    <verse name="v6">
      <lines>POR NÓS, NA CRUZ, SOFREU A DOR,<br/>COM SANGUE FOMOS NÓS COMPRADOS,<br/>E DO PECADO RESGATADOS.</lines>
    </verse>
  </lyrics>
</song>
