<?xml version='1.0' encoding='utf-8'?>
<song xmlns="http://openlyrics.info/namespace/2009/song" version="0.8" createdIn="OpenLP 2.0.3" modifiedIn="OpenLP 2.0.3" modifiedDate="2014-02-05T19:27:05">
  <properties>
    <titles>
      <title>HC  008 - CRISTO, O FIEL AMIGO</title>
    </titles>
    <authors>
      <author>HARPA CRISTÃ</author>
    </authors>
  </properties>
  <lyrics>
    <verse name="v1">
      <lines>CRISTO JESUS É FIEL AMIGO,<br/>ELE SÓ, ELE SÓ.<br/>E NAS FRAQUEZAS ESTÁ COMIGO,<br/>ELE SÓ, ELE SÓ.</lines>
    </verse>
    <verse name="c1">
      <lines>E NAS LUTAS DE CADA DIA<br/>CRISTO NUNCA ME DEIXA SÓ<br/>POIS ELE É MEU SEGURO GUIA,<br/>ELE SÓ, ELE SÓ.</lines>
    </verse>
    <verse name="v2">
      <lines>NÃO HÁ AMIGO MAIS NOBRE E DIGNO,<br/>NÃO, NÃO HÁ; NÃO, NÃO HÁ.<br/>NEM MAIS HUMILDE E MAIS BENIGNO,<br/>NÃO, NÃO HÁ; NÃO, NÃO HÁ.</lines>
    </verse>
    <verse name="v3">
      <lines>AO PECADOR PERDOAR ANELA,<br/>ELE SÓ, ELE SÓ;<br/>E PELOS SEUS SANTOS SEMPRE VELA,<br/>ELE SÓ, ELE SÓ.</lines>
    </verse>
    <verse name="v4">
      <lines>DEUS, EM SEU FILHO, SE HÁ COMPRAZIDO,<br/>NELE SÓ, NELE SÓ;<br/>MAS SUA GLÓRIA ME HÁ REPARTIDO,<br/>DELE SÓ, DELE SÓ.</lines>
    </verse>
    <verse name="v5">
      <lines>NELE NÓS TEMOS UM FIRME GUIA,<br/>NELE SÓ, NELE SÓ;<br/>A NOITE ENCHE DE ALEGRIA,<br/>ELE SÓ, ELE SÓ.</lines>
    </verse>
  </lyrics>
</song>
