<?xml version='1.0' encoding='utf-8'?>
<song xmlns="http://openlyrics.info/namespace/2009/song" version="0.8" createdIn="OpenLP 2.0.3" modifiedIn="OpenLP 2.0.3" modifiedDate="2014-02-05T19:28:18">
  <properties>
    <titles>
      <title>HC  398 - PERTO DO MEU REDENTOR</title>
    </titles>
    <authors>
      <author>HARPA CRISTÃ</author>
    </authors>
  </properties>
  <lyrics>
    <verse name="v1">
      <lines>DESEJO ESTAR EM UM LUGAR<br/>MUI PERTO DO MEU REDENTOR;<br/>ALI EU POSSO DESCANSAR,<br/>POR SEU AMPARO E SEU AMOR.</lines>
    </verse>
    <verse name="c1">
      <lines>MUI PERTO DO MEU REDENTOR,<br/>SEGURO ABRIGO ENCONTRAREI;<br/>ME GUARDARÁ DO TENTADOR,<br/>ASSIM EU NADA TEMEREI.</lines>
    </verse>
    <verse name="v2">
      <lines>NINGUÉM ME PODERÁ TIRAR<br/>A PAZ QUE FRUI O CORAÇÃO;<br/>JESUS BONDOSO VAI ME DAR<br/>A MAIS SEGURA PROTEÇÃO.</lines>
    </verse>
    <verse name="v3">
      <lines>TRISTEZAS, NEM TEMOR TEREI,<br/>ESTANDO PERTO DE JESUS;<br/>ENVOLTO SEMPRE ME VEREI,<br/>COM SEU FULGOR, COM SUA LUZ.</lines>
    </verse>
  </lyrics>
</song>
