<?xml version='1.0' encoding='utf-8'?>
<song xmlns="http://openlyrics.info/namespace/2009/song" version="0.8" createdIn="OpenLP 2.0.3" modifiedIn="OpenLP 2.0.3" modifiedDate="2014-02-05T19:27:52">
  <properties>
    <titles>
      <title>HC  261 - ALMA TRISTE, ABATIDA</title>
    </titles>
    <authors>
      <author>HARPA CRISTÃ</author>
    </authors>
  </properties>
  <lyrics>
    <verse name="v1">
      <lines>ALMA TRISTE, ABATIDA,<br/>QUE TENS MEDO DE MORRER;<br/>POR UM TRIZ, A TUA VIDA,<br/>PODE HOJE PERECER;<br/>VÊ NOS MARES E NAS DORES,<br/>UM FAROL JORRANDO LUZ,<br/>QUE TE ENCHE DE LOUVORES:<br/>É JESUS, SIM, É JESUS!</lines>
    </verse>
    <verse name="v2">
      <lines>TU QUE ANDAS VACILANTE<br/>E QUE O MUNDO SUDUZIU,<br/>VEM E SEGUE, CONFIANTE,<br/>QUEM NA CRUZ JÁ TE REMIU,<br/>POIS A GRAÇA NÃO É FINDA<br/>DE QUEM EXPIROU NA CRUZ;<br/>OLHA, COM AMOR, AINDA,<br/>P'RA JESUS, SIM, P'RA JESUS!</lines>
    </verse>
    <verse name="v3">
      <lines>LÁ NA CRUZ JESUS MORRENDO,<br/>TEUS PECADOS EXPIOU;<br/>SANTO ESPÍRITO CONCEDENDO,<br/>A SUA IGREJA ADORNOU,<br/>TODO O MAL E SOFRIMENTO,<br/>JÁ PREGADOS ESTÃO NA CRUZ,<br/>OH! SUBLIME LIVRAMENTO,<br/>DE JESUS, SIM, DE JESUS!</lines>
    </verse>
    <verse name="v4">
      <lines>A TEUS PÉS, JESUS BONDOSO,<br/>ACHO PAZ, CONSOLAÇÃO!<br/>ENCHES-ME DE SANTO GOZO<br/>E DE IMENSA GRATIDÃO;<br/>QUERO EU CONSTANTEMENTE<br/>RECEBER A PURA LUZ,<br/>QUE DIMANA FORTEMENTE<br/>DE JESUS, SIM, DE JESUS!</lines>
    </verse>
  </lyrics>
</song>
