<?xml version='1.0' encoding='utf-8'?>
<song xmlns="http://openlyrics.info/namespace/2009/song" version="0.8" createdIn="OpenLP 2.0.3" modifiedIn="OpenLP 2.0.3" modifiedDate="2014-02-05T19:27:41">
  <properties>
    <titles>
      <title>HC  197 - O LAR DA GLÓRIA</title>
    </titles>
    <authors>
      <author>HARPA CRISTÃ</author>
    </authors>
  </properties>
  <lyrics>
    <verse name="v1">
      <lines>NO CÉU FOI JESUS PREPARAR-NOS LUGAR,<br/>NA GLÓRIA.<br/>E BREVE, MUI BREVE ELE HÁ DE VOLTAR,<br/>EM GLÓRIA.</lines>
    </verse>
    <verse name="c1">
      <lines>EU SEI, EU SEI, EU TENHO UM LAR NA GLÓRIA!<br/>OH! EU SEI, EU SEI, UM LAR NO CÉU!</lines>
    </verse>
    <verse name="v2">
      <lines>LEVANTA OS OLHOS E CONTA O QUE HÁ,<br/>NA GLÓRIA.<br/>DE PEDRAS PRECIOSAS O LAR BRILHA LÁ,<br/>EM GLÓRIA.</lines>
    </verse>
    <verse name="v3">
      <lines>AINDA NÃO VI, MAS OS ANJOS ESTÃO,<br/>NA GLÓRIA.<br/>E RUAS COBERTAS DE OURO SERÃO,<br/>NA GLÓRIA.</lines>
    </verse>
    <verse name="v4">
      <lines>UM DIA, FELIZ PARA O CÉU SEGUIREI,<br/>P'RA GLÓRIA,<br/>COM CRISTO A REINAR, EU DEPOIS VOLTAREI,<br/>EM GLÓRIA.</lines>
    </verse>
    <verse name="v5">
      <lines>AMIGOS ESPERO NO CÉU ENCONTRAR,<br/>NA GLÓRIA.<br/>E JUNTOS HAVEMOS DE SEMPRE FICAR,<br/>NA GLÓRIA.</lines>
    </verse>
  </lyrics>
</song>
