<?xml version='1.0' encoding='utf-8'?>
<song xmlns="http://openlyrics.info/namespace/2009/song" version="0.8" createdIn="OpenLP 2.0.3" modifiedIn="OpenLP 2.0.3" modifiedDate="2014-02-05T19:28:21">
  <properties>
    <titles>
      <title>HC  412 - JESUS CRISTO, BEM AMADO</title>
    </titles>
    <authors>
      <author>HARPA CRISTÃ</author>
    </authors>
  </properties>
  <lyrics>
    <verse name="v1">
      <lines>GLÓRIA AO SALVADOR DIVINO,<br/>NOSSO GUIA E REDENTOR,<br/>GLÓRIA SEJA AO DEUS TRINO;<br/>ALELUIA AO DEUS DE AMOR!</lines>
    </verse>
    <verse name="c1">
      <lines>JESUS CRISTO, BEM AMADO,<br/>PODEROSO SALVADOR,<br/>ELE ERA ONTEM, É HOJE,<br/>SERÁ SEMPRE O DEUS DE AMOR!</lines>
    </verse>
    <verse name="v2">
      <lines>ALEGRAR-SE TODOS DEVEM<br/>PELA GRANDE SALVAÇÃO;<br/>HONRA E GLÓRIA A DEUS ELEVEM,<br/>POIS NOS DÁ SEU GALARDÃO.</lines>
    </verse>
    <verse name="v3">
      <lines>ADORAI A DEUS, COM CANTO,<br/>ELE É COMPASSIVO E BOM,<br/>Ó DIVINO ESPÍRITO SANTO,<br/>DESÇA SOBRE NÓS TEU DOM.</lines>
    </verse>
    <verse name="v4">
      <lines>AO TEU NOME SEJA GLÓRIA,<br/>Ó BENDITO E BOM SENHOR!<br/>TU NOS GUIAS P'RA VITÓRIA,<br/>ALELUIA AO REDENTOR!</lines>
    </verse>
  </lyrics>
</song>
