<?xml version='1.0' encoding='utf-8'?>
<song xmlns="http://openlyrics.info/namespace/2009/song" version="0.8" createdIn="OpenLP 2.0.3" modifiedIn="OpenLP 2.0.3" modifiedDate="2014-02-05T19:27:34">
  <properties>
    <titles>
      <title>HC  165 - A ARMADURA CRISTÃ</title>
    </titles>
    <authors>
      <author>HARPA CRISTÃ</author>
    </authors>
  </properties>
  <lyrics>
    <verse name="v1">
      <lines>AO BOM COMBATE VAMOS, REPLETOS DE AMOR,<br/>VESTIDOS DE JUSTIÇA, FERVENTES NO SENHOR;<br/>CO'OS LOMBOS BEM CINGIDOS DE VERDADEIRA LUZ,<br/>CALÇADOS DO EVANGELHO DO SALVADOR JESUS.</lines>
    </verse>
    <verse name="c1">
      <lines>DE DEUS, A ARMADURA -<br/>DE CRISTO, O VALOR,<br/>IRMÃO MEU, SEGURA - P'RA SERES VENCEDOR.</lines>
    </verse>
    <verse name="v2">
      <lines>DA FÉ, O ESCUDO, QUE PODE VOS SALVAR<br/>DOS DARDOS INFLAMADOS, QUE VEM VOS ATIRAR<br/>O GRANDE INIMIGO, O ASTUTO TENTADOR<br/>QUE SEMPRE VOS PROCURA TRAGAR, COM SEU FUROR.</lines>
    </verse>
    <verse name="v3">
      <lines>ENTRAI NO BOM COMBATE, EM NOME DO SENHOR<br/>COM ZELO, COM CORAGEM, UNIDOS EM AMOR;<br/>O INIMIGO, BREVE, ASSIM, SE VENCERÁ,<br/>E SOB OS PÉS NOSSOS JESUS NÔ-LO PORÁ.</lines>
    </verse>
  </lyrics>
</song>
