<?xml version='1.0' encoding='utf-8'?>
<song xmlns="http://openlyrics.info/namespace/2009/song" version="0.8" createdIn="OpenLP 2.0.3" modifiedIn="OpenLP 2.0.3" modifiedDate="2014-02-05T19:27:18">
  <properties>
    <titles>
      <title>HC  095 - OUVE, Ó PECADOR</title>
    </titles>
    <authors>
      <author>HARPA CRISTÃ</author>
    </authors>
  </properties>
  <lyrics>
    <verse name="v1">
      <lines>OUVE, OUVE, Ó PECADOR!<br/>OUVE BEM, PRESTA ATENÇÃO<br/>A JESUS, O SALVADOR,<br/>QUE DO CÉU TOUXE O PERDÃO;<br/>OUVE A SUA MEIGA VOZ;<br/>DIGNA É DE ACEITAÇÃO.</lines>
    </verse>
    <verse name="v2">
      <lines>OUVE O QUE DIZ O SENHOR,<br/>POR SUA MENSAGEM DE AMOR;<br/>"SERÁ LIVRE DE TEMOR<br/>TODO QUE VIER A MIM";<br/>VEM A CRISTO, SALVADOR,<br/>E ACEITA O SEU AMOR.</lines>
    </verse>
    <verse name="v3">
      <lines>OUVE, OUVE, Ó PECADOR!<br/>E MEDITA COM ATENÇÃO;<br/>DEIXA O MUNDO ENGANADOR;<br/>DE JESUS, TERÁS PERDÃO;<br/>ELE DIZ: "QUEM CRER EM MIM,<br/>HÁ DE TER A SALVAÇÃO".</lines>
    </verse>
    <verse name="v4">
      <lines>OUVI JÁ, AMIGOS MEUS,<br/>NÃO TENHAIS HESITAÇÃO;<br/>VINDE AO FILHO, SIM, DE DEUS;<br/>DAI-LHE O VOSSO CORAÇÃO;<br/>ELE DIZ: "QUEM CRER EM MIM,<br/>NÃO TERÁ CONDENAÇÃO".</lines>
    </verse>
  </lyrics>
</song>
