<?xml version='1.0' encoding='utf-8'?>
<song xmlns="http://openlyrics.info/namespace/2009/song" version="0.8" createdIn="OpenLP 2.0.3" modifiedIn="OpenLP 2.0.3" modifiedDate="2014-02-05T19:28:22">
  <properties>
    <titles>
      <title>HC  418 - SOU UM SOLDADO</title>
    </titles>
    <authors>
      <author>HARPA CRISTÃ</author>
    </authors>
  </properties>
  <lyrics>
    <verse name="v1">
      <lines>SOU UM SOLDADO DE JESUS<br/>E SERVO DO SENHOR;<br/>NÃO TEMEREI LEVAR A CRUZ,<br/>SOFRENDO GRANDE DOR.</lines>
    </verse>
    <verse name="c1">
      <lines>DEPOIS DA BATALHA ME COROARÁ,<br/>DEUS ME COROARÁ;<br/>DEUS ME COROARÁ;<br/>DEPOIS DA BATALHA ME COROARÁ,<br/>NA CELESTE MANSÃO;<br/>LÁ VEREI O MEU REI,<br/>E TEREI MEU GALARDÃO,<br/>DEPOIS DA BATALHA ME COROARÁ,<br/>NA CIDADE DE SIÃO!</lines>
    </verse>
    <verse name="v2">
      <lines>LUTARAM OUTROS SEM TEMOR,<br/>MUI FORTE HEI DE SER;<br/>PELEJAREI POR MEU SENHOR,<br/>CONFIANDO EM SEU PODER.</lines>
    </verse>
    <verse name="v3">
      <lines>SE EU FOR FIEL AO MEU JESUS<br/>E NÃO VOLTAR P'RA TRÁS,<br/>ALCANÇAREI NO CÉU DE LUZ,<br/>LUGAR DE SANTA PAZ.</lines>
    </verse>
  </lyrics>
</song>
