<?xml version='1.0' encoding='utf-8'?>
<song xmlns="http://openlyrics.info/namespace/2009/song" version="0.8" createdIn="OpenLP 2.0.3" modifiedIn="OpenLP 2.0.3" modifiedDate="2014-02-05T19:28:25">
  <properties>
    <titles>
      <title>HC  437 - O DOM CELESTE</title>
    </titles>
    <authors>
      <author>HARPA CRISTÃ</author>
    </authors>
  </properties>
  <lyrics>
    <verse name="v1">
      <lines>ASSIM QUE DEUS ME BATIZOU,<br/>A MINHA ALMA VIU MAIS LUZ,<br/>POIS DOM CELESTE O PAI MANDOU,<br/>P'RA DAR LOUVOR AO MEU REI JESUS,<br/>SOU TESTEMUNHA DO MEU SENHOR,<br/>E SEMPRE DELE VOU FALAR;<br/>TAMBÉM DO SELO DE AMOR,<br/>QUE O MEU CÁLICE FAZ TRANSBORDAR.</lines>
    </verse>
    <verse name="c1">
      <lines>LOUVADO SEJA JESUS, O CRISTO,<br/>QUE CONTINUA A BATIZAR,<br/>COM LÍNGUA ESTRANHA, NÓS TEMOS VISTO,<br/>O DOM CELESTE, O PAI MANDAR!</lines>
    </verse>
    <verse name="v2">
      <lines>O BOM CAMINHO VOU TRILHAR,<br/>SE EU QUISER OBEDECER<br/>AO EVANGELHO, À LUZ SEM PAR,<br/>AONDE VIDA VOU RECEBER,<br/>DE JESUS CRISTO EU FALAREI,<br/>QUE É DOS HOMENS SALVADOR;<br/>Ó VINDE HOJE E RECEBEI,<br/>DIVINA GRAÇA DO MEU SENHOR.</lines>
    </verse>
  </lyrics>
</song>
