<?xml version='1.0' encoding='utf-8'?>
<song xmlns="http://openlyrics.info/namespace/2009/song" version="0.8" createdIn="OpenLP 2.0.3" modifiedIn="OpenLP 2.0.3" modifiedDate="2014-02-05T19:27:22">
  <properties>
    <titles>
      <title>HC  117 - O SENHOR SALVA A  TODO O PECADOR</title>
    </titles>
    <authors>
      <author>HARPA CRISTÃ</author>
    </authors>
  </properties>
  <lyrics>
    <verse name="v1">
      <lines>ALELUIA! O SENHOR SALVA A TODO PECADOR!<br/>SALVAÇÃO! SALVAÇÃO!<br/>JESUS CRISTO TEM PODER PARA TODO O MAL VENCER,<br/>SALVAÇÃO! SALVAÇÃO!</lines>
    </verse>
    <verse name="c1">
      <lines>SALVAÇÃO E REDENÇÃO!<br/>ALELUIA! CRISTO JÁ ME AMOU E ME SALVOU.<br/>GLÓRIA DOU A ALELEUIA, A JESUS QUE ME SALVOU.</lines>
    </verse>
    <verse name="v2">
      <lines>EU CONFIO EM JEOVÁ, ELE SANTIDADE DÁ;<br/>SALVAÇÃO! SALVAÇÃO!<br/>TENHO PAZ E VIVO JÁ, SUA GRAÇA EM MIM ESTÁ.<br/>SALVAÇÃO! SALVAÇÃO!</lines>
    </verse>
    <verse name="v3">
      <lines>FALAREI SEMPRE O QUE SEI, EXALTANDO O MEU REI,<br/>SALVAÇÃO! SALVAÇÃO!<br/>POIS SEU SANGUE JÁ VERTEU, P'RA TORNAR-ME FILHO SEU,<br/>SALVAÇÃO! SALVAÇÃO!</lines>
    </verse>
    <verse name="v4">
      <lines>CANTAREMOS, SEMPRE ALI, AO SAIRMOS NÓS DAQUI;<br/>SALVAÇÃO! SALVAÇÃO!<br/>EXALTANDO O SALVADOR, LOUVAREMOS COM FERVOR.<br/>SALVAÇÃO! SALVAÇÃO!</lines>
    </verse>
  </lyrics>
</song>
