<?xml version='1.0' encoding='utf-8'?>
<song xmlns="http://openlyrics.info/namespace/2009/song" version="0.8" createdIn="OpenLP 2.0.3" modifiedIn="OpenLP 2.0.3" modifiedDate="2014-02-05T19:27:39">
  <properties>
    <titles>
      <title>HC  185 - INVOCAÇÃO E LOUVOR</title>
    </titles>
    <authors>
      <author>HARPA CRISTÃ</author>
    </authors>
  </properties>
  <lyrics>
    <verse name="v1">
      <lines>VEM TU, Ó REI DOS REIS,<br/>GUIAR OS TEUS FIÉIS P'RA TE LOUVAR.<br/>GRANDE E GLORIOSO SER, PAI DE TODO O PODER,<br/>VEM SOBRE NÓS REGER, OH! DEUS SEM PAR!</lines>
    </verse>
    <verse name="v2">
      <lines>VEM TU, VERBO DE DEUS,<br/>FAZER CHEGAR AOS CÉUS NOSSA ORAÇÃO,<br/>VEM, SIM, ABENÇOAR TEU POVO E PROSPERAR<br/>MENSAGEM QUE FALAR DE SALVAÇÃO.</lines>
    </verse>
    <verse name="v3">
      <lines>VEM, TU, CONSOLADOR,<br/>INSPIRA E DÁ FERVOR ÀS ORAÇÕES;<br/>ESPÍRITO DE PAZ, AFASTA SATANÁS,<br/>E PLENA GRAÇA TRAZ AOS CORAÇÕES.</lines>
    </verse>
    <verse name="v4">
      <lines>AO GRANDE TRINO DEUS<br/>LOUVEM OS ANJOS SEUS E NÓS TAMBÉM,<br/>A DEUS NOSSO SENHOR: PAI, FILHO E CONDUTOR<br/>LOUVEMOS COM FERVOR, P'RA SEMPRE. AMÉM.</lines>
    </verse>
  </lyrics>
</song>
