<?xml version='1.0' encoding='utf-8'?>
<song xmlns="http://openlyrics.info/namespace/2009/song" version="0.8" createdIn="OpenLP 2.0.3" modifiedIn="OpenLP 2.0.3" modifiedDate="2014-02-05T19:27:45">
  <properties>
    <titles>
      <title>HC  223 - NA MINH'ALMA REINA PAZ</title>
    </titles>
    <authors>
      <author>HARPA CRISTÃ</author>
    </authors>
  </properties>
  <lyrics>
    <verse name="v1">
      <lines>EM ESCURIDÃO, SEM JESUS, ME VI,<br/>COM MIL PENAS E GRANDE DOR;<br/>MAS JESUS CHAMOU: "VEM, SIM, VEM A MIM,<br/>QUERO SER TEU SALVADOR".</lines>
    </verse>
    <verse name="c1">
      <lines>NA MINH'ALMA REINA PAZ;<br/>DESDE QUE VIM A JESUS;<br/>TENHO SEMPRE PAZ<br/>POIS AVISTEI DE DEUS, A LUZ!<br/>E GOZO MUI VERAZ.</lines>
    </verse>
    <verse name="v2">
      <lines>PELAS GRANDES ONDAS DA PERDIÇÃO,<br/>FUI CERCADO NO ALTO MAR,<br/>SEM TER UM PILOTO NO FURACÃO,<br/>QUE PUDESSE ME GUIAR.</lines>
    </verse>
    <verse name="v3">
      <lines>E SE TE ENCONTRARES A PELEJAR,<br/>SEM AUXÍLIO TER EFICAZ,<br/>CLAMA AO SALVADOR, CLAMA SEM TARDAR,<br/>SUA GRAÇA É MUI VERAZ.</lines>
    </verse>
  </lyrics>
</song>
