<?xml version='1.0' encoding='utf-8'?>
<song xmlns="http://openlyrics.info/namespace/2009/song" version="0.8" createdIn="OpenLP 2.0.3" modifiedIn="OpenLP 2.0.3" modifiedDate="2014-02-05T19:27:40">
  <properties>
    <titles>
      <title>HC  189 - GLÓRIA AO SALVADOR</title>
    </titles>
    <authors>
      <author>HARPA CRISTÃ</author>
    </authors>
  </properties>
  <lyrics>
    <verse name="v1">
      <lines>CHEGADO À CRUZ DO MEU BOM SENHOR,<br/>PROSTRADO AOS PÉS DO REDENTOR,<br/>ELE OUVIU TODO MEU CLAMOR<br/>GLÓRIA AO SALVADOR.</lines>
    </verse>
    <verse name="c1">
      <lines>GLÓRIA AO SALVADOR!<br/>GLÓRIA AO SALVADOR<br/>AGORA SEI QUE ELE ME SALVOU<br/>GLÓRIA AO SALVADOR!</lines>
    </verse>
    <verse name="v2">
      <lines>QUE MARAVILHA! JESUS ME AMOU,<br/>TUDO DE GRAÇA ME PERDOOU;<br/>QUEBROU MEUS LAÇOS E ME LIVROU;<br/>GLÓRIA AO SALVADOR!</lines>
    </verse>
    <verse name="v3">
      <lines>JUNTO À CRUZ, INDA HÁ LUGAR,<br/>VEM, Ó AFLITO, SEM DEMORAR,<br/>CRISTO ESTÁ PRONTO P'RA TE SALVAR,<br/>VINDE AO SALVADOR!</lines>
    </verse>
  </lyrics>
</song>
