<?xml version='1.0' encoding='utf-8'?>
<song xmlns="http://openlyrics.info/namespace/2009/song" version="0.8" createdIn="OpenLP 2.0.3" modifiedIn="OpenLP 2.0.3" modifiedDate="2014-02-05T19:27:44">
  <properties>
    <titles>
      <title>HC  215 - VER-NOS-EMOS</title>
    </titles>
    <authors>
      <author>HARPA CRISTÃ</author>
    </authors>
  </properties>
  <lyrics>
    <verse name="v1">
      <lines>NESTE MUNDO A VERA IGREJA,<br/>PEREGRINA VAI ANDAR,<br/>ANELANDO QUE ESTEJA<br/>NO SEU VERDADEIRO LAR.</lines>
    </verse>
    <verse name="c1">
      <lines>VER-NOS-EMOS, VER-NOS-EMOS,<br/>VER-NOS-EMOS NA TERRA DIVINAL;<br/>VER-NOS-EMOS, VER-NOS-EMOS,<br/>VER-NOS-EMOS JUNTO AO RIO SEM IGUAL.</lines>
    </verse>
    <verse name="v2">
      <lines>NADA AQUI É PERMANENTE,<br/>TUDO TEM QUE TERMINAR,<br/>MAS OLHAMOS PARA A FRENTE,<br/>PARA O NOSSO ETERNO LAR.</lines>
    </verse>
    <verse name="v3">
      <lines>OS REMIDOS CÁ ENTERRAM<br/>SEUS AMADOS AO MORRER,<br/>MAS UM DIA, SIM, ESPERAM<br/>QUE NO CÉU OS HÃO DE VER.</lines>
    </verse>
    <verse name="v4">
      <lines>COM JESUS, O REI, NOS ARES,<br/>BEVE HAVEMOS NÓS DE ESTAR,<br/>E COM ANJOS, AOS MILHARES,<br/>SUA GLÓRIA CONTEMPLAR.</lines>
    </verse>
  </lyrics>
</song>
