<?xml version='1.0' encoding='utf-8'?>
<song xmlns="http://openlyrics.info/namespace/2009/song" version="0.8" createdIn="OpenLP 2.0.3" modifiedIn="OpenLP 2.0.3" modifiedDate="2014-02-05T19:27:58">
  <properties>
    <titles>
      <title>HC  293 - JESUS NO CALVÁRIO</title>
    </titles>
    <authors>
      <author>HARPA CRISTÃ</author>
    </authors>
  </properties>
  <lyrics>
    <verse name="v1">
      <lines>JESUS NO CALVÁRIO, POR MIM SOFREU<br/>A MORTE DA MALDIÇÃO;<br/>MINH'ALMA GANHOU, COM O SANGUE SEU<br/>O PREÇO DA REDENÇÃO.<br/>DO ALTO DA CRUZ, JESUS EXCLAMOU:<br/>"CONSUMADO ESTÁ", E O ESPÍRITO RENDEU;<br/>O SANGUE VERTEU, E ME EXPIOU,<br/>UNINDO-ME AO POVO SEU.</lines>
    </verse>
    <verse name="v2">
      <lines>NA CRUZ DO CALVÁRIO, A CÉDULA FOI<br/>CRAVADA QUE ELE RISCOU.<br/>O VÉU SE RASGOU, A PORTA SE ABRIU,<br/>ABERTA P'RA DEUS FICOU.<br/>SOBRE A CRUZ EU MORRI, COM CRISTO JESUS;<br/>O MEU "EGO" FALAZ SOBRE O LENHO LEVOU.<br/>A NOITE FUGIU, E RAIOU A LUZ!<br/>POR CRISTO EU SALVO ESTOU.</lines>
    </verse>
    <verse name="v3">
      <lines>NA CRUZ DO CALVÁRIO, AO MUNDO MORRI;<br/>AQUI UM ESTRANHO FIQUEI;<br/>NÃO VIVO MAIS EU, COM CRISTO ME UNI;<br/>QUE VIDA EXCELSA ACHEI!<br/>O CORDEIRO DE DEUS MINH'ALMA NEVOU;<br/>O SANGUE PASCOAL A CULPA TIROU,<br/>O DESTRUIDOR MINH'ALMA PASSOU,<br/>EM CRISTO LIBERTO ESTOU.</lines>
    </verse>
  </lyrics>
</song>
