<?xml version='1.0' encoding='utf-8'?>
<song xmlns="http://openlyrics.info/namespace/2009/song" version="0.8" createdIn="OpenLP 2.0.3" modifiedIn="OpenLP 2.0.3" modifiedDate="2014-02-05T19:27:05">
  <properties>
    <titles>
      <title>HC  005 - Ó DESCE, FOGO SANTO</title>
    </titles>
    <authors>
      <author>HARPA CRISTÃ</author>
    </authors>
  </properties>
  <lyrics>
    <verse name="v1">
      <lines>ESPÍRITO, ALMA E CORPO,<br/>OFERTO A TI, SENHOR,<br/>COMO HÓSTIA VERDADEIRA,<br/>EM OBLAÇÃO DE AMOR.</lines>
    </verse>
    <verse name="c1">
      <lines>EU TUDO A DEUS CONSAGRO<br/>EM CRISTO, O VIVO ALTAR;<br/>Ó DESCE, FOGO SANTO,<br/>DO CÉU VEM TU SELAR!</lines>
    </verse>
    <verse name="v2">
      <lines>SOU TEU, Ó JESUS CRISTO!<br/>TEU SANGUE ME COMPROU;<br/>EU QUERO A TUA GRAÇA,<br/>POIS DE TI SEMPRE SOU.</lines>
    </verse>
    <verse name="v3">
      <lines>ESPÍRITO DIVINO,<br/>DO PAI A PROMISSÃO;<br/>SEDENTA A ALMA PEDE,<br/>A TI, A SANTA UNÇÃO.</lines>
    </verse>
  </lyrics>
</song>
