<?xml version='1.0' encoding='utf-8'?>
<song xmlns="http://openlyrics.info/namespace/2009/song" version="0.8" createdIn="OpenLP 2.0.3" modifiedIn="OpenLP 2.0.3" modifiedDate="2014-02-05T19:28:29">
  <properties>
    <titles>
      <title>HC  459 - AS FIRMES PROMESSAS</title>
    </titles>
    <authors>
      <author>HARPA CRISTÃ</author>
    </authors>
  </properties>
  <lyrics>
    <verse name="v1">
      <lines>DE DEUS MUI FIRMES SÃO AS PROMESSAS<br/>MAIS FIRMES QUE AS MONTANHAS SÃO.<br/>QUANDO SOCORRO TERRESTRE CESSA,<br/>OS DE DEUS NÃO FALHARÃO!</lines>
    </verse>
    <verse name="c1">
      <lines>DE DEUS MUI FIRMES SÃO AS PROMESSAS,<br/>FALHANDO TUDO, NÃO FALHARÃO;<br/>SE DAS ESTRELAS O BRILHO CESSA,<br/>MAS AS PROMESSAS BRILHARÃO!</lines>
    </verse>
    <verse name="v2">
      <lines>SE A FÉ TE FALTA, NOS TEUS APERTOS,<br/>NAS SUAS PROMESSAS DESCANSA EM PAZ.<br/>QUANDO ÉS TENTADO, ESTOU BEM CERTO<br/>QUE CRISTO AUXÍLIO TE TRAZ.</lines>
    </verse>
    <verse name="v3">
      <lines>SE A FEBRE ARDE, SE EXTINGUE A VIDA<br/>E QUER A MORTE TE ARREBATAR,<br/>NAS SUAS PROMESSAS TERÁS GUARIDA<br/>BASTANTE PRA TE ABRIGAR.</lines>
    </verse>
    <verse name="v4">
      <lines>PROMESSAS TEMOS QUE AO CÉU DE GOZO<br/>VIRÁ LEVAR-NOS O REI JESUS;<br/>ENTÃO AO CRENTE FIEL CORAJOSO,<br/>DARÁ COROA DE LUZ.</lines>
    </verse>
  </lyrics>
</song>
