<?xml version='1.0' encoding='utf-8'?>
<song xmlns="http://openlyrics.info/namespace/2009/song" version="0.8" createdIn="OpenLP 2.0.3" modifiedIn="OpenLP 2.0.3" modifiedDate="2014-02-05T19:27:33">
  <properties>
    <titles>
      <title>HC  163 - CRISTO MORREU POR MIM</title>
    </titles>
    <authors>
      <author>HARPA CRISTÃ</author>
    </authors>
  </properties>
  <lyrics>
    <verse name="v1">
      <lines>DO CALVÁRIO, PELA SENDA,<br/>O SENHOR JESUS SUBIU,<br/>E NA CRUZ, EM DOR HORRENDA,<br/>OBRA DE AMOR CUMPRIU!</lines>
    </verse>
    <verse name="c1">
      <lines>SOBRE A CRUZ, SOBRE A CRUZ,<br/>CRISTO JESUS MORREU POR MIM;<br/>SOBRE A CRUZ, SOBRE A CRUZ,<br/>CRISTO JESUS MORREU POR TI.</lines>
    </verse>
    <verse name="v2">
      <lines>OH! QUE OBRA GLORIOSA<br/>FOI P'RA DEUS A DE JESUS!<br/>SUA MORTE TÃO PENOSA<br/>FEZ RAIAR, DO CÉU, A LUZ!</lines>
    </verse>
    <verse name="v3">
      <lines>NESTA OBRA HOJE CRENDO,<br/>TENHO VIDA E PRAZER;<br/>PELA FÉ, ESTOU REVENDO<br/>O SENHOR, POR MIM SOFRER.</lines>
    </verse>
    <verse name="v4">
      <lines>PECADOR NA CRUZ REMIRA,<br/>DE JESUS A MORTE ATROZ,<br/>POIS O TEU PECADO TIRA,<br/>SE OUVIRES SUA VOZ.</lines>
    </verse>
  </lyrics>
</song>
