<?xml version='1.0' encoding='utf-8'?>
<song xmlns="http://openlyrics.info/namespace/2009/song" version="0.8" createdIn="OpenLP 2.0.3" modifiedIn="OpenLP 2.0.3" modifiedDate="2014-02-05T19:27:12">
  <properties>
    <titles>
      <title>HC  052 - TUDO ESTÁ BEM</title>
    </titles>
    <authors>
      <author>HARPA CRISTÃ</author>
    </authors>
  </properties>
  <lyrics>
    <verse name="v1">
      <lines>PELO AMOR DE DEUS BENDITO,<br/>VAI TUDO BEM!<br/>SEU AMOR É INFINITO:<br/>TUDO ESTÁ BEM!<br/>ESSE AMOR NOS TEM PROVADO,<br/>EM SEU FILHO MUITO AMADO,<br/>QUE, POR NÓS, FOI IMOLADO.<br/>SIM, SIM, 'STÁ BEM!</lines>
    </verse>
    <verse name="v2">
      <lines>CRISTO, AGORA, O CETRO EMPUNHA:<br/>VAI TUDO BEM!<br/>QUEM MORREU É QUEM GOVERNA:<br/>TUDO ESTÁ BEM!<br/>SEU AMOR É IMUTÁVEL,<br/>SEU PODER INABALÁVEL,<br/>SEU CUIDADO É INCANSÁVEL.<br/>SIM, SIM, 'STA BEM!</lines>
    </verse>
    <verse name="v3">
      <lines>A FÉ CANTA NA TRISTEZA:<br/>VAI TUDO BEM!<br/>CANTA, SIM, E COM FIRMEZA:<br/>TUDO ESTÁ BEM!<br/>POIS SE DEUS É QUEM NOS GUIA,<br/>TERNAMENTE NOS VIGIA,<br/>COM BONDADE, NOITE E DIA.<br/>SIM, SIM, 'STÁ BEM!</lines>
    </verse>
    <verse name="v4">
      <lines>POR CAMINHOS ESCABROSOS,<br/>VAI TUDO BEM!<br/>OU POR MARES TORMENTOSOS,<br/>TUDO ESTÁ BEM!<br/>A JESUS TUDO OBEDECE;<br/>SEMPRE O MESMO PERMANECE!<br/>NEM UM SÓ DOS SEUS ESQUECE!<br/>SIM, SIM, 'STA BEM!</lines>
    </verse>
    <verse name="v5">
      <lines>QUER NA VIDA, QUER NA MORTE,<br/>VAI TUDO BEM!<br/>QUAL FELIZ É NOSSA SORTE!<br/>TUDO ESTÁ BEM!<br/>PELO SANGUE RESGATADOS,<br/>E DO MUNDO SEPARADOS.<br/>SEMPRE POR JESUS GUARDADOS,<br/>SIM, SIM 'STÁ BEM!</lines>
    </verse>
  </lyrics>
</song>
