<?xml version='1.0' encoding='utf-8'?>
<song xmlns="http://openlyrics.info/namespace/2009/song" version="0.8" createdIn="OpenLP 2.0.3" modifiedIn="OpenLP 2.0.3" modifiedDate="2014-02-05T19:28:29">
  <properties>
    <titles>
      <title>HC  462 - GLÓRIA AO SALVADOR 2</title>
    </titles>
    <authors>
      <author>HARPA CRISTÃ</author>
    </authors>
  </properties>
  <lyrics>
    <verse name="v1">
      <lines>GLÓRIA! GLÓRIA! ALELUIA!<br/>GLÓRIA! GLÓRIA AO NOSSO SALVADOR!<br/>GLÓRIA A JESUS! GLÓRIA A JESUS!<br/>NOSSO GRANDE REDENTOR.</lines>
    </verse>
  </lyrics>
</song>
