<?xml version='1.0' encoding='utf-8'?>
<song xmlns="http://openlyrics.info/namespace/2009/song" version="0.8" createdIn="OpenLP 2.0.3" modifiedIn="OpenLP 2.0.3" modifiedDate="2014-02-05T19:27:13">
  <properties>
    <titles>
      <title>HC  058 - NÃO TEMAS</title>
    </titles>
    <authors>
      <author>HARPA CRISTÃ</author>
    </authors>
  </properties>
  <lyrics>
    <verse name="v1">
      <lines>"NÃO TEMAS! CONTIGO, EU SEMPRE ESTAREI!"<br/>OH! QUE RICA PROMESSA DO BONDOSO REI;<br/>QUAL ESTRELA QUE BRILHA, LÁ NA ESCURIDÃO,<br/>ESTA LINDA PROMESSA BRILHA NOMEU CORAÇÃO.</lines>
    </verse>
    <verse name="c1">
      <lines>COMIGO ESTAR! COMIGO<br/>ESTAR!<br/>SIM, JESUS ME PROMETE,<br/>COMIGO ESTAR! COMIGO ESTAR!<br/>SIM, JESUS ME PROMETE,<br/>SEMPRE COMIGO ESTAR.</lines>
    </verse>
    <verse name="v2">
      <lines>OS LÍRIOS MAIS ALVOS, EI-LOS MURCHOS ESTÃO!<br/>OS DIAS MAIS BELOS, QUÃO DEPRESSA VÃO!<br/>CRISTO, O LÍRIO DOS VALES, NUNCA MUDARÁ:<br/>CRISTO, A LUZ CELESTE, SEMPRE COMIGO ESTARÁ!</lines>
    </verse>
    <verse name="v3">
      <lines>E, SE PELAS ÁGUAS TIVER DE PASSAR,<br/>SEUS BRAÇOS ETERNOS HÃO DE ME GUARDAR;<br/>SIM, MESMO NO FOGO, QUE VEM ME PROVAR,<br/>MEU SENHOR ME PROMETE COMIGO ESTAR!</lines>
    </verse>
  </lyrics>
</song>
