<?xml version='1.0' encoding='utf-8'?>
<song xmlns="http://openlyrics.info/namespace/2009/song" version="0.8" createdIn="OpenLP 2.0.3" modifiedIn="OpenLP 2.0.3" modifiedDate="2014-02-05T19:28:10">
  <properties>
    <titles>
      <title>HC  353 - VEM, Ó PRÓDIGO</title>
    </titles>
    <authors>
      <author>HARPA CRISTÃ</author>
    </authors>
  </properties>
  <lyrics>
    <verse name="v1">
      <lines>Ó TU QU'INDA VAGAS NO MUNDO D'HORROR,<br/>NAS TREVAS E NA ESCURIDÃO,<br/>POR QUE NÃO DESCANSAS EM CRISTO, O SENHOR,<br/>QUE TROUXE DO CÉU SALVAÇÃO.</lines>
    </verse>
    <verse name="c1">
      <lines>Ó VEM, Ó PRÓDIGO, Ó VEM A JESUS;<br/>POR TI FOI ERGUIDO NO ALTO DA CRUZ;<br/>ACEITA AGORA DE DEUS O FAVOR;<br/>Ó VEM, SEM DEMORA A CRISTO, O SENHOR.</lines>
    </verse>
    <verse name="v2">
      <lines>O MUNDO JAZIA NA DURA PRISÃO,<br/>MAS CRISTO, A PORTA ABRIU;<br/>Ó CRÊ NA MENSAGEM QUE DÁ SALVAÇÃO,<br/>POIS CRISTO NA CRUZ TE REMIU!</lines>
    </verse>
    <verse name="v3">
      <lines>QUE GOZO COMPLETO TERÁS EM JESUS,<br/>SE ACEITARES O SEU PERDÃO;<br/>Ó DEIXA O PECADO E VEM PARA A LUZ;<br/>ENTREGA O TEU CORAÇÃO.</lines>
    </verse>
  </lyrics>
</song>
