<?xml version='1.0' encoding='utf-8'?>
<song xmlns="http://openlyrics.info/namespace/2009/song" version="0.8" createdIn="OpenLP 2.0.3" modifiedIn="OpenLP 2.0.3" modifiedDate="2014-02-05T19:28:26">
  <properties>
    <titles>
      <title>HC  444 - ESCUTA, POBRE PECADOR</title>
    </titles>
    <authors>
      <author>HARPA CRISTÃ</author>
    </authors>
  </properties>
  <lyrics>
    <verse name="v1">
      <lines>ESCUTA, POBRE PECADOR,<br/>EM CRISTO HÁ PERDÃO;<br/>ACEITA AGORA O SALVADOR,<br/>POIS NELE HÁ SALVAÇÃO!</lines>
    </verse>
    <verse name="c1">
      <lines>VEM A CRISTO SEM TARDANÇA,<br/>RECEBER PERDÃO,<br/>E A VIDA D'ESPERANÇA<br/>FRUIRÁS, ENTÃO!</lines>
    </verse>
    <verse name="v2">
      <lines>P'RA REDIMIR-TE, O REDENTOR<br/>SEU SANGUE DERRAMOU!<br/>NA CRUZ; SOFRENDO GRANDE DOR,<br/>JESUS TE RESGATOU!</lines>
    </verse>
    <verse name="v3">
      <lines>CAMINHO CERTO É JESUS;<br/>ACHAMOS NELE PAZ!<br/>CAMINHO SANTO E DE LUZ,<br/>QUE SEMPRE SATISFAZ!</lines>
    </verse>
    <verse name="v4">
      <lines>VEM HOJE, VEM TE ENTREGAR<br/>DEIXANDO TODO MAL,<br/>DEUS QUER AGORA TE SALVAR,<br/>Ó VEM P'RA LUZ REAL!</lines>
    </verse>
  </lyrics>
</song>
