<?xml version='1.0' encoding='utf-8'?>
<song xmlns="http://openlyrics.info/namespace/2009/song" version="0.8" createdIn="OpenLP 2.0.3" modifiedIn="OpenLP 2.0.3" modifiedDate="2014-02-05T19:27:23">
  <properties>
    <titles>
      <title>HC  121 - MARAVILHOSO É JESUS</title>
    </titles>
    <authors>
      <author>HARPA CRISTÃ</author>
    </authors>
  </properties>
  <lyrics>
    <verse name="v1">
      <lines>MARAVILHOSO É JESUS,<br/>DA MINHA VIDA A LUZ,<br/>POIS ME SALVANDO, ME PERDOANDO,<br/>PARA SIÃO ME CONDUZ.</lines>
    </verse>
    <verse name="c1">
      <lines>MARAVILHOSO, SIM, MARAVILHOSO!<br/>É CRISTO, POIS SALVOU-ME E MIM!<br/>MARAVILHOSO E MUI GLORIOSO,<br/>É CRISTO, QUE VIVE EM MIM.</lines>
    </verse>
    <verse name="v2">
      <lines>NUNCA PODIA SABER,<br/>QUAL É O GRANDE PRAZER,<br/>DUM QUE PERDIDO, ARREPENDIDO,<br/>A GRAÇA VEM RECEBER.</lines>
    </verse>
    <verse name="v3">
      <lines>ELE NAS TREVAS ME ACHOU,<br/>E TERNAMENTE ME AMOU;<br/>VIDA ABUNDANTE, GOZO BASTANTE,<br/>TENHO POR QUEM ME SALVOU.</lines>
    </verse>
    <verse name="v4">
      <lines>CRISTO É TUDO P'RA MIM,<br/>TAMBÉM SERÁ PARA TI;<br/>VOU CAMINHANDO, SEMPRE O LOUVANDO,<br/>POIS ELE SALVOU-ME A MIM!</lines>
    </verse>
  </lyrics>
</song>
