<?xml version='1.0' encoding='utf-8'?>
<song xmlns="http://openlyrics.info/namespace/2009/song" version="0.8" createdIn="OpenLP 2.0.3" modifiedIn="OpenLP 2.0.3" modifiedDate="2014-02-05T19:27:09">
  <properties>
    <titles>
      <title>HC  038 - O SENHOR É REI</title>
    </titles>
    <authors>
      <author>HARPA CRISTÃ</author>
    </authors>
  </properties>
  <lyrics>
    <verse name="v1">
      <lines>PROCLAMAI A TODO O MUNDO QUE O SENHOR É REI!<br/>PROCLAMAII! PROCLAMAI!<br/>PROCLAMAI QUE SUAVE E DOCE É SUA SANTA LEI!<br/>PROCLAMAI! PROCLAMAI!<br/>PROCLAMAI COMO ELE SE CHAMA SALVADOR JESUS<br/>COMO ELE POR NÓS MORREU NA ENSANGÜENTADA CRUZ,<br/>COMO ELE - O CORDEIRO - SOBRE O TRONO ESTÁ<br/>O DEUS DE TODA GRAÇA, QUE DE GRAÇA TUDO DÁ.</lines>
    </verse>
    <verse name="c1">
      <lines>PROCLAMAI A TODO O<br/>MUNDO<br/>QUE O SENHOR É REI!<br/>PROCLAMAI! PROCLAMAI!<br/>PROCLAMAI QUE SUAVE E DOCE<br/>É SUA SANTA LEI!<br/>PROCLAMAI! PROCLAMAI!</lines>
    </verse>
    <verse name="v2">
      <lines>PROCLAMAI QUE REINA EM GRAÇA NOSSO SALVADOR!<br/>PROCLAMAI! PROCLAMAI!<br/>QUE POR CETRO DE SEU REINO ELE TEM O AMOR!<br/>PROCLAMAI! PROCLAMAI!<br/>ANUNCIAI AOS TRISTES QUE ELE VIVE LÁ;<br/>E A TODOS OS CANSADOS QUE DESCANSO ELE DÁ;<br/>CONTAI AOS PECADORES QUE ELE VEIO SALVAR,<br/>E A TODOS OS CATIVOS QUE ELE OS PODE LIBERTAR.</lines>
    </verse>
    <verse name="v3">
      <lines>PROCLAMAI QUE ELE, DO CÉU EM BREVE DESCERÁ!<br/>PROCLAMAI! PROCLAMAI!<br/>E COM TODOS OS SEUS SANTOS APARECERÁ!<br/>PROCLAMAI! PROCLAMAI!<br/>QUE, SEM DEMORA, VENHAM TODOS SE RENDER<br/>E, COM AMOR, EM TUDO A CRISTO OBEDECER<br/>QUE ESTEJAM TODOS PRONTOS QUANDO ELE VOLTAR,<br/>E ALEGRES, NAQUELE DIA, "REI DOS REIS", O ACLAMAR</lines>
    </verse>
  </lyrics>
</song>
