<?xml version='1.0' encoding='utf-8'?>
<song xmlns="http://openlyrics.info/namespace/2009/song" version="0.8" createdIn="OpenLP 2.0.3" modifiedIn="OpenLP 2.0.3" modifiedDate="2014-02-05T19:27:59">
  <properties>
    <titles>
      <title>HC  296 - NO JARDIM</title>
    </titles>
    <authors>
      <author>HARPA CRISTÃ</author>
    </authors>
  </properties>
  <lyrics>
    <verse name="v1">
      <lines>NO JARDIM JESUS CRISTO CLAMAVA,<br/>QUANDO OS ÍMPIOS O FORAM PRENDER;<br/>E FALANDO CO'O PAI SUPLICAVA,<br/>PELO CÁLICE QUE IA BEBER.</lines>
    </verse>
    <verse name="c1">
      <lines>COM JESUS A MINH'ALMA DESEJA ESTAR<br/>COM JARDIM, EM CONSTANTE ORAÇÃO;<br/>QUANDO A NOITE CHEGAR, E O MAL ME CERCAR,<br/>QUERO ESTAR EM CONSTANTE ORAÇÃO.</lines>
    </verse>
    <verse name="v2">
      <lines>QUAL O ORVALHO QUE DÁ VIDA ÀS FLORES,<br/>ASSIM É PARA O CRENTE A ORAÇÃO;<br/>MEUS CUIDADOS, TRISTEZAS E DORES,<br/>CRISTO AS SABE POR MINHA ORAÇÃO.</lines>
    </verse>
    <verse name="v3">
      <lines>JESUS TEVE COMPLETA VITÓRIA,<br/>PORQUE SEMPRE VIVEU EM ORAÇÃO,<br/>MUITOS SANTOS CHEGARAM À GLÓRIA,<br/>SOB O MANTO DA DOCE ORAÇÃO.</lines>
    </verse>
    <verse name="v4">
      <lines>RENOVADOS EM FORÇAS SEREMOS,<br/>NÓS TEREMOS U'A NOVA UNÇÃO;<br/>E COM DEUS, NO JARDIM FALAREMOS,<br/>SE VIVERMOS SEMPRE EM ORAÇÃO.</lines>
    </verse>
  </lyrics>
</song>
