<?xml version='1.0' encoding='utf-8'?>
<song xmlns="http://openlyrics.info/namespace/2009/song" version="0.8" createdIn="OpenLP 2.0.3" modifiedIn="OpenLP 2.0.3" modifiedDate="2014-02-05T19:28:16">
  <properties>
    <titles>
      <title>HC  386 - VENCIDOS OS COMBATES</title>
    </titles>
    <authors>
      <author>HARPA CRISTÃ</author>
    </authors>
  </properties>
  <lyrics>
    <verse name="v1">
      <lines>Ó, NÃO TEMAS TU, ESPOSA DE JESUS;<br/>EM JUSTIÇA DEUS TE EDIFICARÁ!<br/>TUA RENDA QUE DIMANA VIVA LUZ,<br/>ELE MAIS AUMENTARÁ.</lines>
    </verse>
    <verse name="c1">
      <lines>TODA ARMA DE RANCOR,<br/>CONTRA TI SE DESFARÁ,<br/>QUANDO O INIMIGO<br/>SE ERGUER COM SEU FUROR<br/>ELE NÃO TE VENCERÁ!</lines>
    </verse>
    <verse name="v2">
      <lines>TODA ARMA FABRICADA COM RANCOR,<br/>TE COMBATE, MAIS JAMAIS TE VENCERÁ,<br/>O INIMIGO QUE ATACA COM FUROR,<br/>O SENHOR ABATERÁ.</lines>
    </verse>
    <verse name="v3">
      <lines>LÁ NO CÉU NÃO HÁS DE TER RECORDAÇÃO<br/>DOS COMBATES QUE SOFRESTE POR AMOR;<br/>MAS ALI TERÁS SUBLIME POSIÇÃO<br/>COM JESUS, TEU SALVADOR.</lines>
    </verse>
    <verse name="v4">
      <lines>PATRIARCAS E PROFETAS JÁ ESTÃO<br/>LÁ NO CÉU TE ESPERANDO COM AMOR;<br/>SÊ FIEL E GUARDA A DIVINAL UNÇÃO<br/>PARA AS BODAS D'ESPLENDOR.</lines>
    </verse>
  </lyrics>
</song>
