<?xml version='1.0' encoding='utf-8'?>
<song xmlns="http://openlyrics.info/namespace/2009/song" version="0.8" createdIn="OpenLP 2.0.3" modifiedIn="OpenLP 2.0.3" modifiedDate="2014-02-05T19:28:13">
  <properties>
    <titles>
      <title>HC  369 - SOB AS ASAS DE DEUS</title>
    </titles>
    <authors>
      <author>HARPA CRISTÃ</author>
    </authors>
  </properties>
  <lyrics>
    <verse name="v1">
      <lines>SOB AS ASAS DE DEUS, DESCANSADO;<br/>INDA QUE É NOITE CONFIANDO ESTOU;<br/>SOB SUAS ASAS ME ACHO ABRIGADO,<br/>FUI REDIMIDO, DE CRISTO EU SOU.</lines>
    </verse>
    <verse name="c1">
      <lines>DESCANSAREI, DESCANSAREI,<br/>SOB SUAS ASAS PRECIOSAS!<br/>DESCANSAREI, E NÃO TEMEREI.<br/>SOB ASAS TÃO PODEROSAS!</lines>
    </verse>
    <verse name="v2">
      <lines>SOB SUAS ASAS REFÚGIO EU TENHO,<br/>MEU CORAÇÃO PODE, ENTÃO, DESCANSAR;<br/>E SE AFLITO, A CRISTO EU VENHO,<br/>PERFEITO GOZO VOU NELE ENCONTRAR.</lines>
    </verse>
    <verse name="v3">
      <lines>SOB SUAS ASAS, PROMESSA PRECIOSA!<br/>CRISTO ME LIVRA, ME PODE GUARDAR;<br/>BEM PROTEGIDO, NAS ASAS GLORIOSAS.<br/>PAZ E ALEGRIA EU POSSO ACHAR.</lines>
    </verse>
  </lyrics>
</song>
