<?xml version='1.0' encoding='utf-8'?>
<song xmlns="http://openlyrics.info/namespace/2009/song" version="0.8" createdIn="OpenLP 2.0.3" modifiedIn="OpenLP 2.0.3" modifiedDate="2014-02-05T19:27:40">
  <properties>
    <titles>
      <title>HC  194 - JESUS ME GUIARÁ</title>
    </titles>
    <authors>
      <author>HARPA CRISTÃ</author>
    </authors>
  </properties>
  <lyrics>
    <verse name="v1">
      <lines>HÁ QUEM VELE AS PISADAS<br/>QUE EU DOU NA SOMBRA OU LUZ,<br/>PELAS SENDAS ESCARPADAS,<br/>VELARÁ POR MIM JESUS;<br/>PELOS VALES, PELOS MONTES,<br/>ME CONDUZ A SUA MÃO;<br/>VEJO JÁ OS HORIZONTES<br/>DUMA PERENE MANSÃO.</lines>
    </verse>
    <verse name="c1">
      <lines>HÁ QUEM VELE AS PISADAS,<br/>MINHA SENDA TRAÇARÁ;<br/>PARA AS CÉLICAS MORADAS,<br/>SIM, JESUS ME GUIARÁ</lines>
    </verse>
    <verse name="v2">
      <lines>HÁ CONTACTO QUE M'EXPLICA<br/>A PRESENÇA DO SENHOR,<br/>QUE AS MARCHAS PURIFICA<br/>E ME LIVRA DE TEMOR;<br/>CRISTO COM A MÃO FERIDA,<br/>PROTEÇÃO ME PODE DAR,<br/>QUANDO VEJO DESTA VIDA<br/>O INQUIETO E FORTE MAR.</lines>
    </verse>
    <verse name="v3">
      <lines>HÁ UM CORAÇÃO AMANTE,<br/>DE INFINITA COMPAIXÃO,<br/>QUE CONCEDE PAZ CONSTANTE<br/>AO CONTRITO CORAÇÃO;<br/>HÁ FAVOR E LIBERDADE<br/>EM JESUS, O SALVADOR,<br/>MUITA GRAÇA E VERDADE<br/>E PODER CONSOLADOR.</lines>
    </verse>
  </lyrics>
</song>
