<?xml version='1.0' encoding='utf-8'?>
<song xmlns="http://openlyrics.info/namespace/2009/song" version="0.8" createdIn="OpenLP 2.0.3" modifiedIn="OpenLP 2.0.3" modifiedDate="2014-02-05T19:28:23">
  <properties>
    <titles>
      <title>HC  430 - O EVANGELHO DA SALVAÇÃO</title>
    </titles>
    <authors>
      <author>HARPA CRISTÃ</author>
    </authors>
  </properties>
  <lyrics>
    <verse name="v1">
      <lines>OUVES, COMO O EVANGELHO<br/>NOS DÁ VERA SALVAÇÃO,<br/>E TRANSFORMA O HOMEM VELHO<br/>NUMA NOVA CRIAÇÃO?<br/>BEM ALGUM EM MIM NÃO VIA,<br/>MAS SOMENTE CORRUPÇÃO,<br/>E CANSADO DA PORFIA<br/>EM JESUS ACHEI PERDÃO.</lines>
    </verse>
    <verse name="v2">
      <lines>COMO A POMBA QUE CANSADA<br/>FOI NA ARCA REPOUSAR,<br/>A MINH'ALMA FATIGADA<br/>EM JESUS VAI DESCANSAR;<br/>MAS O CORVO FOI S'EMBORA,<br/>SOBRE OS MORTOS FOI POUSAR,<br/>ISTO FAZES TU AGORA?<br/>QUERERÁS AO MAL VOLTAR?</lines>
    </verse>
    <verse name="v3">
      <lines>É JESUS A MINHA ARCA<br/>ONDE POSSO REPOUSAR,<br/>E DALI, DO MAL AS MARCAS,<br/>NEM EU POSSO AVISTAR!<br/>OH! QUÃO DOCE A CHAMADA<br/>QUE A MIM ME FEZ JESUS!<br/>"VEM , Ó ALMA TÃO CANSADA,<br/>VEM DAS TREVAS PARA LUZ".</lines>
    </verse>
    <verse name="v4">
      <lines>PECADOR QUE ESTÁS OUVINDO<br/>A MENSAGEM DO SENHOR,<br/>TU NA ARCA ÉS BEM-VINDO,<br/>NO REFÚGIO DE AMOR,<br/>POIS AS ÀGUAS DO PECADO<br/>BREVE TE ALCANÇARÃO,<br/>PELA MORTE DSPERTADO,<br/>BATERÁS NA PORTA EM VÃO!</lines>
    </verse>
  </lyrics>
</song>
