<?xml version='1.0' encoding='utf-8'?>
<song xmlns="http://openlyrics.info/namespace/2009/song" version="0.8" createdIn="OpenLP 2.0.3" modifiedIn="OpenLP 2.0.3" modifiedDate="2014-02-05T19:27:13">
  <properties>
    <titles>
      <title>HC  060 - EXULTAÇÃO DO CRENTE</title>
    </titles>
    <authors>
      <author>HARPA CRISTÃ</author>
    </authors>
  </properties>
  <lyrics>
    <verse name="v1">
      <lines>VINDE, CANTAI E ENTOAI<br/>LOUVORES A JESUS,<br/>QUE, PARA NOSSA SALVAÇÃO,<br/>MORREU NA AMARGA CRUZ,<br/>SEU SANGUE DERRAMOU, DE TUDO ME LAVOU,<br/>MAIS ALVO DO QUE A NEVE ME TORNOU.</lines>
    </verse>
    <verse name="c1">
      <lines>O SANGUE DE JESUS ME LAVOU,<br/>ME LAVOU!<br/>O SANGUE DE JESUS ME LAVOU, ME LAVOU!<br/>ALEGRE CANTAREI LOUVORES AO MEU REI,<br/>A MEU SENHOR JESUS, QUE ME SALVOU.</lines>
    </verse>
    <verse name="v2">
      <lines>VINDE CONOSCO VOS UNIR<br/>NA GUERRA CONTRA O MAL;<br/>E COM NOSSO SALVADOR,<br/>EM MARCHA TRIUNFAL,<br/>A TODOS PROCLAMAR, SUA GRAÇA E SEU PODER.<br/>SEU SANGUE DERRAMOU P'RA NOS SALVAR!</lines>
    </verse>
    <verse name="v3">
      <lines>O CAPITÃO DA SALVAÇÃO<br/>É CRISTO, O SALVADOR;<br/>O REI DOS REIS, O REDENTOR.<br/>JESUS, NOSSO SENHOR;<br/>ELE TUDO VENCERÁ, VITÓRIA NOS DARÁ;<br/>A GLORIA SALVOS, NOS CONDUZIRÁ.</lines>
    </verse>
  </lyrics>
</song>
