<?xml version='1.0' encoding='utf-8'?>
<song xmlns="http://openlyrics.info/namespace/2009/song" version="0.8" createdIn="OpenLP 2.0.3" modifiedIn="OpenLP 2.0.3" modifiedDate="2014-02-05T19:27:43">
  <properties>
    <titles>
      <title>HC  208 - VEM A CRISTO</title>
    </titles>
    <authors>
      <author>HARPA CRISTÃ</author>
    </authors>
  </properties>
  <lyrics>
    <verse name="v1">
      <lines>HOJE QUERES TE ENTREGAR P'RA JESUS CRISTO,<br/>Ó CANSADO E TRISTE PECADOR?<br/>PARA AQUELE, QUE, NO GÓLGOTA, FOI VISTO<br/>PADECENDO NOSSA CULPA, NOSSA DOR?</lines>
    </verse>
    <verse name="c1">
      <lines>VEM A CRISTO, VEM A CRISTO,<br/>QUE TE CHAMA COM AMOR CELESTIAL;<br/>VEM A CRISTO, VEM A CRISTO,<br/>POIS JESUS É O ROCHEDO DIVINAL.</lines>
    </verse>
    <verse name="v2">
      <lines>HOJE QUERES OBTER A LIBERDADE,<br/>QUE SE ENCONTRA NO SENHOR JESUS<br/>RECEBER NO CORAÇÃO A SANTIDADE,<br/>PELO SANGUE DERRAMADO LÁ NA CRUZ?</lines>
    </verse>
    <verse name="v3">
      <lines>HOJE QUERES DESFRUTAR A PAZ DIVINA,<br/>QUE NO MUNDONÃO SE PODE ACHAR?<br/>VEM A CRISTO, QUE TE SALVA, QUE TE ENSINA,<br/>ONDE PODES ESTA PAZ NO CÉU GOZAR!</lines>
    </verse>
    <verse name="v4">
      <lines>HOJE QUERES RENUNCIAR O BEM TERRENO<br/>CRENDO EM CRISTO, O GRANDE SALVADOR?<br/>QUERES VIR APÓS O MEIGO NAZARENO,<br/>VÊ-LO UM DIA LÁ NO CÉU DE RESPLENDOR?</lines>
    </verse>
  </lyrics>
</song>
