<?xml version='1.0' encoding='utf-8'?>
<song xmlns="http://openlyrics.info/namespace/2009/song" version="0.8" createdIn="OpenLP 2.0.3" modifiedIn="OpenLP 2.0.3" modifiedDate="2014-02-05T19:28:01">
  <properties>
    <titles>
      <title>HC  306 - A PALAVRA DE DEUS É UM TESOURO</title>
    </titles>
    <authors>
      <author>HARPA CRISTÃ</author>
    </authors>
  </properties>
  <lyrics>
    <verse name="v1">
      <lines>A PALAVRA DE DEUS É PARA MIM<br/>UM TESOURO SEM IGUAL EM VALOR!<br/>FALA DO AMOR DE DEUS, DO AMOR QUE NÃO TEM FIM;<br/>MAIS PRECIOSO DO QUE OURO É ESTE AMOR!</lines>
    </verse>
    <verse name="c1">
      <lines>A PALAVRA DE DEUS É DOCE,<br/>MAIS QUE O MEL,<br/>O QUE A TOMA PELA FÉ HÁ DE SER FIEL,<br/>PORQUE DEUS NOS CONCEDEU O EMANUEL,<br/>ROCHA VIVA DONDE MANA LEITE E MEL.</lines>
    </verse>
    <verse name="v2">
      <lines>LUZ QUE GUIA PELA SENDA DA PAZ,<br/>E ALUMIA OS QUE TREVAS ESTÃO;<br/>LÂMPADA QUE NOS FAZ VER OS ARDIS DE SATANÁS,<br/>E QUE BRILHA MESMO NA ESCURIDÃO.</lines>
    </verse>
    <verse name="v3">
      <lines>É UM FAROL QUE SEMPRE RESPLANDECEU,<br/>E QUE MOSTRA O PORTO SA SALVAÇÃO;<br/>QUEM NA ARCA JÁ ENTROU<br/>E DO MUNDO SE ESQUECEU,<br/>CHEGARÁ POR CERTO À ETERNAL MANSÃO.</lines>
    </verse>
  </lyrics>
</song>
