<?xml version='1.0' encoding='utf-8'?>
<song xmlns="http://openlyrics.info/namespace/2009/song" version="0.8" createdIn="OpenLP 2.0.3" modifiedIn="OpenLP 2.0.3" modifiedDate="2014-02-05T19:28:18">
  <properties>
    <titles>
      <title>HC  396 - ALÉM DO NOSSO ENTENDIMENTO</title>
    </titles>
    <authors>
      <author>HARPA CRISTÃ</author>
    </authors>
  </properties>
  <lyrics>
    <verse name="v1">
      <lines>MUITO ALÉM DO NOSSO ENTENDIMENTO,<br/>ALTO MAIS QUE TODO O PENSAMENTO,<br/>GLORIOSO EM SEU SUBLIME INTENTO,<br/>É O AMOR DE DEUS, SEM PAR.</lines>
    </verse>
    <verse name="c1">
      <lines>GRANDE AMOR! AMOR DE DEUS!<br/>ENCHE A TERRA E ENCHE OS CÉUS!<br/>GRANDE AMOR! AMOR QUE ABRANGE<br/>A TODO O MUNDO E ATINGE A MIM!</lines>
    </verse>
    <verse name="v2">
      <lines>FEZ UM SACRIFÍCIO INFINITO<br/>DUM VALOR IMENSO, INAUDITO;<br/>DANDO-NOS O FILHO SEU BENDITO;<br/>CALCULAI O AMOR DE DEUS!</lines>
    </verse>
    <verse name="v3">
      <lines>GRANDE, FOI MUI GRANDE O MEU PECADO;<br/>TRISTE, PERIGOSO O MEU ESTADO;<br/>MAS O AMOR QUE NUNCA FOI SONDADO<br/>ME SALVOU - O AMOR DE DEUS!</lines>
    </verse>
    <verse name="v4">
      <lines>FOI QUEM PERDOOU OS PECADORES,<br/>ROGOS ATENDEU DE MALFEITORES,<br/>QUEM SAROU OS POBRES SOFREDORES,<br/>ESSE IMENSO AMOR DA DEUS!</lines>
    </verse>
  </lyrics>
</song>
