<?xml version='1.0' encoding='utf-8'?>
<song xmlns="http://openlyrics.info/namespace/2009/song" version="0.8" createdIn="OpenLP 2.0.3" modifiedIn="OpenLP 2.0.3" modifiedDate="2014-02-05T19:28:31">
  <properties>
    <titles>
      <title>HC  470 - BATISMO</title>
    </titles>
    <authors>
      <author>HARPA CRISTÃ</author>
    </authors>
  </properties>
  <lyrics>
    <verse name="v1">
      <lines>TUA GRAÇA, Ó DEUS AMADO,<br/>VEM AGORA CONCEDER,<br/>AOS QUE VÃO SER BATIZADOS,<br/>DÁ-LHES O ESPÍRITO E PODER.</lines>
    </verse>
    <verse name="c1">
      <lines>COM O TEU ESPÍRITO SANTO,<br/>ESTAS ALMAS VEM SELAR;<br/>DÁ-LHES VIDA E NOVO CANTO,<br/>P'RA TUA GLÓRIA CONQUISTAR.</lines>
    </verse>
    <verse name="v2">
      <lines>A FIM DE P'RA TI VIVEREM,<br/>MORTOS PARA O MUNDO ESTÃO;<br/>PARA O ESPÍRITO RECEBEREM,<br/>DÁ-LHES PURO CORAÇÃO.</lines>
    </verse>
    <verse name="v3">
      <lines>COM ESPÍRITO POR DEUS DADO,<br/>VEM, Ó VEM JÁ BATIZAR,<br/>OS QUE HOJE SEUS PECADOS,<br/>VÊM NAS ÁGUAS, SEPULTAR.</lines>
    </verse>
    <verse name="v4">
      <lines>JÁ CONTIGO RESSURGIDOS,<br/>O TEU NOME LOUVARÃO;<br/>EM JERUSALÉM, VESTIDOS;<br/>SIM, DE BRANCO, REINARÃO!</lines>
    </verse>
  </lyrics>
</song>
