<?xml version='1.0' encoding='utf-8'?>
<song xmlns="http://openlyrics.info/namespace/2009/song" version="0.8" createdIn="OpenLP 2.0.3" modifiedIn="OpenLP 2.0.3" modifiedDate="2014-02-05T19:27:33">
  <properties>
    <titles>
      <title>HC  162 - O ESTANDARTE DA VERDADE</title>
    </titles>
    <authors>
      <author>HARPA CRISTÃ</author>
    </authors>
  </properties>
  <lyrics>
    <verse name="v1">
      <lines>DA VERDADE, LEVANTEMOS O ESTANDARTE,<br/>ARVOREMOS O ESNDARTE DE JESUS,<br/>PROCLAMEMOS, COM VALOR, POR TODA PARTE,<br/>A MENSAGEM SOLENÍSSIMA DA CRUZ.</lines>
    </verse>
    <verse name="c1">
      <lines>O MUNDO ESTÁ SEM LUZ, SEM PAZ;<br/>LEVEMOS PAZ, CONSOLAÇÃO,<br/>A QUEM, NA DOR, NO LUTO JAZ,<br/>SEM LUZ, SEM PAZ, SEM SALVAÇÃO.</lines>
    </verse>
    <verse name="v2">
      <lines>DA VERDADE, LEVANTEMOS O ESTANDARTE;<br/>PROCLAMAREMOS O SENHOR, QUE É LUZ E PAZ;<br/>PECADOR, OUVE! JESUS TEM PARA DAR-TE<br/>SALVAÇÃO QUE NELE SÓ, ENCONTRARÁS.</lines>
    </verse>
    <verse name="v3">
      <lines>DO EVANGELHO, LEVANTEMOS O ESTANDARTE,<br/>VEM, DESPERTA DO TEU SONO, PECADOR;<br/>QUE O TEU DEUS, QUE O TEU SENHOR TEM PARA DAR-TE<br/>COPIOSAS BÊNÇÃOS DO SEU GRANDE AMOR.</lines>
    </verse>
  </lyrics>
</song>
