<?xml version='1.0' encoding='utf-8'?>
<song xmlns="http://openlyrics.info/namespace/2009/song" version="0.8" createdIn="OpenLP 2.0.3" modifiedIn="OpenLP 2.0.3" modifiedDate="2014-02-05T19:27:08">
  <properties>
    <titles>
      <title>HC  032 - MEU CRISTO! MEU CRISTO!</title>
    </titles>
    <authors>
      <author>HARPA CRISTÃ</author>
    </authors>
  </properties>
  <lyrics>
    <verse name="v1">
      <lines>QUEM DO CÉU POR MIM DESCEU,<br/>TUDO EM MEU LUGAR SOFREU,<br/>E POR MIM NA CRUZ MORREU?<br/>FOI CRISTO! FOI CRISTO!</lines>
    </verse>
    <verse name="c1">
      <lines>OS MEUS PECADOS EXPIOU:<br/>DE TODA A PENA ME LIVROU!<br/>DA MALDIÇÃO ME RESGATOU,<br/>MEU CRISTO! MEU CRISTO!</lines>
    </verse>
    <verse name="v2">
      <lines>QUEM ME TROUXE, QUAL PASTOR,<br/>SEU CORDIEO COM AMOR?<br/>QUEM QUIS SER MEU SALVADOR?<br/>FOI CRISTO! FOI CRISTO!</lines>
    </verse>
    <verse name="v3">
      <lines>QUEM COM BRANDA COMPAIXÃO,<br/>DERRETEU MEU CORAÇÃO?<br/>DEU-ME PLENA SALVAÇÃO?<br/>FOI CRISTO! FOI CRISTO!</lines>
    </verse>
    <verse name="v4">
      <lines>QUEM DIZ: "NÃO TE DEIXAREI,<br/>NEM TE DESAMPARAREI,<br/>SEMPRE TE SOCORREREI?"<br/>É CRISTO! É CRISTO!</lines>
    </verse>
    <verse name="v5">
      <lines>QUEM É DIGNO DE LOUVOR?<br/>QUEM MERECE O MEU AMOR?<br/>É JESUS, MEU SALVADOR,<br/>MEU CRISTO! MEU CRISTO!</lines>
    </verse>
    <verse name="v6">
      <lines>AS MINHAS TREVAS DISSIPOU!<br/>MINHA ALMA ENFERMA ELE SAROU!<br/>MEU CORAÇÃO ELE ALEGROU!<br/>MEU CRISTO! MEU CRISTO!</lines>
    </verse>
  </lyrics>
</song>
