<?xml version='1.0' encoding='utf-8'?>
<song xmlns="http://openlyrics.info/namespace/2009/song" version="0.8" createdIn="OpenLP 2.0.3" modifiedIn="OpenLP 2.0.3" modifiedDate="2014-02-05T19:27:29">
  <properties>
    <titles>
      <title>HC  149 - CANTO DO PESCADOR</title>
    </titles>
    <authors>
      <author>HARPA CRISTÃ</author>
    </authors>
  </properties>
  <lyrics>
    <verse name="v1">
      <lines>NO MEU BARCO A REMAR,<br/>SOBRE AS ONDAS, PELO MAR,<br/>MESMO NA BONANÇA OU NO FURACÃO<br/>NÃO DESEJO MAIS PARAR;<br/>COM A REDE VOU PESCAR,<br/>MUITOS PEIXES PARA O REINO DE SIÃO,</lines>
    </verse>
    <verse name="c1">
      <lines>VOU PESCAR OS PECADORES PARA<br/>CRISTO,<br/>NESTE MUNDO CHEIO DE HORROR;<br/>NÃO MAIS DESANIMAREI;<br/>MINHA REDE LANÇAREI;<br/>MUITOS PEIXES APANHANDO P'RA O SENHOR.</lines>
    </verse>
    <verse name="v2">
      <lines>O MEU BARCO NÃO É BOM,<br/>DE PESCAR NÃO TENHO DOM.<br/>E ME DIZEM QUE NÃO DEVO CONTINUAR;<br/>MAS JESUS ME QUIS MANDAR,<br/>E POR ISSO VOU PESCAR,<br/>TÉ QUE ELE SE APRAZE EM ME CHAMAR.</lines>
    </verse>
    <verse name="v3">
      <lines>TEM UM MODO O SENHOR.<br/>QUE É PRÓPRIO DO AMOR,<br/>ELE USA DOS REMIDOS O MENOR,<br/>TODO O MUNDO ME DEIXOU,<br/>E DE MIM SE ENVERGONHOU,<br/>MAS ALEGRE, VOU PESCAR, POIS É MELHOR.</lines>
    </verse>
    <verse name="v4">
      <lines>SE HÁ COISA DE VALOR,<br/>É A REDE DE AMOR,<br/>CUJO FIO É A OBRA DE JESUS,<br/>QUE PUXADA SEMPRE TRAZ<br/>OS PERDIDOS E SEM PAZ,<br/>PARA RECEBEREM DO SENHOR, A LUZ.</lines>
    </verse>
    <verse name="v5">
      <lines>QUANDO HÁ UM TEMPORAL,<br/>E A PESCA CORRE MAL,<br/>NOVAMENTE NO MEU BARCO VOU PESCAR!<br/>PODE SER QUE DESTA VEZ,<br/>EU NÃO TENHA MAIS REVÉS,<br/>POIS JESUS EU LEVO PARA M'ENSINAR.</lines>
    </verse>
    <verse name="v6">
      <lines>ACABANDO DE PESCAR,<br/>E DEITADO A PENSAR,<br/>TENHO GOZO PELO TEMPO QUE GASTEI;<br/>POIS TEREI UM GALARDÃO<br/>PELA PESCA, EM SIÃO,<br/>PELAS ALMAS QUE NO MUNDO EU GANHEI.</lines>
    </verse>
  </lyrics>
</song>
