<?xml version='1.0' encoding='utf-8'?>
<song xmlns="http://openlyrics.info/namespace/2009/song" version="0.8" createdIn="OpenLP 2.0.3" modifiedIn="OpenLP 2.0.3" modifiedDate="2014-02-05T19:28:13">
  <properties>
    <titles>
      <title>HC  371 - BREVE VEM O DIA</title>
    </titles>
    <authors>
      <author>HARPA CRISTÃ</author>
    </authors>
  </properties>
  <lyrics>
    <verse name="v1">
      <lines>BREVE VEM O GRANDE DIA<br/>EM QUE LUTAS FINDARÃO;<br/>TODOS MALES, AGONIAS,<br/>DESTE MUNDO CESSARÃO.</lines>
    </verse>
    <verse name="c1">
      <lines>CESSARÁ NO CÉU O PRANTO,<br/>POIS NÃO HAVERÁ MAIS DOR,<br/>E OUVIR-SE-Á O CANTO,<br/>DOS REMIDOS DO SENHOR!</lines>
    </verse>
    <verse name="v2">
      <lines>OH! QUE GOZO, ESTAR COM CRISTO,<br/>ESCUTANDO A SUA VOZ!<br/>EU ALMEJO HOJE ISTO,<br/>E SEGUI-LO SEMPRE APÓS!</lines>
    </verse>
    <verse name="v3">
      <lines>SE JESUS CRISTO É MEU GUIA,<br/>O CAIMINHO HEI DE TRILHAR;<br/>QUEM ASSIM EM DEUS CONFIA,<br/>LÁ NO CÉU HÁ DE CHEGAR.</lines>
    </verse>
  </lyrics>
</song>
