<?xml version='1.0' encoding='utf-8'?>
<song xmlns="http://openlyrics.info/namespace/2009/song" version="0.8" createdIn="OpenLP 2.0.3" modifiedIn="OpenLP 2.0.3" modifiedDate="2014-02-05T19:27:21">
  <properties>
    <titles>
      <title>HC  111 - QUE MUDANÇA!</title>
    </titles>
    <authors>
      <author>HARPA CRISTÃ</author>
    </authors>
  </properties>
  <lyrics>
    <verse name="v1">
      <lines>QUE MUDANÇA EM MIM FEZ O MEU BOM JESUS,<br/>VINDO ELE AO MEU CORAÇÃO.<br/>DEU-ME PAZ PAZ DIVINAL, DEU-ME GOZO E LUZ,<br/>ENTRANDO EM MEU CORAÇÃO!</lines>
    </verse>
    <verse name="c1">
      <lines>ENTRANDO NO MEU CORAÇÃO!<br/>ENTRANDO NO MEU CORAÇÃO!<br/>QUE MUDANÇA EM MIM<br/>FEZ O MEU BOM JESUS,<br/>VINDO ELE AO MEU CORAÇÃO.</lines>
    </verse>
    <verse name="v2">
      <lines>EU ANDAVA PEDIDO, JESUS ME SALVOU,<br/>ENRANDO NO MEU CORAÇÃO.<br/>MEUS PECADOS SEM CONTA, SEU SANGUE LAVOU,<br/>VINDO ELE AO MEU CORAÇÃO!</lines>
    </verse>
    <verse name="v3">
      <lines>E AGORA, DO CÉU, A CERTEZA ME DEU,<br/>ENTRANDO NO MEU CORAÇÃO.<br/>SEU ESPÍRITO, SELO E PENHOR CONCEDEU,<br/>VINDO ELE AO MEU CORAÇÃO.</lines>
    </verse>
    <verse name="v4">
      <lines>PELO VALE DA MORTE NÃO TEMO PASSAR!<br/>COM ELE NO MEU CORAÇÃO;<br/>A CIDADE CELESTE ME VAI TRANSPORTAR,<br/>O GUARDA DO MEU CORAÇÃO.</lines>
    </verse>
  </lyrics>
</song>
