<?xml version='1.0' encoding='utf-8'?>
<song xmlns="http://openlyrics.info/namespace/2009/song" version="0.8" createdIn="OpenLP 2.0.3" modifiedIn="OpenLP 2.0.3" modifiedDate="2014-02-05T19:28:32">
  <properties>
    <titles>
      <title>HC  478 - EIS-ME, JESUS</title>
    </titles>
    <authors>
      <author>HARPA CRISTÃ</author>
    </authors>
  </properties>
  <lyrics>
    <verse name="v1">
      <lines>EIS-ME, JESUS, TE LOUVANDO,<br/>POIS TU PADECESTE ASSIM;<br/>O SANGUE TEU DERRAMADO,<br/>NA DURA CRUZ POR MIM.</lines>
    </verse>
    <verse name="c1">
      <lines>GLÓRIA, ALELUIA! Ó CORDEIRO,<br/>TUA VIDA DEU-ME PAZ!<br/>DOU-TE LOUVOR VERDADEIRO,<br/>POR GRAÇA TÃO VERAZ!</lines>
    </verse>
    <verse name="v2">
      <lines>DO TEU AMOR ME ENCHESTE,<br/>OH! MARAVILHOSO JESUS;<br/>QUANDO O ESPÍRITO ME DESTE,<br/>TRAZENDO GOZO À FLUX!</lines>
    </verse>
    <verse name="v3">
      <lines>OS TEUS DISCÍPULOS, FIZESTE<br/>EM LÍNGUAS ESTRANHAS FALAR;<br/>O MESMO A MIM CONCEDESTE,<br/>E DÁS A QUEM BUSCAR.</lines>
    </verse>
    <verse name="v4">
      <lines>QUE TEU ESPÍRITO DESÇA,<br/>A FIM DE TEU POVO SELAR,<br/>REALIZANDO A PROMESSA<br/>NAQUELE QUE CONFIAR.</lines>
    </verse>
    <verse name="v5">
      <lines>OS DONS DO SANTO ESPÍRITO<br/>SÃO NOVE, QUE CRISTO NOS DÁ;<br/>E AO QUE PEDE CONTRITO,<br/>JESUS NÃO OS NEGARÁ.</lines>
    </verse>
    <verse name="v6">
      <lines>É TEU AMOR, CÉU E GOZO,<br/>NO QUAL SEMPRE ME ALEGRAREI;<br/>AO MEU SENHOR TÃO BONDOSO,<br/>MIL GLÓRIAS LHE DAREI!</lines>
    </verse>
  </lyrics>
</song>
