<?xml version='1.0' encoding='utf-8'?>
<song xmlns="http://openlyrics.info/namespace/2009/song" version="0.8" createdIn="OpenLP 2.0.3" modifiedIn="OpenLP 2.0.3" modifiedDate="2014-02-05T19:27:11">
  <properties>
    <titles>
      <title>HC  047 - ROCHA ETERNA</title>
    </titles>
    <authors>
      <author>HARPA CRISTÃ</author>
    </authors>
  </properties>
  <lyrics>
    <verse name="v1">
      <lines>ROCHA ETERNA, MEU JESUS,<br/>QUE, POR MIM, NA AMARGA CRUZ,<br/>FOSTE MORTO EU MEU LUGAR,<br/>MORTO PARA ME SALVAR;<br/>EM TI QUERO ME ESCONDER,<br/>SÓ TU PODES ME VALER.</lines>
    </verse>
    <verse name="v2">
      <lines>MINHAS OBRAS, EU BEM SEI,<br/>NADA VALEM ANTE A LEI;<br/>SE EU CHORASSE SEM CESSAR.<br/>TRABALHASSE SEM CANSAR,<br/>TUDO INÚTIL, TUDO EM VÃO!<br/>SÓ EM TI HÁ SALVAÇÃO.</lines>
    </verse>
    <verse name="v3">
      <lines>NADA TRAGO A TI, SENHOR!<br/>'SPERO SÓ EM TEU AMOR!<br/>TODO INDIGNO E IMUNDO SOU,<br/>EIS, SEM TI, PERDIDO ESTOU!<br/>NO TEU SANGUE, Ó SALVADOR,<br/>LAVA UM POBRE PECADOR.</lines>
    </verse>
    <verse name="v4">
      <lines>QUANDO A MORTE ME CHAMAR,<br/>E ANTE TI ME APRESENTAR,<br/>ROCHA ETERNA, MEU JESUS,<br/>QUE POR MIM, NA AMARGA CRUZ,<br/>FOSTE MORTO EM MEU LUGAR,<br/>QUERO EM TI SÓ ME ABRIGAR.</lines>
    </verse>
  </lyrics>
</song>
