<?xml version='1.0' encoding='utf-8'?>
<song xmlns="http://openlyrics.info/namespace/2009/song" version="0.8" createdIn="OpenLP 2.0.3" modifiedIn="OpenLP 2.0.3" modifiedDate="2014-02-05T19:27:52">
  <properties>
    <titles>
      <title>HC  262 - SENHOR, ESTÁS COMIGO</title>
    </titles>
    <authors>
      <author>HARPA CRISTÃ</author>
    </authors>
  </properties>
  <lyrics>
    <verse name="v1">
      <lines>SENHOR, ESTÁS COMIGO EM TODO TEMPO,<br/>FAZENDO-ME FELIZ NO SOFRIMENTO,<br/>Ó DÁ-ME CADA DIA O TEU SUSTENTO<br/>E GRAÇA P'RA CUMPRIR TEU MANDAMENTO.</lines>
    </verse>
    <verse name="c1">
      <lines>SIM, ESTÁS COMIGO EM TODO<br/>TEMPO,<br/>TU ÉS O MEU MANÁ, MEU ALIMENTO;<br/>JESUS, ESTÁS COMIGO EM TODO TEMPO,<br/>O DÁ-ME TUA VIDA; TEU SUSTENTO.</lines>
    </verse>
    <verse name="v2">
      <lines>CONTIGO, Ó SENHOR, VOU CAMINHANDO,<br/>O EVANGELHO SANTO PROCLAMANDO:<br/>A FACE DO SENHOR JESUS BUSACANDO,<br/>E SEMPRE DO PECADO ME GUARDANDO.</lines>
    </verse>
    <verse name="v3">
      <lines>POR DEUS ESTAMOS NÓS SANTIFICADOS<br/>EM TI, JESUS, QUE NOS TENS RESGATADO<br/>DO MUNDO E DE TODO O VIL PECADO,<br/>TAMBÉM O NOSSO SER VIVIFICADO.</lines>
    </verse>
  </lyrics>
</song>
