<?xml version='1.0' encoding='utf-8'?>
<song xmlns="http://openlyrics.info/namespace/2009/song" version="0.8" createdIn="OpenLP 2.0.3" modifiedIn="OpenLP 2.0.3" modifiedDate="2014-02-05T19:27:46">
  <properties>
    <titles>
      <title>HC  229 - JESUS, Ó  MEIGO SALVADOR</title>
    </titles>
    <authors>
      <author>HARPA CRISTÃ</author>
    </authors>
  </properties>
  <lyrics>
    <verse name="v1">
      <lines>JESUS, Ó MEIGO SALVADOR,<br/>DO CÉU, À TERRA ÉS VINDO,<br/>E NOS TEUS BRAÇOS SOM DULÇOR,<br/>OH! VAI-ME CONDUZINDO;<br/>ASSIM EU VOU SEGUINDO<br/>NA TUA LUZ PERFEITA,<br/>QUE SEMPRE ME DELEITA;<br/>TUA PALAVRA, OH, SENHOR!</lines>
    </verse>
    <verse name="v2">
      <lines>QUE GRANDE GOZO FOI P'RA MIM,<br/>OH, QUANDO ME ENCONTRASTE!<br/>DO CORAÇÃO, ABRIU ENFIM;<br/>A PORTA E LOGO ENTRASTE;<br/>ENTÃO TU ME LEVASTE,<br/>POR TUA LUZ PERFEITA,<br/>QUE SEMPRE ME DELEITA;<br/>TUA PALAVRA, QUE AMOR, SIM!</lines>
    </verse>
    <verse name="v3">
      <lines>TU ME LIVRASTE, SALVADOR,<br/>DE MISERÁVEL SORTE,<br/>ME GUARDARÁS POR TEU AMOR,<br/>FIEL ATÉ À MORTE;<br/>DESEJO QUE ME EXORTES<br/>POR TUA LUZ PERFEITA,<br/>QUE SEMPRE ME DELEITA;<br/>TUA PALAVRA, MEU SENHOR!</lines>
    </verse>
    <verse name="v4">
      <lines>Ó SALVADOR, E BOM JESUS,<br/>MEUS PÉS NA ROCHA FUNDAS;<br/>POIS TUA MÃ, A MIM CONDUZ,<br/>ÀS ÁGUAS MUI PROFUNDAS,<br/>DO TRONO ORIUNDAS,<br/>À TUA LUZ PERFEITA,<br/>QUE SEMPRE ME DELEITA;<br/>TUA PALAVRA, Ó JESUS!</lines>
    </verse>
  </lyrics>
</song>
