<?xml version='1.0' encoding='utf-8'?>
<song xmlns="http://openlyrics.info/namespace/2009/song" version="0.8" createdIn="OpenLP 2.0.3" modifiedIn="OpenLP 2.0.3" modifiedDate="2014-02-05T19:27:43">
  <properties>
    <titles>
      <title>HC  210 - FALA, FALA, SENHOR</title>
    </titles>
    <authors>
      <author>HARPA CRISTÃ</author>
    </authors>
  </properties>
  <lyrics>
    <verse name="v1">
      <lines>FALA, FALA, SENHOR, NESTA HORA,<br/>QUE ANSIOSO TE QUERO OUVIR;<br/>TEU FALAR DÁ VALOR E RESTAURA,<br/>E MAIS SÁBIO ME FAZ NO PORVIR.</lines>
    </verse>
    <verse name="c1">
      <lines>OH! BENDITO O TEU NOME EM ETERNO,<br/>QUE TU FALAS A QUEM ESCUTAR,<br/>DE SAÚDE E REPOUSO SUPERNO,<br/>DE ALEGRIA E PAZ ETERNAL.</lines>
    </verse>
    <verse name="v2">
      <lines>FALA, FALA, SENHOR, QUE CONSERVO<br/>TUAS PALAVRAS DE VIDA E VIGOR;<br/>ESTOU PRONTO A SEGUIR-TE COM ZELO,<br/>PELAS TUAS VEREDAS DE AMOR.</lines>
    </verse>
    <verse name="v3">
      <lines>FALA, FALA, SENHOR, QUE EU OUÇO<br/>TUAS PALAVRAS COM TODO FERVOR,<br/>POIS CONDUZEM AO ETERNO REPOUSO,<br/>SÃO CONSELHOS MUI RICOS DE AMOR.</lines>
    </verse>
  </lyrics>
</song>
