<?xml version='1.0' encoding='utf-8'?>
<song xmlns="http://openlyrics.info/namespace/2009/song" version="0.8" createdIn="OpenLP 2.0.3" modifiedIn="OpenLP 2.0.3" modifiedDate="2014-02-05T19:27:09">
  <properties>
    <titles>
      <title>HC  035 - O GRANDE AMOR</title>
    </titles>
    <authors>
      <author>HARPA CRISTÃ</author>
    </authors>
  </properties>
  <lyrics>
    <verse name="v1">
      <lines>O GRANDE AMOR DE MEU JESUS<br/>POR MIM MORRENDO SOBRE A CRUZ,<br/>DA PERDIÇÃO, P'RA ME SALVAR;<br/>QUEM PODERÁ CONTAR?</lines>
    </verse>
    <verse name="c1">
      <lines>QUEM PODE O SEU AMOR CONTAR?<br/>QUEM PODE O SEU AMOR CONTAR?<br/>O GRANDE AMOR DO SALVADOR,<br/>QUEM PODERÁ CONTAR?</lines>
    </verse>
    <verse name="v2">
      <lines>O CÁLICE QUE JESUS BEBEU,<br/>A MALDIÇÃO QUE PADECEU,<br/>TUDO POR MIM, P'RA ME SALVAR,<br/>QUEM PODERÁ CONTAR?</lines>
    </verse>
    <verse name="v3">
      <lines>A ZOMBARIA TÃO CRUEL,<br/>A CRUZ SANGRENTA, O AMARGO FEL,<br/>QUE ELE SOFREU P'RA ME SALVAR;<br/>QUEM PODERÁ CONTAR?</lines>
    </verse>
    <verse name="v4">
      <lines>INCOMPARÁVEL SALVADOR!<br/>QUÃO INEFÁVEL TEU AMOR!<br/>QUÃO IMPOSSÍVEL DE SONDAR!<br/>IMENSO E SEM PAR!</lines>
    </verse>
  </lyrics>
</song>
