<?xml version='1.0' encoding='utf-8'?>
<song xmlns="http://openlyrics.info/namespace/2009/song" version="0.8" createdIn="OpenLP 2.0.3" modifiedIn="OpenLP 2.0.3" modifiedDate="2014-02-05T19:27:32">
  <properties>
    <titles>
      <title>HC  159 - CANTAI, Ó PEREGRINOS</title>
    </titles>
    <authors>
      <author>HARPA CRISTÃ</author>
    </authors>
  </properties>
  <lyrics>
    <verse name="v1">
      <lines>CANTAI, Ó PEREGRINOS, NA LIDA NÃO CANSEIS<br/>A VOSSA FÉ CRESCENDO, AS HARPAS JÁ TOCAI<br/>EU SOBRE O MONTE SANTO E GLORIOSO ESTOU,<br/>E PARA A MINHA PÁTRIA CELESTIAL JÁ VOU.</lines>
    </verse>
    <verse name="c1">
      <lines>CANTAI, CONTINUAMENTE,<br/>LOUVAI P'RA TODO O SEMPRE;<br/>MEU CORAÇÃO TRANSBORDA COM DIVINAL LOUVOR.<br/>CANTAI, CONTINUAMENTE,<br/>LOUVAI P'RA TODO O SEMPRE;<br/>MEU CORAÇÃO TRANSBORDA COM DIVINAL LOUVOR.</lines>
    </verse>
    <verse name="v2">
      <lines>CANTAI, Ó PEREGRINOS, ENQUANTO AQUI ESTAIS;<br/>CANTAI, A JESUS CRISTO, ENQUANTO ASSIM PASSAIS;<br/>CANTAI A VELHA HISTÓRIA DE DEUS E SEU AMOR;<br/>O CORO SEMPITERNO RESPONDE, COM FERVOR.</lines>
    </verse>
    <verse name="v3">
      <lines>CANTAI, Ó PEREGRINOS, EM BREVE ESTAREIS,<br/>CANTANDO MELHOR HINO, JUNTO AO REI DOS REIS,<br/>COM OS QUE FORAM ANTES, E NOS ESPERAM LÁ,<br/>ENCONTRAREMOS TODOS, E NADA TURBARÁ.</lines>
    </verse>
  </lyrics>
</song>
