<?xml version='1.0' encoding='utf-8'?>
<song xmlns="http://openlyrics.info/namespace/2009/song" version="0.8" createdIn="OpenLP 2.0.3" modifiedIn="OpenLP 2.0.3" modifiedDate="2014-02-05T19:27:46">
  <properties>
    <titles>
      <title>HC  226 - CRISTO, TEU SANTO AMOR</title>
    </titles>
    <authors>
      <author>HARPA CRISTÃ</author>
    </authors>
  </properties>
  <lyrics>
    <verse name="v1">
      <lines>CRISTO, TEU SANTO AMOR DESTE PARA MIM<br/>NADA P'RA TI, SENHOR, NEGAREI AQUI;<br/>ME PROSTRO EM GRATIDÃO,<br/>CUMPRO COM PRONTIDÃO,<br/>ME GUIA TUA MÃO, OH! ME RENDO A TI.</lines>
    </verse>
    <verse name="v2">
      <lines>PERANTE O TRONO ESTOU, PEDE TU, POR MIM,<br/>AO NOSSO PAI EU VOU, SÓ JESUS, POR TI;<br/>A CRUZ HEI DE LEVAR,<br/>TEU NOME PROCLAMAR,<br/>UM HINO A DEUS CANTAR, SIM, JESUS, POR TI.</lines>
    </verse>
    <verse name="v3">
      <lines>UM CORAÇÃO DE AMOR, QUERO, Ó MEU JESUS,<br/>AO TEU IGUAL, SENHOR, ESPALHANDO A LUZ;<br/>A TI EU VOU SERVIR,<br/>O TEMPO REDIMIR,<br/>AS ALMAS CONDUZIR, QUERO EU A TI.</lines>
    </verse>
    <verse name="v4">
      <lines>TUDO QUE TENHO OU SOU, É POR TEU FAVOR;<br/>ALEGRE SEMPRE VOU, JUNTO A TI, SENHOR;<br/>TEU ROSTO, SIM, VEREI,<br/>CONTIGO EU ESTAREI,<br/>E SEMPRE VIVEREI, LÁ NO CÉU POR TI!</lines>
    </verse>
  </lyrics>
</song>
