<?xml version='1.0' encoding='utf-8'?>
<song xmlns="http://openlyrics.info/namespace/2009/song" version="0.8" createdIn="OpenLP 2.0.3" modifiedIn="OpenLP 2.0.3" modifiedDate="2014-02-05T19:28:25">
  <properties>
    <titles>
      <title>HC  442 - BREVE VEREI O BOM JESUS</title>
    </titles>
    <authors>
      <author>HARPA CRISTÃ</author>
    </authors>
  </properties>
  <lyrics>
    <verse name="v1">
      <lines>BREVE NO CÉU, JESUS HÁ DE APARECER<br/>EM GLORIOSA LUZ; TODOS O HÃO DE VER<br/>NAQUELE DIA, ENTÃO, EU HEI DE RECEBER<br/>DE CRISTO GALARDÃO; OH! QUE PRAZER!</lines>
    </verse>
    <verse name="c1">
      <lines>BREVE VEREI O BOM JESUS,<br/>E VIVEREI EM PLENA LUZ;<br/>NO LINDO CÉU EU GOZAREI...<br/>DE TODA A DOR, POR DEUS, LIVRE SEREI.</lines>
    </verse>
    <verse name="v2">
      <lines>NA VINDA DO SENHOR IREI EU RECEBER,<br/>DO SEU ETERNO AMOR, REPOUSO E PRAZER,<br/>- DISSO, MEU BOM JESUS, TEM-ME FALADO JÁ<br/>E DA CELESTE LUZ DE JEOVÁ!</lines>
    </verse>
    <verse name="v3">
      <lines>NA VINDA DO SENHOR DESFRUTAREI PRAZER,<br/>QUANDO MEU SALVADOR EM GLÓRIA APARECER;<br/>EIS QUE ELE BREVE VEM, OS SANTOS LEVARÁ<br/>PARA A MANSÃO DE ALÉM, DONDE VIRÁ!</lines>
    </verse>
  </lyrics>
</song>
