<?xml version='1.0' encoding='utf-8'?>
<song xmlns="http://openlyrics.info/namespace/2009/song" version="0.8" createdIn="OpenLP 2.0.3" modifiedIn="OpenLP 2.0.3" modifiedDate="2014-02-05T19:28:08">
  <properties>
    <titles>
      <title>HC  343 - ABRE O CORAÇÃO</title>
    </titles>
    <authors>
      <author>HARPA CRISTÃ</author>
    </authors>
  </properties>
  <lyrics>
    <verse name="v1">
      <lines>Ó PECADOR QUE NÃO TENS LUZ.<br/>ABRE O CORAÇÃO;<br/>ACEITA HOJE O BOM JESUS;<br/>ABRE O CORAÇÃO!</lines>
    </verse>
    <verse name="c1">
      <lines>QUEM SINTO BATER NO MEU CORAÇÃO?<br/>JESUS DIZ: "ABRE SEM TARDAR O TEU CORAÇÃO".</lines>
    </verse>
    <verse name="v2">
      <lines>TU QUE ALMEJAS SALVO SER.<br/>ABRE O CORAÇÃO;<br/>A PAZ DE DEUS VEM OBTER,<br/>ABRE O CORAÇÃO!</lines>
    </verse>
    <verse name="v3">
      <lines>QUE MEIGA VOZ ESCUTAS JÁ!<br/>ABRE O CORAÇÃO;<br/>JESUS TUA ALMA SALVARÁ,<br/>ABRE O CORAÇÃO!</lines>
    </verse>
    <verse name="v4">
      <lines>SIM, HOJE VEM EM CRISTO CRER<br/>ABRE O CORAÇÃO;<br/>NO AMANHÃ QUE VAI HAVER?<br/>ABRE O CORAÇÃO!</lines>
    </verse>
    <verse name="v5">
      <lines>OUVINDO A VOZ DO BOM JESUS,<br/>ABRE O CORAÇÃO;<br/>Ó VEM DEPRESSA, VEM P'RA LUZ,<br/>ABRE O CORAÇÃO!</lines>
    </verse>
  </lyrics>
</song>
