<?xml version='1.0' encoding='utf-8'?>
<song xmlns="http://openlyrics.info/namespace/2009/song" version="0.8" createdIn="OpenLP 2.0.3" modifiedIn="OpenLP 2.0.3" modifiedDate="2014-02-05T19:28:12">
  <properties>
    <titles>
      <title>HC  368 - JESUS, TUDO P'RA MIM</title>
    </titles>
    <authors>
      <author>HARPA CRISTÃ</author>
    </authors>
  </properties>
  <lyrics>
    <verse name="v1">
      <lines>EU ESTAVA NO PECADO, PERDIDO, TRISTE E SÓ;<br/>QUE DIFERENÇA AGORA, JESUS DE MIM TEM DÓ;<br/>EU HOJE SÓ CONFIO NA GRAÇA QUE ME DEU;<br/>O SEU AMOR CONHEÇO E ANDO PARA O CÉU.</lines>
    </verse>
    <verse name="c1">
      <lines>JESUS, TUDO É P'RA MIM, DE<br/>CULPA ME LIVROU;<br/>AMOR E PAZ ETERNA,<br/>NA CRUZ P'RA MIM GANHOU;<br/>SIM, TUDO É P'RA MIM,<br/>MOSTROU SEU IMENSO AMOR,<br/>GLÓRIA AO SANTO NOME DO AMADO SALVADOR!</lines>
    </verse>
    <verse name="v2">
      <lines>ESTOU P'RA O MUNDO MORTO, MAS VIVO P'RA JESUS;<br/>SO ELE É O PILOTO QUE CERTO, ME CONDUZ;<br/>A BÍBLIA É QUE ME ENSINA, QUE NA CRUZ PADECEU;<br/>COMPROU-ME COM SEU SANGUE E SUA PAZ ME DEU.</lines>
    </verse>
    <verse name="v3">
      <lines>MUI PERTO VOU CHEGANDO DO GLORIOSO LAR;<br/>ME PREPAROU MORADA, ONDE IREI HABITAR,<br/>JESUS ME SANTIFICA, AJUDA-ME A LUTAR<br/>CONTRA A VIL INJUSTIÇA E, MESMO ME NEGAR.</lines>
    </verse>
  </lyrics>
</song>
