<?xml version='1.0' encoding='utf-8'?>
<song xmlns="http://openlyrics.info/namespace/2009/song" version="0.8" createdIn="OpenLP 2.0.3" modifiedIn="OpenLP 2.0.3" modifiedDate="2014-02-05T19:28:13">
  <properties>
    <titles>
      <title>HC  373 - VEM A TEU SALVADOR</title>
    </titles>
    <authors>
      <author>HARPA CRISTÃ</author>
    </authors>
  </properties>
  <lyrics>
    <verse name="v1">
      <lines>PECADOR, QUE SEGUES NO MUNDO ERRANTE<br/>SEM ACHAR CONSOLAÇÃO;<br/>HOJE, VEM A CRISTO, VEM CONFIANTE,<br/>E TERÁS A SALVAÇÃO!</lines>
    </verse>
    <verse name="c1">
      <lines>Ó VEM AO TEU SALVADOR,<br/>QUE FOI MORTO SOBRE A CRUZ,<br/>POIS ALI, SALVOU O VIL PECADOR;<br/>Ó VEM AO SENHOR JESUS!</lines>
    </verse>
    <verse name="v2">
      <lines>PECADOR, SE TU SENTES EM TU' ALMA,<br/>DO PECADO A ESCRAVIDÃO;<br/>A JESUS, SE VIERES, COM FÉ E CALMA,<br/>FRUIRÁS DE DEUS, O PERDÃO.</lines>
    </verse>
    <verse name="v3">
      <lines>PECADOR AFLITO E TÃO DOENTE,<br/>VEM P'RA CRISTO TE CURAR.<br/>VEM A ELE HOJE HUMILDEMENTE,<br/>POIS TU'ALMA QUER SALVAR!</lines>
    </verse>
  </lyrics>
</song>
