<?xml version='1.0' encoding='utf-8'?>
<song xmlns="http://openlyrics.info/namespace/2009/song" version="0.8" createdIn="OpenLP 2.0.3" modifiedIn="OpenLP 2.0.3" modifiedDate="2014-02-05T19:27:05">
  <properties>
    <titles>
      <title>HC  011 - Ó CRISTÃO, EIA AVANTE</title>
    </titles>
    <authors>
      <author>HARPA CRISTÃ</author>
    </authors>
  </properties>
  <lyrics>
    <verse name="v1">
      <lines>Ó CRISTÃOS, EIA AVANTE, EIA AVANTE!<br/>POR JESUS E SUA IGREJA A LUTAR;<br/>CO'A PALAVRA, ESSA ESPADA FLAMANTE,<br/>VAMOS, VAMOS, IRMÃOS, PELEJAR.</lines>
    </verse>
    <verse name="c1">
      <lines>Ó CRISTÃO, SEMPRE AVANTE NA LIDA!<br/>O EVANGELHO COM FÉ A PREGAR;<br/>AO TRABALHO O SENHOR NOS CONVIDA,<br/>VAMOS, POIS, COM JESUS PELEJAR.</lines>
    </verse>
    <verse name="v2">
      <lines>Ó CRISTÃOS, EIA AVANTE, EIA AVANTE!<br/>BOA NOVA AOS PERDIDOS LEVAR;<br/>POR CIDADES E VILAS ADIANTE,<br/>SALVAÇÃO VAMOS NÓS PROCLAMAR.</lines>
    </verse>
    <verse name="v3">
      <lines>Ó CRISTÃOS, EIA AVANTE, EIA AVANTE!<br/>POIS AURORA JÁ VEMOS RAIAR,<br/>DESSE DIA EM QUE CRISTO, TRIUFANTE,<br/>NESTE MUNDO HÁ DE SEMPRE REINAR.</lines>
    </verse>
    <verse name="v4">
      <lines>Ó CRISTÃOS, EIA AVANTE, EIA AVANTE!<br/>VEXILÁRIOS DA FÉ VAMOS SER;<br/>E A VANGUARDA DO EXÉRCITO BRILHANTE,<br/>QUE GLORIOSA VITÓRIA HÁ DE TER!</lines>
    </verse>
    <verse name="v5">
      <lines>Ó CRISTÃOS, EIA AVANTE, EIA AVANTE!<br/>COM CORAGEM, SEM NADA TEMER,<br/>COM JESUS, DIVINAL COMANDANTE,<br/>NÓS HAVEMOS, IRMÃOS, DE VENCER.</lines>
    </verse>
  </lyrics>
</song>
