<?xml version='1.0' encoding='utf-8'?>
<song xmlns="http://openlyrics.info/namespace/2009/song" version="0.8" createdIn="OpenLP 2.0.3" modifiedIn="OpenLP 2.0.3" modifiedDate="2014-02-05T19:28:20">
  <properties>
    <titles>
      <title>HC  404 - EM GLÓRIA VIRÁ</title>
    </titles>
    <authors>
      <author>HARPA CRISTÃ</author>
    </authors>
  </properties>
  <lyrics>
    <verse name="v1">
      <lines>ESPERA DO CÉU, SEU SENHOR, O FIEL<br/>AGUARDA ORANDO, POIS HÁ DE VOLTAR<br/>NA NUVEM, EM GLÓRIA O EMANUEL,<br/>COM GRANDE PODER, A FIM DE O BUSCAR.</lines>
    </verse>
    <verse name="c1">
      <lines>EM GLÓRIA VIRÁ O FILHO DE<br/>DEUS,<br/>SEMPRE ORANDO JESUS ESPERAI;<br/>SE VIRDES A "ESTRELA DA ALVA" NO CÉU,<br/>ALERTA ESTAI!</lines>
    </verse>
    <verse name="v2">
      <lines>Ó PAI AMOROSO, ENVIA JESUS,<br/>O CRENTE FIEL O ESPERA DO CÉU;<br/>Ó MANDA-LHE LOGO A CELESTE LUZ,<br/>EM QUE HÁ DE VIR O FILHO DE DEUS.</lines>
    </verse>
    <verse name="v3">
      <lines>O SANTO EVANGELHO SE HÁ DE CUMPRIR<br/>E BREVE NAS NUVENS VEREMOS JESUS;<br/>"ASSIM DESCERÁ COMO O VISTES SUBIR"<br/>O QUE S'IMOLOU POR NÓS SOBRE A CRUZ!</lines>
    </verse>
  </lyrics>
</song>
