<?xml version='1.0' encoding='utf-8'?>
<song xmlns="http://openlyrics.info/namespace/2009/song" version="0.8" createdIn="OpenLP 2.0.3" modifiedIn="OpenLP 2.0.3" modifiedDate="2014-02-05T19:29:03">
  <properties>
    <titles>
      <title>HC  638 - HINO NACIONAL BRASILEIRO</title>
    </titles>
    <authors>
      <author>HARPA CRISTÃ</author>
    </authors>
  </properties>
  <lyrics>
    <verse name="v1">
      <lines>OUVIRAM DO IPIRANGA AS MARGENS PLÁCIDAS<br/>DE UM POVO HERÓICO O BRADO RETUMBANTE,<br/>E O SOL DA LIBERDADE, EM RAIOS FÚLGIDOS,<br/>BRILHOU NO CÉU DA PÁTRIA NESTE INSTANTE.<br/>SE O PENHOR DESSA IGUALDADE<br/>CONSEGUIMOS CONQUISTAR COM BRAÇO FORTE,<br/>EM TEU SEIO, Ó LIBERDADE,<br/>DESAFIA O NOSSO PEITO À PRÓPRIA MORTE!<br/>Ó PÁTRIA AMADA, IDOLATRADA, SALVE! SALVE!<br/>BRASIL, UM SONHO INTENSO, UM RAIO VÍVIDO<br/>DE AMOR E DE ESPERANÇA À TERRA DESCE,<br/>SE EM TEU FORMOSO CÉU, RISONHO E LÍMPIDO,<br/>A IMAGEM DO CRUZEIRO RESPLANDECE.<br/>GIGANTE PELA PRÓPRIA NATUREZA,<br/>ÉS BELO, ÉS FORTE, IMPÁVIDO, COLOSSO,<br/>E O TEU FUTURO ESPELHA ESSA GRANDEZA.</lines>
    </verse>
    <verse name="v2">
      <lines>TERRA ADORADA, ENTRE OUTRAS MIL ÉS TU, BRASIL,<br/>Ó PÁTRIA AMADA!<br/>DOS FILHOS DESTE SOLO ÉS MÃE GENTIL,<br/>PÁTRIA AMADA, BRASIL!</lines>
    </verse>
    <verse name="v3">
      <lines>DEITADO ETERNAMENTE EM BERÇO ESPLÊNDIDO,<br/>AO SOM DO MAR E Á LUZ DO CÉU PROFUNDO,<br/>FULGURAS, Ó BRASIL, FLORÃO DA AMÉRICA,<br/>ILUMINADO AO SOL DO NOVO MUNDO!<br/>DO QUE A TERRA MAIS GARRIDA<br/>TEUS RISONHOS, LINDOS CAMPOS TÊM MAIS FLORES<br/>"NOSSOS BOSQUES TÊM MAIS VIDA,<br/>NOSSA VIDA", NO TEU SEIO, "MAIS AMORES".<br/>Ó PÁTRIA AMADA, IDOLATRADA, SALVE! SALVE!<br/>BRASIL, DE AMOR ETERNO SEJA SÍMBOLO<br/>O LÁBARO QUE OSTENTAS ESTRELADO,<br/>E DIGA O VERDE LOURO DESTA FLÂMULA:<br/>"PAZ NO FUTURO E GLÓRIA NO PASSADO".<br/>MAS, SE ERGUES DA JUSTIÇA A CLAVA FORTE,<br/>VERÁS QUE UM FILHO TEU NÃO FONGE À LUTA,<br/>NEM TEME, QUEM TE ADORA, A PRÓPRIA MORTE.</lines>
    </verse>
  </lyrics>
</song>
