<?xml version='1.0' encoding='utf-8'?>
<song xmlns="http://openlyrics.info/namespace/2009/song" version="0.8" createdIn="OpenLP 2.0.3" modifiedIn="OpenLP 2.0.3" modifiedDate="2014-02-05T19:28:32">
  <properties>
    <titles>
      <title>HC  477 - SEDE FORTES</title>
    </titles>
    <authors>
      <author>HARPA CRISTÃ</author>
    </authors>
  </properties>
  <lyrics>
    <verse name="v1">
      <lines>SEDE FORTES, IRMÃOS NA LIDA,<br/>É CRISTO QUEM VOS CONDUZ;<br/>GARANTINDO ETERNA VIDA,<br/>AOS QUE TRILHAREM NA LUZ.</lines>
    </verse>
    <verse name="c1">
      <lines>SIM, ANDAI NA LUZ DE CRISTO,<br/>LIBERTOS DA ETERNA DOR;<br/>BUSCAI, VÓS QUE A TENDES VISTO,<br/>A GLÓRIA DO REDENTOR!</lines>
    </verse>
    <verse name="v2">
      <lines>SEDE SANTOS, VELAI ORANDO,<br/>AMAI COM SANTO FERVOR;<br/>MUITOS FICARÃO CHORANDO,<br/>NA VINDA DO SALVADOR.</lines>
    </verse>
    <verse name="v3">
      <lines>OS FIÉIS ADORMECIDOS,<br/>A VOZ DO ANJO OUVIRÃO;<br/>TRANSFORMADOS OS REMIDOS,<br/>A CRISTO ENCONTRARÃO.</lines>
    </verse>
    <verse name="v4">
      <lines>E VEREIS NAQUELE DIA<br/>SUA GLÓRIA EM ESPLENDOR,<br/>FRUIREIS PAZ E ALEGRIA,<br/>NOS BRAÇOS DO SALVADOR.</lines>
    </verse>
  </lyrics>
</song>
