<?xml version='1.0' encoding='utf-8'?>
<song xmlns="http://openlyrics.info/namespace/2009/song" version="0.8" createdIn="OpenLP 2.0.3" modifiedIn="OpenLP 2.0.3" modifiedDate="2014-02-05T19:27:41">
  <properties>
    <titles>
      <title>HC  199 - A CEIA DO SENHOR</title>
    </titles>
    <authors>
      <author>HARPA CRISTÃ</author>
    </authors>
  </properties>
  <lyrics>
    <verse name="v1">
      <lines>SENHOR, REUNIDOS AQUI<br/>A FIM DA TUA MORTE LEMBRAR;<br/>PARTINDO ESTE PÃO NOS LEMBRAMOS DE TI,<br/>ATÉ QUE NOS VENHAS BUSCAR.</lines>
    </verse>
    <verse name="v2">
      <lines>O CÁLICE QUE VAMOS BEBER,<br/>É SÍMBOLO DO SANGUE TEU,<br/>DO QUAL NUNCA DEVEMOS NOS ESQUECER;<br/>POR ELE NÓS TEMOS O CÉU.</lines>
    </verse>
    <verse name="v3">
      <lines>FAZ-NOS SEMPRE DIGNOS, SENHOR,<br/>DA TUA DIVINAL COMUNHÃO;<br/>DO TEU CORPO E SANGUE PURIFICADOR<br/>QUE NOS DÁ VERAZ SALVAÇÃO.</lines>
    </verse>
  </lyrics>
</song>
