<?xml version='1.0' encoding='utf-8'?>
<song xmlns="http://openlyrics.info/namespace/2009/song" version="0.8" createdIn="OpenLP 2.0.3" modifiedIn="OpenLP 2.0.3" modifiedDate="2014-02-05T19:27:28">
  <properties>
    <titles>
      <title>HC  145 - UNIÃO DO CRENTE COM SEU SENHOR</title>
    </titles>
    <authors>
      <author>HARPA CRISTÃ</author>
    </authors>
  </properties>
  <lyrics>
    <verse name="v1">
      <lines>A MINHA ALMA TE AMA, Ó SENHOR!<br/>E DESFALECE SEDENTA DE AMOR;<br/>ÉS MEU CONSOLO NA AFLIÇÃO,<br/>E LUZ PERFEITA NA ESCURIDÃO;<br/>MEU VERDADEIRO PÃO.</lines>
    </verse>
    <verse name="c1">
      <lines>A MINHA ALMA AMA-TE, SENHOR,<br/>DE TI SÓ RECEBE VIDA E AMOR!</lines>
    </verse>
    <verse name="v2">
      <lines>A MINHA ALMA TE AMA, Ó SENHOR!<br/>ALMEJA SEMPRE ANDAR NO TEU TEMOR;<br/>TU VIVES JÁ NO MEU CORAÇÃO<br/>E GUIAS-ME PELA TUA MÃO;<br/>ÉS MINHA SALVAÇÃO.</lines>
    </verse>
    <verse name="v3">
      <lines>A MINHA ALMA TE AMA, Ó SENHOR!<br/>A TUA FACE PROCURA COM FERVOR;<br/>DESEJO TER A CELESTE PAZ,<br/>O GOZO SANTO, QUE SATISFAZ,<br/>E SALVAÇÃO VERAZ.</lines>
    </verse>
    <verse name="v4">
      <lines>A MINHA ALMA TE AMA, Ó SENHOR!<br/>POR MIM SOFRESTE INCOMPARÁVEL DOR;<br/>TEU NOME QUERO, AQUI LOUVAR;<br/>OS TEUS PRECEITOS E LEIS HONRAR,<br/>E SEMPRE EM TI PENSAR.</lines>
    </verse>
  </lyrics>
</song>
