<?xml version='1.0' encoding='utf-8'?>
<song xmlns="http://openlyrics.info/namespace/2009/song" version="0.8" createdIn="OpenLP 2.0.3" modifiedIn="OpenLP 2.0.3" modifiedDate="2014-02-05T19:27:41">
  <properties>
    <titles>
      <title>HC  195 - BENIGNO SALVADOR</title>
    </titles>
    <authors>
      <author>HARPA CRISTÃ</author>
    </authors>
  </properties>
  <lyrics>
    <verse name="v1">
      <lines>BENIGNO SALVADOR! COM TUA APROVAÇÃO,<br/>CONSAGRA EM DOCE AMOR ESTA FELIZ UNIÃO,<br/>E SOBRE OS NOIVOS FAZ DESCER<br/>A GRAÇA QUE LHES É MISTER.</lines>
    </verse>
    <verse name="v2">
      <lines>FÁ-LOS EM PAZ ANDAR UNIDOS NO SENHOR,<br/>E A VIDA AQUI PASSAR EM TERNO E SANTO AMOR<br/>LIGADOS NO AMOR DE DEUS;<br/>CAMINHEM JUNTOS PARA OS CÉUS.</lines>
    </verse>
    <verse name="v3">
      <lines>Ó DIGNA- TE REGER SUA CASA COMO REI;<br/>SEUS CORAÇÕES MANTER DÓCEIS, À TUA LEI;<br/>LIVRA-OS DE TODA A TENTAÇÃO,<br/>CONSOLA-OS NA TRIBULAÇÃO.</lines>
    </verse>
    <verse name="v4">
      <lines>SE O SALVADOR CUMPRIR A NOSSA PETIÇÃO,<br/>PODEMOS DESCOBRIR NESTA BENDITA UNIÃO<br/>A SOMBRA DO CELESTE AMOR<br/>DOS SALVOS E SEU SALVADOR.</lines>
    </verse>
  </lyrics>
</song>
