<?xml version='1.0' encoding='utf-8'?>
<song xmlns="http://openlyrics.info/namespace/2009/song" version="0.8" createdIn="OpenLP 2.0.3" modifiedIn="OpenLP 2.0.3" modifiedDate="2014-02-05T19:27:54">
  <properties>
    <titles>
      <title>HC  273 - SÓ A TI RECORREREI</title>
    </titles>
    <authors>
      <author>HARPA CRISTÃ</author>
    </authors>
  </properties>
  <lyrics>
    <verse name="v1">
      <lines>QUER NAS TREVAS QUER NA LUZ,<br/>SÓ A TI RECORREREI,<br/>SÓ A TI MEU BOM JESUS,<br/>E SOCORRO ACHAREI.</lines>
    </verse>
    <verse name="c1">
      <lines>SÓ A TI, MEU SENHOR,<br/>SÓ A TI RECORREREI;<br/>SÓ A TI, SALVADOR,<br/>UM REFÚGIO ENCONTRAREI!</lines>
    </verse>
    <verse name="v2">
      <lines>QUANDO LUTAS, PENAS, DOR,<br/>NESTE MUNDO ENCONTRAR,<br/>EU TE BUSCAREI, SENHOR,<br/>E VIRÁS ME CONSOLAR!</lines>
    </verse>
    <verse name="v3">
      <lines>QUANDO O GRANDE TENTADOR<br/>A MINH'ALMA COMBATER,<br/>PELA GRAÇA DO SENHOR,<br/>TODO O MAL HEI DE VENCER.</lines>
    </verse>
    <verse name="v4">
      <lines>FORTES LUTAS EU TEREI,<br/>NESTE MUNDO ENGANADOR,<br/>MAS SOCORRO EU ACHAREI,<br/>EM TI, SEMPRE, OH, SENHOR!</lines>
    </verse>
  </lyrics>
</song>
