<?xml version='1.0' encoding='utf-8'?>
<song xmlns="http://openlyrics.info/namespace/2009/song" version="0.8" createdIn="OpenLP 2.0.3" modifiedIn="OpenLP 2.0.3" modifiedDate="2014-02-05T19:27:15">
  <properties>
    <titles>
      <title>HC  074 - CRISTO VIRÁ</title>
    </titles>
    <authors>
      <author>HARPA CRISTÃ</author>
    </authors>
  </properties>
  <lyrics>
    <verse name="v1">
      <lines>TALVEZ CRISTO VENHA AO ROMPER DA AURORA,<br/>COM SANTOS ARCANJOS, E COM VOZ SONORA;<br/>OS MORTOS PORÁ DOS SEPULCROS P'RA FORA;<br/>JESUS, BREVE, VEM NOS BUSCAR.</lines>
    </verse>
    <verse name="c1">
      <lines>CRISTO, QUE HÁ DE VIR, VIRÁ!<br/>ELE NÃO TARDARÁ, SIM, JESUS VEM;<br/>ALELUIA! ALELUIA! AMÉM! ALELUIA! AMÉM!</lines>
    </verse>
    <verse name="v2">
      <lines>TALVEZ VOLTARÁ QUANDO O DIA FENEÇA,<br/>OU EM UMA NOITE A LUZ RESPLANDEÇA;<br/>IRMÃOS, ESPERAI QUE JESUS APAREÇA!<br/>JESUS, BREVE, VEM NOS BUSCAR.</lines>
    </verse>
    <verse name="v3">
      <lines>O SEU ESPLENDOR E A GLÓRIA VEREMOS,<br/>DO MUNDO, ENTÃO, NÓS POR FIM, SAIREMOS,<br/>ASSIM, GRANDE GOZO NO CÉU FRUIREMOS;<br/>JESUS, BREVE, VEM NOS BUSCAR.</lines>
    </verse>
  </lyrics>
</song>
