<?xml version='1.0' encoding='utf-8'?>
<song xmlns="http://openlyrics.info/namespace/2009/song" version="0.8" createdIn="OpenLP 2.0.3" modifiedIn="OpenLP 2.0.3" modifiedDate="2014-02-05T19:27:14">
  <properties>
    <titles>
      <title>HC  070 - CRISTO JESUS VAI VOLTAR</title>
    </titles>
    <authors>
      <author>HARPA CRISTÃ</author>
    </authors>
  </properties>
  <lyrics>
    <verse name="v1">
      <lines>NÓS ALELUIA DAREMOS A CRISTO,<br/>QUANDO O VIMOS NAS NUVENS VOLTAR,<br/>DE ESPLENDOR E DE GLÓRIA VESTIDO,<br/>SEUS ESCOLHIDOS VAI ARREBATAR.</lines>
    </verse>
    <verse name="c1">
      <lines>CRISTO JESUS LOGO VAI VOLTAR,<br/>VAI VOLTAR, VAI VOLTAR,<br/>SEU POVO VEM, SIM, ARREBATAR;<br/>JESUS BREVE REGRESSARÁ!</lines>
    </verse>
    <verse name="v2">
      <lines>EIS QUE ESTOU NO SENHOR CONFIANDO,<br/>TODO O MEU SER A JESUS ENTREGUEI.<br/>TODOS PRAZERES EU TENHO DEIXADO,<br/>EM JESUS CRISTO MEU GOZO ACHEI.</lines>
    </verse>
    <verse name="v3">
      <lines>COMO HÁ DE SER PARA TI SUA VINDA?<br/>ELA TRARÁ GOZO AO TEU CORAÇÃO?<br/>OU TE FARÁ PADECER MAIS AINDA?<br/>TEMES QUE SÓ TE TRARÁ MALDIÇÃO?</lines>
    </verse>
    <verse name="v4">
      <lines>CRISTO A MIM A PROMESSA TEM DADO<br/>QUE JUNTO DELE, TAMBÉM REINAREI;<br/>BREVE SERÁ MEU JESUS PROCLAMADO<br/>SOBRE A TERRA, POR TODOS: "O REI".</lines>
    </verse>
  </lyrics>
</song>
