<?xml version='1.0' encoding='utf-8'?>
<song xmlns="http://openlyrics.info/namespace/2009/song" version="0.8" createdIn="OpenLP 2.0.3" modifiedIn="OpenLP 2.0.3" modifiedDate="2014-02-05T19:28:31">
  <properties>
    <titles>
      <title>HC  473 - OUTRO BEM NÃO ACHAREI</title>
    </titles>
    <authors>
      <author>HARPA CRISTÃ</author>
    </authors>
  </properties>
  <lyrics>
    <verse name="v1">
      <lines>QUE OUTRO BEM ANSIOSO BUSCAREI?<br/>BEM MELHOR, QUE JESUS NÃO ACHAREI;<br/>NELE SÓ PARA SEMPRE, HEI DE ESTAR,<br/>E DE CORAÇÃO O AMAR.</lines>
    </verse>
    <verse name="c1">
      <lines>OUTRO BEM NÃO PROCURAREI,<br/>OUTRO BEM EU NÃO ACHAREI;<br/>JÁ EM MIM, 'STÁ JESUS,<br/>NELE SÓ VOU CONFIAR.<br/>QUEM AQUI PODE ME SACIAR,<br/>NESTE MUNDO ENGANADOR?<br/>SÓ JESUS, JESUS, SÓ JESUS, JESUS,<br/>REI MEU E FIEL SENHOR!</lines>
    </verse>
    <verse name="v2">
      <lines>A VAIDADE DO MUNDO ACABARÁ,<br/>TUDO AQUI A SEU TEMPO FINDARÁ;<br/>PARA SEMPRE SOMENTE, HÁ DE DURAR<br/>QUEM NA LUZ DE CRISTO ANDAR.</lines>
    </verse>
    <verse name="v3">
      <lines>ENTRE OS HOMENS NÃO BUSCAREI A LUZ;<br/>NÃO MAIS VIVO, MAIS VIVE EM MIM JESUS;<br/>SUA GRAÇA É BASTANTE PARA MIM,<br/>NÃO TERÁ NO CÉU, MAIS FIM!</lines>
    </verse>
  </lyrics>
</song>
