<?xml version='1.0' encoding='utf-8'?>
<song xmlns="http://openlyrics.info/namespace/2009/song" version="0.8" createdIn="OpenLP 2.0.3" modifiedIn="OpenLP 2.0.3" modifiedDate="2014-02-05T19:28:20">
  <properties>
    <titles>
      <title>HC  408 - ABRE OS MEUS OLHOS</title>
    </titles>
    <authors>
      <author>HARPA CRISTÃ</author>
    </authors>
  </properties>
  <lyrics>
    <verse name="v1">
      <lines>ABRE OS MEUS OLHOS EM TUA LUZ,<br/>TEU ROSTO QUERO VER, JESUS,<br/>PÕE EM MEU CORAÇÃO TEU AMOR,<br/>E DÁ-ME A PAZ E TEU FERVOR;<br/>HUMILDEMENTE ACUDO A TI,<br/>PORQUE TUA TERNA VOZ OUVI<br/>MEU GUIA SÊ, ESPÍRITO CONSOLADOR.</lines>
    </verse>
    <verse name="v2">
      <lines>ABRO OS OUVIDOS PARA OUVIR<br/>TUA PALAVRA E ME UNGIR,<br/>BELAS PALAVRAS DE DOCE AMOR,<br/>O! MEU BENDITO SALVADOR,<br/>CONSAGRO A TI MEU FRÁGIL SER!<br/>PARA CUMPRIR O TEU QUERER,<br/>ENCHE MEU SER, ESPÍRITO CONSOLADOR.</lines>
    </verse>
    <verse name="v3">
      <lines>ABRE-ME A MENTE PARA VER<br/>O TEU AMOR EM GRAN PODER;<br/>DÁ-ME TUA GRAÇA, DÁ-ME VIGOR;<br/>FAZ-ME NA LUTA, VENCEDOR;<br/>SÊ TU O MEU REFÚGIO AQUI,<br/>AUMENTA MINHA FÉ EM TI,<br/>SUSTENTA-ME, ESPÍRITO CONSOLADOR.</lines>
    </verse>
    <verse name="v4">
      <lines>ABRE-ME A PORTA DIVINAL<br/>DO TEU PALÁCIO DE CRISTAL,<br/>POIS O TEU LINDO ROSTO SENHOR,<br/>QUERO NO CÉU VER, D'ESPLENDOR;<br/>E QUANDO LÁ ENFIM ENTRAR,<br/>TEU SANTO NOME VOU LOUVAR<br/>PELO TEU BOM ESPÍRITO CONSOLADOR.</lines>
    </verse>
  </lyrics>
</song>
