<?xml version='1.0' encoding='utf-8'?>
<song xmlns="http://openlyrics.info/namespace/2009/song" version="0.8" createdIn="OpenLP 2.0.3" modifiedIn="OpenLP 2.0.3" modifiedDate="2014-02-05T19:27:53">
  <properties>
    <titles>
      <title>HC  264 - Ó PAI CELESTE</title>
    </titles>
    <authors>
      <author>HARPA CRISTÃ</author>
    </authors>
  </properties>
  <lyrics>
    <verse name="v1">
      <lines>Ó PAI CELESTE NO NOME SANTO<br/>DO TEU AMADO FILHO JESUS,<br/>GRATO TE SEJA O NOSSO CANTO,<br/>QUE REVERENTE TUA GREI PRODUZ;<br/>Ó DEUS, PRESIDE TEU POVO UNIDO,<br/>COM TUA GRAÇA E COM TEU PODER,<br/>NO SANTO ESPÍRITO JÁ RECEBIDO,<br/>NÓS DESEJAMOS AQUI VIVER.</lines>
    </verse>
    <verse name="v2">
      <lines>ROCHA DIVINA, NOSSA FIRMEZA,<br/>DÁ-NOS A GRAÇA, DÁ-NOS PODER;<br/>ÉS DOS TEUS SERVOS A FORTALEZA,<br/>ONDE, ABRIGADOS, NÃO TÊM PAVOR;<br/>CHUVAS DE BÊNÇÃOS SEMPRE DERRAMA<br/>EM ABUNDÂNCIA DOS ALTOS CÉUS;<br/>A NOSSA ALMA, QUAL CERVO BRAMA<br/>EM GRANDE SECA POR TI, BOM DEUS!</lines>
    </verse>
    <verse name="v3">
      <lines>REBANHO SANTO, POR DEUS SELADO,<br/>DUMA SÓ MENTE, DUM CORAÇÃO,<br/>E QUE ASSIM SEJA REALIZADO,<br/>VER, ESPERAMOS, COM PRONTIDÃO;<br/>Ó NOS DEFENDE COMO O TEU BRAÇO,<br/>DO INIMIGO, DO TENTADOR;<br/>SEMPRE DIRIGE OS NOSSOS PASSOS,<br/>ÀS VIVAS FONTES QUE DÃO VIGOR!</lines>
    </verse>
    <verse name="v4">
      <lines>MANDA, SENHOR, A TUA MENSAGEM<br/>PELA DIVINA E SACRA UNÇÃO,<br/>QUAL O MANÁ, QUE TROUXE, EM VIAGEM,<br/>PARA TEU POVO, A CONSOLAÇÃO;<br/>TUA PALAVRA, ÀGUA DA VIDA,<br/>DO NOSSO CÁLICE, FAZ TRANSBORDAR,<br/>CHEIA DE GRAÇA, BEM DIRIGIDA,<br/>PARA OS SEDENTOS PODER SACIAR.</lines>
    </verse>
  </lyrics>
</song>
