<?xml version='1.0' encoding='utf-8'?>
<song xmlns="http://openlyrics.info/namespace/2009/song" version="0.8" createdIn="OpenLP 2.0.3" modifiedIn="OpenLP 2.0.3" modifiedDate="2014-02-05T19:27:06">
  <properties>
    <titles>
      <title>HC  012 - VEM JÁ, PECADOR</title>
    </titles>
    <authors>
      <author>HARPA CRISTÃ</author>
    </authors>
  </properties>
  <lyrics>
    <verse name="v1">
      <lines>PECADOR, VÊ A LUZ, BRILHA PARA TI,<br/>LÁ DA CRUZ DO SALVADOR,<br/>ONDE A VIDA DEU; E DO LADO<br/>SEU CORRE SANGUE REDENTOR.</lines>
    </verse>
    <verse name="c1">
      <lines>Ó VEM JÁ, COMO ESTÁS!<br/>VEM AGORA, AO SALVADOR;<br/>SUA VIDA DEU, TUDO PADECEU;<br/>NÃO DEMORES! VEM JÁ, PECADOR!</lines>
    </verse>
    <verse name="v2">
      <lines>NA ESCURIDÃO DO JARDIM OROU<br/>TÃO AFLITO MEU SENHOR;<br/>QUANDO PRANTEOU, SANGUE SEU SUOU,<br/>NO GETSÊMANE EM DOR!</lines>
    </verse>
    <verse name="v3">
      <lines>VÊ O SALVADOR CO'AS FERIDAS MÃOS<br/>TE CHAMANDO, Ó PECADOR!<br/>VIDA ETERNA TÊM OS QUE NELE CRÊEM<br/>E ACEITAM O SEU AMOR.</lines>
    </verse>
    <verse name="v4">
      <lines>VEM A CRISTO, VEM CONFESSANDO, JÁ,<br/>TEUS PECADOS, E TE OUVIRÁ,<br/>E NO CORAÇÃO SENTIRÁS O PERDÃO,<br/>POIS JESUS TE PERDOARÁ.</lines>
    </verse>
  </lyrics>
</song>
