<?xml version='1.0' encoding='utf-8'?>
<song xmlns="http://openlyrics.info/namespace/2009/song" version="0.8" createdIn="OpenLP 2.0.3" modifiedIn="OpenLP 2.0.3" modifiedDate="2014-02-05T19:28:13">
  <properties>
    <titles>
      <title>HC  372 - VENCERÁ</title>
    </titles>
    <authors>
      <author>HARPA CRISTÃ</author>
    </authors>
  </properties>
  <lyrics>
    <verse name="v1">
      <lines>QUEM POSSUI A CRISTO, NELE FIRME ESTÁ,<br/>ACHARÁ PODER PARA O MAL COMBATER;<br/>PORQUE SUAS PROMESSAS ELE CUMPRIRÁ.<br/>QUEM ESTÁ EM CRISTO, SEMPRE HÁ DE VENCER.</lines>
    </verse>
    <verse name="c1">
      <lines>VENCERÁ, VENCERÁ, POR<br/>SEU SANGUEVENCERÁ;<br/>VENCERÁ, VENCERÁ, SEMPRE VENCERÁ;<br/>POIS JESUS QUE IMPERA, NOVAS FORÇAS DÁ;<br/>E QUEM NELE ESPERA SEMPRE VENCERÁ.</lines>
    </verse>
    <verse name="v2">
      <lines>EM QUALQUER BATALHA, NÃO DESMAIARÁ;<br/>DO PODER DAS TREVAS HÁ DE TRIUNFAR;<br/>DEUS LHE DARÁ FORÇAS, NUNCA FALHARÁ;<br/>PORQUE JEOVÁ COMBATE EM SEU LUGAR.</lines>
    </verse>
    <verse name="v3">
      <lines>ENTRE OS INIMIGOS, MUI AUDAZ SERÁ,<br/>QUEM UNIDO A CRISTO NUNCA VACILAR.<br/>EM JESUS FIRMADO, LUZ ESPARGIRÁ;<br/>A LUZ DO EVANGELHO PARA OS LIBERTAR.</lines>
    </verse>
  </lyrics>
</song>
