<?xml version='1.0' encoding='utf-8'?>
<song xmlns="http://openlyrics.info/namespace/2009/song" version="0.8" createdIn="OpenLP 2.0.3" modifiedIn="OpenLP 2.0.3" modifiedDate="2014-02-05T19:28:28">
  <properties>
    <titles>
      <title>HC  454 - ALEGRAI-VOS, Ó REMIDOS</title>
    </titles>
    <authors>
      <author>HARPA CRISTÃ</author>
    </authors>
  </properties>
  <lyrics>
    <verse name="v1">
      <lines>GLORIOSO É O CORDEIRO,<br/>ELE É DIGNO DE LOUVOR;<br/>É O RESGATE VERDADEIRO<br/>DO PECADO E DO HORROR,<br/>ALEGRAI-VOS, Ó REMIDOS;<br/>CANTAI GLÓRIA AO REDENTOR!</lines>
    </verse>
    <verse name="c1">
      <lines>ALELUIA! ALELUIA! CANTAI GLÓRIA E DAI<br/>LOUVOR!<br/>ALELUIA! ALELUIA! CANTAI GLÓRIA AO REDENTOR!</lines>
    </verse>
    <verse name="v2">
      <lines>HONRA, GLÓRIA E DOMÍNIO<br/>A JESUS, O REI DOS REIS!<br/>QUE NO SANTO VATICÍNIO<br/>É A LUZ DOS SEUS FIÉIS.<br/>ALEGRAI-VOS, Ó REMIDOS:<br/>CANTAI GLÓRIA, E VENCEREIS!</lines>
    </verse>
  </lyrics>
</song>
