<?xml version='1.0' encoding='utf-8'?>
<song xmlns="http://openlyrics.info/namespace/2009/song" version="0.8" createdIn="OpenLP 2.0.3" modifiedIn="OpenLP 2.0.3" modifiedDate="2014-02-05T19:27:26">
  <properties>
    <titles>
      <title>HC  138 - QUEM BATE É JESUS CRISTO</title>
    </titles>
    <authors>
      <author>HARPA CRISTÃ</author>
    </authors>
  </properties>
  <lyrics>
    <verse name="v1">
      <lines>SE DA MORTE TENS HORROR,<br/>E SALVAÇÃO DESEJAS,<br/>VOLTA AOS BRAÇOS DO SENHOR,<br/>PARA QUE SALVO TU SEJAS;<br/>ABRE BEM TEU CORAÇÃO,<br/>E RECEBE SALVAÇÃO,<br/>SEM NENHUMA TURBAÇÃO;<br/>QUEM BATE É JESUS CRISTO.</lines>
    </verse>
    <verse name="c1">
      <lines>DEVES-LHE DAR ABRIGO.<br/>NÃO HÁ NENHUM PERIGO;<br/>CRISTO QUER SÓ TE SALVAR;<br/>NA MESA, CEAR CONTIGO.</lines>
    </verse>
    <verse name="v2">
      <lines>JÁ SOFREU POR TI, NA CRUZ,<br/>PARA TE DAR A VIDA;<br/>O DIVINO E BOM JESUS<br/>AS MARCAS TEM DAS FERIDAS;<br/>NÃO O VÊS A SOLUÇAR,<br/>E SEU SANGUE A GOTEJAR?<br/>NÃO O VAIS DEIXAR ENTRAR?<br/>QUEM BATE É JESUS CRISTO.</lines>
    </verse>
    <verse name="v3">
      <lines>SE TU ANDAS EM TEMOR;<br/>LONGE DO PAI AMADO,<br/>QUEM SERÁ TEU PROTETOR,<br/>QUANDO O MAL FOR CHEGADO?<br/>SEGUE A QUEM MORREU NA CRUZ,<br/>POIS À VIDA TE CONDUZ;<br/>DAR-TE-Á NAS TREVAS LUZ,<br/>QUEM BATE É JESUS CRISTO.</lines>
    </verse>
  </lyrics>
</song>
