<?xml version='1.0' encoding='utf-8'?>
<song xmlns="http://openlyrics.info/namespace/2009/song" version="0.8" createdIn="OpenLP 2.0.3" modifiedIn="OpenLP 2.0.3" modifiedDate="2014-02-05T19:27:19">
  <properties>
    <titles>
      <title>HC  097 - HÁ UM CAMINHO SANTO</title>
    </titles>
    <authors>
      <author>HARPA CRISTÃ</author>
    </authors>
  </properties>
  <lyrics>
    <verse name="v1">
      <lines>HÁ UM CAMINHO SANTO, AO CÉU DE PLENA LUZ,<br/>ÁS VEZES ESPINHOSA, À GLÓRIA NOS CONDUZ;<br/>É O CAMINHO CERTO P'RA TODO PECADOR;<br/>JESUS É O SALVADOR, JESUS É O SALVADOR.</lines>
    </verse>
    <verse name="v2">
      <lines>HÁ PAZ INABALÁVEL P'RA QUEM ESTÁ NA LUZ;<br/>POR PREÇO INCOMPARÁVEL<br/>COMPROU-ME A MIM JESUS<br/>O DOM DO PAI AMADO MINH'ALMA SATISFAZ,<br/>JESUS É MINHA PAZ, JESUS É MINHA PAZ.</lines>
    </verse>
    <verse name="v3">
      <lines>HÁ UM PODER QUE SARA O TRISTE CORAÇÃO,<br/>QUE DÁ ALÍVIO À ALMA, PAZ E CONSOLAÇÃO,<br/>E GUARDA MINHA VESTE, TAMBÉM, EM NÍVEA LUZ;<br/>PODER DE MEU JESUS, PODER DE MEU JESUS!</lines>
    </verse>
    <verse name="v4">
      <lines>HÁ UM FIM GLORIOSO, ALÉM DO ESCURO VÉU;<br/>NO FIM DO ESPINHOSO CAMINHO ESTÁ O CÉU;<br/>E QUANDO FOR TIRADO O VÉU DA ESCURIDÃO,<br/>VEREI JESUS, ENTÃO, VEREI JESUS, ENTÃO.</lines>
    </verse>
  </lyrics>
</song>
