<?xml version='1.0' encoding='utf-8'?>
<song xmlns="http://openlyrics.info/namespace/2009/song" version="0.8" createdIn="OpenLP 2.0.3" modifiedIn="OpenLP 2.0.3" modifiedDate="2014-02-05T19:27:57">
  <properties>
    <titles>
      <title>HC  286 - NÃO TARDA VIR JESUS!</title>
    </titles>
    <authors>
      <author>HARPA CRISTÃ</author>
    </authors>
  </properties>
  <lyrics>
    <verse name="v1">
      <lines>Ó JESUS NESTA TERRA,<br/>HÁ SÓ TRISTEZA E DOR;<br/>OS ÍMPIOS FAZEM GUERRA<br/>AOS SANTOS DO SENHOR.</lines>
    </verse>
    <verse name="c1">
      <lines>CRISTO VOLTA<br/>EM FULGURANTE LUZ;<br/>O MAR JÁ SE REVOLTA,<br/>NÃO TARDA VIR JESUS!</lines>
    </verse>
    <verse name="v2">
      <lines>DO MUNDO NÓS NÃO SOMOS,<br/>MAS DO SENHOR JESUS;<br/>REMIDOS TODOS FOMOS<br/>COM SANGUE, LÁ NA CRUZ!</lines>
    </verse>
    <verse name="v3">
      <lines>NO MUNDO TENEBROSO,<br/>NÃO VAMOS DESCANSAR,<br/>MAS PARA O CÉU, DE GOZO,<br/>QUEREMOS JÁ VOAR!</lines>
    </verse>
    <verse name="v4">
      <lines>OLHAMOS PARA CIMA<br/>DONDE VIRÁ JESUS;<br/>POIS ISTO NOS ANIMA<br/>PARA VIVER NA LUZ.</lines>
    </verse>
  </lyrics>
</song>
