<?xml version='1.0' encoding='utf-8'?>
<song xmlns="http://openlyrics.info/namespace/2009/song" version="0.8" createdIn="OpenLP 2.0.3" modifiedIn="OpenLP 2.0.3" modifiedDate="2014-02-05T19:27:07">
  <properties>
    <titles>
      <title>HC  024 - PODER PENTECOSTAL</title>
    </titles>
    <authors>
      <author>HARPA CRISTÃ</author>
    </authors>
  </properties>
  <lyrics>
    <verse name="v1">
      <lines>NO PENTECOSTES SUCEDEU<br/>O QUE JESUS FALOU,<br/>POIS DE REPENTE LÁ DO CÉU<br/>UM VENTO ASSOPROU,<br/>QUE VEIO A CASA TODA ENCHER<br/>E OS CORAÇÕES COM MUITO PODER.</lines>
    </verse>
    <verse name="c1">
      <lines>PODER, PODER, PODER PENTECOSTAL.<br/>Ó VEM NOS INFLAMAR,<br/>TAMBÉM NOS RENOVAR;<br/>Ó VEM, SIM, VEM, Ó CHAMA DIVINAL,<br/>TEUS SERVOS BATIZAR.</lines>
    </verse>
    <verse name="v2">
      <lines>EM CADA UM VEIO REPOUSAR<br/>A PRECIOSA LUZ,<br/>O PRECEPTOR QUE VEIO FIACR<br/>CO'OS SERVOS DE JESUS;<br/>FOI O FOGO SANTO DO SENHOR,<br/>QUE OS ENCHEU COM SEU VIGOR.</lines>
    </verse>
    <verse name="v3">
      <lines>E COMEÇAM A FALAR, REPLETOS DE PODER,<br/>EM OUTRAS LÍNGUAS EXALTAR<br/>AO RICOS DONS DO SEU AMOR<br/>E O PODER CONSOLADOR.</lines>
    </verse>
    <verse name="v4">
      <lines>E QUEM DESEJA RECEBER<br/>ESTA ÁGUA SALUTAR,<br/>QUE É PROMETIDA AO QUE CRER<br/>E HUMILDE ESPERAR,<br/>PERSEVERANDO EM ORAÇÃO,<br/>TERÁ PODER SEU CORAÇÃO.</lines>
    </verse>
  </lyrics>
</song>
