<?xml version='1.0' encoding='utf-8'?>
<song xmlns="http://openlyrics.info/namespace/2009/song" version="0.8" createdIn="OpenLP 2.0.3" modifiedIn="OpenLP 2.0.3" modifiedDate="2014-02-05T19:27:08">
  <properties>
    <titles>
      <title>HC  029 - O PRECIOSO SANGUE</title>
    </titles>
    <authors>
      <author>HARPA CRISTÃ</author>
    </authors>
  </properties>
  <lyrics>
    <verse name="v1">
      <lines>OH! QUE PRECIOSO SANGUE,<br/>MEU SENHOR VERTEU,<br/>QUANDO, PARA RESGATAR-NOS,<br/>PADECEU!</lines>
    </verse>
    <verse name="v2">
      <lines>OH! QUE PRECIOSO SANGUE,<br/>SANGUE DE JESUS,<br/>QUE POR NÓS, FOI DERRAMADO<br/>SOBRE A CRUZ!</lines>
    </verse>
    <verse name="v3">
      <lines>OH! QUE PRECIOSO SANGUE,<br/>SANGUE REMIDOR!<br/>SIM, COM ESTE NOS REMISTE,<br/>REDENTOR!</lines>
    </verse>
    <verse name="v4">
      <lines>OH! QUE PRECIOSO SANGUE,<br/>SANGUE EXPIADOR!<br/>EIS QUE DA PENA LIVRA<br/>O MALFEITOR!</lines>
    </verse>
    <verse name="v5">
      <lines>OH! QUE PRECIOSO SANGUE,<br/>PURIFICADOR!<br/>QUE DE TODA A MANCHA LAVA<br/>O PECADOR!</lines>
    </verse>
    <verse name="v6">
      <lines>OH! QUE PRECIOSO SANGUE,<br/>FALA-NOS DE PAZ;<br/>TUDO QUANTO A LEI EXIGE,<br/>SATISFAZ!</lines>
    </verse>
    <verse name="v7">
      <lines>OH! QUE PRECIOSO SANGUE!<br/>POR ELE ENTRAREI<br/>SEM RECEIO, NA PRESENÇA<br/>DO MEU REI!</lines>
    </verse>
    <verse name="v8">
      <lines>OH! QUE PRECIOSO SANGUE,<br/>DO BOM SALVADOR!<br/>HOJE, A TODOS MANIFESTA<br/>SEU AMOR!</lines>
    </verse>
  </lyrics>
</song>
