<?xml version='1.0' encoding='utf-8'?>
<song xmlns="http://openlyrics.info/namespace/2009/song" version="0.8" createdIn="OpenLP 2.0.3" modifiedIn="OpenLP 2.0.3" modifiedDate="2014-02-05T19:27:11">
  <properties>
    <titles>
      <title>HC  049 - ALELUIA! JÁ CREIO</title>
    </titles>
    <authors>
      <author>HARPA CRISTÃ</author>
    </authors>
  </properties>
  <lyrics>
    <verse name="v1">
      <lines>DEUS TEM PROMETIDO A SALVAÇÃO DAR,<br/>A QUEM EM SEU FILHO JESUS CONFIAR.</lines>
    </verse>
    <verse name="c1">
      <lines>ALELUIA! JÁ CREIO EM CRISTO<br/>JESUS.<br/>E SALVO JÁ ESTOU, PELO SANGUE DA CRUZ!</lines>
    </verse>
    <verse name="v2">
      <lines>FOI TAL SEU AMOR, QUE ME SUBSTITUIU,<br/>E SOBRE O CALVÁRIO, MINH'ALMA REMIU!</lines>
    </verse>
    <verse name="v3">
      <lines>NÃO POSSO JAMAIS DESSE AMOR DUVIDAR;<br/>NÃO POSSO SENÃO AOS SEUS PÉS ME PROSTAR.</lines>
    </verse>
    <verse name="v4">
      <lines>E, QUANDO, NA GLÓRIA, EU VIR MEU BOM REI,<br/>COM TODOS OS SANTOS ALI CANTAREI.</lines>
    </verse>
  </lyrics>
</song>
