<?xml version='1.0' encoding='utf-8'?>
<song xmlns="http://openlyrics.info/namespace/2009/song" version="0.8" createdIn="OpenLP 2.0.3" modifiedIn="OpenLP 2.0.3" modifiedDate="2014-02-05T19:27:20">
  <properties>
    <titles>
      <title>HC  108 - PELEJAR POR JESUS</title>
    </titles>
    <authors>
      <author>HARPA CRISTÃ</author>
    </authors>
  </properties>
  <lyrics>
    <verse name="v1">
      <lines>POR JESUS VAMOS PELEJAR,<br/>PROSSEGUINDO O NOSSO ANDAR;<br/>E COM ELE, ENTÃO, NO CÉU,<br/>NÓS IREMOS A PAZ GOZAR.</lines>
    </verse>
    <verse name="c1">
      <lines>LUTEMOS TODOS CONTRA O MAL,<br/>E VAMOS A JESUS SEGUIR;<br/>ELE É O NOSSO GENERAL<br/>E A GLÓRIA DO PORVIR!</lines>
    </verse>
    <verse name="v2">
      <lines>EM JESUS TEMOS NÓS PODER;<br/>AVANCEMOS, JÁ SEM TEMER;<br/>CONFIANDO NO SEU AMOR,<br/>VAMOS LUTAR, ATÉ VENCER.</lines>
    </verse>
    <verse name="v3">
      <lines>CRENTES, PARA JESUS OLHAI,<br/>PELA FÉ, SEMPRE, SIM, LUTAI;<br/>AO INIMIGO, Ó COMBATEI;<br/>O EVANGELHO ANUNCIAI.</lines>
    </verse>
    <verse name="v4">
      <lines>A ESCRITURA NOS DIZ ASSIM:<br/>QUE JESUS É P'RA TI E MIM,<br/>O CAMINHO, A LUZ VERAZ,<br/>QUE NOS LEVA AO CÉU, ENFIM.</lines>
    </verse>
  </lyrics>
</song>
