<?xml version='1.0' encoding='utf-8'?>
<song xmlns="http://openlyrics.info/namespace/2009/song" version="0.8" createdIn="OpenLP 2.0.3" modifiedIn="OpenLP 2.0.3" modifiedDate="2014-02-05T19:27:06">
  <properties>
    <titles>
      <title>HC  013 - JESUS COMPROU-ME</title>
    </titles>
    <authors>
      <author>HARPA CRISTÃ</author>
    </authors>
  </properties>
  <lyrics>
    <verse name="v1">
      <lines>JESUS COMPROU-ME DO MUNDO AQUI,<br/>PALAVRAS DOCES SÃO PARA MIM;<br/>JESUS COMPROU-ME E VAI ME DAR<br/>ETERNO GOZO, CELESTE LAR.<br/>JESUS COMPROU-ME E VAI ME DAR<br/>ETERNO GOZO, CELESTE LAR.</lines>
    </verse>
    <verse name="v2">
      <lines>JESUS COMPROU-ME DA ESCRAVIDÃO,<br/>A PAZ EU GOZO POR SEU PERDÃO;<br/>SOU DESPREZADO UM POUCO AQUI,<br/>MAS EU ESPERO GOZAR ALI.<br/>SOU DESPREZADO UM POUCO AQUI,<br/>MAS EU ESPERO GOZAR ALI.</lines>
    </verse>
    <verse name="v3">
      <lines>JESUS COMPROU-ME, E EU FIQUEI<br/>P'RA SEMPRE LIVRE DA DURA LEI!<br/>AGORA ESPERO ATÉ ELE VIR,<br/>P'RA QUE ME LEVE AO SEU PORVIR.<br/>AGORA ESPERO ATÉ ELE VIR,<br/>P'RA QUE ME LEVE AO SEU PORVIR.</lines>
    </verse>
    <verse name="v4">
      <lines>Ó VINDE, AMIGOS, E JUNTO A NÓS,<br/>OUVI DEPRESSA DO CÉU A VOZ;<br/>- O QUE DEMORA NÃO CHEGARÁ,<br/>PORQUE SE PERDE E MORRERÁ.<br/>- O QUE DEMORA NÃO CHEGARÁ,<br/>PORQUE SE PERDE E MORRERÁ.</lines>
    </verse>
    <verse name="v5">
      <lines>JESUS COMPROU-ME E ME DARÁ<br/>LUGAR ÀS MESAS, QUE ESPERAM LÁ.<br/>OUVE O CONVITE, Ó PECADOR,<br/>POIS JESUS CRISTO É O SALVADOR.<br/>OUVE O CONVITE, Ó PECADOR,<br/>POIS JESUS CRISTO É O SALVADOR.</lines>
    </verse>
  </lyrics>
</song>
