<?xml version='1.0' encoding='utf-8'?>
<song xmlns="http://openlyrics.info/namespace/2009/song" version="0.8" createdIn="OpenLP 2.0.3" modifiedIn="OpenLP 2.0.3" modifiedDate="2014-02-05T19:28:29">
  <properties>
    <titles>
      <title>HC  461 - JESUS CHOROU SOBRE JERUSALÉM</title>
    </titles>
    <authors>
      <author>HARPA CRISTÃ</author>
    </authors>
  </properties>
  <lyrics>
    <verse name="v1">
      <lines>JERUSALÉM POR CRISTO É CONTEMPLADA.<br/>COM OS SEUS ALTOS QUE REBRILHAM LÁ,<br/>MAS ENTRE AS BELAS TORRES LEVANTADAS;<br/>VÊ AS DO TEMPLO ONDE ESTEVE JÁ;<br/>JESUS COM SEU OLHAR MUI PENETRANTE,<br/>NÃO VÊ SOMENTE O LINDO EXTERIOR,<br/>MAS SIM AS ALMAS TRISTES, VACILANTES,<br/>QUE REJEITARAM SEU DIVINO AMOR.</lines>
    </verse>
    <verse name="v2">
      <lines>JESUS CHOROU: SEU CORAÇÃO RASGADO<br/>LAMENTA E SENTE UMA DOR SEM PAR,<br/>POR VER SEU POVO INDO DESCUIDADO,<br/>P'RA PERDIÇÃO ETERNA CAMINHAR!<br/>UM SOM ALEGRE SOBE DA CIDADE,<br/>O POVO ESTÁ EM FESTA A JUBILAR,<br/>MAS QUANDO O SOL, SE ESCONDE À TARDE,<br/>JESUS AO CEDROM FOI P'RA LAMENTAR.</lines>
    </verse>
    <verse name="v3">
      <lines>JERUSALÉM, QUE SEGUES O MAU TRILHO,<br/>E APEDREJAS OS FIÉIS DE DEUS;<br/>Ó QUANTAS VEZES QUIS JUNTAR TEUS FILHOS,<br/>COMO A GALINHA AJUNTA OS PINTOS SEUS;<br/>MAS PARA MIM, AS PORTAS TU FECHASTE,<br/>NO DIA QUE EU VIM TE DAR A PAZ;<br/>POR TEU PECADO CEGA TE TORNASTE,<br/>NÃO ACEITANDO O MEU AMOR VERAZ!</lines>
    </verse>
    <verse name="v4">
      <lines>AINDA SE REPELE A MESMA HISTÓRIA,<br/>JESUS DO CÉU ESTÁ A CONTEMPLAR<br/>CIDADES QUE TÊM APARENTE GLÓRIA,<br/>E CONTINUA SEMPRE A CHORAR;<br/>POIS ELE É QUEM PODE DAR A VIDA<br/>ÀS MULTIDÕES QUE NA CONDENAÇÃO<br/>REJEITAM, SIM, A GRAÇA OFERECIDA,<br/>A ETERNAL E GRANDE SALVAÇÃO!</lines>
    </verse>
  </lyrics>
</song>
