<?xml version='1.0' encoding='utf-8'?>
<song xmlns="http://openlyrics.info/namespace/2009/song" version="0.8" createdIn="OpenLP 2.0.3" modifiedIn="OpenLP 2.0.3" modifiedDate="2014-02-05T19:27:58">
  <properties>
    <titles>
      <title>HC  295 - NOVO CANTO DE LOUVOR</title>
    </titles>
    <authors>
      <author>HARPA CRISTÃ</author>
    </authors>
  </properties>
  <lyrics>
    <verse name="v1">
      <lines>NOVO CANTO DE LOUVOR,<br/>CANTA JÁ MEU CORAÇÃO;<br/>HINO DE PAZ E DE AMOR,<br/>QUE ME TRAZ CONSOLAÇÃO.</lines>
    </verse>
    <verse name="c1">
      <lines>OUVE QUÃO DOCE É O LOUVOR,<br/>AO CORDEIRO DIVINAL!<br/>JESUS, CANTO INSPIRADOR,<br/>HARMONIA ANGELICAL.</lines>
    </verse>
    <verse name="v2">
      <lines>CANTO HINOS DE LOUVOR,<br/>PORQUE CRISTO ME SALVOU<br/>DESTE MUNDO ENGANADOR;<br/>SOBRE A ROCHA ME FIRMOU.</lines>
    </verse>
    <verse name="v3">
      <lines>ESTE CANTO NOVO É<br/>CADA NOITE QUE PASSAR;<br/>SOMBRAS DÃO LUGAR À FÉ,<br/>SE A DEUS LOUVOR CANTAR.</lines>
    </verse>
    <verse name="v4">
      <lines>QUANDO O CORAÇÃO VIBRAR,<br/>OS ACORDES LÁ DO CEU,<br/>E DA ROLA A VOZ SOAR,<br/>NO JARDIM DO NOSSO DEUS.</lines>
    </verse>
    <verse name="v5">
      <lines>QUANDO MEU JESUS VOLTAR,<br/>E LEVAR-ME COM OS SEUS,<br/>INDA EU IREI CANTAR,<br/>ESTE HINO LÁ NOS CÉUS.</lines>
    </verse>
    <verse name="v6">
      <lines>NO CÉU, HINO DE LOUVOR,<br/>CANTA A GRANDE MULTIDÃO.<br/>VINDE ÀS BODAS DE AMOR,<br/>AO BANQUETE DO PERDÃO.</lines>
    </verse>
  </lyrics>
</song>
