<?xml version='1.0' encoding='utf-8'?>
<song xmlns="http://openlyrics.info/namespace/2009/song" version="0.8" createdIn="OpenLP 2.0.3" modifiedIn="OpenLP 2.0.3" modifiedDate="2014-02-05T19:28:10">
  <properties>
    <titles>
      <title>HC  355 - MUI PERTO ESTÁ O DIA</title>
    </titles>
    <authors>
      <author>HARPA CRISTÃ</author>
    </authors>
  </properties>
  <lyrics>
    <verse name="v1">
      <lines>PERTO, SIM, MUI PERTO ESTÁ,<br/>O DIA NÃO TARDARÁ;<br/>IREMOS NÓS RESIDIR<br/>COM JESUS, QUE HÁ DE VIR.</lines>
    </verse>
    <verse name="v2">
      <lines>OH! QUANTA GLÓRIA HÁ DE SER,<br/>SE CRISTO HOJE DESCER,<br/>POIS OS FIÉIS EM JESUS,<br/>GOZARÃO ETERNA LUZ!</lines>
    </verse>
    <verse name="v3">
      <lines>QUE GLÓRIA IMENSA, SEM PAR,<br/>HAVEMOS NÓS DE GOZAR<br/>AO LADO, SIM, DO SENHOR,<br/>NOSSO AMADO SALVADOR!</lines>
    </verse>
    <verse name="v4">
      <lines>DEVEMOS, POIS, ESPERAR,<br/>E AO MUNDO OLHOS FECHAR;<br/>ANDEMOS SEMPRE NA LUZ,<br/>A BUSCAR O REI JESUS.</lines>
    </verse>
  </lyrics>
</song>
