<?xml version='1.0' encoding='utf-8'?>
<song xmlns="http://openlyrics.info/namespace/2009/song" version="0.8" createdIn="OpenLP 2.0.3" modifiedIn="OpenLP 2.0.3" modifiedDate="2014-02-05T19:27:48">
  <properties>
    <titles>
      <title>HC  235 - JÁ SEI, JÁ SEI</title>
    </titles>
    <authors>
      <author>HARPA CRISTÃ</author>
    </authors>
  </properties>
  <lyrics>
    <verse name="v1">
      <lines>COMPRADO COM SANGUE DE CRISTO,<br/>ALEGRE AO CÉU, SIM EU VOU;<br/>LIBERTO DO VÍCIO MALDITO,<br/>JÁ SEI QUE DE DEUS, FILHO SOU.</lines>
    </verse>
    <verse name="c1">
      <lines>JÁ SEI, JÁ SEI,<br/>COMPRADO COM SANGUE EU SOU;<br/>JÁ SEI, JÁ SEI,<br/>COM CRISTO AO CÉU, SIM EU VOU.</lines>
    </verse>
    <verse name="v2">
      <lines>ESTOU LIVRE DA LEI SEVERA,<br/>POIS CRISTO ME QUIS REDIMIR,<br/>ENCHENDO MINH'ALMA, DEVERAS,<br/>DO GOZO, QUE VEM DO PORVIR.</lines>
    </verse>
    <verse name="v3">
      <lines>EM CRISTO JESUS SEMPRE ESPERO,<br/>E NUNCA O POSSO DEIXAR;<br/>CALAR SEUS FAVORES NÃO QUERO,<br/>VOU SEMPRE DE CRISTO FALAR!</lines>
    </verse>
    <verse name="v4">
      <lines>EU SEI QUE, UM DIA, A BELEZA<br/>DO GRANDE REI VOU CONTEMPLAR;<br/>AGORA ME DÁ FORTALEZA,<br/>E SEMPRE ME QUER CONSOLAR!</lines>
    </verse>
    <verse name="v5">
      <lines>EU SEI QUE ME ESPERA A COROA,<br/>A QUAL, A SEUS SERVOS DARÁ,<br/>JESUS, A DIVINA PESSOA,<br/>NO CÉU ONDE ELE ESTÁ!</lines>
    </verse>
  </lyrics>
</song>
