<?xml version='1.0' encoding='utf-8'?>
<song xmlns="http://openlyrics.info/namespace/2009/song" version="0.8" createdIn="OpenLP 2.0.3" modifiedIn="OpenLP 2.0.3" modifiedDate="2014-02-05T19:29:01">
  <properties>
    <titles>
      <title>HC  627 - FINDA-SE MINHA PRISÃO</title>
    </titles>
    <authors>
      <author>HARPA CRISTÃ</author>
    </authors>
  </properties>
  <lyrics>
    <verse name="v1">
      <lines>LÁ, EU VEREI MEU SALVADOR,<br/>COROS DE ANJOS QUERO OUVIR;<br/>JUNTO TAMBÉM HEI DE CANTAR<br/>QUE MEU JESUS ME QUIS REMIR.</lines>
    </verse>
  </lyrics>
</song>
