<?xml version='1.0' encoding='utf-8'?>
<song xmlns="http://openlyrics.info/namespace/2009/song" version="0.8" createdIn="OpenLP 2.0.3" modifiedIn="OpenLP 2.0.3" modifiedDate="2014-02-05T19:27:49">
  <properties>
    <titles>
      <title>HC  243 - AO ABRIR O CULTO</title>
    </titles>
    <authors>
      <author>HARPA CRISTÃ</author>
    </authors>
  </properties>
  <lyrics>
    <verse name="v1a">
      <lines>NÓS ABRIMOS ESTE CULTO<br/>EM TEU NOME, Ó JESUS CRISTO!<br/>AO PEQUENO E AO ADULTO,<br/>LUZ DIVINA VEM DAR POR ISTO;</lines>
    </verse>
    <verse name="v1b">
      <lines>GOZAREMOS EM TUA FACE,<br/>Ó CORDEIRO RESSUSCITADO!<br/>COM DOÇURA, SIM, NOS ENLACES,<br/>P'RA OUVIR O QUE NOS FOR DADO.</lines>
    </verse>
    <verse name="v2a">
      <lines>Ó NOS MANDA TUA PALAVRA<br/>PELO TEU ESPIRÍTO SANTO,<br/>QUE NO PEITO UM FOGO LAVRA,<br/>QUE ENXUGA TAMBÉM O PRANTO;</lines>
    </verse>
    <verse name="v2b">
      <lines>NOSSO PAI, NÓS TE SUPLICAMOS<br/>NOVA VIDA P'RA TUA IGREJA;<br/>Ó NÃO TARDES, POIS DESEJAMOS<br/>QUE PUREZA EM NÓS TU VEJAS.</lines>
    </verse>
    <verse name="v3a">
      <lines>ABENÇOA, Ó DEUS SANTO,<br/>OS TEUS SERVOS EM TODO MUNDO;<br/>ABENÇOA O NOSSO CANTO<br/>E DÁ VIDA AOS MORIBUNDOS;</lines>
    </verse>
    <verse name="v3b">
      <lines>ABENÇOA AOS CORDEIRINHOS,<br/>A FAMÍLIA DOS TEUS AMADOS,<br/>COMO AVE QUE NO SEU NINHO,<br/>TEM SEUS FILHOS BEM ABRIGADOS.</lines>
    </verse>
  </lyrics>
</song>
