<?xml version='1.0' encoding='utf-8'?>
<song xmlns="http://openlyrics.info/namespace/2009/song" version="0.8" createdIn="OpenLP 2.0.3" modifiedIn="OpenLP 2.0.3" modifiedDate="2014-02-05T19:28:33">
  <properties>
    <titles>
      <title>HC  485 - ANDANDO PARA O CÉU</title>
    </titles>
    <authors>
      <author>HARPA CRISTÃ</author>
    </authors>
  </properties>
  <lyrics>
    <verse name="v1">
      <lines>'STOU ANDANDO PARA O CÉU<br/>ONDE OS SANTOS JÁ ESTÃO:<br/>'STOU ALEGRE E SATISFEITO!<br/>MINHA PÁTRIA É SIÃO,<br/>MORTE LÁ NÃO ENTRARÁ;<br/>QUE ALEGRIA ALI SERÁ!</lines>
    </verse>
    <verse name="c1">
      <lines>OH! GLÓRIA! ALELUIA!<br/>MEU DESEJO É ESTAR NO CÉU;<br/>'STOU ALEGRE É SATISFEITO;<br/>OH! GLÓRIA! ALELUIA!<br/>MEU DESEJO É ESTAR NO CÉU;<br/>QUE ALEGRIA ALI SERÁ!</lines>
    </verse>
    <verse name="v2">
      <lines>'STOU ANDANDO PARA O CÉU,<br/>ONDE AS RUAS DE OURO SÃO;<br/>'STOU ALEGRE E SATISFEITO!<br/>TENHO ALI FELIZ MANSÃO,<br/>MEU JESUS LÁ ESTARÁ!<br/>QUE ALEGRIA ALI SERÁ!</lines>
    </verse>
    <verse name="v3">
      <lines>'STOU ANDANDO PARA O CÉU,<br/>ONDE REINA GOZO E PAZ,<br/>'STOU ALEGRE E SATISFEITO!<br/>GOZO SANTO E VERAZ<br/>TODO O CRENTE ALI TERÁ,<br/>QUE ALEGRIA ALI SERÁ!</lines>
    </verse>
    <verse name="v4">
      <lines>'STOU ANDANDO PARA O CÉU,<br/>PARA VER MEU SALVADOR;<br/>'STOU ALEGRE E SATISFEITO!<br/>CANTAREI O SEU LOUVOR,<br/>POIS MINH'ALMA ALEGRE ESTÁ;<br/>QUE ALEGRIA ALI SERÁ!</lines>
    </verse>
  </lyrics>
</song>
