<?xml version='1.0' encoding='utf-8'?>
<song xmlns="http://openlyrics.info/namespace/2009/song" version="0.8" createdIn="OpenLP 2.0.3" modifiedIn="OpenLP 2.0.3" modifiedDate="2014-02-05T19:27:43">
  <properties>
    <titles>
      <title>HC  207 - JERUSALÉM DIVINA</title>
    </titles>
    <authors>
      <author>HARPA CRISTÃ</author>
    </authors>
  </properties>
  <lyrics>
    <verse name="v1">
      <lines>JERUSALÉM DIVINA<br/>VISÃO DE PAZ DITOSA,<br/>DE CRISTO, SANTA ESPOSA,<br/>RADIANTE DE ESPLENDOR;<br/>TENS FONTES CRISTALINAS,<br/>SÃO VIVOS TEUS ALTARES<br/>E OS ANJOS, AOS MILHARES,<br/>TE CINGEM AO REDOR.</lines>
    </verse>
    <verse name="v2">
      <lines>MANSÃO DO REI BENDITO,<br/>SÃO DOZE TUAS PORTAS<br/>QUE SEMPRE SÃO TRANSPOSTAS<br/>POR SEREM IMORTAIS;<br/>TEUS LIVROS TÊM ESCRITOS<br/>OS NOMES DOS REMIDOS;<br/>EM TI, SERÃO OUVIDOS<br/>OS HINOS CELESTIAIS.</lines>
    </verse>
    <verse name="v3">
      <lines>TEUS SANTOS MORADORES,<br/>UM GLORIOSO CANTO<br/>PROFEREM AO DEUS SANTO<br/>QUE JÁ LHES PERDOOU;<br/>ENTOAM MIL LOUVORES<br/>A CRISTO, QUAL CORDEIRO,<br/>QUE MANSO, NUM MADEIRO<br/>POR ELE SE IMOLOU!</lines>
    </verse>
    <verse name="v4">
      <lines>AO MESMO CRISTO AMEMOS,<br/>AO MESMO DEUS TEMAMOS,<br/>NÓS QUE POR FÉ ANDAMOS,<br/>LEVANDO A SUA CRUZ;<br/>E PRONTOS FRUIREMOS,<br/>OS TEUS UMBRAIS PASSADOS,<br/>MIL GOZOS PREPARADOS,<br/>NA GLÓRIA, COM JESUS!</lines>
    </verse>
  </lyrics>
</song>
