<?xml version='1.0' encoding='utf-8'?>
<song xmlns="http://openlyrics.info/namespace/2009/song" version="0.8" createdIn="OpenLP 2.0.3" modifiedIn="OpenLP 2.0.3" modifiedDate="2014-02-05T19:27:05">
  <properties>
    <titles>
      <title>HC  007 - CRISTO CURA, SIM!</title>
    </titles>
    <authors>
      <author>HARPA CRISTÃ</author>
    </authors>
  </properties>
  <lyrics>
    <verse name="v1">
      <lines>CONTRA OS MALES DESTE MUNDO,<br/>DEUS NOS VALE SÓ;<br/>NÃO HÁ MAL QUE DEUS NÃO CURE,<br/>POIS DE NÓS TEM DÓ.</lines>
    </verse>
    <verse name="c1">
      <lines>CRISTO CURA, SIM,<br/>CRISTO CURA, SIM.<br/>SEU AMOR POR NÓS É IMENSO;<br/>ELE CURA, SIM!</lines>
    </verse>
    <verse name="v2">
      <lines>DERRAMOU SEU SANGUE PURO<br/>P'RA REMIR A MIM;<br/>QUANDO UNGIDO SOU DE AZEITE,<br/>SOU CURADO, ENFIM!</lines>
    </verse>
    <verse name="v3">
      <lines>SÓ NOSS'ALMA É BEM SEGURA,<br/>OCULTA EM JESUS;<br/>ELE O BÁLSAMO DA VIDA,<br/>DERRAMOU NA CRUZ.</lines>
    </verse>
    <verse name="v4">
      <lines>GLÓRIA A DEUS! ETERNA GLÓRIA,<br/>DEMOS-LHE LOUVOR;<br/>GLÓRIA, CÂNTICOS E HOSANAS<br/>DAI AO REDENTOR!</lines>
    </verse>
  </lyrics>
</song>
