<?xml version='1.0' encoding='utf-8'?>
<song xmlns="http://openlyrics.info/namespace/2009/song" version="0.8" createdIn="OpenLP 2.0.3" modifiedIn="OpenLP 2.0.3" modifiedDate="2014-02-05T19:27:42">
  <properties>
    <titles>
      <title>HC  204 - O PEREGRINO NA TERRA</title>
    </titles>
    <authors>
      <author>HARPA CRISTÃ</author>
    </authors>
  </properties>
  <lyrics>
    <verse name="v1">
      <lines>SOU PEREGRINO NA TERRA<br/>E LONGE ESTOU DO MEU LAR,<br/>MINH'ALMA ANELANTE ESPERA<br/>QUE CRISTO A VENHA BUSCAR;<br/>AQUI SÓ HÁ DESCRENÇA,<br/>AS LUTAS NÃO TÊM FIM,<br/>MAS DE JESUS, A PRESENÇA,<br/>GLÓRIA SERÁ PARA MIM!</lines>
    </verse>
    <verse name="c1">
      <lines>NO CÉU DE LUZ VOU DESCANSAR,<br/>COM MEU JESUS HEI DE MORAR.</lines>
    </verse>
    <verse name="v2">
      <lines>EM CRISTO TENDO JÁ CRIDO,<br/>SÓ PELA FÉ VIVEREI,<br/>POIS DEUS ME TEM PROMETIDO,<br/>QUE NO CÉU DESCANSAREI!<br/>EU TENHO PERMANENTE<br/>O BOM CONSOLADOR,<br/>GUIANDO-ME BRANDAMENTE<br/>À FONTE VIVA DE AMOR.</lines>
    </verse>
    <verse name="v3">
      <lines>EMBORA ÀS VEZES O CRENTE<br/>AS DORES SOFRA DA CRUZ,<br/>GOZO TERÁ PERMANENTE,<br/>QUANDO NO CÉU VIR JESUS<br/>DE GLÓRIA COROADO<br/>NO TRONO DIVINAL,<br/>POR ANJOS SEMPRE LOUVADO,<br/>NUM CORO CELESTIAL.</lines>
    </verse>
  </lyrics>
</song>
