<?xml version='1.0' encoding='utf-8'?>
<song xmlns="http://openlyrics.info/namespace/2009/song" version="0.8" createdIn="OpenLP 2.0.3" modifiedIn="OpenLP 2.0.3" modifiedDate="2014-02-05T19:28:12">
  <properties>
    <titles>
      <title>HC  364 - OH, QUE PAZ!</title>
    </titles>
    <authors>
      <author>HARPA CRISTÃ</author>
    </authors>
  </properties>
  <lyrics>
    <verse name="v1">
      <lines>OH! QUE PAZ EU SINTO NO SENHOR JESUS<br/>PAZ ETERNA, QUE ME FAZ ANDAR NA LUZ,<br/>E ESTÁ EM MIM NA PROVA E NA DOR;<br/>MINHA PAZ É O SENHOR!</lines>
    </verse>
    <verse name="c1">
      <lines>OH! QUE PAZ RECEBO PELA CRUZ,<br/>PAZ ETERNA NO SENHOR,<br/>SE VIVER SEMPRE EM JESUS<br/>E VENCER POR SEU AMOR!<br/>OH! QUE PAZ, QUE LUZ TEM O PECADOR<br/>QUANDO VEM A TI, JESUS!</lines>
    </verse>
    <verse name="v2">
      <lines>OH! QUE PAZ EU TENHO NO MEU CORAÇÃO,<br/>PAZ ETERNA, QUE ME DÁ CONSOLAÇÃO!<br/>É A PAZ QUE GOZA TODO O FIEL;<br/>DE JESUS: O EMANUEL!</lines>
    </verse>
    <verse name="v3">
      <lines>OH! QUE PAZ CELESTE ME DÁ O SENHOR!<br/>PAZ ETERNA, QUE ME ENCHE DE AMOR;<br/>ESSA É CRISTO, A VITÓRIA D'ISRAEL,<br/>QUE POSSUI QUEM FOR FIEL!</lines>
    </verse>
    <verse name="v4">
      <lines>OH! AMADOS, CAMINHEMOS COM JESUS!<br/>SÓ PENSANDO NELE E NA SUA CRUZ;<br/>ELE É A PAZ QUE ALEGRA O CORAÇÃO<br/>POIS NOS DÁ O SEU PERDÃO!</lines>
    </verse>
  </lyrics>
</song>
