<?xml version='1.0' encoding='utf-8'?>
<song xmlns="http://openlyrics.info/namespace/2009/song" version="0.8" createdIn="OpenLP 2.0.3" modifiedIn="OpenLP 2.0.3" modifiedDate="2014-02-05T19:28:03">
  <properties>
    <titles>
      <title>HC  317 - JESUS VEM TRIUNFANTE</title>
    </titles>
    <authors>
      <author>HARPA CRISTÃ</author>
    </authors>
  </properties>
  <lyrics>
    <verse name="v1">
      <lines>COMO BRILHA DO ORIENTE<br/>O RELÂMPAGO AO OCIDENTE,<br/>DESTE MUNDO VOLTARÁ DO CÉU, JESUS;<br/>LEVARÁ SUA NOIVA EM GOZO<br/>AO SEU LADO MUI DITOSO,<br/>PARA O LAR ETERNO DE CELESTE LUZ.</lines>
    </verse>
    <verse name="c1">
      <lines>EM BREVE, DO CÉU, JESUS VIRÁ<br/>NOS BUSCAR;<br/>COM GRAN PODER, VIRÁ JESUS.<br/>E NÓS DEVEMOS TODOS PREPARADOS ESTAR,<br/>COM VESTES BRANCAS, E BRILHANDO COMO LUZ.</lines>
    </verse>
    <verse name="v2">
      <lines>EIS QUE A PORTA ESTÁ ABERTA<br/>PARA A ALMA QUE DESPERTA,<br/>ACEITANDO A JESUS, O SALVADOR,<br/>POIS SEU SANGUE DERRAMADO<br/>TEM VENCIDO O VIL PECADO,<br/>CARREGANDO, NO MADEIRO NOSSA DOR!</lines>
    </verse>
    <verse name="v3">
      <lines>JESUS VEM, VEM TRIUNFANTE,<br/>COM SEUS OLHOS CHAMEJANTES,<br/>POIS SUA FACE BRILHARÁ QUAL LUZ DO SOL!<br/>MUI FELIZES OS QUE CLAMAM,<br/>SUA VINDA, POIS O AMAM,<br/>E NO CÉU, OS NOMES ESCRITOS TÊM NO ROL.</lines>
    </verse>
    <verse name="v4">
      <lines>JESUS VEM, QUAL SOL RAIANDO,<br/>ESTE MUNDO ILUMINANDO,<br/>A IGREJA SUBIRÁ AO ENCONTRO SEU;<br/>NA SUA MÃO TRAZ LUZ BRILHANTE,<br/>QUAL ESTRELA CINTILANTE,<br/>E OS LOUVORES SE OUVIRÃO NOS ALTOS CÉUS!</lines>
    </verse>
  </lyrics>
</song>
