<?xml version='1.0' encoding='utf-8'?>
<song xmlns="http://openlyrics.info/namespace/2009/song" version="0.8" createdIn="OpenLP 2.0.3" modifiedIn="OpenLP 2.0.3" modifiedDate="2014-02-05T19:28:22">
  <properties>
    <titles>
      <title>HC  422 - NO CÉU NÃO ENTRA PECADO</title>
    </titles>
    <authors>
      <author>HARPA CRISTÃ</author>
    </authors>
  </properties>
  <lyrics>
    <verse name="v1">
      <lines>NO CÉU NÃO ENTRA PECADO<br/>FADIGA, TRISTEZA, NEM DOR;<br/>NÃO HÁ CORAÇÃO QUEBRANTADO,<br/>POIS TODOS SÃO CHEIOS DE AMOR,<br/>AS NUVENS DA VIDA TERRESTRE<br/>NÃO PODEM A GLÓRIA OFUSCAR<br/>DO REINO DE GOZO CELESTE,<br/>QUE DEUS QUIS P'RA MIM PREPARAR!</lines>
    </verse>
    <verse name="c1">
      <lines>IREI EU P'RA LINDA CIDADE,<br/>JESUS ME DARÁ UM LUGAR,<br/>CO'OS CRENTES DE TODAS IDADES,<br/>A DEUS HEI DE SEMPRE LOUVAR.<br/>DO CÉU TENHO MUITAS SAUDADES,<br/>DAS GLÓRIAS QUE LÁ HEI DE VER;<br/>OH! QUE GOZO VOU TER,<br/>QUANDO EU VIR MEU SENHOR,<br/>RODEADO DE GRANDE ESPLENDOR!</lines>
    </verse>
    <verse name="v2">
      <lines>PAGAR NÃO É NECESSÁRIO<br/>A CASA, QUE LÁ HEI DE TER;<br/>E MEU ETERNAL VESTUÁRIO,<br/>NO CÉU, NUNCA VAI SE ROMPER.<br/>JAMAIS VIVEREI EM POBREZA,<br/>AFLITO NO MEU SANTO LAR,<br/>ALI HÁ BASTANTE RIQUEZA,<br/>DA QUAL PODEREI DESFRUTAR.</lines>
    </verse>
    <verse name="v3">
      <lines>NO CÉU O LUTO É BANIDO,<br/>ENTERROS NÃO HÃO DE PASSAR;<br/>SEPULCROS JAMAIS SÃO ERGUIDOS,<br/>LÁ MORTOS NÃO VOU ENCONTRAR.<br/>OS VELHOS SERÃO TRANSFORMADOS;<br/>MUDADOS NÓS VAMOS FICAR,<br/>QUAIS ASTROS POR DEUS ESPALHADOS<br/>NO CÉU, PARA SEMPRE BRILHAR.</lines>
    </verse>
  </lyrics>
</song>
