<?xml version='1.0' encoding='utf-8'?>
<song xmlns="http://openlyrics.info/namespace/2009/song" version="0.8" createdIn="OpenLP 2.0.3" modifiedIn="OpenLP 2.0.3" modifiedDate="2014-02-05T19:27:58">
  <properties>
    <titles>
      <title>HC  294 - EU VOU COM JESUS</title>
    </titles>
    <authors>
      <author>HARPA CRISTÃ</author>
    </authors>
  </properties>
  <lyrics>
    <verse name="v1">
      <lines>MUI TRISTE EM PECADO, VAGAVA SEM LUZ,<br/>MAS JÁ VIVO ALEGRE, POIS A CRISTO ACHEI,<br/>EM TODOS OS DIAS, EU CANTO A JESUS,<br/>EU SIGO COM CRISTO, MEU MESTRE, MEU REI.</lines>
    </verse>
    <verse name="c1">
      <lines>EU VOU COM JESUS;<br/>ALELUIA!<br/>EU SIGO COM CRISTO, O REI;<br/>NÃO VAGO JAMAIS, EU QUERO SEGUIR<br/>A CRISTO JESUS, O MEU REI.</lines>
    </verse>
    <verse name="v2">
      <lines>POR ANOS E ANOS, SEM CRISTO, A SÓS,<br/>EU NUNCA, NO MUNDO FELIZ ME ACHEI;<br/>MAS JÁ COM AS AVES ELEVO A VOZ,<br/>E CANTO FELIZ, POIS EU VOU COM O REI.</lines>
    </verse>
    <verse name="v3">
      <lines>Ó ALMA QUE VIVES NO VALE SEM LUZ,<br/>SE OLHAS P'RA CIMA, VERÁS UM FAROL;<br/>Ó SOBE DEPRESSA, VEM JÁ P'RA JESUS;<br/>DE CRISTO, A LUZ BRILHA MAIS QUE O SOL.</lines>
    </verse>
  </lyrics>
</song>
