<?xml version='1.0' encoding='utf-8'?>
<song xmlns="http://openlyrics.info/namespace/2009/song" version="0.8" createdIn="OpenLP 2.0.3" modifiedIn="OpenLP 2.0.3" modifiedDate="2014-02-05T19:28:09">
  <properties>
    <titles>
      <title>HC  349 - OS DONS DO CÉU</title>
    </titles>
    <authors>
      <author>HARPA CRISTÃ</author>
    </authors>
  </properties>
  <lyrics>
    <verse name="v1">
      <lines>OS DONS DO CÉU PROMETIDOS,<br/>PAI ESPERAMOS AQUI;<br/>EM SANTO AMOR REUNIDOS,<br/>NÓS SUPLICAMOS A TI.</lines>
    </verse>
    <verse name="c1">
      <lines>MANDA, Ó SENHOR, CHUVAS DOS CÉUS;<br/>CHUVAS DO CONSOLADOR,<br/>MANDA DOS CÉUS, Ó BOM DEUS!<br/>MANDA, Ó SENHOR, CHUVAS DOS CÉUS,<br/>QUE NOS DÃO SEMPRE VIGOR;<br/>MANDA-NOS JÁ, Ó BOM DEUS!</lines>
    </verse>
    <verse name="v2">
      <lines>MANDA-NOS CHUVAS CONSTANTES,<br/>CHUVAS DO CONSOLADOR;<br/>CHUVAS, SIM, MAS ABUNDANTES,<br/>CHUVAS DE VIDA E DE AMOR!</lines>
    </verse>
    <verse name="v3">
      <lines>O TEU PODER ESPERAMOS,<br/>Ó GLORIOSO SENHOR!<br/>DOS ALTOS CÉUS AGUARDAMOS<br/>CHUVAS DO CONSOLADOR!</lines>
    </verse>
    <verse name="v4">
      <lines>PAI ABENÇOA OS CRENTES<br/>QUE SEMPRE ESTÃO A BUSCAR<br/>A TUA FACE, TEMENTES;<br/>CHUVAS, LHES QUEIRAS MANDAR.</lines>
    </verse>
  </lyrics>
</song>
