<?xml version='1.0' encoding='utf-8'?>
<song xmlns="http://openlyrics.info/namespace/2009/song" version="0.8" createdIn="OpenLP 2.0.3" modifiedIn="OpenLP 2.0.3" modifiedDate="2014-02-05T19:28:00">
  <properties>
    <titles>
      <title>HC  300 - NOSSA ESPERANÇA</title>
    </titles>
    <authors>
      <author>HARPA CRISTÃ</author>
    </authors>
  </properties>
  <lyrics>
    <verse name="v1">
      <lines>JESUS, SIM, VEM NO CÉU, EM GLÓRIA ELE VEM!<br/>ECOA A NOVA PELO MUNDO ALÉM;<br/>OH ESPERANÇA QUE A SUA IGREJA TEM!<br/>DAI GLÓRIA A DEUS, JESUS EM BREVE VEM!</lines>
    </verse>
    <verse name="c1">
      <lines>NOSSA ESPERANÇA É SUA<br/>VINDA<br/>O REI DOS REIS VEM NOS BUSCAR;<br/>NÓS AGUARDAMOS, JESUS, AINDA,<br/>TÉ A LUZ DA MANHÃ RAIAR.<br/>NOSSA ESPERANÇA É SUA VINDA<br/>O REI DOS REIS VEM NOS BUSCAR;<br/>NÓS AGUARDAMOS, JESUS, AINDA,<br/>TÉ A LUZ DA MANHÃ RAIAR.</lines>
    </verse>
    <verse name="v2">
      <lines>JESUS, SIM, VEM, OS MORTOS ESPERANDO ESTÃO;<br/>O GRAN MOMENTO DA RESSURREIÇÃO<br/>E DO SEPULCRO EM BREVE SE LEVANTARÃO!<br/>DAI GLÓRIA A DEUS, JESUS EM BREVE VEM!</lines>
    </verse>
    <verse name="v3">
      <lines>JESUS, SIM, VEM DO CÉU CERCADO DE ESPLENDOR,<br/>ANIQUILANDO A CORRUPÇÃO E A DOR,<br/>QUEBRANDO OS LAÇOS DO ASTUTO USURPADOR,<br/>DAI GLÓRIA A DEUS, JESUS EM BREVE VEM!</lines>
    </verse>
    <verse name="v4">
      <lines>JESUS, SIM, VEM, COMPLETAMENTE RESTAURAR<br/>O MUNDO QUE SE ARRUÍNA SEM PARAR;<br/>SIM, TODAS AS COISAS VEM DEPRESSA TRANSFORMAR<br/>DAI GLÓRIA A DEUS, JESUS EM BREVE VEM!</lines>
    </verse>
    <verse name="v5">
      <lines>JESUS, SIM, VEM, E SEMPITERNA ADORAÇÃO<br/>DAREMOS NÓS AO REI DE CORAÇÃO;<br/>AO GRANDE AUTOR DA NOSSA ETERNA SALVAÇÃO,<br/>DAI GLÓRIA A DEUS, JESUS EM BREVE VEM!</lines>
    </verse>
  </lyrics>
</song>
