<?xml version='1.0' encoding='utf-8'?>
<song xmlns="http://openlyrics.info/namespace/2009/song" version="0.8" createdIn="OpenLP 2.0.3" modifiedIn="OpenLP 2.0.3" modifiedDate="2014-02-05T19:28:14">
  <properties>
    <titles>
      <title>HC  379 - SALVO DE GRAÇA</title>
    </titles>
    <authors>
      <author>HARPA CRISTÃ</author>
    </authors>
  </properties>
  <lyrics>
    <verse name="v1">
      <lines>QUE ALEGRIA, JESUS ME SALVOU,<br/>POR SUA GRAÇA, POIS ELE LEVOU<br/>OS MEUS PECADOS, CRAVANDO-OS NA CRUZ,<br/>FAZENDO BRILHAR SOBRE MIM A LUZ.</lines>
    </verse>
    <verse name="c1">
      <lines>SALVO DE GRAÇA POR MEU JESUS!<br/>SALVO DE GRAÇA, JÁ TENHO A LUZ!<br/>DEMOS-LHE GLÓRIA POR GRANDE VITÓRIA,<br/>QUE POR MIM GANHOU O SENHOR JESUS.</lines>
    </verse>
    <verse name="v2">
      <lines>SEMPRE ERRANTE NO MUNDO ANDEI,<br/>LONGE DE DEUS, DOS PRECEITOS DA LEI,<br/>QUE ME PROMETE O GOZO SEM PAR,<br/>TAMBÉM LIBERDADE AQUI ME DAR.</lines>
    </verse>
    <verse name="v3">
      <lines>CHORO E PRANTOS NÃO PODEM VALER,<br/>NEM SEUS ESFORÇOS, NEM GRANDE SABER,<br/>PARA UM PERDIDO SEDENTO DE LUZ,<br/>SE ELE NÃO CRER NO SENHOR JESUS.</lines>
    </verse>
    <verse name="v4">
      <lines>TENHO DESCAANSO DO CÉU, GOZO ENFIM,<br/>POIS JESUS CRISTO SALVOU-ME A MIM;<br/>QUANDO EU ENTRAR NO SEU REINO DE LUZ,<br/>MELHOR VOU LOUVAR O SENHOR JESUS.</lines>
    </verse>
  </lyrics>
</song>
