<?xml version='1.0' encoding='utf-8'?>
<song xmlns="http://openlyrics.info/namespace/2009/song" version="0.8" createdIn="OpenLP 2.0.3" modifiedIn="OpenLP 2.0.3" modifiedDate="2014-02-05T19:27:20">
  <properties>
    <titles>
      <title>HC  106 - VIVA CRISTO</title>
    </titles>
    <authors>
      <author>HARPA CRISTÃ</author>
    </authors>
  </properties>
  <lyrics>
    <verse name="v1">
      <lines>VIVA CRISTO, ETERNAL RIQUEZA,<br/>MEU ESCUDO, VIDA E FIRMEZA,<br/>SUA GRAÇA - OH! ME FAÇA<br/>RELUZIR NO SEU AMOR.</lines>
    </verse>
    <verse name="v2">
      <lines>VIVA CRISTO, ROCHA JÁ ELEITA,<br/>A VERDADE PURA E PERFEITA;<br/>MEU SUSTENTO - GRAN CONTENTO,<br/>QUE ME FAZ ANDAR NA LUZ.</lines>
    </verse>
    <verse name="v3">
      <lines>VIVA CRISTO, MINHA ETERNA SORTE;<br/>MEU TESOURO É DEPOIS DA MORTE;<br/>ME CONFORTA, ME EXORTA<br/>A VIVER EM PERFEIÇÃO.</lines>
    </verse>
    <verse name="v4">
      <lines>VIVA CRISTO, O SENHOR DA GLÓRIA,<br/>QUE AOS CRENTES SEMPRE DÁ VITÓRIA,<br/>E A VIDA PROMETIDA,<br/>QUE, P'RA NÓS GANHOU NA CRUZ.</lines>
    </verse>
    <verse name="v5">
      <lines>VIVA CRISTO, CONDUTOR DOS SANTOS!<br/>VIVA CRISTO, FORTEMENTE CANTO!<br/>POIS ME AMA E DERRAMA<br/>NO MEU SER, CELESTE PAZ.</lines>
    </verse>
  </lyrics>
</song>
