<?xml version='1.0' encoding='utf-8'?>
<song xmlns="http://openlyrics.info/namespace/2009/song" version="0.8" createdIn="OpenLP 2.0.3" modifiedIn="OpenLP 2.0.3" modifiedDate="2014-02-05T19:28:15">
  <properties>
    <titles>
      <title>HC  384 - SINTO VIDA DO SENHOR</title>
    </titles>
    <authors>
      <author>HARPA CRISTÃ</author>
    </authors>
  </properties>
  <lyrics>
    <verse name="v1">
      <lines>SINTO QUE VIVO NO SENHOR,<br/>QUE VEIO ME SALVAR;<br/>E SUA LEI, POR SEU AMOR,<br/>DESEJO SEMPRE GUARDAR.</lines>
    </verse>
    <verse name="c1">
      <lines>HABITAREI SEMPRE EM JESUS,<br/>FIRMÁ-LO-EI NO CORAÇÃO;<br/>DEUS, PELA FÉ, EM MIM PRODUZ<br/>PERFEIÇÃO!</lines>
    </verse>
    <verse name="v2">
      <lines>SINTO QUE VIVO NO SENHOR,<br/>EM LIBERDADE JÁ,<br/>JESUS ME COBRE DE FAVOR,<br/>REPOUSO SEMPRE ME DÁ.</lines>
    </verse>
    <verse name="v3">
      <lines>SINTO QUE VIVO NO SENHOR,<br/>NA ROCHA ETERNAL,<br/>QUE ME SUSTENTA COM VIGOR,<br/>NAS TEMPESTADES DO MAL.</lines>
    </verse>
    <verse name="v4">
      <lines>SINTO QUE VIVO NO SENHOR.<br/>E SEMPRE VIVEREI;<br/>POR SEU PODER CONSOLADOR,<br/>EM DEUS PERMANECEREI.</lines>
    </verse>
  </lyrics>
</song>
