<?xml version='1.0' encoding='utf-8'?>
<song xmlns="http://openlyrics.info/namespace/2009/song" version="0.8" createdIn="OpenLP 2.0.3" modifiedIn="OpenLP 2.0.3" modifiedDate="2014-02-05T19:27:51">
  <properties>
    <titles>
      <title>HC  252 - SANTO, SANTO ÉS TU, SENHOR</title>
    </titles>
    <authors>
      <author>HARPA CRISTÃ</author>
    </authors>
  </properties>
  <lyrics>
    <verse name="v1">
      <lines>SANTO, SANTO ÉS TU, SENHOR,<br/>EM TEU LOUVOR EU VOU CANTAR<br/>COM ESPERANÇA, Ó DEUS DE AMOR;<br/>TU ME QUERES CONSOLAR;<br/>EU TE PEÇO, Ó MEU JESUS,<br/>SÓ TU ÉS MEU SALVADOR,<br/>QUE ME FAÇAS ANDAR NA LUZ;<br/>SANTO ÉS, MEU REDENTOR!</lines>
    </verse>
    <verse name="c1">
      <lines>AO MEU JESUS EU CANTAREI<br/>ENTRANDO NA FELIZ SIÃO;<br/>OH! SANTO, SANTO, PROCLAMAREI<br/>NA MINHA ETERNAL MANSÃO,<br/>COM OS ANJOS E SERAFINS,<br/>SANTO! SEMPRE VOU CANTAR<br/>COM ARCANJOS E QUERUBINS;<br/>A JESUS EU VOU ADORAR.</lines>
    </verse>
    <verse name="v2">
      <lines>SANTO, SANTO, EU CANTAREI,<br/>AO MEU JESUS, QUE ME SALVOU,<br/>E SÓ NELE CAONFIAREI,<br/>POIS A MINH'ALMA RESGATOU;<br/>DÁ-ME O PÃO DO CÉU P'RA COMER.<br/>O MANÁ CELESTIAL,<br/>P'RA TEU POVO FORTALECER,<br/>COM TEU PODER VITAL.</lines>
    </verse>
    <verse name="v3">
      <lines>EM JESUS, SÓ HEI DE BUSCAR,<br/>A SUA FORÇA DIVINAL,<br/>QUE AVANTE ME VAI LEVAR,<br/>PARA O REINO ETERNAL;<br/>OH! QUÃO DOCE É TEU PÃO,<br/>QUE NOS DÁ REAL VIGOR<br/>NO DESERTO; CONSOLAÇÃO,<br/>QUE NOS ENCHE DE FERVOR.</lines>
    </verse>
  </lyrics>
</song>
