<?xml version='1.0' encoding='utf-8'?>
<song xmlns="http://openlyrics.info/namespace/2009/song" version="0.8" createdIn="OpenLP 2.0.3" modifiedIn="OpenLP 2.0.3" modifiedDate="2014-02-05T19:27:36">
  <properties>
    <titles>
      <title>HC  174 - GLÓRIA, ALELUIA, GLÓRIA!</title>
    </titles>
    <authors>
      <author>HARPA CRISTÃ</author>
    </authors>
  </properties>
  <lyrics>
    <verse name="v1">
      <lines>TENHO GOZO EM DAR LOUVOR,<br/>GLÓRIA, ALELUIA, GLÓRIA!<br/>A JESUS, MEU SALVADOR,<br/>GLÓRIA, ALELUIA, GLÓRIA</lines>
    </verse>
    <verse name="c1">
      <lines>GLÓRIA A DEUS, JESUS ME SALVOU!<br/>GLÓRIA A DEUS, JESUS ME LIVROU!<br/>GLÓRIA A DEUS, QUE EU SALVO ESTOU!<br/>GLÓRIA, ALELUIA, GLÓRIA!</lines>
    </verse>
    <verse name="v2">
      <lines>SÓ JESUS PODE SALVAR,<br/>GLÓRIA, ALELUIA, GLÓRIA!<br/>E DE TODO O MAL LIVRAR,<br/>GLÓRIA, ALELUIA, GLÓRIA!</lines>
    </verse>
    <verse name="v3">
      <lines>ENQUANTO NO MUNDO ANDAR,<br/>GLÓRIA, ALELUIA, GLÓRIA!<br/>A JESUS HEI DE LOUVAR,<br/>GLÓRIA, ALELUIA, GLÓRIA!</lines>
    </verse>
    <verse name="v4">
      <lines>QUANDO EU NO CÉU CHEGAR,<br/>GLÓRIA, ALELUIA, GLÓRIA!<br/>PARA SEMPRE IREI CANTAR,<br/>GLÓRIA, ALELUIA, GLÓRIA!</lines>
    </verse>
  </lyrics>
</song>
