<?xml version='1.0' encoding='utf-8'?>
<song xmlns="http://openlyrics.info/namespace/2009/song" version="0.8" createdIn="OpenLP 2.0.3" modifiedIn="OpenLP 2.0.3" modifiedDate="2014-02-05T19:29:01">
  <properties>
    <titles>
      <title>HC  629 - CONVERSAREMOS ALI NO CÉU</title>
    </titles>
    <authors>
      <author>HARPA CRISTÃ</author>
    </authors>
  </properties>
  <lyrics>
    <verse name="v1">
      <lines>CONVERSAREMOS ALI NO CÉU,<br/>CONVERSAREMOS: JESUS E EU.<br/>DIRÁ O PORQUÊ DO MEU SOFRER.<br/>NAQUELE DIA EU ENTENDEREI</lines>
    </verse>
  </lyrics>
</song>
