<?xml version='1.0' encoding='utf-8'?>
<song xmlns="http://openlyrics.info/namespace/2009/song" version="0.8" createdIn="OpenLP 2.0.3" modifiedIn="OpenLP 2.0.3" modifiedDate="2014-02-05T19:28:14">
  <properties>
    <titles>
      <title>HC  375 - A IGREJA UNIVERSAL</title>
    </titles>
    <authors>
      <author>HARPA CRISTÃ</author>
    </authors>
  </properties>
  <lyrics>
    <verse name="v1">
      <lines>NA ROCHA FIRME, TRIUNFAL,<br/>ESTÁ A IGREJA UNIVERSAL;<br/>FUNDADA FOI POR TI, JESUS,<br/>AO EXPIRARES LÁ NA CRUZ.</lines>
    </verse>
    <verse name="c1">
      <lines>COM TEU PODER, ENCHE MEU SER;<br/>Ó DEUS DE AMOR, DÁ-ME FERVOR;<br/>REMIDO ESTOU, TEU FILHO SOU,<br/>COM TEU PODER, Ó VEM ME ENCHER.</lines>
    </verse>
    <verse name="v2">
      <lines>A GRAÇA IMENSA DO BOM DEUS,<br/>LUGAR ME DEU, DE FILHO SEU,<br/>COM PLENA PAZ NO CORAÇÃO,<br/>AMOR VERAZ, E SALVAÇÃO.</lines>
    </verse>
    <verse name="v3">
      <lines>EIS, PEDRA VIVA AGORA SOU;<br/>NO TEMPLO SEU ME COLOCOU;<br/>DO CORPO SEU, UM MEMBRO SOU,<br/>O SANGUE SEU ME CONSAGROU.</lines>
    </verse>
    <verse name="v4">
      <lines>NA ROCHA, NÃO VAI SE ABALAR,<br/>A TUA IGREJA E VENCERÁ;<br/>QUANDO ESTE MUNDO SE ACABAR,<br/>CONTIGO, ELA REINARÁ.</lines>
    </verse>
  </lyrics>
</song>
