<?xml version='1.0' encoding='utf-8'?>
<song xmlns="http://openlyrics.info/namespace/2009/song" version="0.8" createdIn="OpenLP 2.0.3" modifiedIn="OpenLP 2.0.3" modifiedDate="2014-02-05T19:27:49">
  <properties>
    <titles>
      <title>HC  240 - OH DIA ALEGRE!</title>
    </titles>
    <authors>
      <author>HARPA CRISTÃ</author>
    </authors>
  </properties>
  <lyrics>
    <verse name="v1">
      <lines>CRISTO PODE HOJE VIR,<br/>OH DIA ALEGRE! IREI AMIGOS VER;<br/>O MAL TERÁ O SEU FIM,<br/>SE CRISTO DO CÉU DESCER!</lines>
    </verse>
    <verse name="c1">
      <lines>OH DIA ALEGRE, DA VINDA DE JESUS!<br/>JESUS VEM BUSCAR-ME PARA OS CÉUS;<br/>ELE VEM BREVE PARA OS SEUS;<br/>OH DIA ALEGRE! DA VINDA DE JESUS!</lines>
    </verse>
    <verse name="v2">
      <lines>SE HOJE FOR P'RA MEU LAR,<br/>OH DIA ALEGRE! PARECE-ME OUVIR<br/>OS SALVOS CANTANDO: "VEM!"<br/>QUEM DERA P'RA O CÉU PARTIR!</lines>
    </verse>
    <verse name="v3">
      <lines>POR QUE ANSIOSO ESTAR?<br/>OH DIA ALEGRE! HÁ LUZ NA MARGEM ALÉM;<br/>TEMPORAL NUNCA HAVERÁ;<br/>DO CÉU BREVE CRISTO VEM!</lines>
    </verse>
    <verse name="v4">
      <lines>FIEL A JESUS ESTOU,<br/>OH DIA ALEGRE! LIVRE ESTOU P'RA DIZER:<br/>"CRISTO É TUDO P'RA MIM";<br/>DO CÉU VIRÁ COM PODER!</lines>
    </verse>
  </lyrics>
</song>
