<?xml version='1.0' encoding='utf-8'?>
<song xmlns="http://openlyrics.info/namespace/2009/song" version="0.8" createdIn="OpenLP 2.0.3" modifiedIn="OpenLP 2.0.3" modifiedDate="2014-02-05T19:28:07">
  <properties>
    <titles>
      <title>HC  336 - ORAÇÃO DE ELIAS</title>
    </titles>
    <authors>
      <author>HARPA CRISTÃ</author>
    </authors>
  </properties>
  <lyrics>
    <verse name="v1">
      <lines>ELIAS NO CARMELO OROU<br/>COM INSISTÊNCIA A DEUS;<br/>CURVADO AO PÓ, COM FÉ CLAMOU<br/>POR CHUVA LÁ DOS CÉUS.</lines>
    </verse>
    <verse name="c1">
      <lines>CHUVA, MANDA SENHOR,<br/>A CHUVA DO SANTO CONSOLADOR;<br/>MANDA CHUVA FORTE, SALVADOR:<br/>A CHUVA DE PODER.</lines>
    </verse>
    <verse name="v2">
      <lines>VAI, SERVO MEU, DO MONTE OLHAR<br/>SE NUVENS NEGRAS VÊM;<br/>POIS PODE AGORA DEUS MANDAR<br/>A CHUVA A NÓS TAMBÉM.</lines>
    </verse>
    <verse name="v3">
      <lines>UMA NUVEM SURGE QUAL U'A MÃO,<br/>NO HORIZONTE ALÉM,<br/>AO LONGE OUVE-SE UM TROVÃO:<br/>SIM, MUITA CHUVA VEM.</lines>
    </verse>
    <verse name="v4">
      <lines>Ó CRENTE FRIO, VAI BUSCAR<br/>A DEUS EM ORAÇÃO,<br/>E TUA VIDA CONSAGRAR,<br/>P'RA RECEBER A UNÇÃO.</lines>
    </verse>
  </lyrics>
</song>
