<?xml version='1.0' encoding='utf-8'?>
<song xmlns="http://openlyrics.info/namespace/2009/song" version="0.8" createdIn="OpenLP 2.0.3" modifiedIn="OpenLP 2.0.3" modifiedDate="2014-02-05T19:28:33">
  <properties>
    <titles>
      <title>HC  482 - COMUNHÃO</title>
    </titles>
    <authors>
      <author>HARPA CRISTÃ</author>
    </authors>
  </properties>
  <lyrics>
    <verse name="v1">
      <lines>BENDITO JESUS, NÓS CHAMAMOS POR TI,<br/>CERCAMOS TUA MESA, SENHOR;<br/>POR TEU PARACLETO NOS PRESIDE AQUI;<br/>VEM ENCHER-NOS DE SANTO FERVOR.</lines>
    </verse>
    <verse name="v2">
      <lines>A GRANDE TERNURA DO TEU CORAÇÃO<br/>CHAMOU-NOS AQUI, OH! SENHOR!<br/>P'RA NÓS CELEBRARMOS EM SANTA UNIÃO,<br/>TUA MORTE, OH! BOM REDENTOR!</lines>
    </verse>
    <verse name="v3">
      <lines>OS PÉS DOS TEUS SERVOS LAVANDO, SENHOR,<br/>QUISESTE O EXEMPLO NOS DAR,<br/>DA TUA HUMILDADE, DO TEU GRANDE AMOR,<br/>QUE ENTRE NÓS DEVE SEMPRE REINAR.</lines>
    </verse>
    <verse name="v4">
      <lines>ABENÇOASTE O PÃO E O PARTISTE A DIZER:<br/>"TOMAI O MEU CORPO E COMEI,<br/>E TODAS AS VEZES, POIS É O DEVER,<br/>EM MEMÓRIA DE MIM O FAZEI".</lines>
    </verse>
    <verse name="v5">
      <lines>O CÁLICE DA NOVA ALIANÇA DE AMOR,<br/>NO TEU SANGUE, Ó MEIGO JESUS,<br/>NOS ENCHA DE GRAÇA, DE NOVO VIGOR,<br/>NOS ANIME NA SENDA DA LUZ!</lines>
    </verse>
    <verse name="v6">
      <lines>QUEREMOS, JESUS, NESTE ATO DE AMOR,<br/>O TEU MEMORIAL CELEBRAR;<br/>P'RA NÓS ELE TEM UM INFINITO VALOR,<br/>UM VALOR QUE JAMAIS VAI CESSAR.</lines>
    </verse>
  </lyrics>
</song>
