<?xml version='1.0' encoding='utf-8'?>
<song xmlns="http://openlyrics.info/namespace/2009/song" version="0.8" createdIn="OpenLP 2.0.3" modifiedIn="OpenLP 2.0.3" modifiedDate="2014-02-05T19:28:07">
  <properties>
    <titles>
      <title>HC  340 - UM POVO FORTE</title>
    </titles>
    <authors>
      <author>HARPA CRISTÃ</author>
    </authors>
  </properties>
  <lyrics>
    <verse name="v1">
      <lines>EIS QUE SURGE UM POVO FORTE,<br/>REVESTIDO DE PODER;<br/>E NÃO TEME NEM A MORTE,<br/>QUEM A ELE PERTENCER;<br/>E TERÁ SUBLIME SORTE,<br/>POIS COM CRISTO AO CÉU VAI,<br/>PODES TU DIZER TAMBÉM.<br/>"SOU UM DOS TAIS"?</lines>
    </verse>
    <verse name="c1">
      <lines>UM DOS TAIS. UM DOS TAIS.<br/>PODES TU TAMBÉM DIZER: "SOU UM DOS TAIS"?<br/>UM DOS TAIS, UM DOS TAIS.<br/>PODES TU TAMBÉM DIZER: "SOU UM DOS TAIS"?</lines>
    </verse>
    <verse name="v2">
      <lines>NO CENÁC'LO REUNIDOS,<br/>O PODER BUSCAVAM ENTÃO,<br/>PELO AMOR DE DEUS UNIDOS<br/>A CLAMAR EM ORAÇÃO;<br/>EIS QUE UM VENTO É DESCIDO<br/>E O FOGO DO CÉU CAI;<br/>PODES TU DIZER TAMBÉM:<br/>"SOU UM DOS TAIS"?</lines>
    </verse>
    <verse name="v3">
      <lines>ESTE POVO DESTEMIDO,<br/>(SÃO OS DISCÍPULOS DE JESUS)<br/>PELO MUNDO PERSEGUIDO,<br/>POR LEVAR A SUA CRUZ,<br/>E AGORA REVESTIDO<br/>COM PODER AO MUNDO SAI;<br/>PODES TU DIZER TAMBÉM:<br/>"SOU UM DOS TAIS"?</lines>
    </verse>
    <verse name="v4">
      <lines>Ó NÃO SEJAS DESCUIDOSO<br/>P'RA BUSCAR O DOM DE DEUS,<br/>DOM QUE TE FARÁ DITOSO,<br/>DAR-TE-Á VISÕES DO CÉU.<br/>E JESUS MARAVILHOSO<br/>PROCLAMANDO AOS OUTROS VAIS,<br/>PODERÁS ENTÃO DIZER:<br/>"SOU UM DOS TAIS".</lines>
    </verse>
  </lyrics>
</song>
