<?xml version='1.0' encoding='utf-8'?>
<song xmlns="http://openlyrics.info/namespace/2009/song" version="0.8" createdIn="OpenLP 2.0.3" modifiedIn="OpenLP 2.0.3" modifiedDate="2014-02-05T19:27:52">
  <properties>
    <titles>
      <title>HC  259 - CREIO EU NA BÍBLIA</title>
    </titles>
    <authors>
      <author>HARPA CRISTÃ</author>
    </authors>
  </properties>
  <lyrics>
    <verse name="v1">
      <lines>CREIO EU NA BÍBLIA, O LIVRO DO SENHOR,<br/>POIS DE JESUS CRISTO, MOSTRA O DOCE AMOR;<br/>TODOS MEUS PECADOS APAGADOS ESTÃO,<br/>PAZ E GOZO TENHO EM MEU CORAÇÃO.</lines>
    </verse>
    <verse name="c1">
      <lines>CREIO EU NA BÍBLIA, LIVRO DE<br/>MEU DEUS;<br/>PARA MIM A BÍBLIA É O MANÁ DOS CÉUS!<br/>MOSTRA-ME O CAMINHO PARA O LAR CELESTIAL;<br/>ACHO EU NA BÍBLIA, GRAÇA DIVINAL!</lines>
    </verse>
    <verse name="v2">
      <lines>CREIO EU NA BÍBLIA, ENSINA-ME A CANTAR<br/>CANTOS DE VITÓRIA, E DE AMOR SEM PAR;<br/>LINDAS MELODIAS, EU CANTANDO VOU,<br/>PORQUE REDIMIDO PELO SANGUE ESTOU!</lines>
    </verse>
    <verse name="v3">
      <lines>SÓ A SANTA BÍBLIA A SANTIDADE DÁ,<br/>ESTE DOM DE CRISTO, PROMETIDO JÁ;<br/>TODOS OS QUE BUSCAM PLENA SALVAÇÃO,<br/>ESTAS BÊNÇÃOS, SÓ EM CRISTO, ACHARÃO.</lines>
    </verse>
    <verse name="v4">
      <lines>LEMOS HOJE A BÍBLIA P'RA TODO O PECADOR,<br/>PARA QUE ENCONTRE CRISTO, O SALVADOR;<br/>SENDO SUA VIDA, LIVRE DE PECAR,<br/>O DIVINO LIVRO, ELE VAI HONRAR!</lines>
    </verse>
  </lyrics>
</song>
