<?xml version='1.0' encoding='utf-8'?>
<song xmlns="http://openlyrics.info/namespace/2009/song" version="0.8" createdIn="OpenLP 2.0.3" modifiedIn="OpenLP 2.0.3" modifiedDate="2014-02-05T19:27:24">
  <properties>
    <titles>
      <title>HC  128 - ENTREGA TEU CORAÇÃO</title>
    </titles>
    <authors>
      <author>HARPA CRISTÃ</author>
    </authors>
  </properties>
  <lyrics>
    <verse name="v1">
      <lines>Ó ALMA TRISTE, PERDIDA,<br/>QUE VAGAS SEM TER DIREÇÃO!<br/>ACEITA DE DEUS A VIDA,<br/>ENTREGA TEU CORAÇÃO!</lines>
    </verse>
    <verse name="c1">
      <lines>DÁ, HOJE, A CRISTO,<br/>TEU CORAÇÃO, TEU CORAÇÃO.<br/>POIS NELE ACHARÁS A PAZ, O PERDÃO,<br/>ENTREGA TEU CORAÇÃO.<br/>DÁ, HOJE, A CRISTO,<br/>TEU CORAÇÃO, TEU CORAÇÃO.<br/>POIS NELE ACHARÁS A PAZ, O PERDÃO,<br/>ENTREGA TEU CORAÇÃO.</lines>
    </verse>
    <verse name="v2">
      <lines>JESUS NÃO QUER TEU DINHEIRO;<br/>DE GRAÇA TE DÁ SALVAÇÃO!<br/>E GOZO MUI VERDADEIRO:<br/>ENTREGA TEU CORAÇÃO!</lines>
    </verse>
    <verse name="v3">
      <lines>DE CRISTO RESSUSCITADO<br/>ACEITA O VERO PERDÃO,<br/>SE QUERES SER LIBERTADO,<br/>ENTREGA TEU CORAÇÃO!</lines>
    </verse>
    <verse name="v4">
      <lines>AGORA É O TEMPO ACEITÁVEL<br/>O DIA EM QUE HÁ SALVAÇÃO.<br/>A CRISTO, MEIGO, ADORÁVEL<br/>ENTREGA TEU CORAÇÃO.</lines>
    </verse>
  </lyrics>
</song>
