<?xml version='1.0' encoding='utf-8'?>
<song xmlns="http://openlyrics.info/namespace/2009/song" version="0.8" createdIn="OpenLP 2.0.3" modifiedIn="OpenLP 2.0.3" modifiedDate="2014-02-05T19:28:31">
  <properties>
    <titles>
      <title>HC  472 - EM MEU LUGAR</title>
    </titles>
    <authors>
      <author>HARPA CRISTÃ</author>
    </authors>
  </properties>
  <lyrics>
    <verse name="v1">
      <lines>CRISTO JESUS LÁ NA CRUZ JÁ SOFRE<br/>EM MEU LUGAR, EM MEU LUGAR,<br/>TUDO POR MIM ELE ALI PADECEU,<br/>PARA A MINH'ALMA SALVAR.</lines>
    </verse>
    <verse name="v2">
      <lines>GLÓRIA A JESUS, MEU PECADO CRAVOU<br/>SOBRE A CRUZ, SOBRE A CRUZ,<br/>SANGUE PRECIOSO MINH'ALMA LAVOU;<br/>GLÓRIA AO BONDOSO JESUS.</lines>
    </verse>
  </lyrics>
</song>
