<?xml version='1.0' encoding='utf-8'?>
<song xmlns="http://openlyrics.info/namespace/2009/song" version="0.8" createdIn="OpenLP 2.0.3" modifiedIn="OpenLP 2.0.3" modifiedDate="2014-02-05T19:28:29">
  <properties>
    <titles>
      <title>HC  463 - O POVO DE ABRAÃO</title>
    </titles>
    <authors>
      <author>HARPA CRISTÃ</author>
    </authors>
  </properties>
  <lyrics>
    <verse name="v1">
      <lines>COMO O POVO DE ABRAÃO<br/>PARA TERRA DE SIÃO<br/>ENTRE OS POVOS INIMIGOS VIAJOU;<br/>HOJE EU CHEIO DE AMOR,<br/>E DE FÉ NO SALVADOR,<br/>CAMINHANDO PARA O CÉU, CONTENTE VOU.</lines>
    </verse>
    <verse name="c1">
      <lines>LÁ NO CÉU, LÁ NO CÉU,<br/>AS TRISTEZAS EU JAMAIS CONHECEREI;<br/>RUAS ÀUREAS BRILHAM LÁ,<br/>NA CIDADE DE JEOVÁ;<br/>SEMPRE ALEGRE, VOU MARCHANDO PARA O CÉU!</lines>
    </verse>
    <verse name="v2">
      <lines>SUSTENTADO PELO AMOR<br/>DO BENDITO SALVADOR,<br/>VIGIANDO, SEMPRE ORANDO, CERTO VOU;<br/>DIRIGIDO PELA LUZ<br/>DA PRESENÇA DE JESUS,<br/>CAMINHANDO PARA O CÉU, EU SEMPRE ESTOU.</lines>
    </verse>
    <verse name="v3">
      <lines>LÁ NO CÉU EU CHEGAREI,<br/>SUA GLÓRIA GOZAREI<br/>COM AQUELES QUE SERVIREM AO SENHOR;<br/>QUERO SEMPRE TRABALHAR<br/>PARA O GLORIFICAR,<br/>P'RA QUE TODOS VEJAM EM MIM O SEU AMOR.</lines>
    </verse>
  </lyrics>
</song>
