<?xml version='1.0' encoding='utf-8'?>
<song xmlns="http://openlyrics.info/namespace/2009/song" version="0.8" createdIn="OpenLP 2.0.3" modifiedIn="OpenLP 2.0.3" modifiedDate="2014-02-05T19:28:16">
  <properties>
    <titles>
      <title>HC  385 - AMEMOS O SENHOR</title>
    </titles>
    <authors>
      <author>HARPA CRISTÃ</author>
    </authors>
  </properties>
  <lyrics>
    <verse name="v1">
      <lines>IRMÃOS, AMEMOS O SENHOR,<br/>POR SEU DIVINAL AMOR;<br/>POIS A NOSSA CULPA EXPIOU,<br/>COM SANGUE QUE DERRAMOU.</lines>
    </verse>
    <verse name="c1">
      <lines>IRMÃOS, AMEMOS O SENHOR,<br/>POIS ELE JÁ NOS AMOU;<br/>E DO PECADO ENGANADOR,<br/>COM SEU SANGUE NOS LAVOU.</lines>
    </verse>
    <verse name="v2">
      <lines>IRMÃOS, AMEMOS O SENHOR,<br/>O NOSSO ENSINADOR;<br/>ELE É A FONTE DO SABER<br/>P'RA TODO QUE NELE CRER.</lines>
    </verse>
    <verse name="v3">
      <lines>IRMÃOS, AMEMOS O SENHOR,<br/>O NOSSO BOM SALVADOR;<br/>E O CONSUMADOR DAQUELA FÉ,<br/>QUE DESCE DO DEUS, QUE "É".</lines>
    </verse>
    <verse name="v4">
      <lines>IRMÃOS, AMEMOS O SENHOR,<br/>TAMBÉM O CONSOLADOR,<br/>E A NOSSO PAI CELESTIAL,<br/>QUE PAZ NOS DÁ ETERNAL.</lines>
    </verse>
  </lyrics>
</song>
