<?xml version='1.0' encoding='utf-8'?>
<song xmlns="http://openlyrics.info/namespace/2009/song" version="0.8" createdIn="OpenLP 2.0.3" modifiedIn="OpenLP 2.0.3" modifiedDate="2014-02-05T19:28:19">
  <properties>
    <titles>
      <title>HC  403 - GOZO REAL</title>
    </titles>
    <authors>
      <author>HARPA CRISTÃ</author>
    </authors>
  </properties>
  <lyrics>
    <verse name="v1">
      <lines>OH! QUE GOZO REAL SINTO NO MEU SER,<br/>JÁ TENHO DE DEUS PERDÃO!<br/>POIS JESUS NOS DIZ: QUE QUALQUER QUE CRER<br/>RECEBE SALVAÇÃO.</lines>
    </verse>
    <verse name="c1">
      <lines>SE TU CRÊS, Ó VEM O PASSO DAR,<br/>VEM O PASSO DAR, SIM, VEM O PASSO DAR!<br/>SE TU CRÊS, Ó VEM O PASSO DAR,<br/>POIS JESUS TE QUER SALVAR.</lines>
    </verse>
    <verse name="v2">
      <lines>POR AMOR FOI CRISTO, MEU REDENTOR,<br/>DA GLÓRIA, AQUI DESCEU;<br/>E TRANSFORMA A VIDA DUM PECADOR,<br/>NA GRAÇA QUE NOS DEU.</lines>
    </verse>
    <verse name="v3">
      <lines>QUE MERCÊ, QUE AMOR O SENHOR MOSTROU<br/>MORRENDO NA DURA CRUZ;<br/>SANGUE DIVINAL POR NÓS DERRAMOU,<br/>O SALVADOR JESUS!</lines>
    </verse>
  </lyrics>
</song>
