<?xml version='1.0' encoding='utf-8'?>
<song xmlns="http://openlyrics.info/namespace/2009/song" version="0.8" createdIn="OpenLP 2.0.3" modifiedIn="OpenLP 2.0.3" modifiedDate="2014-02-05T19:28:09">
  <properties>
    <titles>
      <title>HC  348 - LONGE DE JESUS</title>
    </titles>
    <authors>
      <author>HARPA CRISTÃ</author>
    </authors>
  </properties>
  <lyrics>
    <verse name="v1">
      <lines>VAGAVA LONGE DE JESUS, EM PLENA SALVAÇÃO,<br/>ATÉ QUE A PRECIOSA LUZ ENCHEU MEU CORAÇÃO,<br/>ASSIM, OS MEUS PECADOS VI, QUAL NEGRA ESCURIDÃO;<br/>AO PÉ DA CRUZ, ENTÃO, CAÍ, E RECEBI PERDÃO.</lines>
    </verse>
    <verse name="c1">
      <lines>CRISTO POR MIM<br/>SOFRENDO, LÁ NA CRUZ MORRENDO,<br/>MINH'ALMA SALVOU E MEUS GRILHÕES JÁ QUEBROU<br/>ALELUIA!<br/>CRISTO POR MIM SOFRENDO, LÁ NA CRUZ MORRENDO,<br/>DEU-ME PAZ, PERDÃO, NO MEU CORAÇÃO.</lines>
    </verse>
    <verse name="v2">
      <lines>JESUS MORREU EM GRANDE DOR, A FIM DE ME SALVAR,<br/>VERTEU SEU SANGUE EXPIADOR, QUE PÔDE ME LAVAR:<br/>SEM MURMURAR, SOFREU JESUS POR MIM. VIL PECADOR;<br/>POR ISSO VIM AO PÉ DA CRUZ, VENCIDO PELO AMOR.</lines>
    </verse>
    <verse name="v3">
      <lines>ESCUTA A VOZ DO SALVADOR QUE CHAMA-TE P'RA LUZ;<br/>CONFESSA-TE UM PECADOR, E VEM AO BOM JESUS,<br/>QUE TE DARÁ REAL PODER, O GOZO E PAZ DE DEUS;<br/>E QUANDO TUDO FENECER, TU VIVERÁS NO CÉU.</lines>
    </verse>
  </lyrics>
</song>
