<?xml version='1.0' encoding='utf-8'?>
<song xmlns="http://openlyrics.info/namespace/2009/song" version="0.8" createdIn="OpenLP 2.0.3" modifiedIn="OpenLP 2.0.3" modifiedDate="2014-02-05T19:28:13">
  <properties>
    <titles>
      <title>HC  374 - VIDA ABUNDANTE</title>
    </titles>
    <authors>
      <author>HARPA CRISTÃ</author>
    </authors>
  </properties>
  <lyrics>
    <verse name="v1">
      <lines>NÓS QUEREMOS TER VIDA ABUNDANTE,<br/>DE PUREZA E DE SANTIDADE,<br/>PARA AMARMOS A DEUS EM VERDADE,<br/>PELA GRAÇA QUE ELE NOS DEU.</lines>
    </verse>
    <verse name="c1">
      <lines>VEM NOS DAR TUA VIDA ABUNDANTE,<br/>NOSSO AMADO E DIVINO SENHOR;<br/>TUA VIDA DE GOZO EXULTANTE,<br/>ABUNDANTE NO CONSOLADOR.</lines>
    </verse>
    <verse name="v2">
      <lines>NÓS QUEREMOS TER VIDA ABUNDANTE<br/>DE AMOR, QUE O PAI NOS TEM DADO<br/>EM JESUS, O SEU FILHO AMADO,<br/>CUJA VIDA POR NÓS DERRAMOU.</lines>
    </verse>
    <verse name="v3">
      <lines>NÓS QUEREMOS TER VIDA ABUNDANTE<br/>DE JESUS, A VERAZ FORTALEZA,<br/>QUE NOS DÁ DO PERDÃO A CERTEZA,<br/>E NOS ENCHE DE CONSOLAÇÃO.</lines>
    </verse>
  </lyrics>
</song>
