<?xml version='1.0' encoding='utf-8'?>
<song xmlns="http://openlyrics.info/namespace/2009/song" version="0.8" createdIn="OpenLP 2.0.3" modifiedIn="OpenLP 2.0.3" modifiedDate="2014-02-05T19:27:39">
  <properties>
    <titles>
      <title>HC  188 - O GOZO DO CÉU</title>
    </titles>
    <authors>
      <author>HARPA CRISTÃ</author>
    </authors>
  </properties>
  <lyrics>
    <verse name="v1">
      <lines>BEM SEI, MUITOS NÃO PODEM COMPREENDER<br/>PORQUE FELIZ É MEU VIVER;<br/>ENTRAR NA CANAÃ DE SANTO PRAZER,<br/>É GOZO DO CÉU PARA MIM.<br/>É GOZO DO CÉU PARA MIM;<br/>SIM, GOZO DO CÉU PARA MIM;<br/>ENTRAR NA CANAÃ DE SANTO PRAZER,<br/>É GOZO DO CÉU PARA MIM.</lines>
    </verse>
    <verse name="v2">
      <lines>OS LINDOS ACORDES CELESTES OUVIR,<br/>NO EVANGELHO QUE RECEBI;<br/>CONFIAR EM JESUS E SEGUI-LO AQUI,<br/>É GOZO DO CÉU PARA MIM.<br/>É GOZO DO CÉU PARA MIM;<br/>SIM, GOZO DO CÉU PARA MIM;<br/>CONFIAR EM JESUS E SEGUI-LO AQUI,<br/>É GOZO DO CÉU PARA MIM.</lines>
    </verse>
    <verse name="v3">
      <lines>POSSUIR O MEU SER TRANSFORMADO EM LUZ,<br/>TER O 'SPÍRITO DE JESUS,<br/>NEGAR A MIM MESMO E TOMAR MINHA CRUZ,<br/>É GOZO DO CÉU PARA MIM.<br/>É GOZO DO CÉU PARA MIM;<br/>SIM, GOZO DO CÉU PARA MIM;<br/>NEGAR A MIM MESMO E TOMAR MINHA CRUZ,<br/>É GOZO DO CÉU PARA MIM.</lines>
    </verse>
    <verse name="v4">
      <lines>A VIDA ETERNA EM CRISTO, GOZAR,<br/>O QUE É "LÁ DE CIMA" BUSCAR,<br/>DEIXAR MEU JESUS EM MINHA ALMA REINAR,<br/>É GOZO DO CÉU PARA MIM.<br/>É GOZO DO CÉU PARA MIM;<br/>SIM, GOZO DO CÉU PARA MIM;<br/>DEIXAR MEU JESUS EM MINH'ALMA REINAR,<br/>É GOZO DO CÉU PARA MIM.</lines>
    </verse>
  </lyrics>
</song>
