<?xml version='1.0' encoding='utf-8'?>
<song xmlns="http://openlyrics.info/namespace/2009/song" version="0.8" createdIn="OpenLP 2.0.3" modifiedIn="OpenLP 2.0.3" modifiedDate="2014-02-05T19:28:04">
  <properties>
    <titles>
      <title>HC  320 - SEGUIR A CRISTO</title>
    </titles>
    <authors>
      <author>HARPA CRISTÃ</author>
    </authors>
  </properties>
  <lyrics>
    <verse name="v1">
      <lines>QUERES TU SEGUIR A CRISTO,<br/>E ANDAR NA SUA LUZ?<br/>PELO MUNDO SEMPRE VISTO,<br/>POR LEVAR A SUA CRUZ?</lines>
    </verse>
    <verse name="v2">
      <lines>QUERES HOJE DAR O PASSO,<br/>PARA SERES UM CRISTÃO?<br/>VEM, QUEBRANTA TRISTE LAÇO<br/>DO PECADO E SEDUÇÃO.</lines>
    </verse>
    <verse name="v3">
      <lines>A CIDADE NA MONTANHA,<br/>NÃO SE PODE ESCONDER,<br/>E TAMBÉM, A FÉ TAMANHA<br/>QUE À VIDA DEU PODER.</lines>
    </verse>
    <verse name="v4">
      <lines>AMAS TU A JESUS CRISTO,<br/>QUE POR TI SUA VIDA DEU?<br/>VEM, ENTÃO, DECLARA ISTO -<br/>JÚBILO TERÁS NO CÉU.</lines>
    </verse>
    <verse name="v5">
      <lines>Ó VÊ BEM O TEU INTENTO,<br/>CUSTA TUA VIDA, SIM!<br/>NÃO RESISTAS! COM ALENTO,<br/>VEM A CRISTO, A LUZ SEM FIM.</lines>
    </verse>
    <verse name="v6">
      <lines>VEM, CONFESSA TEUS PECADOS<br/>JUNTO À CRUZ DO SALVADOR;<br/>PEDE GRAÇA DE SEGUI-LO,<br/>COM CORAGEM E AMOR.</lines>
    </verse>
    <verse name="v7">
      <lines>CONSIDERA O GRANDE GOZO<br/>QUE NO CÉU ESPERA, SIM;<br/>AQUI LUTAS, LÁ REPOUSO,<br/>GALARDÃO TERÁS ENFIM.</lines>
    </verse>
  </lyrics>
</song>
