<?xml version='1.0' encoding='utf-8'?>
<song xmlns="http://openlyrics.info/namespace/2009/song" version="0.8" createdIn="OpenLP 2.0.3" modifiedIn="OpenLP 2.0.3" modifiedDate="2014-02-05T19:27:51">
  <properties>
    <titles>
      <title>HC  254 - MAIS PERTO DE JESUS</title>
    </titles>
    <authors>
      <author>HARPA CRISTÃ</author>
    </authors>
  </properties>
  <lyrics>
    <verse name="v1">
      <lines>MAIS PROFUNDO NO AMOR DE CRISTO<br/>EU DESEJO ESTAR!<br/>MAIS HUMILDE NO MEU SER, EU QUERO<br/>SEMPRE AQUI ANDAR.</lines>
    </verse>
    <verse name="c1">
      <lines>MAIS PERTO DE JESUS,<br/>EU QUERO AQUI VIVER;<br/>MAIS SANTO, MEU JESUS,<br/>EU DESEJO SEMPRE SER.</lines>
    </verse>
    <verse name="v2">
      <lines>MAIS PROFUNDA A TUA VONTADE,<br/>QUERO CONHECER;<br/>TÉ QUE MINHA VIDA, POR INTEIRO,<br/>MOSTRE O TEU SER.</lines>
    </verse>
    <verse name="v3">
      <lines>MAIS PROFUNDO, COM DOR, NÃO IMPORTA,<br/>POIS EU QUERO ESTAR,<br/>NO TEU DIVINAL AMOR FIRMADO,<br/>PARA FRUTO DAR.</lines>
    </verse>
    <verse name="v4">
      <lines>MAIS PROFUNDO, DIA APÓS DIA,<br/>QUERO EU ESTAR,<br/>TÉ QUE O ALVO, O MESTRE, AQUI, ME FAÇA,<br/>BREVE ALCANÇAR..</lines>
    </verse>
  </lyrics>
</song>
