<?xml version='1.0' encoding='utf-8'?>
<song xmlns="http://openlyrics.info/namespace/2009/song" version="0.8" createdIn="OpenLP 2.0.3" modifiedIn="OpenLP 2.0.3" modifiedDate="2014-02-05T19:28:24">
  <properties>
    <titles>
      <title>HC  433 - SOIS BEM-VINDOS</title>
    </titles>
    <authors>
      <author>HARPA CRISTÃ</author>
    </authors>
  </properties>
  <lyrics>
    <verse name="v1">
      <lines>NOSSAS VOZES JUBILOSAS<br/>ELEVAMOS COM FERVOR,<br/>PELA VINDA AMISTOSA<br/>DOS OBREIROS DO SENHOR.</lines>
    </verse>
    <verse name="c1">
      <lines>SOIS BEM-VINDOS,<br/>SOIS BEM-VINDOS,<br/>CAMPEÕES DE JEOVÁ!<br/>PARABÉNS, MAS NÃO FINGIDOS,<br/>A CONGREGAÇÃO VOS DÁ.</lines>
    </verse>
    <verse name="v2">
      <lines>RECEBEI OS LUTADORES<br/>DA VERDADE, DO AMOR,<br/>DEMOS A JESUS LOUVORES,<br/>QUE OS TROUXE COM VIGOR.</lines>
    </verse>
    <verse name="v3">
      <lines>ABRAÇAI OS BONS SOLDADOS<br/>DAS FILEIRAS DE JESUS,<br/>AOS QUE LUTAM DENODADOS<br/>PARA DIFUNDIR A LUZ.</lines>
    </verse>
    <verse name="v4">
      <lines>DOS FIÉIS É BEM SUPERNO<br/>TRABALHAR SEM DILAÇÃO;<br/>P'RA FAZER QUE O REI ETERNO<br/>REINA EM CADA CORAÇÃO!</lines>
    </verse>
  </lyrics>
</song>
