<?xml version='1.0' encoding='utf-8'?>
<song xmlns="http://openlyrics.info/namespace/2009/song" version="0.8" createdIn="OpenLP 2.0.3" modifiedIn="OpenLP 2.0.3" modifiedDate="2014-02-05T19:27:38">
  <properties>
    <titles>
      <title>HC  180 - EM CRISTO FRUIMOS A PAZ</title>
    </titles>
    <authors>
      <author>HARPA CRISTÃ</author>
    </authors>
  </properties>
  <lyrics>
    <verse name="v1">
      <lines>AONDE FRUIRMOS A PAZ, O AMOR?<br/>EM CRISTO, SOMENTE EM CRISTO;<br/>AONDE NÓS TEMOS PODER E VIGOR?<br/>EM CRISTO, SOMENTE EM CRISTO.</lines>
    </verse>
    <verse name="c1">
      <lines>EM CRISTO, EM CRISTO,<br/>EU SINTO EM MIM UM GOZO, SEM FIM;<br/>É INEXPLICÁVEL MAS É AGRADÁVEL<br/>ESTAR NO AMOR DE CRISTO.</lines>
    </verse>
    <verse name="v2">
      <lines>AONDE ÁGUAS VIVAS NÓS VAMOS BUSCAR?<br/>EM CRISTO, SOMENTE EM CRISTO:<br/>E PÃO DIVINAL PARA NOS SACIAR?<br/>EM CRISTO, SOMENTE EM CRISTO.</lines>
    </verse>
    <verse name="v3">
      <lines>AONDE HAVEMOS NÓS DE REPOUSAR?<br/>EM CRISTO, SOMENTE EM CRISTO;<br/>AS FORÇAS PODEMOS TAMBÉM RENOVAR?<br/>EM CRISTO, SOMENTE EM CRISTO.</lines>
    </verse>
    <verse name="v4">
      <lines>AONDE ACHAMOS IMENSO PODER?<br/>EM CRISTO, SOMENTE EM CRISTO;<br/>E UM POVO CHEIO DE SANTO PRAZER?<br/>EM CRISTO, SOMENTE EM CRISTO.</lines>
    </verse>
  </lyrics>
</song>
