<?xml version='1.0' encoding='utf-8'?>
<song xmlns="http://openlyrics.info/namespace/2009/song" version="0.8" createdIn="OpenLP 2.0.3" modifiedIn="OpenLP 2.0.3" modifiedDate="2014-02-05T19:27:41">
  <properties>
    <titles>
      <title>HC  196 - UMA FLOR GLORIOSA</title>
    </titles>
    <authors>
      <author>HARPA CRISTÃ</author>
    </authors>
  </properties>
  <lyrics>
    <verse name="v1">
      <lines>JÁ ACHEI UMA FLOR GLORIOSA,<br/>E QUEM DESEJA A MESMA TERÁ;<br/>A ROSA DE SAROM PRECIOSA<br/>ENTRE MIL MAIS BELEZA TERÁ;<br/>NO VALE DE SOMBRA E MORTE,<br/>NAS ALTURAS DE GLÓRIA E LUZ,<br/>ESTA ROSA SERÁ A MINHA SORTE,<br/>PRECIOSO PRA MIM É JESUS!</lines>
    </verse>
    <verse name="c1">
      <lines>PRECIOSO P'RA MIM É JESUS!<br/>PRECIOSO P'RA MIM É JESUS!<br/>EU CONFESSO NA VIDA E NA MORTE<br/>QUE TUDO PRA MIM É JESUS!</lines>
    </verse>
    <verse name="v2">
      <lines>JÁ DE MUITOS FOI ACHADA A ROSA<br/>E PROVADO O EXCELENTE ODOR<br/>E O PODER DESTA FLOR GLORIOSA<br/>QUE DÁ VIDA AO VIL PECADOR.<br/>MUI ZELOSO PELA LEI FOI SAULO,<br/>PERSEGUIA O POVO DE DEUS,<br/>MAS TRANSFORMADO FOI EM UM PAULO,<br/>POIS ACHOU ELE A ROSA DO CÉUS.</lines>
    </verse>
    <verse name="v3">
      <lines>VAI BUSCAR A JESUS PRECIOSO,<br/>VAI DEPRESSA, A NOITE JÁ VEM,<br/>E, SE PERDES O AMOR GLORIOSO,<br/>SERÁ TRISTE P'RA TI O ALÉM;<br/>ESTA FLOR HOJE É OFERTADA<br/>A QUEM HUMILDEMENTE A BUSCAR;<br/>SERÁ LOGO DA TERRA TIRADA,<br/>PARA BRILHAR EM OUTRO LUGAR.</lines>
    </verse>
  </lyrics>
</song>
