<?xml version='1.0' encoding='utf-8'?>
<song xmlns="http://openlyrics.info/namespace/2009/song" version="0.8" createdIn="OpenLP 2.0.3" modifiedIn="OpenLP 2.0.3" modifiedDate="2014-02-05T19:27:46">
  <properties>
    <titles>
      <title>HC  224 - É O TEMPO DE SEGAR</title>
    </titles>
    <authors>
      <author>HARPA CRISTÃ</author>
    </authors>
  </properties>
  <lyrics>
    <verse name="v1">
      <lines>É O TEMPO DE SEGAR E TU SEM VACILAR,<br/>DECLARASTE SEM TEMOR: "NÃO POSSO TRABALHAR?"<br/>VEM, ENQUANTO CRISTO, O MESTRE, ESTÁ A TE CHAMAR:<br/>"JOVEM, JOVEM, Ó VEM TRABALHAR!"</lines>
    </verse>
    <verse name="c1a">
      <lines>VEM E VÊ OS CAMPOS BRANCOS JA<br/>ESTÃO<br/>AGUARDANDO BRAÇOS QUE OS SEGARÃO;<br/>JOVEM, DESPERTA, FAZ-TE PRONTO E ALERTA!<br/>QUEIRAS LOGO RESPONDER: "EIS-ME AQUI, SENHOR".</lines>
    </verse>
    <verse name="c1b">
      <lines>OLHA QUE A SEARA BEM MADURA ESTÁ;<br/>QUE COLHEITA GLORIOSA NÃO SERÁ!<br/>JOVEM, DESPETA. FAZ-TE PRONTO E ALERTA!<br/>POUCOS DIAS SÃO QUE RESTAM PARA O SEGADOR!</lines>
    </verse>
    <verse name="v2">
      <lines>AS GAVELAS QUE RECOLHES: JÓIAS DE ESPLENDOR<br/>BRILHARÃO NA TUA COROA, E DARÃO FULGOR;<br/>BUSCA LOGO ESSAS JÓIAS, DEUS É PREMIADOR;<br/>JOVEM, JOVEM ENTRA NO LABOR!</lines>
    </verse>
    <verse name="v3">
      <lines>A MANHÃ JA VAI PASSANDO, NÃO MAIS VOLTARÁ;<br/>DA COLHEITA O TEMPO BREVEMENTE FINDARÁ;<br/>E PERANTE O TEU SENHOR VAZIO T'ACHARÁS;<br/>JOVEM, JOVEM, OBECEDE JÁ!</lines>
    </verse>
  </lyrics>
</song>
