<?xml version='1.0' encoding='utf-8'?>
<song xmlns="http://openlyrics.info/namespace/2009/song" version="0.8" createdIn="OpenLP 2.0.3" modifiedIn="OpenLP 2.0.3" modifiedDate="2014-02-05T19:28:03">
  <properties>
    <titles>
      <title>HC  318 - AO LAR PATERNAL</title>
    </titles>
    <authors>
      <author>HARPA CRISTÃ</author>
    </authors>
  </properties>
  <lyrics>
    <verse name="v1">
      <lines>QUERO VOS CONTAR A HISTÓRIA DUM VARÃO,<br/>QUE JESUS OUTRORA RELATOU,<br/>O QUAL TINHA DOIS FILHOS EM FELIZ MANSÃO,<br/>TÉ QUE O MAIS JOVEM O DEIXOU.</lines>
    </verse>
    <verse name="c1">
      <lines>FILHO DESLEAL AO LAR PATERNAL,<br/>QUEIRAS HOJE REGRESSAR!<br/>POIS O PAI ESTÁ POR TI ESPERANDO LÁ;<br/>PECADOR, Ó VOLTA P'RA TEU LAR!</lines>
    </verse>
    <verse name="v2">
      <lines>O MAIS MOÇO DISSE AO SEU BONDOSO PAI:<br/>"A HERANÇA MINHA QUEIRAS DAR";<br/>E A SUA FAZENDA, ALEGREMENTE VAI<br/>NUM PAÍS DISTANTE DESFRUTAR.</lines>
    </verse>
    <verse name="v3">
      <lines>O INCAUTO JOVEM OS SEUS BENS ESBANJOU<br/>COM SEUS CAMARADAS, NO PRAZER;<br/>EIS QUE VINDO A FOME, DO SEU PAI SE LEMBROU<br/>QUE PUDERA SEMPRE O SUSTER.</lines>
    </verse>
    <verse name="v4">
      <lines>O PERDIDO FILHO, AO ALR POR FIM, VOLTOU,<br/>MUI ARREPENDIDO DO QUE FEZ;<br/>E O PAI CONTENTE, AMOROSO O BEIJOU,<br/>POIS SEU FILHO VIA OUTRA VEZ!</lines>
    </verse>
  </lyrics>
</song>
