<?xml version='1.0' encoding='utf-8'?>
<song xmlns="http://openlyrics.info/namespace/2009/song" version="0.8" createdIn="OpenLP 2.0.3" modifiedIn="OpenLP 2.0.3" modifiedDate="2014-02-05T19:27:55">
  <properties>
    <titles>
      <title>HC  276 - EM CANAÃ EU ENTRAREI</title>
    </titles>
    <authors>
      <author>HARPA CRISTÃ</author>
    </authors>
  </properties>
  <lyrics>
    <verse name="v1">
      <lines>EM CANAÃ EU ENTRAREI, NO MEU PAÍS DITOSO,<br/>E EM SIÃO HABITAREI; QUE PAZ ALI TEREI<br/>COM MEU JESUS! QUE GOZO! POIS ME DARÁ REPOUSO,<br/>IREI CANTAR, ENTÃO, NOS CÉUS, UM HINO AO MEU DEUS!</lines>
    </verse>
    <verse name="c1">
      <lines>OH! GLÓRIA A<br/>JESUS, A JESUS, A JESUS!<br/>OH! GLÓRIA A JESUS, Ó MEU PODER E LUZ!<br/>OS SANTOS REUNIDOS, NO REINO DOS REMIDOS,<br/>ENTOARÃO, ENFIM, NOS CÉUS,<br/>UM HINO AO BOM DEUS!</lines>
    </verse>
    <verse name="v2">
      <lines>JÁ MUITAS PROVAS EU PASSEI E LUTAS BEM NOTÓRIAS;<br/>MAS DE ANDAR NÃO CANSAREI, ATÉ EU VER O REI.<br/>JESUS, QUE DÁ VITÓRIA, ME LEVARÁ EM GLÓRIA,<br/>E ENTRAREI NO ESPLENDOR DO REINO DO SENHOR.</lines>
    </verse>
    <verse name="v3">
      <lines>MUI BREVE CRISTO VOLTARÁ;<br/>NAS NUVENS, VÊ-LO-EMOS;<br/>E O SEU POVO LEVARÁ, E FESTA HAVERÁ;<br/>O NOSSO CARO E BOM JESUS, VERDADE, VIDA E LUZ.</lines>
    </verse>
  </lyrics>
</song>
