<?xml version='1.0' encoding='utf-8'?>
<song xmlns="http://openlyrics.info/namespace/2009/song" version="0.8" createdIn="OpenLP 2.0.3" modifiedIn="OpenLP 2.0.3" modifiedDate="2014-02-05T19:27:59">
  <properties>
    <titles>
      <title>HC  299 - HÁ UM CANTO NOVO</title>
    </titles>
    <authors>
      <author>HARPA CRISTÃ</author>
    </authors>
  </properties>
  <lyrics>
    <verse name="v1">
      <lines>HÁ UM CANTO NOVO NO MEU SER,<br/>É A VOZ DE MEU JESUS,<br/>QUE ME CHAMA: "VEM EM MIM OBTER<br/>A PAZ, QUE EU GANHEI NA CRUZ".</lines>
    </verse>
    <verse name="c1">
      <lines>CRISTO, CRISTO, CRISTO, NOME SEM<br/>IGUAL;<br/>ENCHES O CONTRITO, DE PRAZER CELESTIAL.</lines>
    </verse>
    <verse name="v2">
      <lines>PRESO NO PECADO EU ME ACHEI,<br/>SEM PAZ NO MEU CORAÇÃO;<br/>MAS EM CRISTO EU JÁ ENCONTREI<br/>DOCE PAZ E PROTEÇÃO.</lines>
    </verse>
    <verse name="v3">
      <lines>TENHO SUA GRAÇA DIVINAL,<br/>SOB AS ASAS DE AMOR,<br/>E RIQUEZAS QUE FLUEM EM CAUDAL,<br/>LÁ DO TRONO DO SENHOR.</lines>
    </verse>
    <verse name="v4">
      <lines>PELAS ÁGUAS FUNDAS ME LEVOU;<br/>PROVAS MUITAS ENCONTREI;<br/>MAS JESUS BENDITO ME GUIOU<br/>POR SEU SANGUE VENCEREI.</lines>
    </verse>
    <verse name="v5">
      <lines>CRISTO, NUMA NUVEM VOLTARÁ,<br/>BAIXARÁ DO CÉU EM LUZ;<br/>PELO SEU PODER ME LEVARÁ,<br/>P'RA SEU LAR, O BOM JESUS.</lines>
    </verse>
  </lyrics>
</song>
