<?xml version='1.0' encoding='utf-8'?>
<song xmlns="http://openlyrics.info/namespace/2009/song" version="0.8" createdIn="OpenLP 2.0.3" modifiedIn="OpenLP 2.0.3" modifiedDate="2014-02-05T19:27:17">
  <properties>
    <titles>
      <title>HC  087 - MEU TESTEMUNHO</title>
    </titles>
    <authors>
      <author>HARPA CRISTÃ</author>
    </authors>
  </properties>
  <lyrics>
    <verse name="v1">
      <lines>JUSTIFICADO ESTOU;<br/>CRISTO JESUS ME LIVROU;<br/>ELE É MEU MEDIADOR,<br/>TAMBÉM, MEU BOM SALVADOR.</lines>
    </verse>
    <verse name="c1">
      <lines>JESUS, SOU TEU, E TU ÉS MEU;<br/>ME GUIARÁS PARA O CÉU;<br/>COM GRAÇA E PAZ ME SATISFAZ<br/>CRISTO, MEU MESTRE VERAZ.</lines>
    </verse>
    <verse name="v2">
      <lines>SANTIFICADO FIQUEI,<br/>QUANDO A ELE ROGUEI;<br/>ELE ME DISSE: TOMAI;<br/>DE MINHA GRAÇA USAI.</lines>
    </verse>
    <verse name="v3">
      <lines>FUI REDIMIDO, TAMBÉM,<br/>OBRA DO MEU SUMO BEM;<br/>TUDO DE GRAÇA GANHEI;<br/>NADA POR OBRAS DA LEI.</lines>
    </verse>
    <verse name="v4">
      <lines>ELE A PROMESSA ME DEU,<br/>DO GUIA SANTO DO CÉU;<br/>TAMBÉM ME DISSE: FICAI,<br/>E O BATISMO ESPERAI.</lines>
    </verse>
    <verse name="v5">
      <lines>QUANDO A ELE BUSQUEI,<br/>E BATIZADO FIQUEI,<br/>LÍNGUAS ESTRANHAS FALEI,<br/>E MEU SENHOR EXALTEI.</lines>
    </verse>
    <verse name="v6">
      <lines>AGORA, VOU TRABALHAR,<br/>E MUITAS ALMAS GANHAR;<br/>ESSAS QUE ELE SALVOU,<br/>QUANDO NA CRUZ EXPIOU.</lines>
    </verse>
  </lyrics>
</song>
