<?xml version='1.0' encoding='utf-8'?>
<song xmlns="http://openlyrics.info/namespace/2009/song" version="0.8" createdIn="OpenLP 2.0.3" modifiedIn="OpenLP 2.0.3" modifiedDate="2014-02-05T19:28:26">
  <properties>
    <titles>
      <title>HC  447 - NASCER DE NOVO</title>
    </titles>
    <authors>
      <author>HARPA CRISTÃ</author>
    </authors>
  </properties>
  <lyrics>
    <verse name="v1">
      <lines>NASCESTE DE NOVO? ANDAS JÁ COM DEUS?<br/>PERTENCES AO POVO, QUE VAI PARA OS CÉUS?<br/>TENS A LEI ESCRITA NO TEU CORAÇÃO?<br/>EM TI JÁ HABITA PLENA SALVAÇÃO?</lines>
    </verse>
    <verse name="c1">
      <lines>SE O CAMINHO É ESTREITO, A PORTA<br/>É TAMBÉM,<br/>TUDO ESTÁ FEITO, NÃO DEMORES, VEM!<br/>NO PORTAL DA VIDA CRISTO ACHARÁS,<br/>AO FINDAR A LIDA LÁ NO CÉU TU ESTARÁS.</lines>
    </verse>
    <verse name="v2">
      <lines>JÁ DESCESTE ÀS ÁGUAS, PASSASTE O JORDÃO?<br/>TENS AINDA MÁGOAS NO TEU CORAÇÃO?<br/>FOSTE BATIZADO COMO FOI JESUS?<br/>SEGUES A SEU LADO PARA O CÉU DE LUZ?</lines>
    </verse>
    <verse name="v3">
      <lines>O PODER VINDOURO RECEBESTE JÁ?<br/>TENS O TEU TESOURO ESCONDIDO LÁ?<br/>VIDA DE VITÓRIA VIVES JÁ COM DEUS?<br/>MARCHAS PARA GLÓRIA? ANDAS PARA OS CÉUS?</lines>
    </verse>
    <verse name="v4">
      <lines>AO OUVIR O BRADO: "EIS QUE CRISTO VEM",<br/>TENS TE PREPARADO P'RA DIZER AMÉM?<br/>ALVO É TEU VESTIDO, CLARA É TUA LUZ?<br/>CANTA CO'OS REMIDOS - VEM, SENHOR JESUS.</lines>
    </verse>
  </lyrics>
</song>
