<?xml version='1.0' encoding='utf-8'?>
<song xmlns="http://openlyrics.info/namespace/2009/song" version="0.8" createdIn="OpenLP 2.0.3" modifiedIn="OpenLP 2.0.3" modifiedDate="2014-02-05T19:28:31">
  <properties>
    <titles>
      <title>HC  471 - AVANÇAI, FIÉIS</title>
    </titles>
    <authors>
      <author>HARPA CRISTÃ</author>
    </authors>
  </properties>
  <lyrics>
    <verse name="v1">
      <lines>AVANÇAI, FIÉIS SOLDADOS,<br/>CONTRA AS HOSTES INFERNAIS;<br/>OUVE-SE DE GUERRA, BRADOS,<br/>HOMENS DE GIDEÃO SEJAIS;<br/>DESTE MUNDO, A ILUSÃO,<br/>O TERROR DA PRÓPRIA MORTE<br/>NÃO NOS TURBA O CORAÇÃO;<br/>TORNA DEUS, O FRACO - FORTE.</lines>
    </verse>
    <verse name="c1">
      <lines>PELO SANGUE DO CORDEIRO<br/>NÓS VAMOS, SIM, TRIUNFAR,<br/>O SENHOR, AO VENCEDOR VAI COROAR;<br/>HEI DE VENCER<br/>COM JESUS, O VERDADEIRO,<br/>HEI DE VENCER,<br/>PELO SEU PODER.</lines>
    </verse>
    <verse name="v2">
      <lines>AVANÇAI, FIÉIS SOLDADOS,<br/>A SEGUIR O PAVILHÃO;<br/>EI-LO NA FRENTE ARVORADO<br/>POR JESUS, NOSSO CAPITÃO;<br/>ESCUTEMOS O CLAMOR<br/>DOS QUE FORAM ABATIDOS;<br/>VAMOS, LOGO SEM TEMOR,<br/>EM SOCORRO DOS FERIDOS.</lines>
    </verse>
    <verse name="v3">
      <lines>AVANÇAI, FIÉIS SOLDADOS,<br/>SEMPRE FORTES, A LUTAR,<br/>E OS POVOS ESCRAVIZADOS,<br/>IDE AVANTE, A LIBERTAR,<br/>MANDA CRISTO AVANÇAR<br/>A VANGUARDA DOS REMIDOS;<br/>GALARDÃO HÃO DE ALCANÇAR<br/>OS QUE FOREM DESTEMIDOS!</lines>
    </verse>
  </lyrics>
</song>
