<?xml version='1.0' encoding='utf-8'?>
<song xmlns="http://openlyrics.info/namespace/2009/song" version="0.8" createdIn="OpenLP 2.0.3" modifiedIn="OpenLP 2.0.3" modifiedDate="2014-02-05T19:27:54">
  <properties>
    <titles>
      <title>HC  270 - LOUVANDO AO NOSSO CRIADOR</title>
    </titles>
    <authors>
      <author>HARPA CRISTÃ</author>
    </authors>
  </properties>
  <lyrics>
    <verse name="v1">
      <lines>SINTO PRAZER LOUVANDO<br/>AO NOSSO CRIADOR,<br/>E GOZO CELEBRANDO<br/>OS FEITOS DO SENHOR;<br/>SABER QUE SOU LAVADO<br/>NO SANGGUE DE JESUS.<br/>TAMBÉM QUE SOU GUIADO,<br/>PELA DIVINA LUZ!</lines>
    </verse>
    <verse name="c1">
      <lines>ALEGRE IREI AVANTE,<br/>UNIDO AO SALVADOR;<br/>CANTANDO TRIUNFANTE,<br/>AO NOSSO CRIADOR!</lines>
    </verse>
    <verse name="v2">
      <lines>EM CRISTO, TENHO GOZO,<br/>E PAZ, CELESTE LUZ;<br/>NA OBRA, EU REPOUSO,<br/>CUMPRIDA LÁ NA CRUZ;<br/>DE GRAÇA REVESTIDO,<br/>NADA ME FALTARÁ;<br/>CRISTO TEM PROMETIDO,<br/>QUE TUDO SUPRIRÁ!</lines>
    </verse>
    <verse name="v3">
      <lines>ALEGRE SIGO AVANTE,<br/>NA SENDA QUE CONDUZ<br/>A PORTA FULGURANTE<br/>DA MANSÃO DE JESUS;<br/>COM DEUS AQUI EU ANDO,<br/>ELE ME GUIARÁ,<br/>E POR FIM ME TOMANDO,<br/>AO CÉU ME LEVARÁ!</lines>
    </verse>
  </lyrics>
</song>
