<?xml version='1.0' encoding='utf-8'?>
<song xmlns="http://openlyrics.info/namespace/2009/song" version="0.8" createdIn="OpenLP 2.0.3" modifiedIn="OpenLP 2.0.3" modifiedDate="2014-02-05T19:28:06">
  <properties>
    <titles>
      <title>HC  332 - PARA O CÉU EU VOU</title>
    </titles>
    <authors>
      <author>HARPA CRISTÃ</author>
    </authors>
  </properties>
  <lyrics>
    <verse name="v1">
      <lines>PARA O CÉU EU VOU, EMBORA, FOR NUBLADO;<br/>O CAMINHO, ÀS VEZES, ESPINHOSO ESTÁ,<br/>POR JESUS, MEU MESTRE, SEMPRE BEM GUIADO,<br/>EM SEUS PASSOS SIGO, ATÉ QUE CHEGUE LÁ.</lines>
    </verse>
    <verse name="c1">
      <lines>ALELUIA P'RO CÉU VOU<br/>CAMINHANDO,<br/>NADA ME DESANIMARÁ!<br/>PARA O CÉU EU ME VOU APROXIMANDO,<br/>SEMPRE MEU JESUS ME GUIARÁ!</lines>
    </verse>
    <verse name="v2">
      <lines>PARA O CÉU EU VOU, AINDA QUE LUTANDO<br/>CONTRA TENTAÇÕES, QUE SURGEM ANTE MIM;<br/>SOB O SANGUE DE JESUS ME ABRIGANDO,<br/>ESCONDIDO E BEM SEGURO, ESTOU ASSIM.</lines>
    </verse>
    <verse name="v3">
      <lines>PARA O CÉU EU VOU, EMBORA, MUI CANSADO,<br/>E AMIGOS VELHOS, VOLTEM-SE P'RA TRÁS.<br/>FORTE SIGO CO'O SENHOR JESUS AO LADO,<br/>CONVIDANDO A OUTROS ACEITAR A PAZ.</lines>
    </verse>
    <verse name="v4">
      <lines>PARA O CÉU EU VOU, ALEGRE CAMINHANDO;<br/>BREVE FINDARÁ A PEREGRINAÇÃO,<br/>SE CANSADO, NESTE MUNDO VOU ANDANDO,<br/>EU REPOUSAREI NA DIVINAL MANSÃO.</lines>
    </verse>
  </lyrics>
</song>
