<?xml version='1.0' encoding='utf-8'?>
<song xmlns="http://openlyrics.info/namespace/2009/song" version="0.8" createdIn="OpenLP 2.0.3" modifiedIn="OpenLP 2.0.3" modifiedDate="2014-02-05T19:28:07">
  <properties>
    <titles>
      <title>HC  339 - JESUS RESSUSCITADO</title>
    </titles>
    <authors>
      <author>HARPA CRISTÃ</author>
    </authors>
  </properties>
  <lyrics>
    <verse name="v1">
      <lines>OH! JESUS RESSUSCITADO,<br/>GRANDE É O TEU PODER!<br/>SÊ COMIGO, Ó MEU AMADO,<br/>DÁ-ME A GRAÇA E O SABER.</lines>
    </verse>
    <verse name="c1">
      <lines>P'RA FAZER A TUA VONTADE,<br/>QUERO DE TI MAIS PODER;<br/>DÁ-ME A TUA SANTIDADE,<br/>QUERO SÓ P'RA TI VIVER.</lines>
    </verse>
    <verse name="v2">
      <lines>MEU SENHOR, TU ÉS MEU GUIA,<br/>DÁ-ME FORÇA, VIDA E LUZ;<br/>PLENA PAZ E ALEGRIA,<br/>ME CONCEDE, Ó MEU JESUS!</lines>
    </verse>
    <verse name="v3">
      <lines>ÉS A LUZ TÃO RADIOSA,<br/>QUE ME TRAZ CONSOLAÇÃO;<br/>COM TUA MORTE DOLOROSA,<br/>TU ME DESTE A SALVAÇÃO.</lines>
    </verse>
    <verse name="v4">
      <lines>QUERO, Ó DEUS, AGRADECER-TE<br/>O TEU GRANDE, IMENSO AMOR,<br/>PORQUE JÁ ME CONCEDESTE<br/>O REAL CONSOLADOR.</lines>
    </verse>
  </lyrics>
</song>
