<?xml version='1.0' encoding='utf-8'?>
<song xmlns="http://openlyrics.info/namespace/2009/song" version="0.8" createdIn="OpenLP 2.0.3" modifiedIn="OpenLP 2.0.3" modifiedDate="2014-02-05T19:28:03">
  <properties>
    <titles>
      <title>HC  316 - EM BUSCA DE SIÃO</title>
    </titles>
    <authors>
      <author>HARPA CRISTÃ</author>
    </authors>
  </properties>
  <lyrics>
    <verse name="v1">
      <lines>SAINDO DO EGITO EM BUSCA DE SIÃO,<br/>MEU SALVADOR GUIOU-ME COM SUA FORTE MÃO;<br/>LEVOU-ME EM VITÓRIAS PELO FOGO E O AMAR;<br/>AGORA, CANTO A DEUS, PELA SALVAÇÃO SEM PAR.</lines>
    </verse>
    <verse name="c1">
      <lines>NÃO BUSQUEM MAIS A<br/>MIM NA ESCRAVIDÃO,<br/>ERGUI A TENDA, ENFIM, NA TERRA DE SIÃO.<br/>NÃO BUSQUEM MAIS A MIM NA ESCRAVIDÃO,<br/>ERGUI A TENDA, ENFIM, NA TERRA DE SIÃO.</lines>
    </verse>
    <verse name="v2">
      <lines>MUI PERTO DE JESUS E VENDO O GALARDÃO,<br/>P'RA CANAÃ EU SIGO, LÁ ESTÁ MEU CORAÇÃO;<br/>JESUS P'RA GRANDE HERANÇA, HÁ DE ME LEVAR,<br/>A QUEM DEU-ME ESPERANÇA, EU HEI DE AQUI LOUVAR.</lines>
    </verse>
    <verse name="v3">
      <lines>ANDEI EU PELOS CAMPOS, ONDE FRUTO ACHEI;<br/>EM HEBRON, UVAS VIVAS TAMBÉM EU APANHEI,<br/>AQUI MELHOR MEL, VINHO E LEITE EU ENCONTREI,<br/>P'RA ESCRAVIDÃO DO EGITO JAMAIS EU VOLTAREI.</lines>
    </verse>
    <verse name="v4">
      <lines>AS LUTAS DESTA VIDA EU NÃO SINTO MAIS,<br/>POIS SEMPRE VOU CANTANDO SUA GRAÇA, AMOR E PAZ;<br/>EU VOU MARCHANDO PARA O ETERNO LAR,<br/>E BREVE, LÁ NO CÉU - MINHA PÁTRIA - HEI DE ESTAR.</lines>
    </verse>
  </lyrics>
</song>
