<?xml version='1.0' encoding='utf-8'?>
<song xmlns="http://openlyrics.info/namespace/2009/song" version="0.8" createdIn="OpenLP 2.0.3" modifiedIn="OpenLP 2.0.3" modifiedDate="2014-02-05T19:28:30">
  <properties>
    <titles>
      <title>HC  465 - ELE SOFREU POR MIM</title>
    </titles>
    <authors>
      <author>HARPA CRISTÃ</author>
    </authors>
  </properties>
  <lyrics>
    <verse name="v1">
      <lines>EU LI QUE JESUS FORA PRESO;<br/>DE DOR A MINH'ALMA VIBROU;<br/>EU ANTES ASSIM NÃO SENTIA,<br/>AGORA ISTO A MIM EMPOLGOU,<br/>EU LI QUE ELE FOI CONDUZIDO<br/>À CORTE DE JERUSALÉM;<br/>ALI PADECEU GRANDE AFRONTA,<br/>FOI C'ROADO DE ESPINHOS TAMBÉM.</lines>
    </verse>
    <verse name="c1">
      <lines>EU SEI QUE EU ERA CULPADO,<br/>MAS ELE SOFREU JÁ POR MIM;<br/>EU SEI QUE ELE ERA INOCENTE,<br/>PADECENDO TUDO ASSIM.</lines>
    </verse>
    <verse name="v2">
      <lines>EU LI QUE JESUS FOI JULGADO;<br/>U'A CRUZ MUI PESADA LEVOU,<br/>E NELA, POR MIM EXPIRANDO,<br/>OS MEUS VIS PECADOS TOMOU;<br/>ENQUANTO NA CRUZ, PENDURADO,<br/>U'A LANÇA SEU LADO FUROU;<br/>NA ESPONJA LHE DERAM VINAGRE,<br/>E ELE, POR MIM, O TRAGOU</lines>
    </verse>
    <verse name="v3">
      <lines>DEPOIS JOSÉ DE ARIMATÉIA<br/>E OUTROS DISCÍPULOS TAMBÉM<br/>PUSERAM-NO, EM UM SEPULCRO,<br/>E OS GUARDAS VIGIAVAM BEM;<br/>ENQUANTO NO MUNDO, ELE DISSE,<br/>QUE HAVIA DE RESSUSCITAR,<br/>E DEUS FEZ ENTÃO UM MILAGRE,<br/>FAZENDO-O DOS MORTOS TORNAR!</lines>
    </verse>
    <verse name="v4">
      <lines>OS GUARDAS AINDA VIGIAVAM,<br/>QUANDO UM ANJO VEIO DO CÉU,<br/>E A PEDRA QUE ESTAVA NA PORTA,<br/>COM GRANDE PODER REMOVEU;<br/>DEPRESSA OS LAÇOS CAÍRAM;<br/>O PLANO DE DEUS ERA ASSIM;<br/>E A LUZ E A VIDA RESPLENDEM,<br/>E ISTO FOI TUDO POR MIM!</lines>
    </verse>
  </lyrics>
</song>
