<?xml version='1.0' encoding='utf-8'?>
<song xmlns="http://openlyrics.info/namespace/2009/song" version="0.8" createdIn="OpenLP 2.0.3" modifiedIn="OpenLP 2.0.3" modifiedDate="2014-02-05T19:28:21">
  <properties>
    <titles>
      <title>HC  413 - MEU PASTOR</title>
    </titles>
    <authors>
      <author>HARPA CRISTÃ</author>
    </authors>
  </properties>
  <lyrics>
    <verse name="v1">
      <lines>MEU PASTOR É JESUS CRISTO<br/>NELE QUERO CONFIAR;<br/>COM JESUS, NÃO TENHO FALTA,<br/>JUNTO A ELE EU QUERO ANDAR;<br/>ME CONDUZ AO BOM DESCANSO;<br/>PARA O CAMPO VERDE EM FLOR,<br/>REFRIGERA, SIM, MINH'ALMA,<br/>SACIANDO-ME DE AMOR.</lines>
    </verse>
    <verse name="v2">
      <lines>ELE É MEU COMPANHEIRO;<br/>COM JESUS DESEJO ANDAR;<br/>POIS ME DÁ VIGOR E FORÇA,<br/>P'RA QUE EU POSSA CAMINHAR;<br/>ELE É QUEM DÁ CORAGEM,<br/>PARA NADA EU TEMER;<br/>MESMO PRÓXIMO À MORTE<br/>CERTO ESTOU QUE VOU VENCER.</lines>
    </verse>
    <verse name="v3">
      <lines>CAMINHANDO AO SEU LADO<br/>NÃO MAIS TEMEREI O MAL;<br/>SEU BORDÃO E SEU CAJADO<br/>DÃO-ME PROTEÇÃO REAL;<br/>CONTRA O MEU INIMIGO<br/>O SENHOR SEMPRE VIRÁ;<br/>ME PREPARA UMA MESA<br/>E COMIGO NELA ESTÁ.</lines>
    </verse>
    <verse name="v4">
      <lines>UNGE A CABEÇA MINHA<br/>COM ÓLEO DO SEU AMOR;<br/>O MEU GOZO É TRANSBORDANTE,<br/>POIS MEU CÁLICE TEM DULÇOR;<br/>POR SUA MISERICÓRDIA<br/>E POR SEU SUBLIME BEM<br/>HABITAREI EM SUA CASA<br/>ETERNAMENTE, AMÉM!</lines>
    </verse>
  </lyrics>
</song>
