<?xml version='1.0' encoding='utf-8'?>
<song xmlns="http://openlyrics.info/namespace/2009/song" version="0.8" createdIn="OpenLP 2.0.3" modifiedIn="OpenLP 2.0.3" modifiedDate="2014-02-05T19:28:04">
  <properties>
    <titles>
      <title>HC  321 - SÓ EM JESUS</title>
    </titles>
    <authors>
      <author>HARPA CRISTÃ</author>
    </authors>
  </properties>
  <lyrics>
    <verse name="v1">
      <lines>SÓ EM JESUS FUIRÁS PAZ E GOZO,<br/>TU, PECADOR, QUE TENS SEDE DE AMOR;<br/>SÓ EM JESUS PODERÁS SER DITOSO;<br/>NELE A GRAÇA OBTÉNS DO SENHOR.</lines>
    </verse>
    <verse name="v2">
      <lines>SÓ EM JESUS ACHARÁS FORTE ESCUDO<br/>PARA ABRIGAR-TE DOS DARDOS DO MAL;<br/>NELE, OCULTO DAS DORES, DE TUDO,<br/>RECEBERÁS UMA PAZ DIVINAL.</lines>
    </verse>
    <verse name="v3">
      <lines>SÓ EM JESUS, SOBRE A DIVINA ROCHA,<br/>SALVAR-TE-ÁS DESTE MUNDO, QUAL MAR;<br/>SÓ EM JESUS, SIM NA LUZ DESTA TOCHA,<br/>PODES O SANTO CAMINHO TRILHAR.</lines>
    </verse>
    <verse name="v4">
      <lines>SÓ EM JESUS, NESTE PORTO SEGURO,<br/>PODES TUA ALMA QUAL NAU ANCORAR,<br/>SÓ EM JESUS, UM BRILHANTE FUTURO,<br/>Ó PECADOR, PODERÁS ENCONTRAR.</lines>
    </verse>
    <verse name="v5">
      <lines>SÓ EM JESUS, DEIXA TUDO PORTANTO,<br/>QUER SEJA O MUNDO, O MAL OU PECAR;<br/>VEM P'RA JESUS, QUE POR DEUS TE GARANTO,<br/>QUE PAZ E GOZO IRÁS DESFRUTAR.</lines>
    </verse>
  </lyrics>
</song>
