<?xml version='1.0' encoding='utf-8'?>
<song xmlns="http://openlyrics.info/namespace/2009/song" version="0.8" createdIn="OpenLP 2.0.3" modifiedIn="OpenLP 2.0.3" modifiedDate="2014-02-05T19:28:11">
  <properties>
    <titles>
      <title>HC  358 - SENHOR, MANDA TEU PODER</title>
    </titles>
    <authors>
      <author>HARPA CRISTÃ</author>
    </authors>
  </properties>
  <lyrics>
    <verse name="v1">
      <lines>OS FIÉIS ORAVAM UNIDOS<br/>NUM CENÁC'LO AO SENHOR,<br/>QUANDO FOI DO CÉU DESCIDO<br/>O REAL CONSOLADOR!</lines>
    </verse>
    <verse name="c1">
      <lines>SENHOR, MANDA JÁ O TEU PODER.<br/>SENHOR, MANDA JÁ O TEU PODER.<br/>SENHOR, MANDA JÁ O TEU PODER,<br/>E BATIZA CADA UM!</lines>
    </verse>
    <verse name="v2">
      <lines>QUAL UM VENTO VEEMENTE,<br/>O PODER A CASA ENCHEU;<br/>LÍNGUAS VIERAM SOBRE OS CRENTES,<br/>MAS DE FOGO, LÁ DO CÉU!</lines>
    </verse>
    <verse name="v3">
      <lines>NOUTRAS LÍNGUAS, SIM, FALARAM,<br/>COMO CRISTO CONCEDEU;<br/>DO ESPÍRITO TRANSBORDARAM,<br/>EXALTANDO O REI DO CÉU!</lines>
    </verse>
    <verse name="v4">
      <lines>O PODER FOI PROMETIDO<br/>PARA OS SERVOS DO SENHOR:<br/>É P'RA TODOS CONCEDIDO,<br/>SE O PEDIREM COM FERVOR!</lines>
    </verse>
  </lyrics>
</song>
