<?xml version='1.0' encoding='utf-8'?>
<song xmlns="http://openlyrics.info/namespace/2009/song" version="0.8" createdIn="OpenLP 2.0.3" modifiedIn="OpenLP 2.0.3" modifiedDate="2014-02-05T19:29:14">
  <properties>
    <titles>
      <title>HC  001 - CHUVAS DE GRAÇA</title>
    </titles>
    <authors>
      <author>HARPA CRISTÃ</author>
    </authors>
  </properties>
  <lyrics>
    <verse name="v1">
      <lines>DEUS PROMETEU COM CERTEZA<br/>CHUVAS DE GRAÇA MANDAR;<br/>ELE NOS DÁ FORTALEZA,<br/>E RICAS BÊNÇÃOS SEM PAR</lines>
    </verse>
    <verse name="c1">
      <lines>CHUVAS DE GRAÇA,<br/>CHUVAS PEDIMOS, SENHOR;<br/>MANDA-NOS CHUVA CONSTANTES,<br/>CHUVAS DO CONSOLADOR.</lines>
    </verse>
    <verse name="v2">
      <lines>CRISTO NOS TEM CONCEDIDO<br/>O SANTO CONSOLADOR,<br/>DE PLENA PAZ NOS ENCHIDO,<br/>PARA O REINADO DE AMOR.</lines>
    </verse>
    <verse name="v3">
      <lines>DÁ-NOS, SENHOR, AMPLAMENTE,<br/>TEU GRANDE GOZO E PODER;<br/>FONTE DE AMOR PERMANENTE,<br/>PÕE DENTRO DE NOSSO SER.</lines>
    </verse>
    <verse name="v4">
      <lines>FAZE OS TEUS SERVOS PIEDOSOS,<br/>DÁ-LHES VIRTUDE E VALOR,<br/>DANDO OS TEUS DONS PRECIOSOS,<br/>DO SANTO PRECEPTOR.</lines>
    </verse>
  </lyrics>
</song>
