<?xml version='1.0' encoding='utf-8'?>
<song xmlns="http://openlyrics.info/namespace/2009/song" version="0.8" createdIn="OpenLP 2.0.3" modifiedIn="OpenLP 2.0.3" modifiedDate="2014-02-05T19:28:27">
  <properties>
    <titles>
      <title>HC  452 - SEGUIREI A CRISTO</title>
    </titles>
    <authors>
      <author>HARPA CRIST�</author>
    </authors>
  </properties>
  <lyrics>
    <verse name="v1">
      <lines>SEMPRE! SEMPRE! SEGUIREI A CRISTO!<br/>ONDE QUER QUE ELE FOR, O SEGUIREI,<br/>SEMPRE! SEMPRE! SEGUIREI A CRISTO!<br/>ONDE QUER QUE ELE FOR, O SEGUIREI!</lines>
    </verse>
  </lyrics>
</song>
