<?xml version='1.0' encoding='utf-8'?>
<song xmlns="http://openlyrics.info/namespace/2009/song" version="0.8" createdIn="OpenLP 2.0.3" modifiedIn="OpenLP 2.0.3" modifiedDate="2014-02-05T19:27:13">
  <properties>
    <titles>
      <title>HC  062 - ACHEI JESUS</title>
    </titles>
    <authors>
      <author>HARPA CRISTÃ</author>
    </authors>
  </properties>
  <lyrics>
    <verse name="v1">
      <lines>ACHEI JESUS, ACHEI JESUS,<br/>OH! GOZO INCOMPARÁVEL!<br/>POIS SALVO ESTOU, JÁ TENHO LUZ<br/>E PAZ INEXPLICÁVEL!<br/>OS MEUS PECADOS EXPIOU<br/>O SANGUE DO CORDEIRO;<br/>AS MINHAS TREVAS DISSIPOU;<br/>DE DEUS EU SOU HERDEIRO!</lines>
    </verse>
    <verse name="v2">
      <lines>JESUS MUI LONGE ME BUSCOU,<br/>PERDIDO ME ENCONTRAVA!<br/>E DO PECADO ME SALVOU,<br/>O QUAL ME ATORMENTAVA,<br/>PERTENÇO AO MEU BOM REDENTOR,<br/>AO MEU MELHOR AMIGO,<br/>QUE ME LIVROU DE TODA DOR,<br/>E SEMPRE ESTÁ COMIGO.</lines>
    </verse>
    <verse name="v3">
      <lines>OH! QUE PRAZER, OH! QUE PRAZER!<br/>JESUS É MEU AMADO!<br/>DO SALVADOR EU QUERO SER<br/>UM SERVO CONSAGRADO;<br/>POIS JÁ ME DEU A SALVAÇÃO,<br/>QUE NOS FOI PROMETIDA,<br/>AO MEU CANSADO CORAÇÃO<br/>ENCHEU DE NOVA VIDA.</lines>
    </verse>
  </lyrics>
</song>
