<?xml version='1.0' encoding='utf-8'?>
<song xmlns="http://openlyrics.info/namespace/2009/song" version="0.8" createdIn="OpenLP 2.0.3" modifiedIn="OpenLP 2.0.3" modifiedDate="2014-02-05T19:27:12">
  <properties>
    <titles>
      <title>HC  057 - VIVIFICA-NOS, SENHOR</title>
    </titles>
    <authors>
      <author>HARPA CRISTÃ</author>
    </authors>
  </properties>
  <lyrics>
    <verse name="v1">
      <lines>DEUS PRESENTE ESTÁ CONOSCO.<br/>PRONTO TODOS A SALVAR;<br/>SOBRE AS ALMAS SEQUIOSAS,<br/>QUER SUA BÊNÇÃO DERRAMAR.</lines>
    </verse>
    <verse name="c1">
      <lines>MANDA, Ó MANDA AS RICAS CHUVAS<br/>DA TUA BÊNÇÃO, SALVADOR!<br/>IMPLORAMOS! ESPERAMOS!<br/>VIVIFICA-NOS, SENHOR!</lines>
    </verse>
    <verse name="v2">
      <lines>EIS A TI, SENHOR, ERGUEMOS<br/>NOSSOS POBRES CORAÇÕES;<br/>NA TUA GRANDE E RICA GRAÇA,<br/>OUVE AS NOSSAS PETIÇÕES!</lines>
    </verse>
    <verse name="v3">
      <lines>TORNA A NOSSA FÉ MAIS VIVA,<br/>MAIS ARDENTE O NOSSO AMOR;<br/>ENCHE-NOS DE SANTO ZELO,<br/>DE CORAGEM E FERVOR.</lines>
    </verse>
  </lyrics>
</song>
