<?xml version='1.0' encoding='utf-8'?>
<song xmlns="http://openlyrics.info/namespace/2009/song" version="0.8" createdIn="OpenLP 2.0.3" modifiedIn="OpenLP 2.0.3" modifiedDate="2014-02-05T19:27:51">
  <properties>
    <titles>
      <title>HC  253 - AVANTE, Ó CRENTES</title>
    </titles>
    <authors>
      <author>HARPA CRISTÃ</author>
    </authors>
  </properties>
  <lyrics>
    <verse name="v1">
      <lines>AVANTE, Ó CRENTES, O MAL DESFAZENDO,<br/>O INIMIGO COM A LUZ COMBATEREMOS;<br/>À PELEJA POIS, TODOS, NÃO TEMENDO,<br/>A VITÓRIA POR JESUS RECEBEREMOS.</lines>
    </verse>
    <verse name="c1">
      <lines>COM A GRAÇA DE JESUS NOS<br/>FIRMAREMOS,<br/>COM A GRAÇA DE JESUS, COMBATEREMOS,<br/>COM A GRAÇA DE JESUS NÓS VENCEREMOS,<br/>COM A GRAÇA DE JESUS VITÓRIA TEMOS.</lines>
    </verse>
    <verse name="v2">
      <lines>AVANTE, Ó CRENTES, MARCHAI SEM TARDANÇA,<br/>JAMAIS DO BOM JESUS NÓS NOS AFASTAREMOS,<br/>PORQUE NELE NÓS TEMOS ESPERANÇA<br/>E VITÓRIA NÓS ASSIM ALCANÇAREMOS.</lines>
    </verse>
    <verse name="v3">
      <lines>AVANTE, Ó CRENTES, FIÉIS CORAJOSOS,<br/>VITÓRIA POR JESUS, A NÓS É CONCEDIDA;<br/>NO COMBATE, Ó SEDE VALOROSOS,<br/>PARA ALCANÇAR O GALARDÃO DA VIDA.</lines>
    </verse>
    <verse name="v4">
      <lines>AVANTE, Ó CRENTES, DUM SÓ PENSAMENTO;<br/>"O VIL PECADO SEMPRE NÓS COMBATEREMOS".<br/>POIS JESUS VEM, NÃO TARDA UM MOMENTO,<br/>CRENDO EM JESUS, VITÓRIA NÓS JÁ TEMOS.</lines>
    </verse>
  </lyrics>
</song>
