<?xml version='1.0' encoding='utf-8'?>
<song xmlns="http://openlyrics.info/namespace/2009/song" version="0.8" createdIn="OpenLP 2.0.3" modifiedIn="OpenLP 2.0.3" modifiedDate="2014-02-05T19:27:12">
  <properties>
    <titles>
      <title>HC  055 - MAIS PERTO DA TUA CRUZ</title>
    </titles>
    <authors>
      <author>HARPA CRISTÃ</author>
    </authors>
  </properties>
  <lyrics>
    <verse name="v1">
      <lines>MEU SENHOR, SOU TEU - TUA VOZ OUVI<br/>A CHAMAR-ME, COM AMOR;<br/>MAIS, DE TI, MAIS PERTO EU QUERO ESTAR,<br/>Ó BENDITO SALVADOR!</lines>
    </verse>
    <verse name="c1">
      <lines>MAIS PERTO, PERTO DA TUA CRUZ<br/>QUERO ESTAR, Ó SALVADOR!<br/>MAIS PERTO, PERTO, PERTO DA TUA CRUZ</lines>
    </verse>
    <verse name="v2">
      <lines>A SEGUIR-TE SÓ, ME CONSAGRO EU.<br/>CONSTRANGIDO PELO AMOR,<br/>E, ALEGRE, JÁ ME ECLARO<br/>P'RA SERVIR-TE A TI, SENHOR.</lines>
    </verse>
    <verse name="v3">
      <lines>OH! QUE PURA E SANTA DELÍCIA É<br/>AOS TEUS SANTOS PÉS ME ACHAR,<br/>E COM VIVA E REVERENTE FÉ,<br/>COM MEU SALVADOR FALAR.</lines>
    </verse>
  </lyrics>
</song>
