<?xml version='1.0' encoding='utf-8'?>
<song xmlns="http://openlyrics.info/namespace/2009/song" version="0.8" createdIn="OpenLP 2.0.3" modifiedIn="OpenLP 2.0.3" modifiedDate="2014-02-05T19:27:24">
  <properties>
    <titles>
      <title>HC  129 - A FONTE SALVADORA</title>
    </titles>
    <authors>
      <author>HARPA CRISTÃ</author>
    </authors>
  </properties>
  <lyrics>
    <verse name="v1">
      <lines>Ó PECADOR, VEM À FONTE,<br/>COM O TEU FARDO DE DOR,<br/>VEM SEPULTÁ-LO NAS ÁGUAS;<br/>PAZ ACHARÁS NO SENHOR.</lines>
    </verse>
    <verse name="c1">
      <lines>DEPRESSA VEM, DEPRESSA VEM!<br/>UM SÓ INSTANTE NÃO QUEIRAS PERDER;<br/>JESUS ESPERA SALVAR-TE;<br/>MERCÊ P'RA TI, ELE TEM.</lines>
    </verse>
    <verse name="v2">
      <lines>COMO ESTÁS, VEM À FONTE,<br/>JESUS ESPERANDO ESTÁ;<br/>E TUA ALMA MANCHADA<br/>ALVA E PURA SERÁ.</lines>
    </verse>
    <verse name="v3">
      <lines>O SALVADOR NÃO DESPREZA<br/>QUEM, ARREPENDIDO, CRER.<br/>A VIDA ETERNA ESPERANDO<br/>DE SUAS MÃOS RECEBER.</lines>
    </verse>
    <verse name="v4">
      <lines>VEM SER CURADO NA FONTE;<br/>JESUS A PAZ TE QUER DAR;<br/>VEM, HUMILHADO E CONTRITO,<br/>TUA ALMA PURIFICAR.</lines>
    </verse>
  </lyrics>
</song>
