<?xml version='1.0' encoding='utf-8'?>
<song xmlns="http://openlyrics.info/namespace/2009/song" version="0.8" createdIn="OpenLP 2.0.3" modifiedIn="OpenLP 2.0.3" modifiedDate="2014-02-05T19:28:27">
  <properties>
    <titles>
      <title>HC  449 - À BEIRA DA ESTRADA</title>
    </titles>
    <authors>
      <author>HARPA CRISTÃ</author>
    </authors>
  </properties>
  <lyrics>
    <verse name="v1">
      <lines>À BEIRA DA ESTRADA ESTÃO<br/>MUITOS QUE ESPERAM A SALVAÇÃO;<br/>PODEM TAIS ALMAS SEM DEUS PERECER,<br/>OU ESTÁS PRONTO PARA AS SOCORRER?</lines>
    </verse>
    <verse name="c1">
      <lines>QUEM HOJE DIRÁ: "EIS-ME AQUI,<br/>SENHOR,<br/>EU QUERO AOS PERDIDOS FALAR DO AMOR,<br/>A QUANTOS NA SENDA DA VIDA ACHAR,<br/>DE CRISTO EU IREI FALAR</lines>
    </verse>
    <verse name="v2">
      <lines>À BEIRA DA ESTRADA ESTÃO<br/>MUITOS QUE BUSCAM DO CÉU O PÃO;<br/>PARA OS FAMINTOS, OH! QUEM FALARÁ<br/>DO EVANGELHO QUE LHES SACIARÁ?</lines>
    </verse>
    <verse name="v3">
      <lines>PELO CAMINHO EM QUE VAIS,<br/>EXISTEM ENFERMOS ESPIRITUAIS;<br/>QUAL O BOM SAMARITANO, FARÁS,<br/>OU QUAL ESCRIBA, ALÉM PASSARÁS?</lines>
    </verse>
    <verse name="v4">
      <lines>QUANDO A JORNADA TERMINAR,<br/>E O FIM DA ESTRADA SE APROXIMAR,<br/>CONHECERÁS MUITOS NA MULTIDÃO,<br/>QUE RECEBERAM, DE DEUS, SALVAÇÃO.</lines>
    </verse>
  </lyrics>
</song>
