<?xml version='1.0' encoding='utf-8'?>
<song xmlns="http://openlyrics.info/namespace/2009/song" version="0.8" createdIn="OpenLP 2.0.3" modifiedIn="OpenLP 2.0.3" modifiedDate="2014-02-05T19:27:19">
  <properties>
    <titles>
      <title>HC  100 - O BOM CONSOLADOR</title>
    </titles>
    <authors>
      <author>HARPA CRISTÃ</author>
    </authors>
  </properties>
  <lyrics>
    <verse name="v1">
      <lines>QUEM QUER IR, POR JESUS, A NOVA PROCLAMAR<br/>NOS ANTROS DE AFLIÇÃO, MISÉRIAS, MAL E DOR?<br/>CRISTÃOS, ANUNCIAI QUE O PAI QUER DERRAMAR<br/>O BOM CONSOLADOR.</lines>
    </verse>
    <verse name="c1">
      <lines>O BOM CONSOLADOR, O BOM CONSOLADOR<br/>QUE DEUS NOS PROMETEU, AO MUNDO JÁ DESCEU;<br/>Ó IDE PROCLAMAR, QUE DEUS QUER DERRAMAR<br/>O BOM CONSOLADOR.</lines>
    </verse>
    <verse name="v2">
      <lines>NO MUNDO DE HORROR, A LUZ, ENFIM, BRILHOU<br/>QUE VEIO DISSIPAR AS SOMBRAS DE TERROR;<br/>TAMBÉM O NOSSO PAI, AOS SEUS FIÉIS MANDOU<br/>O BOM CONSOLADOR.</lines>
    </verse>
    <verse name="v3">
      <lines>É O CONSOLADOR QUE TRAZ A SALVAÇÃO<br/>AOS QUE APRISIONOU O GRANDE TENTADOR:<br/>DIZEI QUE VEIO JÁ, COM TODO O CORAÇÃO,<br/>O BOM CONSOLADOR.</lines>
    </verse>
    <verse name="v4">
      <lines>OH! GRANDE ETERNO AMOR! OH! GOZO DIVINAL<br/>QUE TENHO EM PROCLAMAR O DOM DE MEU SENHOR<br/>POIS MORA JÁ EM MIM, PODER CELESTIAL,<br/>O BOM CONSOLADOR.</lines>
    </verse>
  </lyrics>
</song>
