<?xml version='1.0' encoding='utf-8'?>
<song xmlns="http://openlyrics.info/namespace/2009/song" version="0.8" createdIn="OpenLP 2.0.3" modifiedIn="OpenLP 2.0.3" modifiedDate="2014-02-05T19:28:27">
  <properties>
    <titles>
      <title>HC  451 - MEU JESUS VEM</title>
    </titles>
    <authors>
      <author>HARPA CRISTÃ</author>
    </authors>
  </properties>
  <lyrics>
    <verse name="v1">
      <lines>OS TESTEMUNHOS INDICAM<br/>QUE BREVE CRISTO VIRÁ;<br/>JÁ OS SINAIS TESTIFICAM;<br/>QUE ELE VEM, NÃO TARDARÁ.<br/>OH! DIA DE GRANDE GLÓRIA,<br/>PARA OS REMIDOS SERÁ!<br/>DIA SERÁ DE VITÓRIA;<br/>JESUS EM BREVE VIRÁ.</lines>
    </verse>
    <verse name="c1">
      <lines>MEU JESUS VEM, MEU JESUS VEM;<br/>VOU ENCONTRÁ-LO NO CÉU!<br/>OS ANJOS NAS HARPAS TANGEM,<br/>DANDO LOUVORES A DEUS!</lines>
    </verse>
    <verse name="v2">
      <lines>TUDO É TREVAS NO MUNDO,<br/>A NOITE CHEGADA ESTÁ,<br/>MAS VOZ DE AMOR MUI PROFUNDO<br/>DIZ QUE JESUS VOLTARÁ.<br/>MEU CORPO JÁ TRANSFORMADO,<br/>UM CÉU ABERTO ACHARÁ!<br/>COM ANJOS MIL A SEU LADO,<br/>JESUS EM BREVE VIRÁ!</lines>
    </verse>
    <verse name="v3">
      <lines>TRISTEZAS DESAPARECEM<br/>E DORES NÃO HAVERÁ;<br/>ESTRELAS JÁ RESPLANDECEM;<br/>A FESTA COMEÇARÁ!<br/>DESCANSO ALI PROMETIDO,<br/>MINH'ALMA ENTÃO GOZARÁ;<br/>OUVE A MENSAGEM, PERDIDO;<br/>JESUS EM BREVE VIRÁ!</lines>
    </verse>
  </lyrics>
</song>
