<?xml version='1.0' encoding='utf-8'?>
<song xmlns="http://openlyrics.info/namespace/2009/song" version="0.8" createdIn="OpenLP 2.0.3" modifiedIn="OpenLP 2.0.3" modifiedDate="2014-02-05T19:28:20">
  <properties>
    <titles>
      <title>HC  410 - JESUS, MEU REI GLORIOSO</title>
    </titles>
    <authors>
      <author>HARPA CRISTÃ</author>
    </authors>
  </properties>
  <lyrics>
    <verse name="v1">
      <lines>JESUS É MEU REI GLORIOSO,<br/>É GRATO CANTAR-LHE LOUVOR;<br/>É REI, MAS ME TORNA DITOSO,<br/>ENCHENDO-ME DO SEU AMOR;<br/>DEIXANDO SEU TRONO DE GLÓRIA<br/>ME VEIO LIVRAR DESTA ESCÓRIA.<br/>JÁ SOU MUI FELIZ, JÁ SOU MUI FELIZ COM DEUS!</lines>
    </verse>
    <verse name="v2">
      <lines>JESUS É MEU REI MUI AMADO,<br/>NAS ALTURAS, NA DOR, SEMPRE ESTÁ<br/>PACIENTE E HUMILDE AO MEU LADO,<br/>AJUDA E CONSOLO ME DÁ;<br/>POR ISSO CONSTANTE O SIGO,<br/>POIS É MEU PASTOR E AMIGO.<br/>JÁ SOU MUI FELIZ, JÁ SOU MUI FELIZ COM DEUS!</lines>
    </verse>
    <verse name="v3">
      <lines>JESUS, QUE PUDERA EU DAR-TE<br/>POR TANTO AMOR PARA MIM?<br/>BASTANTE É SERVIR-TE E AMAR-TE?<br/>E TUDO ENTREGAR-ME A TI?<br/>ACEITA, ENTÃO, MINHA VIDA,<br/>QUE A TI SÓ, SE PROSTRA RENDIDA.<br/>JÁ SOU MUI FELIZ, JÁ SOU MUI FELIZ COM DEUS!</lines>
    </verse>
  </lyrics>
</song>
