<?xml version='1.0' encoding='utf-8'?>
<song xmlns="http://openlyrics.info/namespace/2009/song" version="0.8" createdIn="OpenLP 2.0.3" modifiedIn="OpenLP 2.0.3" modifiedDate="2014-02-05T19:28:27">
  <properties>
    <titles>
      <title>HC  450 - O SOL DA JUSTIÇA</title>
    </titles>
    <authors>
      <author>HARPA CRISTÃ</author>
    </authors>
  </properties>
  <lyrics>
    <verse name="v1">
      <lines>O SOL DA JUSTIÇA VAMOS PROCLAMAR<br/>SUA LUZ RESPLANDECE EM QUALQUER LUGAR,<br/>SEU FULGOR DOURADO DE AMOR E PAZ,<br/>SALVAÇÃO COMPLETA AOS CAÍDOS TRAZ.</lines>
    </verse>
    <verse name="c1">
      <lines>RESPLANDECE, Ó SOL VERDADEIRO!<br/>TEUS CELESTES RAIOS VAMOS ESPALHAR;<br/>RESPLANDECE, Ó SOL VERDADEIRO!<br/>TÃO FORMOSOS RAIOS VAMOS PROCLAMAR!</lines>
    </verse>
    <verse name="v2">
      <lines>RESPLENDOR CELESTE BRILHA DESDE OS CÉUS.<br/>FALA-NOS DE CRISTO, DO AMOR DE DEUS;<br/>COM JESUS NÓS VAMOS, TODOS, TRABALHAR,<br/>DO CÉU AOS PERDIDOS O ESPLENDOR LEVAR.</lines>
    </verse>
    <verse name="v3">
      <lines>SÓ UNS RAIOS FORTES DESTE RESPLENDOR,<br/>TODA A TERRA PODEM INUNDAR DE AMOR;<br/>PODEM DUM DESERTO FAZER UM JARDIM;<br/>RESPLENDOR DO SOL, Ó BRILHA PARA MIM.</lines>
    </verse>
  </lyrics>
</song>
