<?xml version='1.0' encoding='utf-8'?>
<song xmlns="http://openlyrics.info/namespace/2009/song" version="0.8" createdIn="OpenLP 2.0.3" modifiedIn="OpenLP 2.0.3" modifiedDate="2014-02-05T19:27:14">
  <properties>
    <titles>
      <title>HC  068 - GOZO DE TER SALVAÇÃO</title>
    </titles>
    <authors>
      <author>HARPA CRISTÃ</author>
    </authors>
  </properties>
  <lyrics>
    <verse name="v1">
      <lines>PODES RECEBER A DOCE PAZ DE DEUS,<br/>CRENDO EM JESUS, QUE JÁ DESCEU DOS CÉUS;<br/>TOMA, HOJE, TUA CRUZ,<br/>VEM DAS TREVAS PARA A LUZ,<br/>E, ASSIM, MUI GOZO TE DARÁ JESUS!</lines>
    </verse>
    <verse name="c1">
      <lines>GOZO DE TER SALVAÇÃO,<br/>GOZO EM TEU CORAÇÃO.<br/>ALEGRIA FRUÍRAS,<br/>QUANDO DESFRUTARES PAZ,<br/>QUE TE TROUXE CRISTO, NA CRUENTA CRUZ!</lines>
    </verse>
    <verse name="v2">
      <lines>O AMOR DE CRISTO PODES CONHECER,<br/>SEU SUSTENTO SANTO PODES RECEBER;<br/>NÃO MAIS SÓ COMBATERÁS,<br/>CRISTO TE DEFENDERÁ,<br/>E, ASSIM, MUI GOZO TE DARÁ JESUS.</lines>
    </verse>
    <verse name="v3">
      <lines>QUERES TU, DE CRISTO, FIEL SOLDADO SER?<br/>PELEJAR POR ELE SEMPRE SEM TEMER?<br/>VEM, ENTÃO, AO SALVADOR;<br/>FAR-TE-Á MUI VENCEDOR,<br/>E, ASSIM, MUI GOZO TE DARÁ JESUS.</lines>
    </verse>
    <verse name="v4">
      <lines>PODERÁS POR CRISTO SER AQUI UMA LUZ,<br/>SE OBEDECERES AO SENHOR JESUS!<br/>Ó VEM, HOJE, SEM TEMOR,<br/>ACEITAR O SALVADOR,<br/>E, ASSIM, MUI GOZO TE DARÁ JESUS.</lines>
    </verse>
  </lyrics>
</song>
