<?xml version='1.0' encoding='utf-8'?>
<song xmlns="http://openlyrics.info/namespace/2009/song" version="0.8" createdIn="OpenLP 2.0.3" modifiedIn="OpenLP 2.0.3" modifiedDate="2014-02-05T19:27:48">
  <properties>
    <titles>
      <title>HC  238 - Ó PECADOR DESALENTADO</title>
    </titles>
    <authors>
      <author>HARPA CRISTÃ</author>
    </authors>
  </properties>
  <lyrics>
    <verse name="v1">
      <lines>Ó PECADOR DESALENTADO<br/>VEM A JESUS, TEU SALVADOR;<br/>POR QUE VIVER ATRIBULADO?<br/>VEM A JESUS, TEU SALVADOR;<br/>EIS O CRISTO TE CHAMANDO,<br/>POIS QUER TE DAR SEU GRANDE AMOR,<br/>VEM NOS SEUS BRAÇOS TE LANÇANDO<br/>VEM A JESUS, O TEU SALVADOR.</lines>
    </verse>
    <verse name="v2">
      <lines>Ó NÃO REJEITES A LIBERDADE,<br/>VEM A JESUS, TEU SALVADOR;<br/>RECEBE HOJE A SANTIDADE;<br/>VEM A JESUS, TEU SALVADOR;<br/>RECEBE HOJE A SANTIDADE;<br/>VEM A JESUS, TEU SALVADOR;<br/>TUDO AQUI NO MUNDO PASSA;<br/>TU MORRERÁS, Ó PECADOR,<br/>VEM ACEITAR A VERA GRAÇA,<br/>VEM A JESUS, O TEU SALVADOR.</lines>
    </verse>
    <verse name="v3">
      <lines>SE QUERES PAZ, TAMBÉM O GOZO,<br/>VEM A JESUS, TEU SALVADOR.<br/>POIS NELE TU TERÁS REPOUSO,<br/>VEM A JESUS, TEU SALVADOR;<br/>NÃO TERÁS SENÃO TRISTEZA,<br/>CÁ NESTE MUNDO DE HORROR,<br/>MAS EM JESUS HÁ FORTALEZA,<br/>VEM A JESUS, O TEU SALVADOR.</lines>
    </verse>
    <verse name="v4">
      <lines>HOJE É O DIA APRAZÍVEL,<br/>VEM A JESUS, TEU SALVADOR.<br/>Ó SEU AMOR É IRRESISTÍVEL,<br/>VEM A JESUS, TEU SALVADOR.<br/>TUAS HORAS VÃO PASSANDO,<br/>Ó NÃO DESPREZES, PECADOR;<br/>A VOZ DE DEUS TE CONVIDANDO,<br/>VEM A JESUS, O TEU SALVADOR.</lines>
    </verse>
  </lyrics>
</song>
