<?xml version='1.0' encoding='utf-8'?>
<song xmlns="http://openlyrics.info/namespace/2009/song" version="0.8" createdIn="OpenLP 2.0.3" modifiedIn="OpenLP 2.0.3" modifiedDate="2014-02-05T19:28:17">
  <properties>
    <titles>
      <title>HC  393 - HÁ UM AMIGO MUI CHEGADO</title>
    </titles>
    <authors>
      <author>HARPA CRISTÃ</author>
    </authors>
  </properties>
  <lyrics>
    <verse name="v1">
      <lines>HÁ UM AMIGO MUI CHEGADO - CRISTO SENHOR,<br/>POIS SALVOU-NOS DO PECADO E DO TEMOR;<br/>ESTE AMIGO AGONIZAVA,<br/>QUANDO O MUNDO RESGATAVA,<br/>E DE DEUS O AMOR MOSTRAVA; DAI-LHE LOUVOR!</lines>
    </verse>
    <verse name="v2">
      <lines>CONHECÊ-LO É TER VIDA, CRISTO SENHOR.<br/>NELE NOS É PERMITIDA PAZ NO LABOR;<br/>ELE SOBRE NÓS DERRAMA<br/>SUA GRAÇA, POIS NOS AMA,<br/>E P'RA SI A TODOS CHAMA; DAI-LHE LOUVOR!</lines>
    </verse>
    <verse name="v3">
      <lines>SEMPRE É O MESMO, NUNCA MUDA, CRISTO SENHOR<br/>É A PEDRA DE AJUDA; VEM, PECADOR!<br/>BOM MANÁ É NO DESERTO,<br/>NOSSO GUIA, AMIGO CERTO,<br/>SEU AMOR É CÉU ABERTO; DAI-LHE LOUVOR!</lines>
    </verse>
  </lyrics>
</song>
