<?xml version='1.0' encoding='utf-8'?>
<song xmlns="http://openlyrics.info/namespace/2009/song" version="0.8" createdIn="OpenLP 2.0.3" modifiedIn="OpenLP 2.0.3" modifiedDate="2014-02-05T19:27:07">
  <properties>
    <titles>
      <title>HC  020 - OLHAI P'RA O CORDEIRO DE DEUS</title>
    </titles>
    <authors>
      <author>HARPA CRISTÃ</author>
    </authors>
  </properties>
  <lyrics>
    <verse name="v1">
      <lines>LIVRES DE PECADO VÓS QUEREIS FICAR?<br/>OLHAI P'RA O CORDEIRO DE DEUS!<br/>ELE MORTO FOI NA CRUZ, P'RA VOS SALVAR;<br/>OLHAI P'RA O CORDEIRO DE DEUS!</lines>
    </verse>
    <verse name="c1">
      <lines>OLHAI P'RA O CORDEIRO DE DEUS,<br/>OLHAI P'RA O CORDEIRO DE DEUS,<br/>PORQUE SÓ ELE VOS PODE SALVAR.<br/>OLHAI P'RA O CORDEIRO DE DEUS!</lines>
    </verse>
    <verse name="v2">
      <lines>SE ESTAIS EM TENTADOS, EM HESITAÇÃO,<br/>OLHAI P'RA O CORDEIRO DE DEUS!<br/>ELE ENCHERÁ O VOSSO CORAÇÃO.<br/>OLHAI P'RA O CORDEIRO DE DEUS!</lines>
    </verse>
    <verse name="v3">
      <lines>SE ESTAIS CANSADOS E SEM MAIS VIGOR,<br/>OLHAI P'RA O CORDEIRO DE DEUS!<br/>ELE VOS QUER DAR SEU DIVINAL AMOR,<br/>OLHAI P'RA O CORDEIRO DE DEUS!</lines>
    </verse>
    <verse name="v4">
      <lines>SE NA VOSSA SENDA SOMBRAS VÊM CAIR,<br/>OLHAI P'RA O CORDEIRO DE DEUS!<br/>ELE, COM SUA GRAÇA, TUDO QUER SUPRIR.<br/>OLHAI P'RA O CORDEIRO DE DEUS!</lines>
    </verse>
  </lyrics>
</song>
