<?xml version='1.0' encoding='utf-8'?>
<song xmlns="http://openlyrics.info/namespace/2009/song" version="0.8" createdIn="OpenLP 2.0.3" modifiedIn="OpenLP 2.0.3" modifiedDate="2014-02-05T19:28:10">
  <properties>
    <titles>
      <title>HC  357 - O FIM DAS LUTAS</title>
    </titles>
    <authors>
      <author>HARPA CRISTÃ</author>
    </authors>
  </properties>
  <lyrics>
    <verse name="v1">
      <lines>QUANDO ESTA VIDA DE LUTAS CESSAR,<br/>VOU PARA O CÉU MEU DESCANSO GOZAR<br/>COM MEU JESUS, LÁ NA GLÓRIA SEM FIM;<br/>OH! QUE VENTURA SERÁ PARA MIM!</lines>
    </verse>
    <verse name="c1">
      <lines>OH! QUE PRAZER! GLÓRIA A JESUS!<br/>EU HEI DE VER NO CÉU DE LUZ;<br/>NUNCA MORRER, A JESUS SEMPRE VER,<br/>OH! SERÁ GOZO ETERNO, P'RA MIM!</lines>
    </verse>
    <verse name="v2">
      <lines>PENSO NA PAZ E NO GRANDE AMOR,<br/>DO LAR CELESTE DO MEU SALVADOR;<br/>EM VER SEU ROSTO, EM SORRIR TAMBÉM,<br/>NA GRANDE GLÓRIA DO DIDA QUE VEM.</lines>
    </verse>
    <verse name="v3">
      <lines>PAIS E AMIGOS, IRMÃOS, HÃO DE ESTAR<br/>NO SANTO RIO, DE GOZO A CANTAR,<br/>SEMPRE ALEGRES, LOUVANDO AO SENHOR,<br/>GOZANDO BÊNÇÃOS DO SEU CRIADOR</lines>
    </verse>
  </lyrics>
</song>
