<?xml version='1.0' encoding='utf-8'?>
<song xmlns="http://openlyrics.info/namespace/2009/song" version="0.8" createdIn="OpenLP 2.0.3" modifiedIn="OpenLP 2.0.3" modifiedDate="2014-02-05T19:28:07">
  <properties>
    <titles>
      <title>HC  338 - QUERO JESUS, TUA LUZ</title>
    </titles>
    <authors>
      <author>HARPA CRISTÃ</author>
    </authors>
  </properties>
  <lyrics>
    <verse name="v1">
      <lines>QUERO SEMPRE, JESUS, RECEBER TUA LUZ,<br/>REVESTIR-ME DO CONSOLADOR;<br/>E UM DIA NOS CÉUS, JUNTO AO TRONO DE DEUS,<br/>FRUIREI ABUNDANTE AMOR!</lines>
    </verse>
    <verse name="c1">
      <lines>Ó JESUS, GUARDA O MEU CORAÇÃO,<br/>NELE FAZ TUA ETERNA HABITAÇÃO,<br/>QUERO SEMPRE TEU NOME LOUVAR!<br/>POIS QUISESTE MINH'ALMA RESGATAR!</lines>
    </verse>
    <verse name="v2">
      <lines>SOB O SANGUE ESTAREI ABRIGADO DA LEI,<br/>DO PECADO E DA VIL TENTAÇÃO;<br/>NESTE SANGUE HÁ PAZ, GOZO QUE SATISFAZ<br/>E CERTEZA DE VERO PERDÃO!</lines>
    </verse>
    <verse name="v3">
      <lines>OH! QUE CONSOLAÇÃO EU TEREI EM SIÃO,<br/>VENDO A FACE DO MEIGO JESUS;<br/>UM ETERNO LOUVOR EU DAREI AO SENHOR,<br/>AO ENTRAR NA CIDADE DA LUZ!</lines>
    </verse>
  </lyrics>
</song>
