<?xml version='1.0' encoding='utf-8'?>
<song xmlns="http://openlyrics.info/namespace/2009/song" version="0.8" createdIn="OpenLP 2.0.3" modifiedIn="OpenLP 2.0.3" modifiedDate="2014-02-05T19:27:11">
  <properties>
    <titles>
      <title>HC  045 - REDENTOR ONIPOTENTE</title>
    </titles>
    <authors>
      <author>HARPA CRISTÃ</author>
    </authors>
  </properties>
  <lyrics>
    <verse name="v1">
      <lines>REDENTOR ONIPOTENTE,<br/>PODEROSO SALVADOR,<br/>ADVOGADO ONISCIENTE<br/>É JESUS, MEU BOM SENHOR.</lines>
    </verse>
    <verse name="c1">
      <lines>Ó AMANTE DA MINH'ALMA,<br/>TU ÉS TUDO PARA MIM!<br/>TUDO QUANTO EU CAREÇO<br/>ACHO, JESUS, SÓ EM TI.</lines>
    </verse>
    <verse name="v2">
      <lines>UM ABRIGO SEMPRE PERTO,<br/>PARA TODO O PECADOR;<br/>UM REFÚGIO SEMPRE ABERTO,<br/>É JESUS, MEU SALVADOR.</lines>
    </verse>
    <verse name="v3">
      <lines>ÁGUA VIVA! PÃO DA VIDA!<br/>DOCE SOMBRA NO CALOR,<br/>QUE AO DESCANSO NOS CONVIDA,<br/>É JESUS, MEU SALVADOR!</lines>
    </verse>
    <verse name="v4">
      <lines>Ó CORDEIRO IMACULADO,<br/>QUE SEU SANGUE DERRAMOU,<br/>MEUS PECADOS EXPIANDO,<br/>A MINH'ALMA RESGATOU.</lines>
    </verse>
    <verse name="v5">
      <lines>FUNDAMENTOS INABALÁVEL!<br/>ROCHA FIRME E SECULAR!<br/>INFALÍVEL! IMUTÁVEL!<br/>QUEM MO PODERÁ TIRAR?</lines>
    </verse>
    <verse name="v6">
      <lines>O CAMINHO QUE SEGURO,<br/>SEMPRE PARA O CÉU CONDUZ,<br/>QUEM A CRISTO PRONTO SEGUE,<br/>QUEM TOMAR A SUA CRUZ.</lines>
    </verse>
  </lyrics>
</song>
