<?xml version='1.0' encoding='utf-8'?>
<song xmlns="http://openlyrics.info/namespace/2009/song" version="0.8" createdIn="OpenLP 2.0.3" modifiedIn="OpenLP 2.0.3" modifiedDate="2014-02-05T19:27:19">
  <properties>
    <titles>
      <title>HC  101 - A UNÇÃO REAL</title>
    </titles>
    <authors>
      <author>HARPA CRISTÃ</author>
    </authors>
  </properties>
  <lyrics>
    <verse name="v1">
      <lines>QUAL ÓRFÃOS NÃO NOS DEIXOU O SENHOR,<br/>MAS COMO NOS PROMETEU,<br/>MANDOU-NOS O BOM CONSOLADOR,<br/>QUE NOS ENCHEU DO PODER DO CÉU,<br/>DO SEU DIVINAL AMOR!</lines>
    </verse>
    <verse name="c1">
      <lines>RECEBESTES JÁ A UNÇÃO REAL<br/>DO ESPÍRITO CONSOLADOR?<br/>DEUS QUER TE USAR PARA OUTROS SALVAR,<br/>SE RECEBES O CONSOLADOR.</lines>
    </verse>
    <verse name="v2">
      <lines>Ó CRENTES, DEUS VOS CONVIDA TAMBÉM<br/>A VIR BUSCAR SEU PODER;<br/>É PARA TODO, QUE HUMILDE VEM<br/>O SANTO HÓSPEDE RECEBER:<br/>ORANDO SE OBTÉM.</lines>
    </verse>
    <verse name="v3">
      <lines>UM PENTECOSTE, JESUS PROMETEU,<br/>A CADA UM CORAÇÃO;<br/>PROSTADOS, ROGUEMOS, POIS A DEUS,<br/>COM FÉ, EM POTENTE ORAÇÃO,<br/>P'RA VIR O PODER DO CÉU.</lines>
    </verse>
  </lyrics>
</song>
