<?xml version='1.0' encoding='utf-8'?>
<song xmlns="http://openlyrics.info/namespace/2009/song" version="0.8" createdIn="OpenLP 2.0.3" modifiedIn="OpenLP 2.0.3" modifiedDate="2014-02-05T19:28:08">
  <properties>
    <titles>
      <title>HC  342 - AS CORDAS DO CORAÇÃO</title>
    </titles>
    <authors>
      <author>HARPA CRISTÃ</author>
    </authors>
  </properties>
  <lyrics>
    <verse name="v1">
      <lines>DO MEU CORAÇÃO VIBRAM AS CORDAS,<br/>AFINADAS P'RA O MESTRE LOUVAR;<br/>O PECADO ESTE SOM NÃO OUTORGA;<br/>SÓ O GÓLGOTA AS PODE AFINAR.</lines>
    </verse>
    <verse name="c1">
      <lines>ALELUIA! GLÓRIA A DEUS,<br/>QUE NO GÓLGOTA A MINH'ALMA AFINOU!<br/>ALELUIA! GLÓRIA A DEUS,<br/>QUE NO CALVÁRIO A MINH'ALMA AFINOU!</lines>
    </verse>
    <verse name="v2">
      <lines>TAMBÉM FOMOS NO MUNDO AFINADOS,<br/>MAS NÃO ERA AGRADÁVEL O SOM;<br/>MAS NO GÓLGOTA JÁ TRANSFORMADOS,<br/>TEMOS NOVA HARMONIA E TOM.</lines>
    </verse>
    <verse name="v3">
      <lines>É JESUS QUEM AS ALMAS AFINA,<br/>O INSTRUMENTO ELE CUIDA MUI BEM,<br/>CADA DIA O SOM MAIS REFINA,<br/>TÉ TOCAR OS ACORDES DE ALÉM.</lines>
    </verse>
    <verse name="v4">
      <lines>SE PROVAR ESTA AFINAÇÃO QUERES,<br/>HOJE CHEGA-TE À CRUZ COM AMOR;<br/>HARMONIA TERÁS SE ESTIVERES<br/>EM JESUS, O TEU AFINADOR!</lines>
    </verse>
  </lyrics>
</song>
