<?xml version='1.0' encoding='utf-8'?>
<song xmlns="http://openlyrics.info/namespace/2009/song" version="0.8" createdIn="OpenLP 2.0.3" modifiedIn="OpenLP 2.0.3" modifiedDate="2014-02-05T19:28:21">
  <properties>
    <titles>
      <title>HC  417 - BASTANTE PARA MIM</title>
    </titles>
    <authors>
      <author>HARPA CRISTÃ</author>
    </authors>
  </properties>
  <lyrics>
    <verse name="v1">
      <lines>NO MEIO DUMA DOR,<br/>A CRUZ DE CRISTO EU VI,<br/>QUAL VIVA FONTE DE AMOR,<br/>BASTANTE PARA MIM!</lines>
    </verse>
    <verse name="c1">
      <lines>LÁ DA CRUZ CORRE SEM CESSAR,<br/>INSONDÁVEL COMO É O MAR.<br/>ESTA GRAÇA, QUE BROTA ASSIM,<br/>BASTA PARA MIM!</lines>
    </verse>
    <verse name="v2">
      <lines>MEU CORAÇÃO, A VACILAR<br/>E APENAS, PUDE ASSIM<br/>NA GRAÇA CRER; MAS FUI ACHAR<br/>BASTANTE PARA MIM!</lines>
    </verse>
    <verse name="v3">
      <lines>CRAVADOS JÁ, ENTÃO, NA CRUZ,<br/>OS MEUS PECADOS VI;<br/>E A GRAÇA ACHEI DE MEU JESUS;<br/>BASTANTE PARA MIM!</lines>
    </verse>
    <verse name="v4">
      <lines>COM MEU JESUS EU CANTAREI<br/>NO CÉU, ALEGRE, ENFIM;<br/>QUE SUA GRAÇA FOI, DIREI:<br/>BASTANTE PARA MIM!</lines>
    </verse>
  </lyrics>
</song>
