<?xml version='1.0' encoding='utf-8'?>
<song xmlns="http://openlyrics.info/namespace/2009/song" version="0.8" createdIn="OpenLP 2.0.3" modifiedIn="OpenLP 2.0.3" modifiedDate="2014-02-05T19:28:18">
  <properties>
    <titles>
      <title>HC  397 - O SALVADOR ME ACHOU</title>
    </titles>
    <authors>
      <author>HARPA CRISTÃ</author>
    </authors>
  </properties>
  <lyrics>
    <verse name="v1">
      <lines>EM PECADOS E TEMOR O SALVADOR ME ACHOU,<br/>TÃO INDIGNO PECADOR, SEM TER DO CÉU A LUZ,<br/>NO CALVÁRIO AO MORRER MINH'ALMA RESGATOU;<br/>MEU PERDÃO FOI CONSUMADO LÁ NA CRUZ.</lines>
    </verse>
    <verse name="v2">
      <lines>VEM AO SENHOR, VEM PECADOR:<br/>ELE É O TERNO E MUI FIEL, VEM PECADOR!<br/>VEM AO SENHOR, DEUS É AMOR;<br/>OUVE SUA TERNA VOZ: "VEM, PECADOR"!</lines>
    </verse>
    <verse name="v3">
      <lines>DO SEUPULCRO RESSURGIU MEU REDENTOR JESUS;<br/>ELE A MORTE JÁ VENCEU - TAMBÉM O NOSSO ALGOZ;<br/>VIDA ETERNA O PECADOR GOZA POR SUA CRUZ<br/>POIS OS MORTOS HÃO DE OUVIR SUA TERNA VOZ.</lines>
    </verse>
    <verse name="v4">
      <lines>PARA O CÉU SUBIU JESUS, GANHA A VITÓRIA CÁ.<br/>E NA DEXTRA DO BOM DEUS,<br/>TEM-NO POR MEDIADOR,<br/>INTERCEDE EM TEU FAVOR, NÃO TE DETENHAS LÁ.<br/>NÃO DESPREZES ESTA VOZ DE TEU SENHOR.</lines>
    </verse>
  </lyrics>
</song>
