<?xml version='1.0' encoding='utf-8'?>
<song xmlns="http://openlyrics.info/namespace/2009/song" version="0.8" createdIn="OpenLP 2.0.3" modifiedIn="OpenLP 2.0.3" modifiedDate="2014-02-05T19:28:01">
  <properties>
    <titles>
      <title>HC  307 - LOUVOR AO DEUS TRINO</title>
    </titles>
    <authors>
      <author>HARPA CRISTÃ</author>
    </authors>
  </properties>
  <lyrics>
    <verse name="v1">
      <lines>AO PAI, AO FILHO, O REDENTOR,<br/>AO DIVINAL CONSOLADOR;<br/>AO TRINO DEUS, SIM, ADORAI,<br/>LOUVOR ETERNO TRIBUTAI, AMÉM.</lines>
    </verse>
  </lyrics>
</song>
