<?xml version='1.0' encoding='utf-8'?>
<song xmlns="http://openlyrics.info/namespace/2009/song" version="0.8" createdIn="OpenLP 2.0.3" modifiedIn="OpenLP 2.0.3" modifiedDate="2014-02-05T19:27:56">
  <properties>
    <titles>
      <title>HC  284 - BENDITO CRISTO, EIS-ME AQUI</title>
    </titles>
    <authors>
      <author>HARPA CRISTÃ</author>
    </authors>
  </properties>
  <lyrics>
    <verse name="v1">
      <lines>TAL COMO SOU, VOU DECIDIR,<br/>QUE A OUTRO EU NÃO POSSO IR;<br/>POIS ME CONVIDAS PARA VIR,<br/>BENDITO CRISTO, EIS-ME AQUI.</lines>
    </verse>
    <verse name="v2">
      <lines>TAL COMO SOU, SEM DEMORAR,<br/>DO MAL, QUERENDO ME LIVRAR;<br/>SÓ PODES TU ME PERDOAR:<br/>BENDITO CRISTO, EIS-ME AQUI.</lines>
    </verse>
    <verse name="v3">
      <lines>TAL COMO SOU, EM AFLIÇÃO,<br/>EXPOSTO À MORTE, E PERDIÇÃO,<br/>BUSCANDO VIDA E PERDÃO,<br/>BENDITO CRISTO, EIS-ME AQUI.</lines>
    </verse>
    <verse name="v4">
      <lines>TAL COMO SOU, TEU GRANDE AMOR<br/>ME VENCE, E BUSCO TEU FAVOR,<br/>SERVIR-TE QUERO COM VALOR,<br/>BENDITO CRISTO, EIS-ME AQUI.</lines>
    </verse>
  </lyrics>
</song>
