<?xml version='1.0' encoding='utf-8'?>
<song xmlns="http://openlyrics.info/namespace/2009/song" version="0.8" createdIn="OpenLP 2.0.3" modifiedIn="OpenLP 2.0.3" modifiedDate="2014-02-05T19:27:54">
  <properties>
    <titles>
      <title>HC  271 - NA MANSÃO DO SALVADOR</title>
    </titles>
    <authors>
      <author>HARPA CRISTÃ</author>
    </authors>
  </properties>
  <lyrics>
    <verse name="v1">
      <lines>LÁ NA MANSÃO DO SALVADOR,<br/>NÃO HÁ, JAMAIS, TRIBULAÇÃO;<br/>NENHUM PESAR, NENHUMA DOR,<br/>QUE ME QUEBRANTE O CORAÇÃO.</lines>
    </verse>
    <verse name="c1">
      <lines>ALI NÃO HÁ TRISTEZA E DOR,<br/>NENHUM PESAR, NEM AFLIÇÃO;<br/>QUANDO EU ESTIVER MORANDO LÁ<br/>DIREI: NÃO HÁ TRIBULAÇÃO.</lines>
    </verse>
    <verse name="v2">
      <lines>P'RA MIM É TRISTE ESTAR AQUI,<br/>MUI LONGE, SIM, DO SALVADOR,<br/>POIS MORAM JÁ COM ELE ALI,<br/>OS SALVOS PELO SEU AMOR.</lines>
    </verse>
    <verse name="v3">
      <lines>PERFEITO AMOR ENCONTRAREI,<br/>LÁ NA MANSÃO DO MEU SENHOR,<br/>COMPLETA PAZ, AÍ'TEREI,<br/>POIS ME DARÁ O SALVADOR.</lines>
    </verse>
    <verse name="v4">
      <lines>ESTANDO LÁ, EU GOZAREI<br/>DE TODA A BÊNÇÃO DIVINAL;<br/>TAMBÉM, COM CRISTO REINAREI,<br/>NA SUA GLÓRIA ETERNAL.</lines>
    </verse>
  </lyrics>
</song>
