<?xml version='1.0' encoding='utf-8'?>
<song xmlns="http://openlyrics.info/namespace/2009/song" version="0.8" createdIn="OpenLP 2.0.3" modifiedIn="OpenLP 2.0.3" modifiedDate="2014-02-05T19:28:30">
  <properties>
    <titles>
      <title>HC  467 - SOBRE AS ONDAS DO MAR</title>
    </titles>
    <authors>
      <author>HARPA CRISTÃ</author>
    </authors>
  </properties>
  <lyrics>
    <verse name="v1">
      <lines>OH! POR QUE DUVIDAR,<br/>SOBRE AS ONDAS DO MAR,<br/>QUANDO CRISTO CAMINHO ABRIU?<br/>QUANDO FORÇADO ÉS, CONTRA AS ONDAS LUTAR,<br/>SEU AMOR A TI QUER REVELAR</lines>
    </verse>
    <verse name="c1">
      <lines>SOLTA O CABO DA NAU<br/>TOMA OS REMOS NA MÃO<br/>E NAVEGA COM FÉ EM JESUS;<br/>E ENTÃO, TU VERÁS QUE BONANÇA SE FAZ<br/>POIS COM ELE, SEGURO SERÁS .</lines>
    </verse>
    <verse name="v2">
      <lines>TREVAS VÊM TE ASSUSTAR ,<br/>TEMPESTADES NO MAR?<br/>DA MONTANHA O MESTRE TE VÊ;<br/>NA TRIBULAÇÃO ELE VEM SOCORRER,<br/>SUA MÃO BEM TE PODE SUSTER,</lines>
    </verse>
    <verse name="v3">
      <lines>PODES TU RECORDAR,<br/>MARAVILHAS SEM PAR?<br/>NO DESERTO O POVO FARTOU;<br/>E O MESMO PODER<br/>ELE SEMPRE TERÁ,<br/>POIS NÃO MUDA E NÃO FALHARÁ.</lines>
    </verse>
    <verse name="v4">
      <lines>QUANDO PEDES MAIS FÉ,<br/>ELE OUVE O CRÊ!<br/>MESMO SENDO EM TRIBULAÇÃO;<br/>QUANDO A MÃO DE PODER O TEU "EGO" TIRAR,<br/>SOBRE AS ONDAS PODERÁS ANDAR.</lines>
    </verse>
  </lyrics>
</song>
