<?xml version='1.0' encoding='utf-8'?>
<song xmlns="http://openlyrics.info/namespace/2009/song" version="0.8" createdIn="OpenLP 2.0.3" modifiedIn="OpenLP 2.0.3" modifiedDate="2014-02-05T19:27:07">
  <properties>
    <titles>
      <title>HC  021 - GLORIOSA AURORA</title>
    </titles>
    <authors>
      <author>HARPA CRISTÃ</author>
    </authors>
  </properties>
  <lyrics>
    <verse name="v1">
      <lines>A GLORIOSA AURORA VEM,<br/>DO DIA EM QUE LÁ EM BELÉM<br/>NASCEU DE DEUS, O FILHO;<br/>QUE BELO DIA E DE LUZ,<br/>NO QUAL P'RA NÓS DESCEU JESUS,<br/>DO CÉU MOSTRANDO O TRILHO.<br/>QUANTOS SANTOS HOJE LEMBRAM,<br/>E RELEMBRAM A HISTÓRIA<br/>DE JESUS, O REI DA GLÓRIA!</lines>
    </verse>
    <verse name="v2">
      <lines>NASCEU JESUS LÁ EM BELÉM,<br/>TRAZENDO-NOS O SUMO BEM<br/>DO CÉU -A LIBERDADE;<br/>NOS CONCEDEU PERFEITA PAZ,<br/>CONSOLAÇÃO QUE SATISFAZ<br/>POR TODA A ETERNIDADE!<br/>COMO FOMOS DESGARRAIDOS,<br/>DESVIADOS E PERDIDOS!<br/>HOJE SOMOS REDIMIDOS!</lines>
    </verse>
    <verse name="v3">
      <lines>CONOSCO CRISTO HABITARÁ<br/>COM SEU PODER NOS LEVARÁ,<br/>NOS DANDO LIVRAMENTO;<br/>E SEMPRE HÁ DE NOS GUIAR<br/>POIS SUA GRAÇA VAI NOS DAR<br/>EM TODO O SOFRIMENTO,<br/>SCUTA: LUTA SEMPRE FORTE,<br/>TÉ A MORTE, POIS AJUDA<br/>TENS EM CRISTO, QUE NÃO MUDA!</lines>
    </verse>
    <verse name="v4">
      <lines>JESUS DESCEU P'RA NOS SALVAR,<br/>O SOL DA GRAÇA VEM BRILHAR,<br/>ALEGRES JUBILEMOS;<br/>JESUS, Ó NOSSO BOM PASTOR,<br/>VEM NOS GUIAR COM TEU AMOR;<br/>A TI NÓS PERTECEMOS;<br/>ALMAS SALVAS, PERDOADAS,<br/>LIBERTADAS HOJE ORAM,<br/>REVERENTES TE ADORAM!</lines>
    </verse>
  </lyrics>
</song>
