<?xml version='1.0' encoding='utf-8'?>
<song xmlns="http://openlyrics.info/namespace/2009/song" version="0.8" createdIn="OpenLP 2.0.3" modifiedIn="OpenLP 2.0.3" modifiedDate="2014-02-05T19:27:05">
  <properties>
    <titles>
      <title>HC  006 - NA MALDIÇÃO DA CRUZ</title>
    </titles>
    <authors>
      <author>HARPA CRISTÃ</author>
    </authors>
  </properties>
  <lyrics>
    <verse name="v1">
      <lines>TU, NA MALDIÇÃO DA CRUZ,<br/>ELEVATE O TEU AMOR,<br/>EM ROGAR, SENHOR JESUS:<br/>"PAI, PERDOA AO TRANSGRESSOR".</lines>
    </verse>
    <verse name="c1">
      <lines>QUERES, QUERES, COM VIGOR,<br/>MUITAS ALMAS DESPERTAR;<br/>QUERES, QUERES Ó SENHOR!<br/>TRANSFORMAR, REMIR, CURAR;<br/>OH! SIM! OH! SIM!<br/>QUERES TODAS RENOVAR.</lines>
    </verse>
    <verse name="v2">
      <lines>O MALIGNO TENTADOR<br/>E O AUTOR DA PERDIÇÃO<br/>DO PECADO, MAL E DOR,<br/>DA DOENÇA E DA AFLIÇÃO.</lines>
    </verse>
    <verse name="v3">
      <lines>TU LEVASTE, Ó BOM JESUS,<br/>O PECADO, O MAL E A DOR,<br/>E A DOENÇA SOBRE A CRUZ;<br/>ÉS O GRANDE SALVADOR!</lines>
    </verse>
    <verse name="v4">
      <lines>DEUS É BOM, QUER SEMPRE O BEM<br/>DO OPRIMIDO PECADOR;<br/>MAL NENHUM, EM SI, DEUS TEM;<br/>"DEUS É LUZ, DEUS É AMOR!"</lines>
    </verse>
  </lyrics>
</song>
