<?xml version='1.0' encoding='utf-8'?>
<song xmlns="http://openlyrics.info/namespace/2009/song" version="0.8" createdIn="OpenLP 2.0.3" modifiedIn="OpenLP 2.0.3" modifiedDate="2014-02-05T19:28:09">
  <properties>
    <titles>
      <title>HC  347 - VEM A CRISTO 2</title>
    </titles>
    <authors>
      <author>HARPA CRISTÃ</author>
    </authors>
  </properties>
  <lyrics>
    <verse name="v1">
      <lines>VEM A CRISTO, VEM AGORA,<br/>VEM ASSIM, COMO ESTÁS;<br/>DE DEUS, SEM DEMORA,<br/>O PERDÃO OBTERÁS.</lines>
    </verse>
    <verse name="v2">
      <lines>CRÊ E FIRMA TUA CONFIANÇA<br/>NA SUA MORTE POR TI;<br/>POIS GOZO ALCANÇA,<br/>TODO QUE FAZ ASSIM.</lines>
    </verse>
    <verse name="v3">
      <lines>VEM A CRISTO, NÃO TEMENDO,<br/>PENSA NO SEU AMOR;<br/>VEM LOGO, MAS CRENDO,<br/>POIS TE CHAMA O SENHOR.</lines>
    </verse>
    <verse name="v4">
      <lines>ELE ANELA REDIMIR-TE,<br/>QUER LIVRAR-TE DO MAL;<br/>AS PORTAS ABRIR-TE,<br/>DO PRAZER DIVINAL.</lines>
    </verse>
  </lyrics>
</song>
