<?xml version='1.0' encoding='utf-8'?>
<song xmlns="http://openlyrics.info/namespace/2009/song" version="0.8" createdIn="OpenLP 2.0.3" modifiedIn="OpenLP 2.0.3" modifiedDate="2014-02-05T19:27:13">
  <properties>
    <titles>
      <title>HC  059 - EU CREIO, SIM</title>
    </titles>
    <authors>
      <author>HARPA CRISTÃ</author>
    </authors>
  </properties>
  <lyrics>
    <verse name="v1">
      <lines>TÉ CONHECER O AMOR SEM FIM,<br/>UM PECADOR FUI EU;<br/>EM O MEU PENSAR NÃO HOUVE LUGAR<br/>PARA CRISTO E O CÉU.</lines>
    </verse>
    <verse name="c1">
      <lines>EU CREIO, SIM, JÁ CREIO, SIM,<br/>JESUS MORREU POR MIM;<br/>PELO SANGUE SEU, QUE ELE VERTEU,<br/>LIBERTADO FUI POR FIM.</lines>
    </verse>
    <verse name="v2">
      <lines>POIS, QUANDO VI JESUS POR MIM,<br/>SOFRENDO SOBRE A CRUZ,<br/>O MEU CORAÇÃO, SEM HESITAÇÃO,<br/>RECEBEU O AMOR E A LUZ.</lines>
    </verse>
    <verse name="v3">
      <lines>COM LÁGRIMAS, PEDI PERDÃO,<br/>E DOR, TAMBÉM SENTI;<br/>VEIO, ENTÃO, JESUS, E A MIM FALOU:<br/>"FOI POR TI QUE EU MORRI"</lines>
    </verse>
    <verse name="v4">
      <lines>EU SEI QUE DEUS, NO FILHO SEU,<br/>ME VÊ PERFEITO E SÃO;<br/>NÃO HÁ MAIS TEMOR, SÓ BENDITO AMOR,<br/>GOZO NO MEU CORAÇÃO.</lines>
    </verse>
  </lyrics>
</song>
