<?xml version='1.0' encoding='utf-8'?>
<song xmlns="http://openlyrics.info/namespace/2009/song" version="0.8" createdIn="OpenLP 2.0.3" modifiedIn="OpenLP 2.0.3" modifiedDate="2014-02-05T19:27:54">
  <properties>
    <titles>
      <title>HC  275 - Ó ACORDA, DESPERTA!</title>
    </titles>
    <authors>
      <author>HARPA CRISTÃ</author>
    </authors>
  </properties>
  <lyrics>
    <verse name="v1">
      <lines>Ó ACORDA, DESPERTA DORMENTE,<br/>TU QUE JAZES NO SONO DA MORTE,<br/>E QUE TENS UMA TÃO TRISTE SORTE,<br/>Ó DESPERTA POR CRISTO, O SENHOR!<br/>POIS TE CHAMA O FIEL SALVADOR,<br/>O SEU SANGUE NA CRUZ JÁ DERRAMOU,<br/>TEUS PECADOS ALI ANIQUILOU,<br/>E RESPONDES: "NÃO QUERO, SENHOR?"</lines>
    </verse>
    <verse name="v2">
      <lines>Ó NÃO SABES QUE TEU PRÓPRIO ALENTO<br/>VEM DE DEUS, VEM A CADA MOMENTO?<br/>QUERES TU DESPERTAR NUM TORMENTO<br/>QUE JAMAIS PODERÁ SE FINDAR?<br/>CRISTO HOJE TE QUER LIBERTAR,<br/>Ó DESPERTA-TE À VOZ DO SALVADOR,<br/>FOGE LOGO DO ABISMO DE HORROR,<br/>QUE TU'ALMA PROCURA TRAGAR.</lines>
    </verse>
    <verse name="v3">
      <lines>NÃO TE IMPORTAS POR TERES AGORA,<br/>A TUA ALMA EM NEGRA MASMORRA?<br/>EM JESUS HOJE CRÊ, BUSCA-O E ADORA,<br/>POIS ASSIM TU TERÁS SALVAÇÃO;<br/>CRENDO EM CRISTO NO TEU CORAÇÃO,<br/>PAZ E GOZO POR ELE OBTERÁS;<br/>E TAMBÉM NO CÉU TU HABITARÁS,<br/>SE RECEBES AGORA O PERDÃO.</lines>
    </verse>
  </lyrics>
</song>
