<?xml version='1.0' encoding='utf-8'?>
<song xmlns="http://openlyrics.info/namespace/2009/song" version="0.8" createdIn="OpenLP 2.0.3" modifiedIn="OpenLP 2.0.3" modifiedDate="2014-02-05T19:28:21">
  <properties>
    <titles>
      <title>HC  414 - TEM COMPAIXÃO DO PECADOR</title>
    </titles>
    <authors>
      <author>HARPA CRISTÃ</author>
    </authors>
  </properties>
  <lyrics>
    <verse name="v1">
      <lines>Ó SALVADOR, Ó PAI DE AMOR!<br/>TEM COMPAIXÃO DO PECADOR;<br/>SEM SER EM TI NÃO ACHARÁ<br/>A SALVAÇÃO, QUE TU NOS DÁS.</lines>
    </verse>
    <verse name="c1">
      <lines>TEM COMPAIXÃO, Ó SALVADOR,<br/>TEM COMPAIXÃO DO PECADOR!<br/>Ó VEM LAVAR SEU CORAÇÃO,<br/>Ó VEM LHE DAR A SALVAÇÃO!</lines>
    </verse>
    <verse name="v2">
      <lines>SEM SER EM TI NÃO HÁ PERDÃO<br/>P'RA O PECADOR, NEM SALVAÇÃO;<br/>SÓ MESMO EM TI O PECADOR<br/>ENCONTRARÁ UM SALVADOR.</lines>
    </verse>
    <verse name="v3">
      <lines>Ó REI DOS REIS, TEM COMPAIXÃO<br/>DO PECADOR NA PERDIÇÃO<br/>SEU CORAÇÃO, Ó VEM LAVAR<br/>NO SANGUE TEU PURIFICAR.</lines>
    </verse>
  </lyrics>
</song>
