<?xml version='1.0' encoding='utf-8'?>
<song xmlns="http://openlyrics.info/namespace/2009/song" version="0.8" createdIn="OpenLP 2.0.3" modifiedIn="OpenLP 2.0.3" modifiedDate="2014-02-05T19:27:26">
  <properties>
    <titles>
      <title>HC  137 - LIBERTO DA ESCRAVIDÃO</title>
    </titles>
    <authors>
      <author>HARPA CRISTÃ</author>
    </authors>
  </properties>
  <lyrics>
    <verse name="v1">
      <lines>EM BABILÔNIA, EM PRISÃO,<br/>ESTAVA ISRAEL,<br/>O POVO SANTO DE SIÃO,<br/>SOFRENDO DOR CRUEL.</lines>
    </verse>
    <verse name="c1">
      <lines>MAS, UM DIA, SE OUVIU,<br/>QUE DO REI A VOZ SAIU<br/>P'RA VOLTAREM DA ESCRAVIDÃO.<br/>TODO POVO A JUBILAR,<br/>COM AS HARPAS A CANTAR,<br/>FOI EM BUSCA DE SIÃO.</lines>
    </verse>
    <verse name="v2">
      <lines>"CANTAI" DISSERAM OS CALDEUS,<br/>OS HINOS DE SIÃO,<br/>MAS ISTO MAIS ENTRISTECEU,<br/>OS FILHOS DE ABRAÃO.</lines>
    </verse>
    <verse name="v3">
      <lines>LIBERTOS FORAM LÁ POR DEUS<br/>DA VIL ESCRAVIDÃO.<br/>E TODA ALMA SE ENCHEU,<br/>DE RISO E GRATIDÃO.</lines>
    </verse>
    <verse name="v4">
      <lines>QUÃO GRANDES COISAS NOS FEZ DEUS!<br/>CANTAVAM, JÁ, ENTÃO;<br/>E QUAL UM SONHO PARECEU<br/>A VOLTA P'RA SIÃO.</lines>
    </verse>
    <verse name="v5">
      <lines>E NESTE MUNDO, QUAL BABEL,<br/>HÁ MUITOS EM PRISÃO,<br/>SOFRENDO UMA DOR CRUEL,<br/>SEM TER CONSOLAÇÃO.</lines>
    </verse>
    <verse name="v6">
      <lines>MAS, DE CRISTO SE OUVIU<br/>QUE DEUS, A VOZ SAIU,<br/>P'RA VOLTAREM DA ESCRAVIDÃO.<br/>QUEIRAS ISTO ACEITAR,<br/>COM A HARPA VEM CANTAR,<br/>E, ASSIM, VOLTA P'RA SIÃO.</lines>
    </verse>
  </lyrics>
</song>
