<?xml version='1.0' encoding='utf-8'?>
<song xmlns="http://openlyrics.info/namespace/2009/song" version="0.8" createdIn="OpenLP 2.0.3" modifiedIn="OpenLP 2.0.3" modifiedDate="2014-02-05T19:28:06">
  <properties>
    <titles>
      <title>HC  329 - JESUS É MINHA PAZ</title>
    </titles>
    <authors>
      <author>HARPA CRISTÃ</author>
    </authors>
  </properties>
  <lyrics>
    <verse name="v1">
      <lines>JESUS NOS BRAÇOS ME TOMOU,<br/>JESUS ME DEU A PAZ;<br/>AGORA CANTO A QUEM ME AMOU,<br/>JESUS É MINHA PAZ!</lines>
    </verse>
    <verse name="v2">
      <lines>FAMINTO E SEDENTO ANDEI,<br/>SEM TER DESCANSO, AQUI;<br/>MAS ÁGUA VIVA EU ACEITEI;<br/>ACHEI DESCANSO AQUI!</lines>
    </verse>
    <verse name="v3">
      <lines>ONIPOTENTE P'RA ME AMAR,<br/>É CRISTO, O REI DOS CÉUS;<br/>ALEGREMENTE VOU CANTAR;<br/>ACHEI DESCANSO EM DEUS!</lines>
    </verse>
  </lyrics>
</song>
