<?xml version='1.0' encoding='utf-8'?>
<song xmlns="http://openlyrics.info/namespace/2009/song" version="0.8" createdIn="OpenLP 2.0.3" modifiedIn="OpenLP 2.0.3" modifiedDate="2014-02-05T19:28:05">
  <properties>
    <titles>
      <title>HC  324 - JESUS, O MELHOR AMIGO</title>
    </titles>
    <authors>
      <author>HARPA CRISTÃ</author>
    </authors>
  </properties>
  <lyrics>
    <verse name="v1">
      <lines>MEU JESUS É O MELHOR AMIGO,<br/>NELE PONHO TODA A MINHA FÉ;<br/>MINHAS CHAGAS QUER SARAR,<br/>E MINH'ALMA CONSOLAR,<br/>OH, JESUS É O MELHOR AMIGO!</lines>
    </verse>
    <verse name="c1">
      <lines>JESUS É O MELHOR AMIGO,<br/>JESUE É O MELHOR AMIGO,<br/>SEMPRE PRESTES A AJUDAR,<br/>ELE A TODOS QUER SALVAR,<br/>SIM, JESUS É O MELHOR AMIGO!</lines>
    </verse>
    <verse name="v2">
      <lines>MEU JESUS É O FIEL AMIGO,<br/>E ME DÁ SUA FORÇA E PODER;<br/>TORNA EM GOZO MINHA DOR,<br/>ME INSPIRA, DÁ VALOR;<br/>OH! JESUS É O MELHOR AMIGO!</lines>
    </verse>
    <verse name="v3">
      <lines>QUANDO AS ONDAS SE EMBRAVECEM,<br/>E MEU BARCO QUEREM AFUNDAR,<br/>ELE DÁ-ME CALMA E PAZ,<br/>E BONANÇA SEMPRE TRAZ,<br/>SIM JESUS É O MELHOR AMIGO!</lines>
    </verse>
    <verse name="v4">
      <lines>ELE DEU A SUA PRÓPRIA VIDA<br/>P'RA SALVAR O ÍMPIO PECADOR;<br/>OH! JAMAIS ME QUER DEIXAR,<br/>NUNCA ME DESAMPARAR!<br/>SIM, JESUS É O MELHOR AMIGO!</lines>
    </verse>
  </lyrics>
</song>
