<?xml version='1.0' encoding='utf-8'?>
<song xmlns="http://openlyrics.info/namespace/2009/song" version="0.8" createdIn="OpenLP 2.0.3" modifiedIn="OpenLP 2.0.3" modifiedDate="2014-02-05T19:27:06">
  <properties>
    <titles>
      <title>HC  018 - GRATA NOVA</title>
    </titles>
    <authors>
      <author>HARPA CRISTÃ</author>
    </authors>
  </properties>
  <lyrics>
    <verse name="v1">
      <lines>GRATA NOVA DEUS PROCLAMA<br/>HOJE, AO MUNDO PECADOR!<br/>DOCE NOVA REVELADA,<br/>LÁ NA CRUZ DO SALVADOR;<br/>CEGO E DESVIADO, O HOMEM,<br/>DOS CAMINHOS DO SENHOR,<br/>DESCONHECE E DESCONFIA<br/>DESTE DEUS, O DEUS DE AMOR.</lines>
    </verse>
    <verse name="c1">
      <lines>GRATA NOVA, DOCE NOVA,<br/>VEM DOS LÁBIOS DO SENHOR;<br/>ESCUTAI COM ALEGRIA:<br/>"DEUS É LUZ, DEUS É AMOR".</lines>
    </verse>
    <verse name="v2">
      <lines>COM OFERTAS E OBRAS MORTAS,<br/>SACRIFÍCIOS SEM VALOR,<br/>ENGANADO, PENSA O HOMEM,<br/>PROPICIAR SEU CRIADOR,<br/>CLAMA, ROGA EM SEU FAVOR,<br/>A SUPOSTOS MADIADORES,<br/>DESPREZANDO O DEUS DE AMOR.</lines>
    </verse>
    <verse name="v3">
      <lines>LUZ DIVINA, RESPLADECE!<br/>MOSTRA AO TRISTE PECADOR,<br/>QUE NA CRUZ ESTÃO UNIDOS<br/>A JUSTIÇA E O AMOR.<br/>FALA AOS CORAÇÕES FERIDOS,<br/>MOSTRA-TE, DEUS SALVADOR;<br/>E SEM FIM, PROCLAMAREMOS:<br/>"DEUS É LUZ, DEUS É AMOR!"</lines>
    </verse>
  </lyrics>
</song>
