<?xml version='1.0' encoding='utf-8'?>
<song xmlns="http://openlyrics.info/namespace/2009/song" version="0.8" createdIn="OpenLP 2.0.3" modifiedIn="OpenLP 2.0.3" modifiedDate="2014-02-05T19:27:10">
  <properties>
    <titles>
      <title>HC  041 - A CRISTO COROAI</title>
    </titles>
    <authors>
      <author>HARPA CRISTÃ</author>
    </authors>
  </properties>
  <lyrics>
    <verse name="v1">
      <lines>A CRISTO COROAI! QUE POR NÓS ENCARNOU,<br/>E DEUS, O SANTO DEUS E PAI, AOS HOMENS REVELOU.<br/>EIS A SUA COMPAIXÃO! EIS SUA MANSIDÃO!<br/>QUEM VÊ A CRISTO, VÊ AO PAI; SIM, VÊ SEU CORAÇÃO.</lines>
    </verse>
    <verse name="v2">
      <lines>A CRISTO COROAI! DE TUDO O CRIADOR,<br/>O FILHO DO ETERNO DEUS, DO MUNDO, O SALVADOR, JESUS EMANUEL,<br/>O GRANDE REDENTOR!<br/>EM BUSCA DOS PERDIDOS, VEM O NOSSO BOM PASTOR.</lines>
    </verse>
    <verse name="v3">
      <lines>A CRISTO COROAI! QUE SOBRE A CRUZ, GANHOU<br/>POR NÓS ETERNA REDENÇÃO E PARA O CÉU VOLTOU!<br/>ELE É O REI DOS REIS! O PRÍNCIPE DA PAZ!<br/>JESUS, DA MORTE, O VENCEDOR, QUE A SALVAÇÃO NOS TRAZ.</lines>
    </verse>
    <verse name="v4">
      <lines>A CRISTO COROAI! DE TODOS O SENHOR,<br/>A QUEM A MULTIDÃO DOS CÉUS ACLAMA COM FERVOR!<br/>EIS O CORDEIRO ALI, QUE SOBRE O TRONO ESTÁ!<br/>QUE VIVE E REINA LÁ POR NÓS, E CEDO VOLTARÁ.</lines>
    </verse>
  </lyrics>
</song>
