<?xml version='1.0' encoding='utf-8'?>
<song xmlns="http://openlyrics.info/namespace/2009/song" version="0.8" createdIn="OpenLP 2.0.3" modifiedIn="OpenLP 2.0.3" modifiedDate="2014-02-05T19:28:03">
  <properties>
    <titles>
      <title>HC  315 - OH! AMOR BENDITO</title>
    </titles>
    <authors>
      <author>HARPA CRISTÃ</author>
    </authors>
  </properties>
  <lyrics>
    <verse name="v1">
      <lines>OH! AMOR BENDITO, TU POSSUES A MIM!<br/>ENCHES O INFINITO, OH! AMOR SEM FIM!<br/>VIVO HOJE EM CRISTO, VIVO NO FIEL;<br/>POR DEUS SOU BENQUISTO NO EMANUEL.</lines>
    </verse>
    <verse name="c1">
      <lines>OH! AMOR BENDITO: TU POSSUES<br/>A MIM!<br/>ENCHES O INFINITO, OH! AMOR SEM FIM!</lines>
    </verse>
    <verse name="v2">
      <lines>PAZ E GLÓRIA ETERNA, HÁ P'RA MIN NO CÉU,<br/>VIDA SEMPITERNA COM O NOSSO DEUS.<br/>EM VERDADE SINTO VIDA NO SENHOR,<br/>E DO CÉU PRESSINTO GOZO E ESPLENDOR!</lines>
    </verse>
    <verse name="v3">
      <lines>CORAÇÃO, DESFRUTA DESTE GRANDE AMOR;<br/>NA PAZ OU NA LUTA, FAZ-TE VENCEDOR;<br/>QUE ESTE AMOR É FORTE, VIU-SE ALI NA CRUZ;<br/>FORTE MAIS QUE A MORTE: O AMOR DE JESUS!</lines>
    </verse>
  </lyrics>
</song>
