<?xml version='1.0' encoding='utf-8'?>
<song xmlns="http://openlyrics.info/namespace/2009/song" version="0.8" createdIn="OpenLP 2.0.3" modifiedIn="OpenLP 2.0.3" modifiedDate="2014-02-05T19:27:09">
  <properties>
    <titles>
      <title>HC  037 - CRISTO P'RA MIM</title>
    </titles>
    <authors>
      <author>HARPA CRISTÃ</author>
    </authors>
  </properties>
  <lyrics>
    <verse name="v1">
      <lines>OH! QUE DESCANSO EM JESUS ENCONTREI!<br/>CRISTO P'RA MIM! CRISTO P'RA MIM!<br/>OH! QUE TESOUROS INFINDOS ACHEI!<br/>CRISTO P'RA MIM! CRISTO P'RA MIM!<br/>'SCOLHAM OS OUTROS O MUNDO P'RA SI:<br/>BUSQUEM RIQUEZAS, DELÍCIAS AQUI;<br/>EU 'SCOLHEREI, Ó JESUS, SEMPRE A TI!<br/>CRISTO P'RA MIM! CRISTO P'RA MIM!</lines>
    </verse>
    <verse name="v2">
      <lines>QUER NA AFLIÇÃO, NA DOENÇA OU NA DOR:<br/>CRISTO P'RA MIM! CRISTO P'RA MIM!<br/>QUER NA SAÚDE, NA FORÇA OU VIGOR;<br/>CRISTO P'RA MIM! CRISTO P'RA MIM!<br/>SEMPRE AO MEU LADO P'RA ME SOCORRER,<br/>COM SEU AMOR, SIM, E COM SEU PODER;<br/>EM CADA TRANSE PRONTO A ME VALER;<br/>CRISTO P'RA MIM! CRISTO P'RA MIM!</lines>
    </verse>
    <verse name="v3">
      <lines>NO DIA AMARGO DA PERSEGUIÇÃO:<br/>CRISTO P'RA MIM! CRISTO P'RA MIM!<br/>NAS DURAS PROVAS E NA TENTAÇÃO:<br/>CRISTO P'RA MIM! CRISTO P'RA MIM!<br/>ELE, O PECADO E O MUNDO VENCEU<br/>QUANDO, POR MIM, NO CALVÁRIO MORREU;<br/>E DA VITÓRIA A CERTEZA ME DEU;<br/>CRISTO P'RA MIM! CRISTO P'RA MIM!</lines>
    </verse>
    <verse name="v4">
      <lines>QUANDO NO VALE DA MORTE EU ENTRAR,<br/>CRISTO P'RA MIM! CRISTO P'RA MIM!<br/>QUANDO PERANTE MEU DEUS M'ENCONTRAR:<br/>CRISTO P'RA MIM! CRISTO P'RA MIM!<br/>SÓ NO TEU SANGUE CONFIO, SENHOR,<br/>SÓ NO TEU SANGUE IMUTÁVEL AMOR!<br/>INDA OUTRA VEZ CANTAREI, SALVADOR:<br/>CRISTO P'RA MIM! CRISTO P'RA MIM!</lines>
    </verse>
  </lyrics>
</song>
