<?xml version='1.0' encoding='utf-8'?>
<song xmlns="http://openlyrics.info/namespace/2009/song" version="0.8" createdIn="OpenLP 2.0.3" modifiedIn="OpenLP 2.0.3" modifiedDate="2014-02-05T19:27:39">
  <properties>
    <titles>
      <title>HC  187 - MAIS PERTO, MEU DEUS, DE TI</title>
    </titles>
    <authors>
      <author>HARPA CRISTÃ</author>
    </authors>
  </properties>
  <lyrics>
    <verse name="v1">
      <lines>MAIS PERTO QUERO ESTAR<br/>MEU DEUS, DE TI!<br/>INDA QUE SEJA A DOR<br/>QUE ME UNA A TI,<br/>SEMPRE HEI DE SUPLICAR<br/>MAIS PERTO QUERO ESTAR<br/>MAIS PERTO QUERO ESTAR<br/>MEU DEUS DE TI!</lines>
    </verse>
    <verse name="v2">
      <lines>ANDANDO TRITE, AQUI<br/>NA SOLIDÃO,<br/>PAZ E DESCANSO E MIM<br/>TEUS BRAÇOS DÃO;<br/>NAS TREVAS VOU SONHAR,<br/>MAIS PERTO QUERO ESTAR,<br/>MAIS PERTO QUERO ESTAR,<br/>MEU DEUS DE TI!</lines>
    </verse>
    <verse name="v3">
      <lines>MINH'ALMA CANTARÁ<br/>A TI, SENHOR!<br/>E EM BETEL ALÇARA<br/>PADRÃO DE AMOR,<br/>EU SEMPRE HEI DE ROGAR<br/>MAIS PERTO QUERO ESTAR,<br/>MAIS PERTO QUERO ESTAR,<br/>MEU DEUS, DE TI!</lines>
    </verse>
    <verse name="v4">
      <lines>E, QUANDO CRISTO, ENFIM,<br/>ME VIER CHAMAR,<br/>NOS CÉUS COM SERAFINS,<br/>IREI MORAR.<br/>ENTÃO ME ALEGRAREI<br/>PERTO DE TI, MEU REI.<br/>PERTO DE TI, MEU REI,<br/>MEU DEUS, DE TI!</lines>
    </verse>
  </lyrics>
</song>
