<?xml version='1.0' encoding='utf-8'?>
<song xmlns="http://openlyrics.info/namespace/2009/song" version="0.8" createdIn="OpenLP 2.0.3" modifiedIn="OpenLP 2.0.3" modifiedDate="2014-02-05T19:27:25">
  <properties>
    <titles>
      <title>HC  134 - JESUS À PORTA DO CORAÇÃO</title>
    </titles>
    <authors>
      <author>HARPA CRISTÃ</author>
    </authors>
  </properties>
  <lyrics>
    <verse name="v1">
      <lines>QUEM ESTÁ BATENDO ASSIM,<br/>QUE ENCHE-ME DE COMOÇÃO?<br/>QUEM PROCURARÁ POR MIM?<br/>SINTO BATER NO CORAÇÃO.</lines>
    </verse>
    <verse name="c1">
      <lines>QUEM BATE, DIZ COM MANSIDÃO:<br/>EU SOU JESUS, TE VIM SALVAR;<br/>ABRE, DURO CORAÇÃO,<br/>DENTRO DE TI QUERO CEAR.</lines>
    </verse>
    <verse name="v2">
      <lines>QUEM SERÁ? QUEM PODE SER?<br/>SINTO BATER NO CORAÇÃO!<br/>QUE FAREI? QUE VOU FAZER?<br/>NO VALE ESTOU DA DECISÃO.</lines>
    </verse>
    <verse name="v3">
      <lines>QUEM ESCUTO EU BATER?<br/>- EU SOU JESUS, O BOM JESUS:<br/>ABRE LOGO, SEM TEMER<br/>QUERO TE DAR A MINHA LUZ.</lines>
    </verse>
    <verse name="v4">
      <lines>ENTRA, ENTRA, SALVADOR,<br/>MEU CORAÇÃO TE QUERO DAR,<br/>SÓ EM TI ACHEI AMOR,<br/>MESMO EM MIM QUEIRAS MORAR</lines>
    </verse>
    <verse name="v5">
      <lines>NO CORAÇÃO, Ó BOM JESUS,<br/>ENTRA, TRAZENDO TEU PERDÃO!<br/>CONCEDENDO TUA LUZ,<br/>TENHO, ASSIM, A SALVAÇÃO.</lines>
    </verse>
  </lyrics>
</song>
