<?xml version='1.0' encoding='utf-8'?>
<song xmlns="http://openlyrics.info/namespace/2009/song" version="0.8" createdIn="OpenLP 2.0.3" modifiedIn="OpenLP 2.0.3" modifiedDate="2014-02-05T19:28:26">
  <properties>
    <titles>
      <title>HC  443 - LARGA O MUNDO!</title>
    </titles>
    <authors>
      <author>HARPA CRISTÃ</author>
    </authors>
  </properties>
  <lyrics>
    <verse name="v1">
      <lines>PECADOR, UM CONVITE TE QUEREMOS DAR.<br/>UM CONVITE DIVINO O CONSOLADOR;<br/>HOJE QUERES À CASA PATERNAL VOLTAR,<br/>ONDE CRISTO TE ESPERA CHEIO DE AMOR.</lines>
    </verse>
    <verse name="c1">
      <lines>LARGA O MUNDO JÁ, VEM APÓS<br/>JESUS;<br/>O QUAL PODE AGORA MESMO TE SALVAR!<br/>TUDO PRONTO ESTÁ, QUE DIVINA LUZ!<br/>CRISTO HOJE TE CONVIDA PARA VIR CEAR!</lines>
    </verse>
    <verse name="v2">
      <lines>QUANDO CRISTO SOFREU PREGADO LÁ NA CRUZ;<br/>PREPAROU P'RA TEU SER UM DIVINAL MANJAR;<br/>E AGORA TE CHAMA PARA SUA LUZ;<br/>POIS TUA ALMA FAMINTA ELE QUER FARTAR!</lines>
    </verse>
    <verse name="v3">
      <lines>Ó ACEITA O CONVITE QUE JESUS TE FAZ,<br/>QUE FRANQUEIA A ENTRADA NA MANSÃO DE LUZ;<br/>E O GOZO DIVINO QUE TE SATISFAZ,<br/>Ó ACEITA O CONVITE DO SENHOR JESUS!</lines>
    </verse>
    <verse name="v4">
      <lines>AI DO QUE O CONVITE SANTO RECUSAR,<br/>E TIVER POR PROFANO O SANGUE DE JESUS;<br/>O BANQUETE CELESTE NÃO VAI DESFRUTAR,<br/>QUEM DESPREZA O CONVITE FEITO LÁ NA CRUZ!</lines>
    </verse>
  </lyrics>
</song>
