<?xml version='1.0' encoding='utf-8'?>
<song xmlns="http://openlyrics.info/namespace/2009/song" version="0.8" createdIn="OpenLP 2.0.3" modifiedIn="OpenLP 2.0.3" modifiedDate="2014-02-05T19:27:53">
  <properties>
    <titles>
      <title>HC  266 - RESGATADOS FOMOS</title>
    </titles>
    <authors>
      <author>HARPA CRISTÃ</author>
    </authors>
  </properties>
  <lyrics>
    <verse name="v1">
      <lines>NÓS RESGATADOS FOMOS,<br/>POR QUEM NOS QUIS SALVAR;<br/>EM CRISTO LIVRES SOMOS,<br/>P'RA NUNCA MAIS PECAR!<br/>EM CRISTO LIVRES SOMOS,<br/>P'RA NUNCA MAIS PECAR!</lines>
    </verse>
    <verse name="c1">
      <lines>RESGATADOS FOMOS,<br/>RESGATADOS FOMOS,<br/>RESGATADOS FOMOS,<br/>P'RA NUNCA MAIS PECAR!</lines>
    </verse>
    <verse name="v2">
      <lines>NÓS FOMOS JÁ ELEITOS,<br/>O CÉU, P'RA DESFRUTAR;<br/>TAMBÉM POR DEUS ACEITOS<br/>P'RA NUNCA MAIS PECAR!<br/>TAMBÉM POR DEUS ACEITOS<br/>P'RA NUNCA MAIS PECAR!</lines>
    </verse>
    <verse name="v3">
      <lines>A IMORTALIDADE<br/>HAVEMOS DE GOZAR,<br/>POIS TEMOS LIBERDADE<br/>P'RA NUNCA MAIS PECAR!<br/>POIS TEMOS LIBERDADE<br/>P'RA NUNCA MAIS PECAR!</lines>
    </verse>
    <verse name="v4">
      <lines>NO MEIO DOS REMIDOS<br/>A CRISTO VOU LOUVAR,<br/>POR TÊ-LO RECEBIDO<br/>P'RA NUNCA MAIS PECAR!<br/>POR TÊ-LO RECEBIDO<br/>P'RA NUNCA MAIS PECAR!</lines>
    </verse>
  </lyrics>
</song>
