<?xml version='1.0' encoding='utf-8'?>
<song xmlns="http://openlyrics.info/namespace/2009/song" version="0.8" createdIn="OpenLP 2.0.3" modifiedIn="OpenLP 2.0.3" modifiedDate="2014-02-05T19:27:45">
  <properties>
    <titles>
      <title>HC  222 - VEM A JESUS, Ó PERDIDO!</title>
    </titles>
    <authors>
      <author>HARPA CRISTÃ</author>
    </authors>
  </properties>
  <lyrics>
    <verse name="v1">
      <lines>VEM A JESUS; Ó PERDIDO,<br/>VEM A JESUS COMO ESTÁS;<br/>O SANGUE NA CRUZ VERTIDO,<br/>DAR-TE-Á GRAÇA E PAZ.</lines>
    </verse>
    <verse name="c1">
      <lines>VEM A JESUS, SEM DEMORA;<br/>Ó CRÊ NO FILHO DE DEUS!<br/>ELE TE SALVA AGORA,<br/>QUER TE GUIAR PARA O CÉU.</lines>
    </verse>
    <verse name="v2">
      <lines>POR QUE DEMORAS AINDA,<br/>DAR TUA VIDA A JESUS?<br/>EIS QUANDO TUDO AQUI FINDA,<br/>QUAL HÁ DE SER TUA LUZ?</lines>
    </verse>
    <verse name="v3">
      <lines>O MUNDO QUER ENGANAR-TE,<br/>PARA A TUA ALMA PERDER,<br/>TRISTE SERÁ A TUA PARTE;<br/>ALÉM T'ESPERA O SOFRER.</lines>
    </verse>
    <verse name="v4">
      <lines>AS HORAS PASSAM DEPRESSA,<br/>NUNCA JAMAIS AS TERÁS<br/>QUANDO A TUA VIDA AQUI CESSA,<br/>ONDE TUA ALMA ESTARÁ?</lines>
    </verse>
    <verse name="v5">
      <lines>PORTAS ABERTAS AOS LIBERTOS<br/>NO CÉU DE LUZ SEMPRE ESTÃO;<br/>EIS QUE OS ANJOS ALERTOS<br/>A VER TUA ENTRADA ESTARÃO!</lines>
    </verse>
  </lyrics>
</song>
