<?xml version='1.0' encoding='utf-8'?>
<song xmlns="http://openlyrics.info/namespace/2009/song" version="0.8" createdIn="OpenLP 2.0.3" modifiedIn="OpenLP 2.0.3" modifiedDate="2014-02-05T19:27:44">
  <properties>
    <titles>
      <title>HC  212 - OS GUERREIROS SE PREPARAM</title>
    </titles>
    <authors>
      <author>HARPA CRISTÃ</author>
    </authors>
  </properties>
  <lyrics>
    <verse name="v1">
      <lines>OS GUERREIROS SE PREPARAM PARA A GRANDE LUTA<br/>É JESUS, O CAPITÃO, QUE AVANTE OS LEVARÁ.<br/>A MÍLICIA DOS REMIDOS MARCHA IMPOLUTA;<br/>CERTA QUE A VITÓRIA ALCANÇARÁ!</lines>
    </verse>
    <verse name="c1">
      <lines>EU QUERO ESTAR COM CRISTO,<br/>ONDE A LUTA SE TRAVAR,<br/>NO LANCE IMPREVISTO<br/>NA FRENTE M'ENCONTRAR.<br/>ATÉ QUE O POSSA VER NA GLÓRIA,<br/>SE ALEGRANDO DA VITÓRIA,<br/>ONDE DEUS VAI ME COROAR!</lines>
    </verse>
    <verse name="v2">
      <lines>EIS OS BATALHÕES DE CRISTO PROSSEGUINDO AVANTE,<br/>NÃO OS VÊS COM QUE VALOR COMBATEM CONTRA O MAL?<br/>PODES TU FICAR DORMINDO, MESMO VACILANTE,<br/>QUANDO ATACAM OUTROS A BELIAL?</lines>
    </verse>
    <verse name="v3">
      <lines>DÁ-TE PRESSA, NÃO VACILES, HOJE DEUS TE CHAMA<br/>PARA VIRES PELEJAR AO LADO DO SENHOR;<br/>ENTRA NA BATALHA ONDE MAIS O FOGO INFLAMA,<br/>E PELEJA CONTRA O VIL TENTADOR!</lines>
    </verse>
    <verse name="v4">
      <lines>A PELEJA É TREMENDA, TORNA-SE RENHIDA,<br/>MAS SÃO POUCOS OS SOLDADOS PARA BATALHAR;<br/>Ó VEM LIBERTAR AS POBRES ALMAS OPRIMIDAS<br/>DE QUEM FURIOSO, AS QUER TRAGAR!</lines>
    </verse>
  </lyrics>
</song>
