<?xml version='1.0' encoding='utf-8'?>
<song xmlns="http://openlyrics.info/namespace/2009/song" version="0.8" createdIn="OpenLP 2.0.3" modifiedIn="OpenLP 2.0.3" modifiedDate="2014-02-05T19:28:11">
  <properties>
    <titles>
      <title>HC  359 - VEM A MIM, PECADOR</title>
    </titles>
    <authors>
      <author>HARPA CRISTÃ</author>
    </authors>
  </properties>
  <lyrics>
    <verse name="v1">
      <lines>EIS QUE CLAMO, EU JESUS, O PODEROSO,<br/>VEM A MIM, PECADOR;<br/>QUERO DAR-TE MINHA PAZ, PERDÃO E GOZO,<br/>VEM A MIM, SOFREDOR.</lines>
    </verse>
    <verse name="c1">
      <lines>EU TE AMO, Ó PECADOR PERDIDO,<br/>MORRI P'RA SER TEU SALVADOR,<br/>POR TEUS CRIMES E PECADOS FUI FERIDO;<br/>VEM A MIM, SOFREDOR.</lines>
    </verse>
    <verse name="v2">
      <lines>DOS PECADOS HOJE POSSO LIBERTAR-TE,<br/>VEM A MIM, PECADOR;<br/>POIS NA CRUZ, EU PADECENDO, QUIS LIVRAR-TE,<br/>VEM A MIM, SOFREDOR.</lines>
    </verse>
    <verse name="v3">
      <lines>HOJE QUERO TE FAZER FELIZ, DITOSO,<br/>VEM A MIM, PECADOR;<br/>COM MEU SANGUE ABRI UM TRILHO GLORIOSO,<br/>VEM A MIM, SOFREDOR.</lines>
    </verse>
    <verse name="v4">
      <lines>NÃO DESPREZES COM ORGULHO O MEU CONVITE<br/>VEM A MIM, PECADOR;<br/>POIS TEU CORAÇÃO É FRACO, NÃO RESISTE,<br/>VEM A MIM, SOFREDOR.</lines>
    </verse>
  </lyrics>
</song>
