<?xml version='1.0' encoding='utf-8'?>
<song xmlns="http://openlyrics.info/namespace/2009/song" version="0.8" createdIn="OpenLP 2.0.3" modifiedIn="OpenLP 2.0.3" modifiedDate="2014-02-05T19:27:44">
  <properties>
    <titles>
      <title>HC  216 - LOUVAI A DEUS</title>
    </titles>
    <authors>
      <author>HARPA CRISTÃ</author>
    </authors>
  </properties>
  <lyrics>
    <verse name="v1">
      <lines>LOUVAI A DEUS, COM JÚBILO, CANTANDO,<br/>E SEU AMOR AO MUNDO ANUNCIAI!<br/>DE CRISTO, AS GLÓRIAS, JUNTOS CELEBRANDO;<br/>DO SALVADOR, A FAMA PUBLICAI.</lines>
    </verse>
    <verse name="c1">
      <lines>OS PRODÍGIOS CANTAREMOS<br/>DE JESUS, O REDENTOR;<br/>FORÇA, VIDA, BENS DAREMOS<br/>P'RA FALAR DO SEU AMOR!</lines>
    </verse>
    <verse name="v2">
      <lines>LOUVAI A DEUS, SENHOR ONIPOTENTE,<br/>A QUEM DEVEMOS NOSSA SALVAÇÃO,<br/>QUE HABITA OS CÉUS, PORÉM, AQUI PRESENTE.<br/>SEGUROS, GUIA OS SEUS POR SUA MÃO!</lines>
    </verse>
    <verse name="v3">
      <lines>LOUVAI A DEUS E ALEGRES ADORAI-O;<br/>MIL GRAÇAS DEMOS POR SEU GRANDE AMOR;<br/>COM A CELESTE MULTIDÃO LOUVAI-O,<br/>DEUS, SEMPITERNO E NOSSO REDENTOR.</lines>
    </verse>
  </lyrics>
</song>
