<?xml version='1.0' encoding='utf-8'?>
<song xmlns="http://openlyrics.info/namespace/2009/song" version="0.8" createdIn="OpenLP 2.0.3" modifiedIn="OpenLP 2.0.3" modifiedDate="2014-02-05T19:28:12">
  <properties>
    <titles>
      <title>HC  365 - CONFIANÇA EM JESUS</title>
    </titles>
    <authors>
      <author>HARPA CRISTÃ</author>
    </authors>
  </properties>
  <lyrics>
    <verse name="v1">
      <lines>DÉBIL, POBRE, CEGO SOU,<br/>NADA PODE ME VALER;<br/>AOS TEUS PÉS, ANSIOSO VOU,<br/>PARA GRAÇA OBTER.</lines>
    </verse>
    <verse name="c1">
      <lines>SÓ EM TI VOU CONFIAR<br/>OH! JESUS, MEU SALVADOR,<br/>NOS TEUS BRAÇOS DESCANSAR<br/>E FRUIR O TEU AMOR!</lines>
    </verse>
    <verse name="v2">
      <lines>MUITO TEMPO O MAL EM MIM,<br/>HÁ REINADO, SEM CESSAR;<br/>EU, SENHOR, ACUDO A TI,<br/>DESEJANDO DESCANSAR.</lines>
    </verse>
    <verse name="v3">
      <lines>TOMA MEU FRAQUINHO SER,<br/>NELE FAZ HABITAÇÃO;<br/>NUNCA DEIXES ME RETER,<br/>OS ARDIS DA TENTAÇÃO.</lines>
    </verse>
    <verse name="v4">
      <lines>CRISTO VEM AO CORAÇÃO<br/>PARA OS MALES DISSIPAR:<br/>DÁ-ME HOJE TEU PERDÃO,<br/>VEM MINH'ALMA CONSOLAR.</lines>
    </verse>
  </lyrics>
</song>
