<?xml version='1.0' encoding='utf-8'?>
<song xmlns="http://openlyrics.info/namespace/2009/song" version="0.8" createdIn="OpenLP 2.0.3" modifiedIn="OpenLP 2.0.3" modifiedDate="2014-02-05T19:28:18">
  <properties>
    <titles>
      <title>HC  394 - A MÃO DO ARADO!</title>
    </titles>
    <authors>
      <author>HARPA CRISTÃ</author>
    </authors>
  </properties>
  <lyrics>
    <verse name="v1">
      <lines>QUEM SUA MÃO AO ARADO JÁ PÔS,<br/>CONSTANTE PRECISA SER;<br/>O SOL DECLINA E, LOGO APÓS,<br/>VAI ESCURECER.<br/>AVANTE, EM CRISTO PENSANDO,<br/>EM ORAÇÃO VIGIANDO,<br/>COM GOZO E AMOR TRABALHANDO,<br/>P'RA TEU SENHOR.</lines>
    </verse>
    <verse name="v2">
      <lines>NÃO DESANIMES, POR SER TUA CRUZ<br/>MAIOR QUE A DE TEU IRMÃO;<br/>A MAIS PESADA LEVOU TEU JESUS,<br/>TE CONSOLA, ENTÃO;<br/>A TUA CRUZ VAI LEVANDO,<br/>COMO JESUS PERDOANDO,<br/>ALEGREMENTE ANDANDO<br/>P'RA O LINDO CÉU.</lines>
    </verse>
    <verse name="v3">
      <lines>SÊ BOM SOLDADO DE CRISTO JESUS,<br/>SOFRENDO AS AFLIÇÕES,<br/>NÃO SUFOCANDO A MENSAGEM DA CRUZ,<br/>NAS PERSEGUIÇÕES;<br/>VAI SEU AMOR PROCLAMANDO,<br/>NOVAS DE PAZ, SIM, LEVANDO,<br/>AOS QUE ESTÃO AGUARDANDO<br/>A SALVAÇÃO.</lines>
    </verse>
    <verse name="v4">
      <lines>QUANDO, ENFIM, TU LARGARES A CRUZ,<br/>JESUS TE COROARÁ;<br/>COM SANTO GOZO EM GLÓRIA E LUZ<br/>TE CONSOLARÁ.<br/>ESQUECERÁS TEUS LIDARES,<br/>TRIBULAÇÕES E PESARES,<br/>QUANDO NO CÉU DESFRUTARES,<br/>PERFEITA PAZ.</lines>
    </verse>
  </lyrics>
</song>
