<?xml version='1.0' encoding='utf-8'?>
<song xmlns="http://openlyrics.info/namespace/2009/song" version="0.8" createdIn="OpenLP 2.0.3" modifiedIn="OpenLP 2.0.3" modifiedDate="2014-02-05T19:27:24">
  <properties>
    <titles>
      <title>HC  126 - BEM-AVENTURANÇA DO CRENTE</title>
    </titles>
    <authors>
      <author>HARPA CRISTÃ</author>
    </authors>
  </properties>
  <lyrics>
    <verse name="v1">
      <lines>BEM-AVENTURADO O QUE CONFIA<br/>NO SENHOR, COMO FEZ ABRAÃO;<br/>ELE CREU, AINDA QUE NÃO VIA,<br/>E, ASSIM, A FÉ NÃO FOI EM VÃO.<br/>É FELIZ QUEM SEGUE, FIELMENTE,<br/>NOS CAMINHOS SANTOS DO SENHOR,<br/>NA TRIBULAÇÃO É PACIENTE,<br/>ESPERANDO NO SEU SALVADOR.</lines>
    </verse>
    <verse name="v2">
      <lines>OS HERÓIS DA BÍBLIA SAGRADA,<br/>NÃO FLUÍRAM LOGO SEUS TROFÉUS;<br/>MAS LEVARAM SEMPRE A CRUZ PESADA,<br/>PARA OBTER PODER DOS CÉUS,<br/>E DEPOIS, SAÍRAM PELO MUNDO,<br/>COMO MENSAGEIROS DO SENHOR,<br/>COM CORAGEM E AMOR PROFUNDO,<br/>PROCLAMANDO CRISTO, O SALVADOR.</lines>
    </verse>
    <verse name="v3">
      <lines>QUEM QUISER DE DEUS TER A COROA,<br/>PASSARÁ POR MAIS TRIBULAÇÃO;<br/>ÀS ALTURAS SANTAS NINGUÉM VOA,<br/>SEM AS ASAS DA HUMILHAÇÃO;<br/>O SENHOR TEM DADO AOS SEUS QUERIDOS,<br/>PARTE DO SEU GLORIOSO SER;<br/>QUEM NO CORAÇÃO FOR MAIS FERIDO,<br/>MAIS DAQUELA GLÓRIA HÁ DE TER.</lines>
    </verse>
    <verse name="v4">
      <lines>QUANDO AQUI AS FLORES JÁ FENECEM,<br/>AS DO CÉU COMEÇAM A BRILHAR;<br/>QUANDO AS ESPERANÇAS DESVANECEM,<br/>O AFLITO CRENTE VAI ORAR;<br/>OS MAIS BELOS HINOS E POESIAS,<br/>FORAM ESCRITOS EM TRIBULAÇÃO,<br/>E DO CÉU, AS LINDAS MELODIAS,<br/>SE OUVIRAM, NA ESCURIDÃO.</lines>
    </verse>
    <verse name="v5">
      <lines>SIM, CONFIA TU, INTEIRAMENTE;<br/>NA IMENSA GRAÇA DO SENHOR;<br/>SEJA DE TI LONGE O DESALENTO<br/>E CONFIA NO SEU SANTO AMOR.<br/>ALELUIA SEJA A DIVISA,<br/>DO HERÓI E TODO O VENCEDOR;<br/>E DO CÉU MAIS FORTE VEM A BRISA,<br/>QUE TE LEVA AO SEIO DO SENHOR.</lines>
    </verse>
  </lyrics>
</song>
