<?xml version='1.0' encoding='utf-8'?>
<song xmlns="http://openlyrics.info/namespace/2009/song" version="0.8" createdIn="OpenLP 2.0.3" modifiedIn="OpenLP 2.0.3" modifiedDate="2014-02-05T19:27:23">
  <properties>
    <titles>
      <title>HC  124 - ADORAÇÃO</title>
    </titles>
    <authors>
      <author>HARPA CRISTÃ</author>
    </authors>
  </properties>
  <lyrics>
    <verse name="v1">
      <lines>ADORAI O REI DO UNIVERSO!<br/>TERRA E CÉUS, CANTAI O SEU LOUVOR!<br/>TODO O SER NO GRANDE MAR SUBMERSO,<br/>LOUVE AO DOMINADOR!</lines>
    </verse>
    <verse name="c1">
      <lines>TODOS JUNTOS O LOUVEMOS!<br/>GRANDE SALVADOR E REDENTOR!<br/>TODOS O LOUVEMOS!<br/>RÉGIO DOMINADOR!</lines>
    </verse>
    <verse name="v2">
      <lines>ADORAI-O, ANJOS PODEROSOS,<br/>VÓS QUE SUA GLÓRIA CONTEMPLAIS!<br/>VÓS, REMIDOS, JÁ VITORIOSOS;<br/>GRAÇAS, RENDEI-LHE MAIS!</lines>
    </verse>
    <verse name="v3">
      <lines>SOL E LUA, COROS ESTELARES,<br/>SUA MAJESTADE ANUNCIAI,<br/>HOSTES GRANDES, CENTOS DE MILHARES,<br/>O SEU PODER MOSTRAI!</lines>
    </verse>
    <verse name="v4">
      <lines>VENTOS! CHUVAS! RAIOS! TROVOADAS!<br/>REVELAI O FORTE CRIADOR!<br/>VÓS DIZEIS, Ó SERRAS ELEVADAS,<br/>QUÃO GRANDE É MEU SENHOR!</lines>
    </verse>
    <verse name="v5">
      <lines>ALTOS CEDROS! GRAMA VERDEJANTE!<br/>ESTA SINFONIA AUMENTAI;<br/>AVES, VERMES, TODO O SER GIGANTE;<br/>GRATOS A DEUS LOUVAI!</lines>
    </verse>
    <verse name="v6">
      <lines>HOMENS! JOVENS! VELHOS E MENINOS!<br/>ADORAI AO VOSSO REDENTOR!<br/>REIS E SÁBIOS, GRANDES, PEQUENINOS,<br/>DAI-LHE VERAZ LOUVOR!</lines>
    </verse>
  </lyrics>
</song>
