<?xml version='1.0' encoding='utf-8'?>
<song xmlns="http://openlyrics.info/namespace/2009/song" version="0.8" createdIn="OpenLP 2.0.3" modifiedIn="OpenLP 2.0.3" modifiedDate="2014-02-05T19:27:30">
  <properties>
    <titles>
      <title>HC  150 - PARA CASAMENTOS</title>
    </titles>
    <authors>
      <author>HARPA CRISTÃ</author>
    </authors>
  </properties>
  <lyrics>
    <verse name="v1">
      <lines>CHEIOS DE CONTENTAMENTO<br/>ESTAMOS, SENHOR AMADO,<br/>PORQUE É O CASAMENTO<br/>UM TEU BOM MANDADO.</lines>
    </verse>
    <verse name="c1">
      <lines>AOS NOIVOS DÁ PROTEÇÃO,<br/>CONCEDENDO O TEU AMOR,<br/>PARA ELES EM UNIÃO,<br/>VIVEREM P'RA TEU LOUVOR.</lines>
    </verse>
    <verse name="v2">
      <lines>FAZE VIVEREM GUARDADOS<br/>NA TUA SANTA DOUTRINA<br/>E SÓ ANDAREM GUIADOS<br/>POR TUA MÃO DIVINA.</lines>
    </verse>
    <verse name="v3">
      <lines>CONFIRMA ESTA ALIANÇA,<br/>NÓS TE PEDIMOS AINDA,<br/>ENCHENDO-OS DA ESPERANÇA<br/>DA TUA SANTA VINDA.</lines>
    </verse>
  </lyrics>
</song>
