<?xml version='1.0' encoding='utf-8'?>
<song xmlns="http://openlyrics.info/namespace/2009/song" version="0.8" createdIn="OpenLP 2.0.3" modifiedIn="OpenLP 2.0.3" modifiedDate="2014-02-05T19:27:40">
  <properties>
    <titles>
      <title>HC  191 - O MEU JESUS</title>
    </titles>
    <authors>
      <author>HARPA CRISTÃ</author>
    </authors>
  </properties>
  <lyrics>
    <verse name="v1">
      <lines>O MEU JESUS, POR MIM, MORREU<br/>NA CRUZ, COM DOR HORRENDA;<br/>ALI EM MEU LUGAR SOFREU,<br/>ANGÚSTIA MUI TREMENDA!<br/>QUEM PODEREI NO MUNDO ACHAR,<br/>QUE A MEU JESUS VÁ COMPARAR?<br/>JESUS, JESUS, SOMENTE VOU AMAR!</lines>
    </verse>
    <verse name="v2">
      <lines>O MEU JESUS ESTÁ NO CÉU,<br/>INTERCESSOR POTENTE,<br/>POR MIM, PEDINDO SEMPRE A DEUS,<br/>A GRAÇA, AMOR FERVENTE.<br/>NINGÚEM JAMAIS AO PAI CONDUZ<br/>O PECADOR, SENÃO JESUS;<br/>JESUS, JESUS, A DEUS, Ó ME INTRODUZ!</lines>
    </verse>
    <verse name="v3">
      <lines>O MEU JESUS RESSUSCITOU,<br/>EM CORPO GLORIOSO,<br/>TAMBÉM, POR MIM, A DEUS PAGOU<br/>UM PREÇO FABULOSO!<br/>QUAL DOS MORTAIS VOU ENCONTRAR?<br/>QUE A MEU JESUS VOU IGUALAR?<br/>JESUS, JESUS, NÃO POSSO COMPARAR!</lines>
    </verse>
    <verse name="v4">
      <lines>JESUS DO CÉU HÁ DE VOLTAR,<br/>EM MAJESTADE E GLÓRIA,<br/>ENTÃO SEUS ANJOS IRÃO CANTAR<br/>O HINO DA VITÓRIA,<br/>JESUS, ENFIM, VAI SUPLANTAR<br/>O ANTICRISTO, E REINAR.<br/>JESUS, JESUS, Ó VEM ME ARREBATAR!</lines>
    </verse>
  </lyrics>
</song>
