<?xml version='1.0' encoding='utf-8'?>
<song xmlns="http://openlyrics.info/namespace/2009/song" version="0.8" createdIn="OpenLP 2.0.3" modifiedIn="OpenLP 2.0.3" modifiedDate="2014-02-05T19:28:23">
  <properties>
    <titles>
      <title>HC  428 - A ESTRELA DA ALVA</title>
    </titles>
    <authors>
      <author>HARPA CRISTÃ</author>
    </authors>
  </properties>
  <lyrics>
    <verse name="v1">
      <lines>MOSTRA-TE, ESTRELA DA MANHÃ,<br/>Ó BONDOSO SALVADOR!<br/>SEM TUA LUZ, A VIDA É VÃ,<br/>SEM TUA LUZ NÃO TEMOS VIGOR!<br/>SEM TUA LUZ NÃO TEMOS VIGOR!</lines>
    </verse>
    <verse name="c1">
      <lines>Ó ESTRELA DA ALVA, ESTRELA QUE SALVA<br/>A PERDIDA ALMA QUE VAGA SEM TER DIREÇÃO!</lines>
    </verse>
    <verse name="v2">
      <lines>CRISTO JESUS É, DO FIEL,<br/>A ESTRELA DE FULGOR,<br/>TAMBÉM EMANUEL,<br/>QUE DE MANHÃ NOS ENCHE DE AMOR,<br/>QUE DE MANHÃ NOS ENCHE DE AMOR.</lines>
    </verse>
    <verse name="v3">
      <lines>BENDITA ESTRELA DOS HEBREUS,<br/>QUE O MUNDO ILUMINOU,<br/>E NOS MANDOU OS RAIOS SEUS,<br/>RAIOS D'AMOR, QUE JÁ NOS SALVOU,<br/>RAIOS D'AMOR, QUE JÁ NOS SALVOU.</lines>
    </verse>
  </lyrics>
</song>
