<?xml version='1.0' encoding='utf-8'?>
<song xmlns="http://openlyrics.info/namespace/2009/song" version="0.8" createdIn="OpenLP 2.0.3" modifiedIn="OpenLP 2.0.3" modifiedDate="2014-02-05T19:27:47">
  <properties>
    <titles>
      <title>HC  232 - OS BEM -AVENTURADOS</title>
    </titles>
    <authors>
      <author>HARPA CRISTÃ</author>
    </authors>
  </properties>
  <lyrics>
    <verse name="v1">
      <lines>BEM-AVENTURADO SÃO<br/>OS DE LIMPO CORAÇÃO,<br/>QUE NÃO BUSCAM AS RIQUEZAS PARA SI;<br/>A TRANQÜILIDADE E PAZ,<br/>QUE DESFRUTAM, OH, JAMAIS,<br/>PODERÃO DISCRIMINADAS SER POR MIM!</lines>
    </verse>
    <verse name="c1">
      <lines>OH, CANTEMOS ALELUIA!<br/>JUBILOSOS, COM PODER!<br/>BEM ALEGRES, COM FERVOR,<br/>DEMOS A JESUS LOUVOR,<br/>E MAIS GOZO VAMOS DELE RECEBER!</lines>
    </verse>
    <verse name="v2">
      <lines>GRANDE DITA E MUI FAVOR<br/>ME CONCEDE MEU SENHOR,<br/>PELO SANGUE QUE POR MIM VERTEU NA CRUZ;<br/>TORNARÁ TEMBÉM MEU SER,<br/>CHEIO DE VERAZ PRAZER,<br/>SE VIVER E CAMINHAR NA SUA LUZ!</lines>
    </verse>
    <verse name="v3">
      <lines>AO SENHOR OBEDECER,<br/>DELE MESMO ME ENCHER,<br/>PARA MIM ISTO É VERDADEIRO CÉU;<br/>E POR SEU IMENSO AMOR,<br/>PARA O POBRE PECADOR,<br/>QUERO AQUI, LOUVÁ-LO, E ALÉM DO VÉU!</lines>
    </verse>
    <verse name="v4">
      <lines>QUÃO PERFEITA, É MINHA PAZ!<br/>NÃO ANELO NADA MAIS,<br/>QUERO SEMPRE AQUI FAZER O SEU QUERER;<br/>TENHO O AMADO SALVADOR,<br/>E POSSUO SEU AMOR;<br/>GOZAREI ETERNAMENTE MUI PRAZER!</lines>
    </verse>
  </lyrics>
</song>
