<?xml version='1.0' encoding='utf-8'?>
<song xmlns="http://openlyrics.info/namespace/2009/song" version="0.8" createdIn="OpenLP 2.0.3" modifiedIn="OpenLP 2.0.3" modifiedDate="2014-02-05T19:28:04">
  <properties>
    <titles>
      <title>HC  323 - LEVANTAI VOSSOS OLHOS</title>
    </titles>
    <authors>
      <author>HARPA CRISTÃ</author>
    </authors>
  </properties>
  <lyrics>
    <verse name="v1">
      <lines>LEVANTAI OS VOSSOS OLHOS PARA CIMA,<br/>Ó REMIDOS DO SENHOR JESUS!<br/>A FIGUEIRA MOSTRA QUE SE APROXIMA<br/>O VERÃO: BROTOS JÁ PRODUZ!</lines>
    </verse>
    <verse name="c1">
      <lines>LEVANTAI, LEVANTAI!<br/>VOSSOS OLHOS PARA O CÉU DONDE JESUS VIRÁ;<br/>LEVANTAI, LEVANTAI!<br/>A REDENÇÃO BREVE SE FARÁ.</lines>
    </verse>
    <verse name="v2">
      <lines>MUITOS DIZEM QUE JESUS ESTÁ TARDANDO,<br/>PARA VIR BUSCAR O POVO SEU;<br/>QUAL NOS DIAS DE NOÉ, ESTÃO PECANDO,<br/>SEM TEMER O BONDOSO DEUS.</lines>
    </verse>
    <verse name="v3">
      <lines>MUITOS, COMO FARAÓ, ESTÃO DIZENDO:<br/>"QUEM É O SENHOR P'RA LHE OUVIR?"<br/>E TAMBÉM O CORAÇÃO ENDURECENDO:<br/>MAS AS PRAGAS ESTÃO P'RA VIR.</lines>
    </verse>
    <verse name="v4">
      <lines>SER ARREBATADO, EU, P'RO CÉU, QUEM DERÁ!<br/>POIS A IGREJA CRISTO LEVARÁ.<br/>A FIGUEIRA ESTÁ EM FLOR, É PRIMAVERA,<br/>LEVANTAI OS VOSSOS OLHOS JÁ.</lines>
    </verse>
  </lyrics>
</song>
