<?xml version='1.0' encoding='utf-8'?>
<song xmlns="http://openlyrics.info/namespace/2009/song" version="0.8" createdIn="OpenLP 2.0.3" modifiedIn="OpenLP 2.0.3" modifiedDate="2014-02-05T19:27:58">
  <properties>
    <titles>
      <title>HC  292 - QUAL O PREÇO DO PERDÃO</title>
    </titles>
    <authors>
      <author>HARPA CRISTÃ</author>
    </authors>
  </properties>
  <lyrics>
    <verse name="v1">
      <lines>QUAL O PREÇO DO PERDÃO?<br/>SÓ O SANGUE DE JESUS CRISTO.<br/>O QUE LIMPA O CORAÇÃO?<br/>SÓ O SANGUE DE JESUS CRISTO.</lines>
    </verse>
    <verse name="c1">
      <lines>QUAL O PODER REAL<br/>QUE LIMPA TODO O MAL,<br/>E DÁ PAZ DIVINAL?<br/>SÓ O SANGUE DE JESUS CRISTO.</lines>
    </verse>
    <verse name="v2">
      <lines>FEZ RESGATE EFICAZ<br/>SÓ O SANGUE DE JESUS CRISTO.<br/>DEU-NOS SANTIDADE E PAZ.<br/>SÓ O SANGUE DE JESUS CRISTO.</lines>
    </verse>
    <verse name="v3">
      <lines>SEMPRE PODE ME CURAR,<br/>SÓ O SANGUE DE JESUS CRISTO.<br/>E DO MAL ME LIBERTAR.<br/>SÓ O SANGUE DE JESUS CRISTO.</lines>
    </verse>
    <verse name="v4">
      <lines>LÁ NO CÉU, EU VOU CANTAR:<br/>SÓ O SANGUE DE JESUS CRISTO.<br/>DEU-ME GRAÇA PARA ENTRAR.<br/>SÓ O SANGUE DE JESUS CRISTO.</lines>
    </verse>
  </lyrics>
</song>
