<?xml version='1.0' encoding='utf-8'?>
<song xmlns="http://openlyrics.info/namespace/2009/song" version="0.8" createdIn="OpenLP 2.0.3" modifiedIn="OpenLP 2.0.3" modifiedDate="2014-02-05T19:28:14">
  <properties>
    <titles>
      <title>HC  377 - AS PROMESSAS QUE NÃO FALHAM</title>
    </titles>
    <authors>
      <author>HARPA CRISTÃ</author>
    </authors>
  </properties>
  <lyrics>
    <verse name="v1">
      <lines>DE DEUS AS SANTAS PROMESSAS,<br/>HOJE SE CUMPRIRÃO.<br/>DESDE QUE A DEUS SEMPRE PEÇAS,<br/>CRENDO DE CORAÇÃO.</lines>
    </verse>
    <verse name="c1">
      <lines>TERRA E CÉUS ARDENDO,<br/>OS MONTES 'STÃO TREMENDO,<br/>MAS, NAS PROMESSAS CRENDO,<br/>DEUS SEMPRE AS VAI CUMPRIR!</lines>
    </verse>
    <verse name="v2">
      <lines>CONTANDO ABRAÃO AS ESTRELAS<br/>NA VASTIDÃO DOS CÉUS,<br/>VENDO-AS BRILHANTES, TÃO BELAS!<br/>CREU INDA MAIS EM DEUS!</lines>
    </verse>
    <verse name="v3">
      <lines>SE TENS EM TI AMARGURA,<br/>FIRMA-TE, SIM, EM DEUS,<br/>BREVE, A NOITE ESCURA<br/>HÁ DE FINDAR P'ROS SEUS.</lines>
    </verse>
    <verse name="v4">
      <lines>SE FORES TU PERSEGUIDO,<br/>SÓ DEUS TE LIVRARÁ;<br/>O FILHO DE DEUS, O UNGIDO,<br/>POR TI COMBATERÁ.</lines>
    </verse>
    <verse name="v5">
      <lines>SE OS TEUS SE TORNAM INIMIGOS,<br/>QUEREM TE ABANDONAR,<br/>CRISTO, O MELHOR DOS AMIGOS<br/>QUER AO TEU LADO ESTAR.</lines>
    </verse>
    <verse name="v6">
      <lines>CRÊ, POIS A FÉ ALIVIA<br/>TEU SOFRIMENTO E DOR<br/>QUEM NAS PROMESSAS CONFIA,<br/>NO CÉU DARÁ LOUVOR!</lines>
    </verse>
  </lyrics>
</song>
