<?xml version='1.0' encoding='utf-8'?>
<song xmlns="http://openlyrics.info/namespace/2009/song" version="0.8" createdIn="OpenLP 2.0.3" modifiedIn="OpenLP 2.0.3" modifiedDate="2014-02-05T19:27:55">
  <properties>
    <titles>
      <title>HC  279 - ALI QUERO IR, E TU</title>
    </titles>
    <authors>
      <author>HARPA CRISTÃ</author>
    </authors>
  </properties>
  <lyrics>
    <verse name="v1">
      <lines>JESUS ME FALOU DUM FORMOSO LUGAR;<br/>ALI QUERO IR, E TU?<br/>AONDE OS SALVOS IRÃO DESFRUTAR;<br/>ALI QUERO IR; E TU?<br/>POIS JESUS AS MANSÕES NOS FOI PREPARAR;<br/>ALI QUERO IR; E TU?<br/>AONDE A MORTE NÃO PODE CHEGAR;<br/>ALI QUERO IR; E TU?</lines>
    </verse>
    <verse name="c1">
      <lines>AO CÉU QUERO IR<br/>AO CÉU QUERO IR,<br/>AO CÉU QUERO IR; E TU?<br/>AO CÉU QUERO IR;<br/>NÃO QUERES TU IR?<br/>NO CÉU QUERO VER JESUS!</lines>
    </verse>
    <verse name="v2">
      <lines>AS PORTAS SÃO JÓIAS, O MAR DE CRISTAL;<br/>ALI QUERO IR; E TU?<br/>É CRISTO A LUZ DO PAÍS CELESTIAL;<br/>ALI QUERO IR; E TU?<br/>OS QUE LÁ VÃO ENTRAR, JAMAIS MORRERÃO;<br/>ALI QUERO IR; E TU?<br/>AONDE TERMINA A TRIBULAÇÃO.<br/>ALI QUERO IR; E TU?</lines>
    </verse>
    <verse name="v3">
      <lines>E QUANDO NAVEGUE A NAU DE SIÃO,<br/>ALI QUERO IR; E TU?<br/>AO DAR-SE À VELA, P'RA ESSA MANSÃO,<br/>ALI QUERO IR; E TU?<br/>QUANDO VÃO COROAR A CRISTO, TAMBÉM,<br/>ALI QUERO IR; E TU?<br/>E QUANDO OS COROS DISSEREM: "AMÉM".<br/>ALI QUERO IR; E TU?</lines>
    </verse>
  </lyrics>
</song>
