<?xml version='1.0' encoding='utf-8'?>
<song xmlns="http://openlyrics.info/namespace/2009/song" version="0.8" createdIn="OpenLP 2.0.3" modifiedIn="OpenLP 2.0.3" modifiedDate="2014-02-05T19:27:06">
  <properties>
    <titles>
      <title>HC  015 - CONVERSÃO</title>
    </titles>
    <authors>
      <author>HARPA CRISTÃ</author>
    </authors>
  </properties>
  <lyrics>
    <verse name="v1">
      <lines>OH! QUÃO CEGO ANDEI, E PERDIDO VAGUEI<br/>LONGE, LONGE DO MEU SALVADOR<br/>MAS DO CÉU ELE DESCEU,<br/>E SEU SANGUE VERTEU<br/>PRA SALVAR UM TÃO POBRE PECADOR.</lines>
    </verse>
    <verse name="c1">
      <lines>FOI NA CRUZ, FOI NA CRUZ,<br/>ONDE UM DIA EU VI<br/>MEU PECADO CASTIGADO EM JESUS;<br/>FOI ALI PELA FÉ, QUE OS OLHOS ABRI,<br/>E AGORA ME ALEGRO EM SUA LUZ.</lines>
    </verse>
    <verse name="v2">
      <lines>EU OUVIA FALAR, NESSA GRAÇA SEM PAR<br/>QUE DO CÉU TROUXE, NOSSO JESUS<br/>MAS EU SURDO ME FIZ, CONVERTER-ME NÃO QUIS<br/>AO SENHOR, QUE POR MIM MORREU NA CRUZ.</lines>
    </verse>
    <verse name="v3">
      <lines>MAS UM DIA SENTI MEU PECADO E VI<br/>SOBRE MIM A ESPADA DA LEI<br/>APRESSADO FUGI, EM JESUS ME ESCONDI<br/>E ABRIGO SEGURO NELE ACHEI</lines>
    </verse>
    <verse name="v4">
      <lines>QUÃO DITOSO, ENTÃO, ESTE MEU CORAÇÃO<br/>CONHECENDO O EXCELSO AMOR<br/>QUE LEVOU MEU JESUS, A SOFRER LÁ NA CRUZ<br/>PRA SALVAR UM TÃO POBRE PECADOR.</lines>
    </verse>
  </lyrics>
</song>
