<?xml version='1.0' encoding='utf-8'?>
<song xmlns="http://openlyrics.info/namespace/2009/song" version="0.8" createdIn="OpenLP 2.0.3" modifiedIn="OpenLP 2.0.3" modifiedDate="2014-02-05T19:27:05">
  <properties>
    <titles>
      <title>HC  009 - MARCHAI, SOLDADOS DE CRISTO</title>
    </titles>
    <authors>
      <author>HARPA CRISTÃ</author>
    </authors>
  </properties>
  <lyrics>
    <verse name="v1">
      <lines>MARCHAI, SOLDADOS DE CRISTO JESUS,<br/>MARCHAI, MARCHAI E ENFRENTAI<br/>O INIMIGO DO BEM E DA LUZ;<br/>SOLDADOS, AVANÇAI!</lines>
    </verse>
    <verse name="c1">
      <lines>SIM, AVANÇAR, NÃO RECUAR;<br/>SEM TEMOR, COM VALOR,<br/>MARCHAI, LUTAI, POIS CRISTO VAI<br/>NA VANGUARDA - AVANÇAI!</lines>
    </verse>
    <verse name="v2">
      <lines>MARCHAI, SOLDADOS, BEM ALTO ERGUEI<br/>O PAVILHÃO DA SALVAÇÃO;<br/>A BELIAL, FIRMES, OUSADOS, VENCEI;<br/>VENCEI A CORRUPÇÃO.</lines>
    </verse>
    <verse name="v3">
      <lines>VOSSA ARMADURA DE GUERRA TOMAI,<br/>O ELMO, SIM, DA SALVAÇÃO:<br/>E A ESPADA: A BÍBLIA LEVAI,<br/>E VENCEREIS, ENTÃO.</lines>
    </verse>
    <verse name="v4">
      <lines>AVANTE, AVANTE, CONFIANDO EM JESUS,<br/>FORTES SEREIS POR SEU AMOR,<br/>MARCHAI INVICTOS, SOLDADOS DA LUZ,<br/>JESUS É O VENCEDOR.</lines>
    </verse>
  </lyrics>
</song>
