<?xml version='1.0' encoding='utf-8'?>
<song xmlns="http://openlyrics.info/namespace/2009/song" version="0.8" createdIn="OpenLP 2.0.3" modifiedIn="OpenLP 2.0.3" modifiedDate="2014-02-05T19:27:41">
  <properties>
    <titles>
      <title>HC  200 - O BONDOSO AMIGO</title>
    </titles>
    <authors>
      <author>HARPA CRISTÃ</author>
    </authors>
  </properties>
  <lyrics>
    <verse name="v1">
      <lines>QUÃO BONDOSO AMIGO É CRISTO!<br/>CARREGOU CO'A NOSSA DOR,<br/>E NOS MANDA QUE LEVEMOS<br/>OS CUIDADOS AO SENHOR.<br/>FALTA AO CORAÇÃO DORIDO<br/>GOZO, PAZ, CONSOLAÇÃO?<br/>ISSO É PORQUE NÃO LEVAMOS<br/>TUDO A DEUS EM ORAÇÃO.</lines>
    </verse>
    <verse name="v2">
      <lines>TU ESTÁS FRACO E CARREGADO<br/>DE CUIDADOS E TEMOR?<br/>A JESUS, REFÚGIO ETERNO,<br/>VAI COM FÉ TEU MAL EXPOR!<br/>TEUS AMIGOS TE DESPREZAM?<br/>CONTA-LHE ISSO EM ORAÇÃO,<br/>E COM SEU AMOR TÃO TERNO,<br/>PAZ TERÁS NO CORAÇÃO.</lines>
    </verse>
    <verse name="v3">
      <lines>CRISTO É VERDAADEIRO AMIGO,<br/>DISTO PROVAS NOS MONSTROU,<br/>QUANDO P'RA LEVAR CONSIGO<br/>O CULPADO ENCARNOU.<br/>DERRAMOU SEU SANGUE PURO<br/>NOSSA MANCHA P'RA LAVAR;<br/>GOZO EM VIDA E NO FUTURO<br/>NEI' PODEMOS ALCANÇAR.</lines>
    </verse>
  </lyrics>
</song>
