<?xml version='1.0' encoding='utf-8'?>
<song xmlns="http://openlyrics.info/namespace/2009/song" version="0.8" createdIn="OpenLP 2.0.3" modifiedIn="OpenLP 2.0.3" modifiedDate="2014-02-05T19:27:59">
  <properties>
    <titles>
      <title>HC  297 - ABUNDÂNCIA DE CRISTO</title>
    </titles>
    <authors>
      <author>HARPA CRISTÃ</author>
    </authors>
  </properties>
  <lyrics>
    <verse name="v1">
      <lines>DESDE QUE JESUS DEU-ME SUA LUZ,<br/>POSSO JUBILAR, CANTAR;<br/>AO MEU CORAÇÃO TROUXE SALVAÇÃO<br/>QUE EU NÃO POSSO TE EXPLICAR.</lines>
    </verse>
    <verse name="c1">
      <lines>ABUNDANTEMENTE CRISTO DÁ,<br/>GRAÇA, QUE NÃO HÁ IGUAL, NÃO HÁ;<br/>ALELUIA, GLÓRIA AO NOME SEU!<br/>QUE ALEGRIA SINTO EU!</lines>
    </verse>
    <verse name="v2">
      <lines>DESDE QUE NA CRUZ CONTEMPLEI JESUS,<br/>MEUS PECADOS DISSIPOU;<br/>TENHO GRANDE PAZ E PERDÃO VERAZ,<br/>QUANDO A SEUS PÉS ESTOU.</lines>
    </verse>
    <verse name="v3">
      <lines>LÁ DA CRUZ PROVÉM, UM CAUDAL TAMBÉM,<br/>QUE AO CANSADO FORÇAS DÁ;<br/>E DAS CHAGAS VEM O PERDÃO, P'RA QUEM<br/>MUI SEDENTO E FRACO ESTÁ!</lines>
    </verse>
    <verse name="v4">
      <lines>GRATO, ENTÃO, DAREI GLÓRIA A CRISTO, O REI,<br/>PELO GOZO QUE É SEM PAR;<br/>EM CONTINUAÇÃO, O MEU CORAÇÃO,<br/>INDA MAIS VAI SE ALEGRAR.</lines>
    </verse>
  </lyrics>
</song>
