<?xml version='1.0' encoding='utf-8'?>
<song xmlns="http://openlyrics.info/namespace/2009/song" version="0.8" createdIn="OpenLP 2.0.3" modifiedIn="OpenLP 2.0.3" modifiedDate="2014-02-05T19:27:37">
  <properties>
    <titles>
      <title>HC  178 - GLORIOSA PAZ</title>
    </titles>
    <authors>
      <author>HARPA CRISTÃ</author>
    </authors>
  </properties>
  <lyrics>
    <verse name="v1">
      <lines>CRENDO EM CRISTO JESUS VIM OBTER<br/>GLORIOSA PAZ, PERFEITA PAZ:<br/>INDA QUE DORES AÇOITEM MEU SER,<br/>TENHO DOCE PAZ!</lines>
    </verse>
    <verse name="c1">
      <lines>PAZ, PAZ, GLORIOSA PAZ;<br/>PAZ, PAZ, PERFEITA PAZ;<br/>DESDE QUE CRISTO MINH'ALMA SALVOU,<br/>TENHO DOCE PAZ!</lines>
    </verse>
    <verse name="v2">
      <lines>PAZ INSONDÁVEL, QUAL UM GRANDE MAR,<br/>GLORIOSA PAZ, PERFEITA PAZ;<br/>POSSO NOS BRAÇOS DE DEUS REPOUSAR,<br/>TENHO DOCE PAZ!</lines>
    </verse>
    <verse name="v3">
      <lines>PAZ INEFÁVEL DE DEUS, QUE FAZ BEM,<br/>GLORIOSA PAZ, PERFEITA PAZ;<br/>QUE DÁ ALENTO À ALMA TAMBÉM,<br/>TENHO DOCE PAZ!</lines>
    </verse>
    <verse name="v4">
      <lines>E, NOS CONFLITOS COM O TENTADOR,<br/>GLORIOSA PAZ, PERFEITA PAZ,<br/>CRISTO JESUS ME FARÁ VENCEDOR,<br/>TENHO DOCE PAZ!</lines>
    </verse>
  </lyrics>
</song>
