<?xml version='1.0' encoding='utf-8'?>
<song xmlns="http://openlyrics.info/namespace/2009/song" version="0.8" createdIn="OpenLP 2.0.3" modifiedIn="OpenLP 2.0.3" modifiedDate="2014-02-05T19:28:24">
  <properties>
    <titles>
      <title>HC  435 - JESUS ME LEVANTOU</title>
    </titles>
    <authors>
      <author>HARPA CRISTÃ</author>
    </authors>
  </properties>
  <lyrics>
    <verse name="v1">
      <lines>O SALVADOR, POR SEU AMOR,<br/>AO MUNDO VIL POR NÓS BAIXOU,<br/>E DUM ABISMO DE HORROR,<br/>MINH'ALMA LEVANTOU!</lines>
    </verse>
    <verse name="c1">
      <lines>QUE SALVAÇÃO ME DEU JESUS,<br/>A QUAL NA CRUZ P'RA MIM GANHOU,<br/>ESTANDO EM SOMBRA, À PLENA LUZ,<br/>COM SEU PODER ME LEVANTOU!</lines>
    </verse>
    <verse name="v2">
      <lines>A SUA VOZ EU RESISTI!<br/>ENQUANTO AMANTE ME CHAMOU,<br/>MAS SUA GRAÇA RECEBI,<br/>A QUAL ME LEVANTOU!</lines>
    </verse>
    <verse name="v3">
      <lines>OH! QUANTA DOR SOFREU POR MIM,<br/>NA CRUZ PREGADO ESPIROU.<br/>MAS ME SALVOU JESUS ASSIM,<br/>ALI ME LEVANTOU!</lines>
    </verse>
    <verse name="v4">
      <lines>QUE DOM FELIZ EM MIM SE VÊ,<br/>POIS SUA GRAÇA ME SALVOU,<br/>MAS NÃO COMPREENDO EU, POR QUÊ<br/>JESUS ME LEVANTOU!</lines>
    </verse>
  </lyrics>
</song>
