<?xml version='1.0' encoding='utf-8'?>
<song xmlns="http://openlyrics.info/namespace/2009/song" version="0.8" createdIn="OpenLP 2.0.3" modifiedIn="OpenLP 2.0.3" modifiedDate="2014-02-05T19:27:13">
  <properties>
    <titles>
      <title>HC  063 - ACORDAI, ACORDAI</title>
    </titles>
    <authors>
      <author>HARPA CRISTÃ</author>
    </authors>
  </properties>
  <lyrics>
    <verse name="v1">
      <lines>EIS MARCHAMOS PARA AQUELE BOM PAÍS,<br/>ONDE O CRENTE (SIM, É CRISTO QUEM O DIZ),<br/>COM SEU SALVADOR P'RA SEMPRE ALI FELIZ,<br/>VAI COM ELE DESCANSAR.<br/>TRABALHEMOS, POIS, COM ZELO E COM VIGOR,<br/>CONSTRANGIDOS PELO SEU IMENSO AMOR;<br/>TRABALHEMOS PELO NOSSO SALVADOR:<br/>EIS QUE A VIDA VAI FINDAR!</lines>
    </verse>
    <verse name="c1">
      <lines>ACORDAI! ACORDAI! DESPERTAI!<br/>DESPERTAI!<br/>E CANTAI! SIM, CANTAI! O SENHOR NÃO TARDARÁ.<br/>EIS MARCHAMOS PARA AQUELE BOM PÁIS,<br/>ONDE O CRENTE (SIM, É CRISTO QUEM O DIZ),<br/>COM SEU SALVADOR, P'RA SEMPRE ALI FELIZ,<br/>VAI COM ELE DESCANSAR.</lines>
    </verse>
    <verse name="v2">
      <lines>EIS CONOSCO NOSSO INSIGNE CAPITÃO,<br/>QUE NOS ASSEGURA ETERNA SALVAÇÃO!<br/>EIS DA SANTA FÉ, O INVICTO PAVILHÃO!<br/>VAMOS, VAMOS TRABALHAR!<br/>EIS AVANTE! NADA TEMOS QUE TEMER;<br/>POR JESUS, HAVEMOS SEMPRE DE VENCER,<br/>TRABALHEMOS, POIS ATÉ O AMANHECER,<br/>E O TRABALHO AQUI FINDAR!</lines>
    </verse>
    <verse name="v3">
      <lines>REVESTIVOS DA COURAÇA DE JESUS,<br/>COMO SERVOS SEUS E FILHOS, SIM, DA LUZ,<br/>GLORIANDO-NOS EM CRISTO E SUA CRUZ!<br/>VAMOS, VAMOS, TRABALHAR!<br/>OS PERDIDOS, VAMOS COM AMOR BUSCAR,<br/>AOS DESESPERADOS, VAMOS DECLARAR<br/>QUE JESUS 'STÁ PRONTO TODOS A SALVAR!<br/>Ó SIM, VAMOS TRABALHAR!</lines>
    </verse>
  </lyrics>
</song>
