<?xml version='1.0' encoding='utf-8'?>
<song xmlns="http://openlyrics.info/namespace/2009/song" version="0.8" createdIn="OpenLP 2.0.3" modifiedIn="OpenLP 2.0.3" modifiedDate="2014-02-05T19:28:23">
  <properties>
    <titles>
      <title>HC  427 - VAI ORANDO</title>
    </titles>
    <authors>
      <author>HARPA CRISTÃ</author>
    </authors>
  </properties>
  <lyrics>
    <verse name="v1">
      <lines>DE PESAR ESTÁS CERCADO,<br/>ÉS PROVADO PELA DOR?<br/>DE SOFRER ESTÁS CANSADO,<br/>E TAMBÉM DO TEU LABOR?</lines>
    </verse>
    <verse name="c1">
      <lines>VAI ORANDO, VAI ORANDO,<br/>AO SOPRAR DO FURACÃO.<br/>O SENHOR ESTÁ VELANDO,<br/>DAR-TE-Á CONSOLAÇÃO.</lines>
    </verse>
    <verse name="v2">
      <lines>NAS DOENÇAS, INCERTEZAS,<br/>QUE TU'ALMA PASSARÁ,<br/>SÓ JESUS DARÁ FIRMEZA,<br/>E TAMBÉM TE CURARÁ.</lines>
    </verse>
    <verse name="v3">
      <lines>AO SENHOR A VOZ ELEVA,<br/>ORA A DEUS COM MUI FERVOR,<br/>POIS AS FALTAS DE RELEVA<br/>E MITIGA A TUA DOR.</lines>
    </verse>
    <verse name="v4">
      <lines>TARDA DEUS EM CONSOLAR-TE?<br/>VAI ORANDO COM PODER;<br/>PRESTO, AJUDA PODE DAR-TE,<br/>TEU PEDIDO RESPONDER.</lines>
    </verse>
  </lyrics>
</song>
