<?xml version='1.0' encoding='utf-8'?>
<song xmlns="http://openlyrics.info/namespace/2009/song" version="0.8" createdIn="OpenLP 2.0.3" modifiedIn="OpenLP 2.0.3" modifiedDate="2014-02-05T19:27:12">
  <properties>
    <titles>
      <title>HC  056 - TUDO EM CRISTO</title>
    </titles>
    <authors>
      <author>HARPA CRISTÃ</author>
    </authors>
  </properties>
  <lyrics>
    <verse name="v1">
      <lines>DANTES, TRABALHAVA SEMPRE COM TEMOR,<br/>MAS DESCANSO, AGORA EM MEU SALVADO;<br/>DANTES "ESPERAVA"; HOJE, "BEM O SEI"<br/>QUE ESTOU SALVO EM CRISTO, MEU BENDITO REI.</lines>
    </verse>
    <verse name="c1">
      <lines>TUDO! TUDO EM CRISTO!<br/>QUE POR MIM MORREU.<br/>TUDO! TUDO EM CRISTO!<br/>CRISTO É TODO MEU.</lines>
    </verse>
    <verse name="v2">
      <lines>DANTES, DESEJAVA BÊNÇÃO DO SENHOR;<br/>HOJE, MAIS DE CRISTO, MAIS DE SEU AMOR!<br/>NÃO SOMENTE A BÊNÇÃO, QUE TÃO PRONTO DÁ,<br/>MAS ELE MESMO A FONTE EM QUEM TUDO ESTÁ.</lines>
    </verse>
    <verse name="v3">
      <lines>DANTES, DUVIDAVA, ERA SEMPRE "O EU";<br/>HOJE, BEM CONHEÇO CRISTO, ALÉM DO VÉU,<br/>SACERDOTE ETERNO, LÁ POR MIM ENTROU;<br/>NELE ESTOU COMPLETO, NELE ACEITO SOU.</lines>
    </verse>
    <verse name="v4">
      <lines>DANTES QUERIA O MUNDO; HOJE, É SÓ JESUS!<br/>DANTES, ERAM TREVAS; HOJE, É PLENA LUZ;<br/>DANTES, O RECEIO, HOJE, A DOCE PAZ,<br/>TUDO A CRISTO DEIXO, ELE ME SATISFAZ.</lines>
    </verse>
  </lyrics>
</song>
