<?xml version='1.0' encoding='utf-8'?>
<song xmlns="http://openlyrics.info/namespace/2009/song" version="0.8" createdIn="OpenLP 2.0.3" modifiedIn="OpenLP 2.0.3" modifiedDate="2014-02-05T19:28:17">
  <properties>
    <titles>
      <title>HC  390 - UM CORAÇÃO BONDOSO</title>
    </titles>
    <authors>
      <author>HARPA CRISTÃ</author>
    </authors>
  </properties>
  <lyrics>
    <verse name="v1">
      <lines>UM CORAÇÃO, BONDOSO SIM, CUSTA DOR, OBTER;<br/>SER MANSO, AMOROSO E SANTO EM TODO O SER;<br/>MANANDO NOVA VIDA AO CORAÇÃO - DÁ LUZ.<br/>E TODA A MINHA LIDA SERÁ SÓ EM JESUS.</lines>
    </verse>
    <verse name="v2">
      <lines>QUEM QUER SEGUIR OS PASSOS<br/>DE NOSSO PAI ABRAÃO,<br/>NO CORAÇÃO, OS LAÇOS, ENTÃO, SE QUEBRARÃO;<br/>ISAQUE É OFERECIDO EM CIMA DO ALTAR;<br/>JACÓ, COM GRAN GEMIDO, RAQUEL VAI ENTERRAR.</lines>
    </verse>
    <verse name="v3">
      <lines>SE GRANDE É O SACRIFÍCIO - ISAQUE NO ALTAR,<br/>SE TORNA EM BENEFÍCIO P'RA QUEM O OFERTAR,<br/>POIS TEM PROFUNDA CALMA E PAZ CELESTIAL,<br/>TAMBÉM DE DEUS ALCANÇA, APROVAÇÃO REAL.</lines>
    </verse>
    <verse name="v4">
      <lines>NA COVA, JEREMIAS, LAMENTA GRANDE DOR,<br/>NA ESCURIDÃO NÃO VIA O BOM CONSOLADOR;<br/>SIM, GRANDES AMARGURAS SE TORNAM EM PRAZER,<br/>VÊM ANJOS DAS ALTURAS "O SONHADOR" A VER.</lines>
    </verse>
    <verse name="v5">
      <lines>ARÃO FOI CASTIGADO POR SUA REBELIÃO,<br/>E, TRISTE, HUMILHADO, ACEITA EXORTAÇÃO;<br/>CONSAGRA TUA VIDA P'RA DEUS MELHOR HONRAR;<br/>ASSIM EM DOR E LIDA, PRECIOSAS TE GUARDAR.</lines>
    </verse>
    <verse name="v6">
      <lines>ACIMA NUVENS DENSAS O SOL SEMPRE A BRILHAR;<br/>PROMESSAS MAIS IMENSAS NÃO PODEM A TI FALHAR.<br/>PÕE PLENA CONFIANÇA EM QUEM NÃO PODE ERRAR,<br/>JESUS, JÁ SEM TARDANÇA VEM TUA DOR SARAR.</lines>
    </verse>
  </lyrics>
</song>
