<?xml version='1.0' encoding='utf-8'?>
<song xmlns="http://openlyrics.info/namespace/2009/song" version="0.8" createdIn="OpenLP 2.0.3" modifiedIn="OpenLP 2.0.3" modifiedDate="2014-02-05T19:28:15">
  <properties>
    <titles>
      <title>HC  381 - O CORDEIRO DE DEUS</title>
    </titles>
    <authors>
      <author>HARPA CRISTÃ</author>
    </authors>
  </properties>
  <lyrics>
    <verse name="v1">
      <lines>VEJO UM HOMEM NA CRUZ PENDURADO<br/>A DERRAMAR SANGUE, POR MEU PECADO,<br/>É O CORDEIRO DE DEUS IMOLADO,<br/>QUE POR MIM SOFRE GRANDÍSSIMA DOR;<br/>QUANTO PADECE NA CRUZ, NO ALTAR,<br/>CRISTO JESUS, O MEU BOM SALVADOR,<br/>PARA FAZER-ME UM TESOURO HERDAR,<br/>NO SANTO REINO DO SENHOR!</lines>
    </verse>
    <verse name="v2">
      <lines>EM ORAÇÃO, QUANDO ROMPE ALVA,<br/>SINTO REMORSOS NO FUNDO DA ALMA,<br/>PORQUE NA CRUZ SOFREU CRISTO COM CALMA,<br/>TODO CASTIGO, POR MIM PECADOR;<br/>QUIS O SUPREMO PAI DETERMINAR<br/>TÃO CRUEL MORTE AO MEU SALVADOR;<br/>PARA NO CÉU CONCEDER-ME LUGAR<br/>JUNTO DE CRISTO REDENTOR.</lines>
    </verse>
    <verse name="v3">
      <lines>OH! QUANTA DOR NÃO SENTIU O ETERNO,<br/>QUANDO NOS DEU CRISTO MEIGO E TERNO!<br/>PARA MINH'ALMA SALVAR DO INFERNO,<br/>POR MIM MORREU O MEU BOM SALVADOR,<br/>OS MEUS PECADOS NA CRUZ EXPIOU<br/>E MORTE HORRENDA SOFREU COM AMOR,<br/>MAS SOBRE SI MINHA CULPA TOMOU,<br/>O MEU AMADO REDENTOR.</lines>
    </verse>
    <verse name="v4">
      <lines>FAZ JESUS CRISTO, QUE EU MAIS TE AME<br/>E MAIS E MAIS TUA GRAÇA PROCLAME;<br/>LIVRA-ME DE TODOS FORTES LIAMES,<br/>QUE SEMPRE TECE O VIL TENTADOR;<br/>SOBRE O ALTAR, POR MIM CRISTO SUBIU,<br/>OFERECENDO HOLOCAUSTO DE AMOR;<br/>QUAL UM CORDEIRO, NA CRUZ SUCUMBIU<br/>CRISTO JESUS, MEU SALVADOR.</lines>
    </verse>
  </lyrics>
</song>
