<?xml version='1.0' encoding='utf-8'?>
<song xmlns="http://openlyrics.info/namespace/2009/song" version="0.8" createdIn="OpenLP 2.0.3" modifiedIn="OpenLP 2.0.3" modifiedDate="2014-02-05T19:27:21">
  <properties>
    <titles>
      <title>HC  109 - VENHA A JESUS</title>
    </titles>
    <authors>
      <author>HARPA CRISTÃ</author>
    </authors>
  </properties>
  <lyrics>
    <verse name="v1">
      <lines>SE ALGUÉM DESEJA, VENHA A JESUS,<br/>ÁGUA E PÃO DA VIDA, ELE TE CONDUZ.<br/>A MÃO LHE ESTENDE, PEDE-LHE A LUZ,<br/>SE ALGUÉM DESEJA, VENHA.</lines>
    </verse>
    <verse name="c1">
      <lines>SE ALGUÉM DESEJA, SE ALGUÉM DESEJA,<br/>VENHA HOJE MESMO RECEBER PERDÃO,<br/>POIS JESUS TE CHAMA, Ó, NÃO CHAMA EM VÃO,<br/>SE ALGUÉM DESEJA, VENHA!</lines>
    </verse>
    <verse name="v2">
      <lines>SE ALGUÉM DESEJA, PAZ FRUIRÁ;<br/>CRISTO QUE TE CHAMA, TE LIBERTARÁ;<br/>COM SEUS BRAÇOS SANTOS TE ABRAÇARÁ.<br/>SE ALGUÉM DESEJA, VENHA!</lines>
    </verse>
    <verse name="v3">
      <lines>SE ALGUÉM DESEJA, NÃO MORRERÁ,<br/>POIS A VIDA ETERNA SEMPRE GOZARÁ;<br/>ESTA É A PROMESSA QUE JESUS TE DÁ.<br/>SE ALGUÉM DESEJA, VENHA!</lines>
    </verse>
  </lyrics>
</song>
