<?xml version='1.0' encoding='utf-8'?>
<song xmlns="http://openlyrics.info/namespace/2009/song" version="0.8" createdIn="OpenLP 2.0.3" modifiedIn="OpenLP 2.0.3" modifiedDate="2014-02-05T19:28:06">
  <properties>
    <titles>
      <title>HC  333 - O CÉU, MEU LAR</title>
    </titles>
    <authors>
      <author>HARPA CRISTÃ</author>
    </authors>
  </properties>
  <lyrics>
    <verse name="v1">
      <lines>É O MEU LAR, O CÉU, O CÉU DE LUZ;<br/>LIVRE DA CARNE, O VÉU, VEREI JESUS;<br/>OH! QUE FELIZ SEREI AO LADO DO SENHOR,<br/>LOUVANDO AO MEU REI, O SALVADOR!</lines>
    </verse>
    <verse name="v2">
      <lines>É O MEU LAR, O CÉU, O CÉU DE LUZ;<br/>POR MIM SOFREU, QUAL RÉU, O MEU JESUS;<br/>OH! QUE FELIZ SEREI NO REINO DE AMOR,<br/>POIS SEMPRE GOZAREI, COM MEU SENHOR!</lines>
    </verse>
    <verse name="v3">
      <lines>É O MEU LAR, O CÉU, O CÉU DE LUZ;<br/>E COM OS MEUS TROFÉUS VOU A JESUS;<br/>OH! QUE FELIZ SEREI QUANDO, COM MUI FERVOR,<br/>AOS PÉS ESTAR DO REI, DANDO LOUVOR!</lines>
    </verse>
  </lyrics>
</song>
