<?xml version='1.0' encoding='utf-8'?>
<song xmlns="http://openlyrics.info/namespace/2009/song" version="0.8" createdIn="OpenLP 2.0.3" modifiedIn="OpenLP 2.0.3" modifiedDate="2014-02-05T19:27:07">
  <properties>
    <titles>
      <title>HC  025 - JESUS, TU ÉS BOM</title>
    </titles>
    <authors>
      <author>HARPA CRISTÃ</author>
    </authors>
  </properties>
  <lyrics>
    <verse name="v1">
      <lines>MEU JESUS, TU ÉS BOM;<br/>TU ÉS TUDO P'RA MIM!<br/>FOSTE MORTO, MAS VIVEX EM MIM;<br/>TU MERECES LOUVOR,<br/>Ó CORDEIRO DE DEUS!<br/>TU ÉS TUDO, SIM, TUDO P'RA MIM!</lines>
    </verse>
    <verse name="v2">
      <lines>QUERO A TI DAR LOUVOR,<br/>POIS ÉS REI SOBRE REIS;<br/>TU ÉS TU DO, MAS NADA EU SOU;<br/>ENCHE MEU CORAÇÃO<br/>DE TERNURA E PAZ;<br/>HONRA ETERNA E GLÓRIA TE DOU.</lines>
    </verse>
    <verse name="v3">
      <lines>O TEU NOME É AMOR,<br/>POIS TU AMAS A MIM,<br/>E EU QUERO ANDAR NESTE AMOR;<br/>TRIUFANTE ESTOU,<br/>CONFIANDO EM TI,<br/>MEU JESUS, GRANDE CONSOLADOR.</lines>
    </verse>
    <verse name="v4">
      <lines>Ó UNGIDO DE DEUS,<br/>TRAZES PAZ E PERDÃO;<br/>SALVAÇÃO, VIDA, TENS PARA OS TEUS;<br/>QUE MENSAGEM DO CÉU<br/>E DE TRANSFORMAÇÃO,<br/>ENVIADA DO TRONO DE DEUS!</lines>
    </verse>
  </lyrics>
</song>
