<?xml version='1.0' encoding='utf-8'?>
<song xmlns="http://openlyrics.info/namespace/2009/song" version="0.8" createdIn="OpenLP 2.0.3" modifiedIn="OpenLP 2.0.3" modifiedDate="2014-02-05T19:28:03">
  <properties>
    <titles>
      <title>HC  314 - O PAI BONDOSO</title>
    </titles>
    <authors>
      <author>HARPA CRISTÃ</author>
    </authors>
  </properties>
  <lyrics>
    <verse name="v1">
      <lines>UM PAI BONDOSO TENHO LÁ NO CÉU,<br/>UM PAI BONDOSO TENHO LÁ NO CÉU,<br/>A ELE BREVE EU IREI,<br/>E A MEU PAI, NO CÉU VEREI;<br/>EU IREI, EU IREI, EU IREI AO CÉU;<br/>EU IREI, EU IREI, EU IREI AO CÉU;<br/>MEU PAI ME CHAMA, VOU ANDAR<br/>P'RA SUA FACE CONTEMPLAR.</lines>
    </verse>
    <verse name="v2">
      <lines>UM SALVADOR EU TENHO LÁ NO CÉU;<br/>UM SALVADOR EU TENHO LÁ NO CÉU;<br/>A ELE PRESTO EU IREI,<br/>SEU ESPLENDOR NO CÉU VEREI,<br/>EU VEREI, EU VEREI, EU VEREI NO CÉU,<br/>EU VEREI, EU VEREI, EU VEREI NO CÉU.<br/>JESUS AO CÉU ME LEVARÁ<br/>E GRANDE GOZO ME DARÁ.</lines>
    </verse>
    <verse name="v3">
      <lines>UMA COROA TENHO LÁ NO CÉU:<br/>UMA COROA TENHO LÁ NO CÉU;<br/>DE ESPINHOS A TEVE O SALVADOR,<br/>MAS EU TEREI DE ESPLENDOR,<br/>EU TEREI, EU TEREI, EU TEREI NO CÉU;<br/>EU TEREI, EU TEREI, EU TEREI NO CÉU;<br/>JESUS COROA ME DARÁ,<br/>QUE MINHA FRONTE CINGIRÁ.</lines>
    </verse>
    <verse name="v4">
      <lines>NÓS NOS ENCONTRAREMOS LÁ NO CÉU;<br/>NÓS NOS ENCONTRAREMOS LÁ NO CÉU;<br/>UNIDOS TODOS AO SENHOR,<br/>E CHEIOS SEMPRE DE AMOR;<br/>ANDAREI, ANDAREI, ANDAREI P'RO CÉU,<br/>ANDAREI, ANDAREI, ANDAREI P'RO CÉU,<br/>A PAZ ETERNA LÁ TEREI.<br/>A FACE DE JESUS VEREI.</lines>
    </verse>
  </lyrics>
</song>
