<?xml version='1.0' encoding='utf-8'?>
<song xmlns="http://openlyrics.info/namespace/2009/song" version="0.8" createdIn="OpenLP 2.0.3" modifiedIn="OpenLP 2.0.3" modifiedDate="2014-02-05T19:27:33">
  <properties>
    <titles>
      <title>HC  164 - PAZ, LUZ E AMOR</title>
    </titles>
    <authors>
      <author>HARPA CRISTÃ</author>
    </authors>
  </properties>
  <lyrics>
    <verse name="v1">
      <lines>RECEBI DE GRAÇA, ABUNDANTE PAZ<br/>POR DESU CONCEDIDA, QUE ME SATISFAZ;<br/>QUERES RECEBÊ-LA NO TEU CORAÇÃO?<br/>BUSCA O SENHOR E SUA SALVAÇÃO,<br/>MAS DE SUA PAZ, MAIS DE SUA PAZ,<br/>QUERO RECEBER DE DEUS, QUE É VERAZ.<br/>MAIS DE SUA PAZ, MAIS DE SUA PAZ,<br/>QUERO RECEBER DE DEUS, QUE É VERAZ.</lines>
    </verse>
    <verse name="v2">
      <lines>RECEBI DE GRAÇA, ABUNDANTE LUZ,<br/>LUZ MARAVILHOSA, QUE ME DEU JESUS;<br/>QUERES RECEBÊ-LA, POBRE PECADOR?<br/>DEIXA, HOJE MESMO, O MUNDO DE HORROR.<br/>MAIS DE SUA LUZ, MAIS DE SUA LUZ,<br/>QUERO RECEBER DO SALVADOR JESUS.<br/>MAIS DE SUA LUZ, MAIS DE SUA LUZ.<br/>QUERO RECEBER DO SALVADOR JESUS.</lines>
    </verse>
    <verse name="v3">
      <lines>RECEBI DE GRAÇA ABUNDANTE AMOR,<br/>O AMOR DIVINO DO CONSOLADOR;<br/>QUERES RECEBÊ-LO? ABRE O CORAÇÃO,<br/>E TERÁS MAIS GOZO E VERAZ PERDÃO.<br/>MAIS DE SEU AMOR, MAIS DE SEU AMOR,<br/>QUERO RECEBER DO BOM CONSOLADOR,<br/>MAIS DE SEU AMOR, MAIS DE SEU AMOR,<br/>QUERO RECEBER DO BOM CONSOLADOR.</lines>
    </verse>
  </lyrics>
</song>
