<?xml version='1.0' encoding='utf-8'?>
<song xmlns="http://openlyrics.info/namespace/2009/song" version="0.8" createdIn="OpenLP 2.0.3" modifiedIn="OpenLP 2.0.3" modifiedDate="2014-02-05T19:29:02">
  <properties>
    <titles>
      <title>HC  636 - POR NOSSA PÁTRIA ORAMOS</title>
    </titles>
    <authors>
      <author>HARPA CRISTÃ</author>
    </authors>
  </properties>
  <lyrics>
    <verse name="v1">
      <lines>POR NOSSA PÁTRIA ORAMOS<br/>A TI, SUPREMO DEUS!<br/>POR NOSSO LAR CLAMAMOS<br/>A TI, Ó REI DOS CÉUS!<br/>BENDIZE A VIDA PASTORIL,<br/>GOVERNA O BRIO SENHORIL,<br/>MODERA A LIDA MERCANTIL!<br/>- DEUS SALVE A PÁTRIA!</lines>
    </verse>
    <verse name="v2">
      <lines>DA PÁTRIA, QUE NOS DESTE,<br/>DESVIE TUA MÃO<br/>DESGRAÇAS, FOME E PESTE,<br/>PERFÍDIA E SEDIÇÃO!<br/>SUSTENTA A ORDEM NACIONAL,<br/>O BOM GOVERNO IMPARCIAL,<br/>E DÁ-NOS GRAÇA DIVINAL!<br/>- DEUS SALVE A PÁTRIA!</lines>
    </verse>
    <verse name="v3">
      <lines>DÁ-NOS REAL CIVISMO,<br/>FIEL, CONSTANTE, AUDAZ!<br/>PROMOVE O CRISTIANISMO<br/>DO PRÍNCIPE DA PAZ!<br/>DA PÁTRIA AFASTA CRENÇAS VÃS,<br/>DERRAMA BÊNÇÃOS TEMPORÃS!<br/>DOMINEM SÓ DOUTRINAS SÃS!<br/>- DEUS SALVE A PÁTRIA!</lines>
    </verse>
    <verse name="v4">
      <lines>A TUA IGREJA INFLAMA<br/>COM ZELO E TERNO AMOR,<br/>E SEJA O SEU PROGRAMA<br/>CUMPRIDO COM VIGOR!<br/>ENTÃO, OS SALVOS DE JESUS,<br/>LUTANDO FIRMES PELA CRUZ,<br/>DIFUNDIRÃO DE CRISTO A LUZ<br/>POR TODA A PÁTRIA! AMÉM.</lines>
    </verse>
  </lyrics>
</song>
