<?xml version='1.0' encoding='utf-8'?>
<song xmlns="http://openlyrics.info/namespace/2009/song" version="0.8" createdIn="OpenLP 2.0.3" modifiedIn="OpenLP 2.0.3" modifiedDate="2014-02-05T19:27:15">
  <properties>
    <titles>
      <title>HC  071 - SANTO ÉS TU, SENHOR</title>
    </titles>
    <authors>
      <author>HARPA CRISTÃ</author>
    </authors>
  </properties>
  <lyrics>
    <verse name="v1">
      <lines>SANTO! SANTO! GRANDE ETERNO DEUS,<br/>COM ALEGRIA NÓS TE LOUVAMOS,<br/>REI DOS REIS E CRIADOR DOS CÉUS.<br/>HUMILHADOS TE ADORAMOS;<br/>HONRA E GLÓRIA EM TI MIRAMOS,<br/>POIS FOI RASGADO, NA CRUZ, O VÉU.</lines>
    </verse>
    <verse name="c1">
      <lines>SANTO PARA SEMPRE ÉS TU,<br/>SENHOR.<br/>NAS BATALHAS ÉS VENCEDOR!</lines>
    </verse>
    <verse name="v2">
      <lines>ADORAI-O TERRA, CÉU E MAR;<br/>TODAS A IGREJA, SEUS MENSAGEIROS,<br/>REUNIDOS, VINDE SUPLICAR<br/>DONS CELESTES, POIS SOIS HERDEIROS<br/>DE DEUS, E COM JESUS COHERDEIROS<br/>DA GLÓRIA QUE JAMAIS VAI FINDAR.</lines>
    </verse>
    <verse name="v3">
      <lines>REI DOS SÉC'LOS, GRANDE ETERNO DEUS!<br/>TU ÉS VERAZ E INCOMPREENSÍVEL,<br/>CRIADOR DA TERRA E DOS CÉUS;<br/>ÉS O ANCIÃO INVÍSIVEL,<br/>HABITAS NA LUZ INACESSÍVEL,<br/>LÁ MORARÃO OS REMIDOS TEUS.</lines>
    </verse>
  </lyrics>
</song>
