<?xml version='1.0' encoding='utf-8'?>
<song xmlns="http://openlyrics.info/namespace/2009/song" version="0.8" createdIn="OpenLP 2.0.3" modifiedIn="OpenLP 2.0.3" modifiedDate="2014-02-05T19:28:20">
  <properties>
    <titles>
      <title>HC  407 - Ó CRIADOR BENDITO</title>
    </titles>
    <authors>
      <author>HARPA CRISTÃ</author>
    </authors>
  </properties>
  <lyrics>
    <verse name="v1">
      <lines>Ó CRIADOR BENDITO, Ó FONTE DE ESPERANÇA,<br/>A TI, Ó PAI CONTRITOS, BUSCAMOS COM CONFIANÇA;<br/>NOS DESTE EM HERANÇA A GLÓRIA SEMPITERNA;<br/>O PÃO DA VIDA ETERNA, Ó MANDA-NOS DOS CÉUS!</lines>
    </verse>
    <verse name="v2">
      <lines>EXCELSO CRIADOR, SUPREMO BENFEITOR,<br/>O TEU AMOR DERRAMA EM NÓS, QUAL VIVA CHAMA<br/>EXCELSO CRIADOR, SUPREMO BENFEITOR,<br/>O TEU AMOR DERRAMA, POR TEU CONSOLADOR.</lines>
    </verse>
    <verse name="v3">
      <lines>UNIDOS ESPERMAOS O TEU CELESTE ENSINO;<br/>Ó MANDA, SUPLICAMOS POR TEU PODER DIVINO;<br/>ACEITA ESTE HINO, QUE NÓS A TI CANTAMOS,<br/>POIS GRATOS TE LOUVAMOS, POR TUA SALVAÇÃO.</lines>
    </verse>
    <verse name="v4">
      <lines>O CORAÇÃO SE ALEGRA E A ALMA ESTÁ CONTENTE<br/>NO DIA EM QUE SE ENTREGA<br/>AO DEUS ONIPOTENTE;<br/>QUE PAZ PROFUNDA SENTE A ALMA DO PERDIDO<br/>QUE HOJE É UM REMIDO POR CRISTO, O SALVADOR!</lines>
    </verse>
  </lyrics>
</song>
