<?xml version='1.0' encoding='utf-8'?>
<song xmlns="http://openlyrics.info/namespace/2009/song" version="0.8" createdIn="OpenLP 2.0.3" modifiedIn="OpenLP 2.0.3" modifiedDate="2014-02-05T19:27:41">
  <properties>
    <titles>
      <title>HC  198 - JESUS, O BOM AMIGO</title>
    </titles>
    <authors>
      <author>HARPA CRISTÃ</author>
    </authors>
  </properties>
  <lyrics>
    <verse name="v1">
      <lines>ACHEI UM BOM AMIGO,<br/>JESUS, O SALVADOR,<br/>O ESCOLHIDO DOS MILHARES PARA MIM;<br/>DOS VALES É O LÍRIO; É O FORTE MEDIADOR,<br/>QUE ME PURIFICA E GUARDA PARA SI,<br/>CONSOLADOR AMADO, MEU PROTETOR DO MAL,<br/>SOLICITUDE MINHA TOMA A SI.</lines>
    </verse>
    <verse name="c1">
      <lines>DOS VALES É O LÍRIO, A ESTRELA DA<br/>MANHÃ,<br/>O ESCOLHIDO DOS MILHARES PARA MIM.<br/>CONSOLADOR AMADO, MEU PROTETOR DO MAL,<br/>SOLICITUDE MINHA TOMA A SI,<br/>DOS VALES É O LÍRIO, A ESTRELA DA MANHÃ,<br/>O ESCOLHIDO DOS MILHARES PARA MIM.</lines>
    </verse>
    <verse name="v2">
      <lines>LEVOU-ME AS DORES TODAS,<br/>AS MÁGOAS LHE ENTEGUEI;<br/>MINHA FORTALEZA É, NA TENTAÇÃO.<br/>DEIXEI, POR ELE TUDO; OS ÍDOLOS QUEIMEI;<br/>ELE ME CONSERVA SANTO O CORAÇÃO,<br/>QUE O MUNDO ME ABANDONE; PERSIGA O TENTADOR;<br/>JESUS ME GUARDA ATÉ DA VIDA O FIM.</lines>
    </verse>
    <verse name="v3">
      <lines>NÃO DESAMPARA NUNCA,<br/>NEM ME ABANDONARÁ,<br/>SE FIEL E OBEDIENTE EU VIVER;<br/>UM MURO É DE FOGO, QUE ME PROTEGERÁ,<br/>'TÉ QUE VENHA A MIM O TEMPO DE MORRER,<br/>AO CÉU ENTÃO VOANDO, SUA GLÓRIA EU VEREI<br/>ONDE A DOR E A MORTE NUNCA VÊM.</lines>
    </verse>
  </lyrics>
</song>
