<?xml version='1.0' encoding='utf-8'?>
<song xmlns="http://openlyrics.info/namespace/2009/song" version="0.8" createdIn="OpenLP 2.0.3" modifiedIn="OpenLP 2.0.3" modifiedDate="2014-02-05T19:28:09">
  <properties>
    <titles>
      <title>HC  346 - É MEU O CÉU</title>
    </titles>
    <authors>
      <author>HARPA CRISTÃ</author>
    </authors>
  </properties>
  <lyrics>
    <verse name="v1">
      <lines>QUE ALEGRIA AGORA, É MEU O CÉU,<br/>POIS JESUS RASGOU O SAGRADO VÉU;<br/>A CONDENAÇÃO NÃO MAIS TEMEREI,<br/>E MEU REDENTOR SEMPRE LOUVAREI.</lines>
    </verse>
    <verse name="c1">
      <lines>LÁ NO CÉU EU DESCANSAREI<br/>COM JESUS, O NOSSO REI;<br/>VEM A DEUS, Ó PECADOR,<br/>POIS NO CÉU TE ESPERA COM AMOR.</lines>
    </verse>
    <verse name="v2">
      <lines>PELO MUNDO EU SOLITÁRIO ANDEI,<br/>FORA DE SODOMA O CÉU AVISTEI,<br/>POIS OLHEI P'RA CIMA, P'RA MEU JESUS,<br/>QUE POR MIM MORREU NA SANGRENTA CRUZ.</lines>
    </verse>
    <verse name="v3">
      <lines>EU SOU UM SOLDADO P'RA COMBATER,<br/>E COM DEUS IREI TODO O MAL VENCER;<br/>A BANDEIRA É O ANGUE DE JESUS,<br/>QUE POR MIM VCERTIDO FOI LÁ NA CRUZ.</lines>
    </verse>
    <verse name="v4">
      <lines>QUANDO UM DIA EU VENHA A PERECER,<br/>SIM, MEU CORAÇÃO CESSE DE BATER,<br/>SUBIREI AO CÉU, SEM NENHUM TEMOR,<br/>DESCANSADO NOS BRAÇOS DO SENHOR.</lines>
    </verse>
    <verse name="v5">
      <lines>ANTE O TRONO ALEGRE EU ESTAREI,<br/>E COM DEUS IREI TODO O MAL VENCER;<br/>HEI DE VER AS PALMAS DA MULTIDÃO<br/>QUE ALELUIAS A DEUS, SEMPRE CANTARÃO.</lines>
    </verse>
  </lyrics>
</song>
