<?xml version='1.0' encoding='utf-8'?>
<song xmlns="http://openlyrics.info/namespace/2009/song" version="0.8" createdIn="OpenLP 2.0.3" modifiedIn="OpenLP 2.0.3" modifiedDate="2014-02-05T19:27:37">
  <properties>
    <titles>
      <title>HC  177 - SALVO ESTOU</title>
    </titles>
    <authors>
      <author>HARPA CRISTÃ</author>
    </authors>
  </properties>
  <lyrics>
    <verse name="v1">
      <lines>SALVO ESTOU, JESUS COMPROU-ME<br/>DO PECADO E PERDIÇÃO;<br/>COM SEU 'SPÍRITO JÁ SELOU-ME<br/>DEU-ME PAZ NO CORAÇÃO.</lines>
    </verse>
    <verse name="c1">
      <lines>GLÓRIA, GLÓRIA, ALELUIA,<br/>JÁ ACHEI A SALVAÇÃO;<br/>GLÓRIA, GLÓRIA, ALELUIA,<br/>CRISTO DEU-ME REDENÇÃO.</lines>
    </verse>
    <verse name="v2">
      <lines>CANTAREI COM ALEGRIA,<br/>JUBILOSO SOM DO CÉU,<br/>LOUVAREI COM HARMONIA<br/>A JESUS, O AMADO MEU.</lines>
    </verse>
    <verse name="v3">
      <lines>A MENSAGEM GLORIOSA<br/>DUMA ETERNA SALVAÇÃO,<br/>FORTE, SIM, E PODEROSA,<br/>DIGNA É DE ACEITAÇÃO.</lines>
    </verse>
    <verse name="v4">
      <lines>AO CHEGAR O FIM DA LIDA,<br/>ME RECEBES, SALVADOR;<br/>ME CONCEDE ETERNA VIDA,<br/>NO TEU REINO DE AMOR.</lines>
    </verse>
  </lyrics>
</song>
