<?xml version='1.0' encoding='utf-8'?>
<song xmlns="http://openlyrics.info/namespace/2009/song" version="0.8" createdIn="OpenLP 2.0.3" modifiedIn="OpenLP 2.0.3" modifiedDate="2014-02-05T19:27:10">
  <properties>
    <titles>
      <title>HC  039 - ALVO MAIS QUE A NEVE</title>
    </titles>
    <authors>
      <author>HARPA CRISTÃ</author>
    </authors>
  </properties>
  <lyrics>
    <verse name="v1">
      <lines>BENDITO SEJA O CORDEIRO<br/>QUE NA CRUZ POR NÓS PADECEU!<br/>BENDITO SEJA O SEU SANGUE,<br/>QUE POR NÓS, ALI ELE VERTEU!<br/>EIS NESSE SANGUE LAVADOS,<br/>COM ROUPAS QUE TÃO ALVAS SÃO,<br/>OS PECADORES REDIMIDOS,<br/>QUE PERANTE SEU DEUS JA ESTÃO!</lines>
    </verse>
    <verse name="c1">
      <lines>ALVO MAIS QUE A NEVE!<br/>ALVO MAIS QUE A NEVE!<br/>SIM, NESSE SANGUE LAVADO,<br/>MAIS ALVO QUE A NEVE SEREI.</lines>
    </verse>
    <verse name="v2">
      <lines>QUÃO ESPINHOSA A COROA<br/>QUE JESUS POR NÓS SUPORTOU!<br/>OH! QUÃO PROFUNDAS AS CHAGAS<br/>QUE NOS PROVAM O QUANTO ELE AMOU!<br/>EIS NESSAS CHAGAS PUREZA<br/>PARA O MAIS PECADOR!<br/>POIS QUE MAIS ALVOS QUE A NEVE<br/>O TEU SANGUE NOS TORNA, SENHOR!</lines>
    </verse>
    <verse name="v3">
      <lines>SE NÓS A TI CONFESSARMOS,<br/>E SEGUIRMOS NA TUA LUZ,<br/>TU NÃO SOMENTE PERDOAS,<br/>PURIFICAS TAMBÉM, Ó JESUS;<br/>SIM, E DE TODO O PECADO!<br/>QUE MARAVILHA DE AMOR!<br/>POIS QUE MAIS ALVOS QUE A NEVE<br/>O TEU SANGUE NOS TORNA, SENHOR.</lines>
    </verse>
  </lyrics>
</song>
