<?xml version='1.0' encoding='utf-8'?>
<song xmlns="http://openlyrics.info/namespace/2009/song" version="0.8" createdIn="OpenLP 2.0.3" modifiedIn="OpenLP 2.0.3" modifiedDate="2014-02-05T19:27:44">
  <properties>
    <titles>
      <title>HC  211 - VEM A DEUS</title>
    </titles>
    <authors>
      <author>HARPA CRISTÃ</author>
    </authors>
  </properties>
  <lyrics>
    <verse name="v1">
      <lines>VEM, ENQUANTO DEUS TE CHAMA<br/>E TU SENTES SEU AMOR,<br/>POIS DO CÉU PODER DERRAMA<br/>P'RA SALVAR O PECADOR!</lines>
    </verse>
    <verse name="c1">
      <lines>VEM A DEUS, A JESUS, ENTREGAR TEU CORAÇÃO;<br/>E TERÁS SUA LUZ... A PERFEITA SALVAÇÃO!</lines>
    </verse>
    <verse name="v2">
      <lines>SE DA VIDA TENS O FARDO<br/>E TU'ALMA TRISTE ESTÁ,<br/>CRÊ EM DEUS, NÃO SEJAS TARDO,<br/>QUE JESUS TE SALVARÁ!</lines>
    </verse>
    <verse name="v3">
      <lines>NESTE MUNDO VAIS ANDANDO,<br/>SEM TRANQÜILIDADE E PAZ;<br/>- VOLTA A DEUS, MAS CONFIANDO,<br/>E FELIZ ENTÃO SERÁS.</lines>
    </verse>
    <verse name="v4">
      <lines>VEM A CRISTO, QUE TE ESPERA,<br/>NÃO DEMORES, PECADOR!<br/>NOS SEUS BRAÇOS DEUS QUISERA<br/>RECEBER-TE COM AMOR!</lines>
    </verse>
  </lyrics>
</song>
