<?xml version='1.0' encoding='utf-8'?>
<song xmlns="http://openlyrics.info/namespace/2009/song" version="0.8" createdIn="OpenLP 2.0.3" modifiedIn="OpenLP 2.0.3" modifiedDate="2014-02-05T19:27:42">
  <properties>
    <titles>
      <title>HC  205 - GRAÇA, GRAÇA</title>
    </titles>
    <authors>
      <author>HARPA CRISTÃ</author>
    </authors>
  </properties>
  <lyrics>
    <verse name="v1">
      <lines>A GRAÇA DE DEUS REVELADA<br/>EM CRISTO JESUS, MEU SENHOR,<br/>AO MUNDO PERDIDO É DADA<br/>POR DEUS D'INFINITO FAVOR.</lines>
    </verse>
    <verse name="c1">
      <lines>GRAÇA, GRAÇA,<br/>A MIM BASTA A GRAÇA DE DEUS: JESUS;<br/>GRAÇA, GRAÇA,<br/>A GRAÇA EU ACHEI EM JESUS.</lines>
    </verse>
    <verse name="v2">
      <lines>A GRAÇA DE DEUS É MAIS DOCE,<br/>DO QUE BENS TERRESTRES DAQUI;<br/>EM GOZO MEU CHORO TORNOU-SE<br/>CORRENDO SUA GRAÇA P'RA MIM.</lines>
    </verse>
    <verse name="v3">
      <lines>MAIS ALTA QUE NUVENS CELESTES,<br/>MAIS FUNDA QUE PROFUNDO MAR,<br/>A FONTE DA VIDA FIZESTE,<br/>NA QUAL NOS PODEMOS FARTAR.</lines>
    </verse>
    <verse name="v4">
      <lines>A GRAÇA DE DEUS HOJE PROVA<br/>TU QUE VIVES NA PERDIÇÃO,<br/>POIS ELE TE SALVA, RENOVA,<br/>TAMBÉM LIMPA TEU CORAÇÃO.</lines>
    </verse>
  </lyrics>
</song>
