<?xml version='1.0' encoding='utf-8'?>
<song xmlns="http://openlyrics.info/namespace/2009/song" version="0.8" createdIn="OpenLP 2.0.3" modifiedIn="OpenLP 2.0.3" modifiedDate="2014-02-05T19:27:21">
  <properties>
    <titles>
      <title>HC  112 - O NOME SOBERANO</title>
    </titles>
    <authors>
      <author>HARPA CRISTÃ</author>
    </authors>
  </properties>
  <lyrics>
    <verse name="v1">
      <lines>NÃO HÁ NA TERRA E CÉU TAMBÉM,<br/>UM NOME COM DOÇURA,<br/>COMO ESTE A QUEM LOUVOR CONVÉM,<br/>DE TODA A CRIATURA.</lines>
    </verse>
    <verse name="c1">
      <lines>JESUS, A LUZ ÉS TU DO CÉU!<br/>JESUS, O NOSSO AMADO!<br/>JESUS, O VERDADEIRO DEUS,<br/>POR TODOS EXALTADO!</lines>
    </verse>
    <verse name="v2">
      <lines>DESCENDO AO MUNDO, A LUZ DO CÉU<br/>VESTIU-SE EM CORPO HUMANO;<br/>AO SANTO FILHO, ENTÃO, SE DEU<br/>O NOME SOBERANO.</lines>
    </verse>
    <verse name="v3">
      <lines>ENTREGUE À MORTE SOBRE A CRUZ,<br/>POR CIMA FOI ESCRITO<br/>O NOME AMÁVEL DE JESUS,<br/>POR NÓS, ALI MALDITO.</lines>
    </verse>
    <verse name="v4">
      <lines>DA MORTE O GRANDE VENCEDOR<br/>À MÃO DO PAI SENTADO,<br/>POR NÓS ELE É INTERCESSOR,<br/>E ÚNICO ADVOGADO.</lines>
    </verse>
    <verse name="v5">
      <lines>JESUS, MEU TERNO SALVADOR,<br/>ÉS TU MINHA ESPERANÇA,<br/>CONFIO SÓ NO TEU AMOR;<br/>E PÕES-ME EM SEGURANÇA.</lines>
    </verse>
  </lyrics>
</song>
