<?xml version='1.0' encoding='utf-8'?>
<song xmlns="http://openlyrics.info/namespace/2009/song" version="0.8" createdIn="OpenLP 2.0.3" modifiedIn="OpenLP 2.0.3" modifiedDate="2014-02-05T19:27:39">
  <properties>
    <titles>
      <title>HC  186 - DE VALOR EM VALOR 2</title>
    </titles>
    <authors>
      <author>HARPA CRISTÃ</author>
    </authors>
  </properties>
  <lyrics>
    <verse name="v1">
      <lines>PELA FÉ QUE UMA VEZ ME FOI DADA,<br/>PRA SEGUIR O CORDEIRO DE DEUS,<br/>PELA GRAÇA DE DEUS ENVIADA,<br/>ANDAREI, COM VALOR, PARA OS CÉUS.</lines>
    </verse>
    <verse name="c1">
      <lines>QUERO ANDAR DE VALOR EM VALOR<br/>E SEGUIR A JESUS MEU SENHOR;<br/>TÉ QUE UM DIA RECEBA NO CÉU<br/>A COROA, QUE ME DARÁ DEUS.</lines>
    </verse>
    <verse name="v2">
      <lines>DE DEUS, QUERO VESTIR A ARMADURA,<br/>P'RA LUTAR COM CORAGEM E VALOR,<br/>POIS AQUI A PELEJA É DURA,<br/>CONTRA AS HOSTES DO VIL TENTADOR.</lines>
    </verse>
    <verse name="v3">
      <lines>EM JESUS EU FAREI MIL PROEZAS<br/>NO COMBATE DA FÉ E DO AMOR;<br/>NELE TENHO VIGOR E DESTREZA,<br/>P'RA LUTAR E P'RA SER VENCEDOR!</lines>
    </verse>
    <verse name="v4">
      <lines>EU DIREI, AO FINDAR ESTA LIÇA:<br/>COMBATI O COMBATE DE AMOR<br/>E COROA TEREI DE JUSTIÇA,<br/>QUE NO CÉU ME DARÁ O SENHOR.</lines>
    </verse>
  </lyrics>
</song>
