<?xml version='1.0' encoding='utf-8'?>
<song xmlns="http://openlyrics.info/namespace/2009/song" version="0.8" createdIn="OpenLP 2.0.3" modifiedIn="OpenLP 2.0.3" modifiedDate="2014-02-05T19:27:09">
  <properties>
    <titles>
      <title>HC  036 - O EXILADO</title>
    </titles>
    <authors>
      <author>HARPA CRISTÃ</author>
    </authors>
  </properties>
  <lyrics>
    <verse name="v1">
      <lines>DA LINDA PÁTRIA ESTOU BEM LONGE;<br/>CANSADO ESTOU;<br/>EU TENHO DE JESUS SAUDADE,<br/>OH, QUANDO É QUE EU VOU?<br/>PASSARINHOS, BELAS FLORES,<br/>QUEREM M'ENCANTAR;<br/>SÃO VÃOS TERRESTRES ESPLENDORES,<br/>MAS CONTEMPLO O MEU LAR.</lines>
    </verse>
    <verse name="v2">
      <lines>JESUS ME DEU A SUA PROMESSA;<br/>ME VEM BUSCAR;<br/>MEU CORAÇÃO ESTÁ COM PRESSA,<br/>EU QUERO JÁ VOAR.<br/>MEUS PECADOS FORAM MUITOS,<br/>MUI CULPADO SOU;<br/>PORÉM, SEU SANGUE PÕE-ME LIMPO;<br/>EU PARA PÁTRIA VOU.</lines>
    </verse>
    <verse name="v3">
      <lines>QUAL FILHO DE SEU LAR SAUDOSO,<br/>EU QUERO IR;<br/>QUAL PASSARINHO PARA O NINHO,<br/>P'RA OS BRAÇOS SEU FUGIR;<br/>É FIEL - SUA VINDA É CERTA,<br/>QUANDO... EU NÃO SEI.<br/>MAS ELE MANDA ESTAR ALERTA;<br/>DO EXÍLIO VOLTAREI.</lines>
    </verse>
    <verse name="v4">
      <lines>SUA VINDA AGUARDO EU CANTADO;<br/>MEU LAR NO CÉU;<br/>SEUS PASSOS HEI DE OUVIR SOANDO<br/>ALÉM DO ESCURO VÉU.<br/>PASSARINHOS, BELAS FLORES,<br/>QUEREM M'ENCANTAR;<br/>SÃO VÃOS TERRESTRES ESPLENDORES,<br/>MAS CONTEMPLO O MEU LAR.</lines>
    </verse>
  </lyrics>
</song>
