<?xml version='1.0' encoding='utf-8'?>
<song xmlns="http://openlyrics.info/namespace/2009/song" version="0.8" createdIn="OpenLP 2.0.3" modifiedIn="OpenLP 2.0.3" modifiedDate="2014-02-05T19:27:38">
  <properties>
    <titles>
      <title>HC  182 - JESUS NO GETSÊMANE</title>
    </titles>
    <authors>
      <author>HARPA CRISTÃ</author>
    </authors>
  </properties>
  <lyrics>
    <verse name="v1">
      <lines>JESUS NO GETSÊMANE FOI LIGADO,<br/>E PELOS ÍMPIOS FOI ARRASTADO<br/>À CORTE, ONDE FOI MUITO INSULTADO,<br/>E ATINGIDO, POR MEU PECADO;<br/>E A SENTENÇA DA TURBA FOI O BRADO:<br/>"QUE SEJA CRISTO CRUCIFICADO",<br/>VITUPERADO E FLAGELADO<br/>JESUS SOFREU O MEU PECADO.<br/>VITUPERADO E FLAGELADO<br/>JESUS SOFREU O MEU PECADO.</lines>
    </verse>
    <verse name="v2">
      <lines>ENTÃO, NA CRUZ, FOI O CRISTO PENDURADO<br/>E DUMA LANÇA FOI TRASPASSADO;<br/>ALI ESTAVA JESUS ENSANGÜENTADO,<br/>POR MEUS PECADOS ATORMENTADO!<br/>"DEUS MEU, DEUS MEU, POR QUE TENS M'ABANDONADO?'<br/>CLAMAVA CRISTO CRUCIFICADO;<br/>"PERDOA O POVO TÃO ENGANADO,<br/>QUE COMETEU UM TAL PECADO".<br/>"PERDOA O POVO TÃO ENGANADO,<br/>QUE COMETEU UM TAL PECADO".</lines>
    </verse>
    <verse name="v3">
      <lines>DEPOIS JESUS CRISTO FOI DA CRUZ TIRADO,<br/>E AO SEPULCRO FOI CARREGADO;<br/>POR SANTOS, SEU CORPO FOI EMBALSAMADO,<br/>E ENTRE RICOS FOI SEPULTADO;<br/>ESTANDO CRISTO JESUS JÁ ENTERRADO;<br/>O SEU SEPULCRO FOI BEM GUARDADO;<br/>APÓS TRÊS DIAS, JESUS AMADO,<br/>DA MORTE FOI RESSUSCITADO.<br/>APÓS TRÊS DIAS JESUS AMADO,<br/>DA MORTE FOI RESSUSCITADO.</lines>
    </verse>
  </lyrics>
</song>
