<?xml version='1.0' encoding='utf-8'?>
<song xmlns="http://openlyrics.info/namespace/2009/song" version="0.8" createdIn="OpenLP 2.0.3" modifiedIn="OpenLP 2.0.3" modifiedDate="2014-02-05T19:27:32">
  <properties>
    <titles>
      <title>HC  158 - QUE FARÁS DE JESUS CRISTO</title>
    </titles>
    <authors>
      <author>HARPA CRISTÃ</author>
    </authors>
  </properties>
  <lyrics>
    <verse name="v1">
      <lines>DIANTE DE PILATOS 'STA JESUS,<br/>POR TODOS DEIXADO EM AFLIÇÃO,<br/>O QUAL PERGUNTA À MULTIDÃO.<br/>- "QUE FAREI DE JESUS CRISTO?"</lines>
    </verse>
    <verse name="c1">
      <lines>QUE FARÁS DE JESUS CRISTO?<br/>RESPONDE, HOJE, SIM;<br/>DIRÁS UM DIA AO VÊ-LO:<br/>"QUE FARÁ ELE DE MIM?</lines>
    </verse>
    <verse name="v2">
      <lines>EM JULGAMENTO AINDA ESTÁ<br/>O NAZARENO EM AFLIÇÃO,<br/>E SE REPETE A PERGUNTA, ENTÃO:<br/>- "QUE FAREI DE JESUS CRISTO?"</lines>
    </verse>
    <verse name="v3">
      <lines>SERÁ JULGADO JESUS POR TI,<br/>OU RECEBIDO COM GRATIDÃO?<br/>E, MUI ALEGRE, DIRÁS, ENTÃO:<br/>-"ACEITO A JESUS CRISTO!"</lines>
    </verse>
  </lyrics>
</song>
