<?xml version='1.0' encoding='utf-8'?>
<song xmlns="http://openlyrics.info/namespace/2009/song" version="0.8" createdIn="OpenLP 2.0.3" modifiedIn="OpenLP 2.0.3" modifiedDate="2014-02-05T19:27:18">
  <properties>
    <titles>
      <title>HC  094 - NA JERUSALÉM DE DEUS</title>
    </titles>
    <authors>
      <author>HARPA CRISTÃ</author>
    </authors>
  </properties>
  <lyrics>
    <verse name="v1">
      <lines>QUANDO A LUTA DESTA VIDA<br/>TRABALHOSA SE FINDAR,<br/>O ADEUS A ESTE MUNDO VAMOS DAR;<br/>PARA O CÉU ENTÃO IREMOS,<br/>COM JESUS NOS ENCONTRAR<br/>NA JERUSALÉM DE DEUS.</lines>
    </verse>
    <verse name="c1">
      <lines>OH! QUE GOZO E ALEGRIA,<br/>QUANDO O POVO ALI CHEGAR,<br/>EM JERUSALÉM! EM JERUSALÉM!<br/>SEMPRE ALI CANTANDO HOSANAS,<br/>POIS O REI NO TRONO ESTÁ,<br/>NA JERUSALÉM DE DEUS.</lines>
    </verse>
    <verse name="v2">
      <lines>O CAMINHO E EXTENSO,<br/>MAS JESUS VAI ME GUIAR,<br/>QUANDO PELAS PROVAÇÕES AQUI PASSAR;<br/>POIS OLHANDO NELE, EU SIGO.<br/>PARA BREVEMENTE ESTAR,<br/>NA JERUSALÉM DE DEUS.</lines>
    </verse>
    <verse name="v3">
      <lines>AO SAIRMOS DESTE MUNDO,<br/>PARA A DIVINAL MANSÃO,<br/>GOZAREMOS A PERFEITO SALVAÇÃO;<br/>E JESUS CONTEMPLAREMOS<br/>A ESTENDE-NOS SUA MÃO,<br/>NA JERUSALÉM DE DEUS.</lines>
    </verse>
    <verse name="v4">
      <lines>QUANDO, UNIDOS COM OS SALVOS,<br/>LÁ NA PÁTRIA DO SENHOR,<br/>CONTEMPLARMOS A JESUS, O SALVADOR,<br/>SEMPRE NOS ALEGRAREMOS<br/>ONDE HÁ PERFEITO AMOR;<br/>NA JERUSALÉM DE DEUS.</lines>
    </verse>
  </lyrics>
</song>
