<?xml version='1.0' encoding='utf-8'?>
<song xmlns="http://openlyrics.info/namespace/2009/song" version="0.8" createdIn="OpenLP 2.0.3" modifiedIn="OpenLP 2.0.3" modifiedDate="2014-02-05T19:27:57">
  <properties>
    <titles>
      <title>HC  289 - SOB O SANGUE TEU</title>
    </titles>
    <authors>
      <author>HARPA CRISTÃ</author>
    </authors>
  </properties>
  <lyrics>
    <verse name="v1">
      <lines>ASPERGE HOJE MEU CORAÇÃO,<br/>COM SANGUE TEU, Ó REDENTOR!<br/>LIBERTA-ME DA VIL TENTAÇÃO,<br/>COM SANGUE TEU, SENHOR!</lines>
    </verse>
    <verse name="c1">
      <lines>SOB O SANGUE TEU, SENHOR,<br/>GUARDA-ME DA CORRUPÇÃO!<br/>SOB O SANGUE EXPIADOR,<br/>EU TENHO PROTEÇÃO!</lines>
    </verse>
    <verse name="v2">
      <lines>DE TODAS DÚVIDAS, DO TEMOR,<br/>NO SANGUE TEU, VEM ME LAVAR,<br/>DOS MALES DO GRANDE TENTADOR,<br/>Ó QUEIRAS ME LIVRAR!</lines>
    </verse>
    <verse name="v3">
      <lines>REFÚGIO ACHA O PECADOR,<br/>NO SANGUE TEU, Ó MEU JESUS;<br/>ASPERGE-ME SEMPRE, Ó SENHOR,<br/>NO SANGUE, LÁ DA CRUZ!</lines>
    </verse>
    <verse name="v4">
      <lines>Ó VEM ME ENCHENDO DO TEU VIGOR,<br/>PELO MANAR DO SANGUE TEU;<br/>FAZENDO-ME MAIS QUE VENCEDOR,<br/>PELO PODER DE DEUS.</lines>
    </verse>
    <verse name="v5">
      <lines>CONCEDE-ME A PERFEITA PAZ,<br/>POR TUA CRUZ E SANGUE TEU;<br/>COM RICOS DONS, Ó ME SATISFAZ,<br/>E FAZ-ME VER O CÉU.</lines>
    </verse>
  </lyrics>
</song>
