<?xml version='1.0' encoding='utf-8'?>
<song xmlns="http://openlyrics.info/namespace/2009/song" version="0.8" createdIn="OpenLP 2.0.3" modifiedIn="OpenLP 2.0.3" modifiedDate="2014-02-05T19:27:50">
  <properties>
    <titles>
      <title>HC  250 - NOIVA DE JESUS; APRONTA-TE</title>
    </titles>
    <authors>
      <author>HARPA CRISTÃ</author>
    </authors>
  </properties>
  <lyrics>
    <verse name="v1">
      <lines>A CRISTO UNIDA ESTÁ A MINH'ALMA,<br/>POIS NELE EU TENHO MEU VERO SUSTENTO;<br/>ME ENCHE DE GOZO DO CÉU, E DE CALMA;<br/>TAMBÉM ME ENSINA OS SEUS MANDAMENTOS.</lines>
    </verse>
    <verse name="c1">
      <lines>Ó NOIVA DE JESUS,<br/>APRONTA-TE PARA IR<br/>PARA O ETERNO E SANTO REINADO;<br/>QUE DIVIANAL AMOR IRÁS LÁ, ENTÃO, FRUIR<br/>COM JESUS CRISTO, O TEU AMADO!</lines>
    </verse>
    <verse name="v2">
      <lines>NA SANTA IGREJA, COM SANGUE REMIDA,<br/>JÁ É MANIFESTA EM MIM SUA GLÓRIA,<br/>QUE POR SUA GRAÇA ME FOI CONCEDIDA,<br/>NA QUAL ABRIGADO, TEREI A VITÓRIA.</lines>
    </verse>
    <verse name="v3">
      <lines>ASSIM EU DESEJO A CRISTO UNIDO,<br/>SEGUIR O CAMINHO P'RA BELA CIDADE,<br/>POIS NELE, DOS MALES, SOU BEM PROTEGIDO,<br/>TAMBÉM RODEADO DE VERA BONDADE.</lines>
    </verse>
  </lyrics>
</song>
