<?xml version='1.0' encoding='utf-8'?>
<song xmlns="http://openlyrics.info/namespace/2009/song" version="0.8" createdIn="OpenLP 2.0.3" modifiedIn="OpenLP 2.0.3" modifiedDate="2014-02-05T19:27:19">
  <properties>
    <titles>
      <title>HC  096 - DEIXA PENETRAR A LUZ</title>
    </titles>
    <authors>
      <author>HARPA CRISTÃ</author>
    </authors>
  </properties>
  <lyrics>
    <verse name="v1">
      <lines>SE AO INIMIGO TEMES COMBATER,<br/>SE ESTÁS EM TREVAS E NÃO TENS PODER,<br/>QUE A FORMOSA LUZ DE DEUS FULGURE EM TI;<br/>E SERÁS FELIZ ASSIM.</lines>
    </verse>
    <verse name="c1">
      <lines>DEIXA PENETRAR A LUZ!<br/>DEIXA PENETRAR A LUZ!<br/>QUE A FORMOSA LUZ DE DEUS FULGURE EM TI;<br/>E SERAS FELIZ ASSIM.</lines>
    </verse>
    <verse name="v2">
      <lines>SE A TUA FÉ É FRACA NO SENHOR,<br/>E NÃO MOSTRAS FRUTO OU NENHUM FERVOR,<br/>QUE A FORMOSA LUZ DE DEUS FULGURE EM TI<br/>E SERÁS FELIZ ASSIM.</lines>
    </verse>
    <verse name="v3">
      <lines>SE NA LUZ ESTAMOS, QUE A DIVINA LUZ!<br/>SE NOS LIMPA SEMPRE O SANGUE DE JESUS,<br/>TEMOS CLARIDADE ELE, NO TEU CORAÇÃO,<br/>VIVERÁS ENTÃO DE AMOR.</lines>
    </verse>
    <verse name="v4">
      <lines>SE ALEGRE FORES À MANSÃO SEM PAR,<br/>Ó ENFRENTA AS TREVAS, QUE VÃO SE AFASTAR<br/>QUE A FORMOSA LUZ DE DEUS FULGURE EM TI<br/>E SERÁS FELIZ ASSIM.</lines>
    </verse>
  </lyrics>
</song>
