<?xml version='1.0' encoding='utf-8'?>
<song xmlns="http://openlyrics.info/namespace/2009/song" version="0.8" createdIn="OpenLP 2.0.3" modifiedIn="OpenLP 2.0.3" modifiedDate="2014-02-05T19:27:19">
  <properties>
    <titles>
      <title>HC  098 - ESTARÁS VIGIANDO</title>
    </titles>
    <authors>
      <author>HARPA CRISTÃ</author>
    </authors>
  </properties>
  <lyrics>
    <verse name="v1">
      <lines>ESTARÁS TU VIGIANDO, QUANDO JESUS VIER?<br/>ANSIOSO, ESPERANDO, QUANDO JESUS VIER?</lines>
    </verse>
    <verse name="c1">
      <lines>OH! QUE NOITE! SOLENE<br/>NOITE!<br/>BRILHARÁ A TUA LUZ, QUANDO JESUS VIER?<br/>Ó, SÊ PRONTO, Ó, SÊ PRONTO!<br/>Ó, SÊ PRONTO, QUANDO JESUS VIER.<br/>Ó, SÊ PRONTO, Ó SÊ PRONTO!<br/>Ó, SÊ PRONTO, QUANDO JESUS VIER!</lines>
    </verse>
    <verse name="v2">
      <lines>OUVIRAS TU O BEM-VINDO, QUANDO JESUS VIER?<br/>DARÁS O BRADO SORRINDO, QUANDO JESUS VIER?</lines>
    </verse>
    <verse name="v3">
      <lines>SÓ ESPERAS PREPARAR-TE, QUANDO JESUS VIER?<br/>QUAL SERÁ A TUA PARTE, QUANDO JESUE VIER?</lines>
    </verse>
    <verse name="v4">
      <lines>ESTARÁS TU JUBILOSO, QUANDO JESUS VIER?<br/>TRISTE OU ESPERANÇOSO, QUANDO JESUS VIER?</lines>
    </verse>
    <verse name="v5">
      <lines>OH! QUE CULTO GLORIOSO, QUANDO JESUS VIER!<br/>CHEIO DE SUBLIME GOZO, QUANDO JESUS VIER!</lines>
    </verse>
  </lyrics>
</song>
