<?xml version='1.0' encoding='utf-8'?>
<song xmlns="http://openlyrics.info/namespace/2009/song" version="0.8" createdIn="OpenLP 2.0.3" modifiedIn="OpenLP 2.0.3" modifiedDate="2014-02-05T19:27:36">
  <properties>
    <titles>
      <title>HC  172 - Ó VEM TE ENTREGAR</title>
    </titles>
    <authors>
      <author>HARPA CRISTÃ</author>
    </authors>
  </properties>
  <lyrics>
    <verse name="v1">
      <lines>Ó PECADOR, CANSADO E ABATIDO,<br/>QUE NESTE MUNDO VAGAS, SEM CONSOLAÇÃO!<br/>SE QUERES SER, DE GRAÇA, REVESTIDO,<br/>ACEITA CRISTO, E SUA SALVAÇÃO.</lines>
    </verse>
    <verse name="c1">
      <lines>Ó VEM TE ENTREGAR<br/>AO GRANDE SALVADOR,<br/>QUE VEIO TE SALVAR,<br/>E TE ESPERA, CHEIO DE AMOR.</lines>
    </verse>
    <verse name="v2">
      <lines>Ó PECADOR, SE ESTÁS DESANIMADO,<br/>PORQUE O MAL DOMINA TODO O TEU SER;<br/>Ó CRÊ EM CRISTO, O CRUCIFICADO,<br/>E CONTRA O VÍCIO TU TÉRAS PODER.</lines>
    </verse>
    <verse name="v3">
      <lines>Ó PECADOR, POR QUE NÃO TE ENTREGAS<br/>A JESUS CRISTO, O BONDOSO SALVADOR?<br/>QUE, VINDO A MORTE, GRATO TE CARREGA<br/>AO PARAÍSO, AO PAÍS DE AMOR!</lines>
    </verse>
    <verse name="v4">
      <lines>SE COMOÇÃO TU SENTES EM TU'ALMA,<br/>E QUERES HOJE RECEBER A SALVAÇÃO,<br/>ACEITA CRISTO, COM FÉ E COM CALMA,<br/>VEM TE ENTREGAR, DE TODO O CORAÇÃO.</lines>
    </verse>
  </lyrics>
</song>
