<?xml version='1.0' encoding='utf-8'?>
<song xmlns="http://openlyrics.info/namespace/2009/song" version="0.8" createdIn="OpenLP 2.0.3" modifiedIn="OpenLP 2.0.3" modifiedDate="2014-02-05T19:27:21">
  <properties>
    <titles>
      <title>HC  110 - CLAMA JESUS, JESUS</title>
    </titles>
    <authors>
      <author>HARPA CRISTÃ</author>
    </authors>
  </properties>
  <lyrics>
    <verse name="v1">
      <lines>Ó CLAMA NA TRIBULAÇÃO: JESUS, JESUS,<br/>DE TODO O TEU CORAÇÃO: JESUS, JESUS,<br/>POR CERTO, TE SOCORRERÁ: JESUS, JESUS,<br/>E GOZO E PAZ TE DARÁ: JESUS, JESUS.</lines>
    </verse>
    <verse name="v2">
      <lines>TU QUERES UM BOM SALVADOR? JESUS, JESUS,<br/>QUE AMA O VIL PECADOR? JESUS, JESUS,<br/>E QUE TEM PODER P'RA SALVAR? JESUS, JESUS,<br/>E PARA O CÉU TE LEVAR? JESUS, JESUS.</lines>
    </verse>
    <verse name="v3">
      <lines>HÁ UM QUE TE PODE CURAR: JESUS, JESUS.<br/>E DA CORRUPÇÃO TE GUARDAR: JESUS, JESUS.<br/>SÓ UM NOME DÁ SALVAÇÃO: JESUS, JESUS.<br/>O GOZO, A PAZ, O PERDÃO: JESUS, JESUS.</lines>
    </verse>
    <verse name="v4">
      <lines>ACEITA, NO TEU CORAÇÃO: JESUS, JESUS;<br/>ASSIM, TU TERÁS SALVAÇÃO, JESUS, JESUS;<br/>ABRAÇA, COM TERNO AMOR: JESUS, JESUS;<br/>QUE CHORA POR TI, PECADOR, JESUS, JESUS.</lines>
    </verse>
  </lyrics>
</song>
