<?xml version='1.0' encoding='utf-8'?>
<song xmlns="http://openlyrics.info/namespace/2009/song" version="0.8" createdIn="OpenLP 2.0.3" modifiedIn="OpenLP 2.0.3" modifiedDate="2014-02-05T19:28:30">
  <properties>
    <titles>
      <title>HC  469 - AO ESTRUGIR A TROMBETA</title>
    </titles>
    <authors>
      <author>HARPA CRISTÃ</author>
    </authors>
  </properties>
  <lyrics>
    <verse name="v1">
      <lines>QUANDO A ANGELICAL TROMBETA NESTE MUNDO ESTRUGIR,<br/>O MEU NOME OUVIREI JESUS CHAMAR;<br/>POIS EU CREIO NA PROMESSA, E QUE DEUS A VAI CUMPRIR<br/>QUANDO OUVIR JESUS MEU NOME PROCLAMAR!</lines>
    </verse>
    <verse name="c1">
      <lines>GLÓRIA! GLÓRIA! ALELUIA!<br/>O MEU NOME OUVIREI JESUS CHAMAR;<br/>GLÓRIA! GLÓRIA! ALELUIA!<br/>EU ESPERO OUVIR JESUS A ME CHAMAR.</lines>
    </verse>
    <verse name="v2">
      <lines>QUANDO O CÉU FOR ENROLADO E O SOL NÃO DER MAIS LUZ,<br/>O MEU NOME OUVIREI JESUS CHAMAR;<br/>PASSARÃO A TERRA, O MAR, MAS PERMANECERÁ JESUS,<br/>QUE MEU NOME VAI NA GLÓRIA PRONUNCIAR.</lines>
    </verse>
    <verse name="v3">
      <lines>OH! QUE MÚSICA SUAVE HÁ DE SER P'RA MIM OUVIR<br/>O MEU NOME JESUS CRISTO ANUNCIAR,<br/>OH! QUE GOZO VAI MINHA ALMA LÁ NOS ALTOS CÉUS FRUIR<br/>QUANDO O CRISTO O MEU NOME PROCLAMAR!</lines>
    </verse>
  </lyrics>
</song>
