<?xml version='1.0' encoding='utf-8'?>
<song xmlns="http://openlyrics.info/namespace/2009/song" version="0.8" createdIn="OpenLP 2.0.3" modifiedIn="OpenLP 2.0.3" modifiedDate="2014-02-05T19:27:39">
  <properties>
    <titles>
      <title>HC  184 - MEU JESUS! MEU JESUS!</title>
    </titles>
    <authors>
      <author>HARPA CRISTÃ</author>
    </authors>
  </properties>
  <lyrics>
    <verse name="v1">
      <lines>DE MEU TERNO SALVADOR,<br/>CANTAREI O IMENSO AMOR,<br/>DANDO GLÓRIA E LOUVOR A JESUS,<br/>POIS DAS TREVAS ME CHAMOU,<br/>DE CADEIAS ME LIVROU,<br/>E DA MORTE ME SALVOU MEU JESUS!</lines>
    </verse>
    <verse name="c1">
      <lines>MEU JESUS! MEU JESUS!<br/>QUE PRECIOSO É O NOME DE JESUS!<br/>COM SEU SANGUE ME LIMPOU;<br/>DE SEU GOZO ME FARTOU;<br/>OH! QUE GRAÇA ME MANDOU, MEU JESUS.</lines>
    </verse>
    <verse name="v2">
      <lines>OH! QUE TRISTE CONDIÇÃO<br/>A DO ÍMPIO CORAÇÃO;<br/>ME SALVOU DA PERDIÇÃO, MEU JESUS;<br/>DO PECADO, O PERDÃO;<br/>DA RUÍNA, SALVAÇÃO;<br/>POR TRISTE, GALARDÃO, MEU JESUS!</lines>
    </verse>
    <verse name="v3">
      <lines>PELO MUNDO A VAGAR,<br/>SOLITÁRIO SEM PARAR,<br/>SEM A DOCE PAZ GOZAR DE JESUS;<br/>TODO PRANTO A SOFRER,<br/>HÃO PASSADOS, E PRAZER<br/>JÁ COMEÇO A RECEBER DE JESUS.</lines>
    </verse>
    <verse name="v4">
      <lines>OH! QUE SANGUE REMIDOR,<br/>ENCONTREI NO SALVADOR,<br/>SANGUE PURIFICADOR, DE JESUS!<br/>DAI LOUVORES EM AÇÃO<br/>DA BENDITA SALVAÇÃO!<br/>HINOS DAI POR GRATIDÃO A JESUS!</lines>
    </verse>
  </lyrics>
</song>
