<?xml version='1.0' encoding='utf-8'?>
<song xmlns="http://openlyrics.info/namespace/2009/song" version="0.8" createdIn="OpenLP 2.0.3" modifiedIn="OpenLP 2.0.3" modifiedDate="2014-02-05T19:27:17">
  <properties>
    <titles>
      <title>HC  085 - DEIXAI ENTRAR O ESPÍRITO DE DEUS</title>
    </titles>
    <authors>
      <author>HARPA CRISTÃ</author>
    </authors>
  </properties>
  <lyrics>
    <verse name="v1">
      <lines>DO SANTO ESPÍRITO, ESTÁ ESCRITO,<br/>QUE SOIS O TEMPLO, SIM, TEMPLO DE DEUS;<br/>JÁ RECEBESTES, DEPOIS QUE CRESTES,<br/>O DOM GLORIOSO DESCIDO DO CÉU?</lines>
    </verse>
    <verse name="c1">
      <lines>DEIXAI ENTRAR, PARA MORAR,<br/>O ESPÍRITO DE DEUS;<br/>DOM PROMETIDO, JÁ CONCEDIDO,<br/>BENDITO DOM DOS ALTOS CÉUS.</lines>
    </verse>
    <verse name="v2">
      <lines>O QUE VOS SALVA, TAMBÉM VOS LAVA,<br/>P'RA VOSSA ALMA DE MANCHAS LIMPAR;<br/>PURIFICADOS DE VIS PECADOS,<br/>O SANTO ESPÍRITO JÁ PODE ENTRAR.</lines>
    </verse>
    <verse name="v3">
      <lines>Ó PEREGRINOS, VEDE O DESTINO,<br/>ENTRAI NA TERRA DE LEITE E MEL,<br/>SANTIFICADOS, POR DEUS CHAMADOS,<br/>SEREIS GUIADOS, POR GUIA FIEL.</lines>
    </verse>
  </lyrics>
</song>
