<?xml version='1.0' encoding='utf-8'?>
<song xmlns="http://openlyrics.info/namespace/2009/song" version="0.8" createdIn="OpenLP 2.0.3" modifiedIn="OpenLP 2.0.3" modifiedDate="2014-02-05T19:28:15">
  <properties>
    <titles>
      <title>HC  383 - O SUSTENTO DA ALMA</title>
    </titles>
    <authors>
      <author>HARPA CRISTÃ</author>
    </authors>
  </properties>
  <lyrics>
    <verse name="v1">
      <lines>DÁ SUSTENTO À MINHA VIDA,<br/>A PALAVRA DO SENHOR;<br/>A MINH'ALMA ABATIDA,<br/>VEM PODER CONSOLADOR:<br/>LIVRAMENTO GLORIOSO<br/>NÓS ACHAMOS EM JESUS,<br/>NELE O CORAÇÃO DITOSO<br/>JÁ DESFRUTA SUA LUZ.</lines>
    </verse>
    <verse name="c1">
      <lines>JESUS CRISTO DEU-ME SALVAÇÃO,<br/>TAMBÉM VIDA ETERNAL;<br/>DEU-ME GOZO NO MEU CORAÇÃO,<br/>E PODER CELESTIAL;<br/>SUA GRAÇA É BASTANTE,<br/>DIVINAL É SEU AMOR;<br/>TENHO VIDA EXULTANTE,<br/>PELO BOM CONSOLADOR!</lines>
    </verse>
    <verse name="v2">
      <lines>SANTOS, TODOS PROCLAMEMOS<br/>QUE JESUS HÁ DE VOLTAR,<br/>E QUE LHE SERVIR DEVEMOS<br/>E SINCEROS O AMAR.<br/>RESSURGIU DA SEPULTURA,<br/>E COM VIDA SE MONSTROU<br/>AS FELIZES CRIATURAS,<br/>QUE NO MUNDO TANTO AMOU.</lines>
    </verse>
    <verse name="v3">
      <lines>QUE NÃO HAJA ACIOSOS<br/>NA IGREJA DO SENHOR,<br/>MAS, SIM, CRENTES FERVOROSOS<br/>TRABALHANDO COM VIGOR;<br/>QUEM AQUI TIVER VENCIDO<br/>POR JESUS E SEU AMOR,<br/>HÁ DE TER REAL VESTIDO,<br/>PARA AS BORDAS D'ESPLENDOR!</lines>
    </verse>
    <verse name="v4">
      <lines>ENTRAREMOS NA FORMOSA<br/>SALA, CHEIA DE FULGOR,<br/>PREPARADA PARA A ESPOSA<br/>DE JESUS, O SALVADOR;<br/>QUANDO FORMOS LÁ CHEGADOS<br/>GRANDE FESTA HAVERÁ;<br/>E JESUS, QUE NOS TEM DADO<br/>SALVAÇÃO, NOS SERVIRÁ</lines>
    </verse>
  </lyrics>
</song>
