<?xml version='1.0' encoding='utf-8'?>
<song xmlns="http://openlyrics.info/namespace/2009/song" version="0.8" createdIn="OpenLP 2.0.3" modifiedIn="OpenLP 2.0.3" modifiedDate="2014-02-05T19:28:12">
  <properties>
    <titles>
      <title>HC  367 - ESPÍRITO CONSOLADOR</title>
    </titles>
    <authors>
      <author>HARPA CRISTÃ</author>
    </authors>
  </properties>
  <lyrics>
    <verse name="v1">
      <lines>ESPÍRITO CONSOLADOR, DIVINO E ETERNAL,<br/>PRECIOSA FONTE DE AMOR E VIDA IMORTAL.</lines>
    </verse>
    <verse name="v2">
      <lines>COM SÍMBOLOS QUE O SALVADOR MORRENDO NOS DEIXOU,<br/>CELEBRAREMOS SEU AMOR, QUE NA CRUZ DEMONSTROU.</lines>
    </verse>
    <verse name="v3">
      <lines>TU, PÃO DA VIDA REDENTOR! EM NOSSO CORAÇÃO<br/>INFUNDE GRAÇA, COM FERVOR, E CELESTIAL UNÇÃO.</lines>
    </verse>
    <verse name="v4">
      <lines>ACENDE EM NÓS FOGO EFICAZ DE FÉ E DE VALOR;<br/>CONCEDE-ME PERDÃO E PAZ, HUMILHAÇÃO E AMOR.<br/>AMÉM.</lines>
    </verse>
  </lyrics>
</song>
