<?xml version='1.0' encoding='utf-8'?>
<song xmlns="http://openlyrics.info/namespace/2009/song" version="0.8" createdIn="OpenLP 2.0.3" modifiedIn="OpenLP 2.0.3" modifiedDate="2014-02-05T19:28:05">
  <properties>
    <titles>
      <title>HC  327 - TEU NOME PRECIOSO</title>
    </titles>
    <authors>
      <author>HARPA CRISTÃ</author>
    </authors>
  </properties>
  <lyrics>
    <verse name="v1">
      <lines>JESUS CRISTO, O TEU NOME<br/>É TÃO DOCE PARA MIM -<br/>TUA DOÇURA INCOMPARÁVEL<br/>ENCHE-ME DE AMOR SEM FIM.<br/>TUA DOÇURA INCOMPARÁVEL<br/>ENCHE-ME DE AMOR SEM FIM.</lines>
    </verse>
    <verse name="v2">
      <lines>ÉS A ESTRELA RESPLENDENTE,<br/>QUE REBRILHA COM FULGOR,<br/>E DIRIGE OS MEUS PASSOS,<br/>NESTE MUNDO DE HORROR.<br/>E DIRIGE OS MEUS PASSOS,<br/>NESTE MUNDO DE HORROR.</lines>
    </verse>
    <verse name="v3">
      <lines>TEUS SÃO OS ETERNOS BRAÇOS,<br/>PROTEGENDO O SEGUIDOR,<br/>QUE NÃO FIGUE ENLAÇADO<br/>P'LO MALIGNO TENTADOR.<br/>QUE NÃO FIQUE ENLAÇADO<br/>P'LO MALIGNO TENTADOR.</lines>
    </verse>
    <verse name="v4">
      <lines>COM MEU SALVADOR AMADO<br/>POSSO ALEGRE PROSSEGUIR,<br/>E COM ELE ETERNO GOZO<br/>EU TEREI LÁ NO PORVIR.<br/>E COM ELE ETERNO GOZO<br/>EU TEREI LÁ NO PORVIR.</lines>
    </verse>
    <verse name="v5">
      <lines>OH! TEU NOME PRECIOSO<br/>CONTINUA A SOAR<br/>PELO MUNDO DE PECADO,<br/>PARA AS ALMAS DESPERTAR!<br/>PELO MUNDO DE PECADO,<br/>PARA AS ALMAS DESPERTAR!</lines>
    </verse>
  </lyrics>
</song>
