<?xml version='1.0' encoding='utf-8'?>
<song xmlns="http://openlyrics.info/namespace/2009/song" version="0.8" createdIn="OpenLP 2.0.3" modifiedIn="OpenLP 2.0.3" modifiedDate="2014-02-05T19:27:40">
  <properties>
    <titles>
      <title>HC  193 - ALMA TRISTE, ABATIDA</title>
    </titles>
    <authors>
      <author>HARPA CRISTÃ</author>
    </authors>
  </properties>
  <lyrics>
    <verse name="v1">
      <lines>SE TU, MINH'ALMA,A DEUS SUPLICA,<br/>E NÃO RECEBES, CONFIANDO FICA<br/>EM SUAS PROMESSAS, QUE SÃO MUI RICAS ,<br/>E INFALÍVEIS PRA TE VALER.</lines>
    </verse>
    <verse name="c1">
      <lines>PORQUE TE ABATES, Ó MINHA ALMA?<br/>E TE COMOVES, PERDENDO A CALMA?<br/>NÃO TENHAS MEDO, EM DEUS ESPERA,<br/>PORQUE BEM CEDO, JESUS VIRÁ .</lines>
    </verse>
    <verse name="v2">
      <lines>ELE INTERCEDE POR TI, MINH'ALMA;<br/>ESPERA NELE COM FÉ E CALMA;<br/>JESUS DE TODOS SEUS MALES SALVA,<br/>E TE ABENÇOA DOS ALTOS CÉUS.</lines>
    </verse>
    <verse name="v3">
      <lines>TERÁS EM BREVE AS DORES FINDAS,<br/>NO DIA ALEGRE DA SUA VINDA;<br/>SE CRISTO TARDA, ESPERA AINDA<br/>MAIS UM POUQUINHO, E O VERÁS.</lines>
    </verse>
  </lyrics>
</song>
