<?xml version='1.0' encoding='utf-8'?>
<song xmlns="http://openlyrics.info/namespace/2009/song" version="0.8" createdIn="OpenLP 2.0.3" modifiedIn="OpenLP 2.0.3" modifiedDate="2014-02-05T19:28:16">
  <properties>
    <titles>
      <title>HC  389 - LAVA-ME, Ó DEUS</title>
    </titles>
    <authors>
      <author>HARPA CRISTÃ</author>
    </authors>
  </properties>
  <lyrics>
    <verse name="v1">
      <lines>TUA JUSTIÇA EU QUERO CUMPRIR,<br/>ALEGREMENTE ME VOU BATIZAR<br/>POR IMERSÃO, PARA CRISTO SEGUIR<br/>E MEUS PECADOS, ASSIM SEPULTAR.</lines>
    </verse>
    <verse name="c1">
      <lines>LAVA-ME, LAVA-ME, Ó DEUS DE AMOR,<br/>NO SANGUE PURO DE CRISTO JESUS;<br/>TORNA MINH'ALMA MAIS ALVA QUE A LUZ,<br/>NO SANGUE PURO DE CRISTO JESUS.</lines>
    </verse>
    <verse name="v2">
      <lines>QUANDO DAS ÁGUAS EU RESSUSCITAR,<br/>JÁ CRIAÇÃO NOVA SOU EM JESUS;<br/>POSSO E ELE SERVIR E HONRAR,<br/>POR CRER NA OBRA SUBLIME DA CRUZ.</lines>
    </verse>
    <verse name="v3">
      <lines>COM TODA FORÇA, MEU BOM SALVADOR,<br/>TEU SANTO NOME EU INVOCAREI,<br/>PARA QUE EU VÁ DE VALOR EM VALOR,<br/>AO CÉU DE LUZ, ONDE DESCANSAREI.</lines>
    </verse>
  </lyrics>
</song>
