<?xml version='1.0' encoding='utf-8'?>
<song xmlns="http://openlyrics.info/namespace/2009/song" version="0.8" createdIn="OpenLP 2.0.3" modifiedIn="OpenLP 2.0.3" modifiedDate="2014-02-05T19:28:29">
  <properties>
    <titles>
      <title>HC  460 - DIZE-O A CRISTO</title>
    </titles>
    <authors>
      <author>HARPA CRISTÃ</author>
    </authors>
  </properties>
  <lyrics>
    <verse name="v1">
      <lines>SE ESTÁS CANSADO E ABATIDO,<br/>DIZE-O A CRISTO; DIZE-O A CRISTO;<br/>SE TE SENTES DÉBIL, CONFUNDIDO,<br/>DIZE-O AO TEU SALVADOR.</lines>
    </verse>
    <verse name="c1">
      <lines>DIZE-O A CRISTO; DIZE-O A CRISTO,<br/>QUE É O AMIGO MAIS FIEL;<br/>NÃO HÁ OUTRO AMIGO COMO CRISTO,<br/>DIZE-O AO EMANUEL.</lines>
    </verse>
    <verse name="v2">
      <lines>QUANDO ESTÁS DE TENTAÇÃO CERCADO,<br/>OLHA P'RA CRISTO; OLHA P'RA CRISTO;<br/>QUANDO RUGEM HOSTES DO PECADO,<br/>OLHA P'RA TEU SALVADOR.</lines>
    </verse>
    <verse name="v3">
      <lines>SE SAÍRAM OUTROS JÁ DAS SENDA,<br/>SEGUE A CRISTO; SEGUE A CRISTO;<br/>SE AUMENTA EM TORNO A CONTENDA,<br/>SEGUE A TEU SALVADOR.</lines>
    </verse>
    <verse name="v4">
      <lines>AO CHEGARS AO FIM DA JORNADA,<br/>CONFIA EM CRISTO; CONFIA EM CRISTO;<br/>DAR-TE-Á NO CÉU FELIZ ENTRADA,<br/>CONFIA EM TEU SALVADOR.</lines>
    </verse>
  </lyrics>
</song>
