<?xml version='1.0' encoding='utf-8'?>
<song xmlns="http://openlyrics.info/namespace/2009/song" version="0.8" createdIn="OpenLP 2.0.3" modifiedIn="OpenLP 2.0.3" modifiedDate="2014-02-05T19:27:30">
  <properties>
    <titles>
      <title>HC  153 - SOLDADOS DE CRISTO</title>
    </titles>
    <authors>
      <author>HARPA CRISTÃ</author>
    </authors>
  </properties>
  <lyrics>
    <verse name="v1">
      <lines>SOLDADOS DE CRISTO QUE ENTRASTES NA LIDA.<br/>LUTAI SEM DESMAIO, LUTAI COM VALOR;<br/>E O INIMIGO LEVAI DE VENCIDA,<br/>DIZENDO QUE CRISTO É O NOSSO SENHOR.</lines>
    </verse>
    <verse name="c1">
      <lines>SOLDADOS DE CRISTO, MARCHAI<br/>SEMPRE AVANTE,<br/>LEVANDO À DESTRA AS ARMAS DA LUZ;<br/>AS ALMAS PERDIDAS BUSCAI TRIUNFANTES<br/>E PRESTES, LEVAI-AS A CRISTO JESUS.</lines>
    </verse>
    <verse name="v2">
      <lines>PELEJA, Ó CRENTE, A SANTA PELEJA,<br/>PROSSEGUE AVANTE POR CRISTO JESUS;<br/>E SÊ MUI VALENTE; NA FRENTE ESTEJAS,<br/>DIZENDO QUE CRISTO MORREU NUMA CRUZ.</lines>
    </verse>
    <verse name="v3">
      <lines>A AURORA SE ACERCA DO DIA FAUTOSO,<br/>EM QUE PRÊMIO TERÃO A FÉ E O VALOR;<br/>E NELE, JESUS, GALARDÃO GRANDIOSO,<br/>DARÁ A QUALQUER QUE SAIR VENCEDOR.</lines>
    </verse>
  </lyrics>
</song>
