<?xml version='1.0' encoding='utf-8'?>
<song xmlns="http://openlyrics.info/namespace/2009/song" version="0.8" createdIn="OpenLP 2.0.3" modifiedIn="OpenLP 2.0.3" modifiedDate="2014-02-05T19:27:10">
  <properties>
    <titles>
      <title>HC  040 - A CIDADE DO BOM DEUS</title>
    </titles>
    <authors>
      <author>HARPA CRISTÃ</author>
    </authors>
  </properties>
  <lyrics>
    <verse name="v1">
      <lines>QUE SE DIZ OS TEUS ENCANTOS,<br/>Ó CIDADE DO BOM DEUS!<br/>QUE SOBERBA TE LEVANTAS<br/>ENTRE AS GLÓRIAS DESSES CÉUS,<br/>DESDE O MUNDO PREPARADA<br/>PARA CRISTO E PARA OS SEUS.</lines>
    </verse>
    <verse name="v2">
      <lines>SÃO DE JASPE ADAMANTINO<br/>OS TEUS MUROS, Ó SIÃO!<br/>SÃO DOURADAS ESSAS RUAS,<br/>QUE OS REMIDOS PISARÃO!<br/>DE CELSTE LUZ BANHADAS,<br/>REFULGENTES SEMPRE ESTÃO!</lines>
    </verse>
    <verse name="v3">
      <lines>PELO PRÓPRIO DEUS FUNDADA<br/>SOBRE A ROCHA SECULAR<br/>QUÃO SEGURAS TUAS PORTAS!<br/>QUEM AS PODE AMEAÇAR?<br/>IGUALMENTE, QUÃO SEGURO<br/>QUEM POR ELA LÁ ENTRAR!</lines>
    </verse>
    <verse name="v4">
      <lines>QUÃO FELIZES SÃO TEUS FILHOS,<br/>VENDO A FACE DO SENHOR!<br/>NUNCA MAIS A FOME SENTEM,<br/>NUNCA SENTEM MAIS A DOR,<br/>COM OS ANJOS DESFRUTANDO<br/>PLENO GOZO, PAZ E AMOR!</lines>
    </verse>
    <verse name="v5">
      <lines>O TRONO DO CORDEIRO,<br/>NOITE E DIA, SEM CESSAR<br/>CORRE O RIO DA ÁGUA VIVA,<br/>PARA TODOS SACIAR!<br/>LÁ COM CRISTO, VÃO TEUS FILHOS,<br/>SATISFEITOS DESCANSAR!</lines>
    </verse>
    <verse name="v6">
      <lines>SE, POR TEU AMOR INFINDO,<br/>DE SIÃO EU FILHO FOR,<br/>ZOMBE O MUNDO E ESCARNEÇA,<br/>NADA IMPORTA, SALVADOR,<br/>POIS QUE DO TEU GOZO ETERNO<br/>MESMO AQUI TENHO O PENHOR!</lines>
    </verse>
  </lyrics>
</song>
