<?xml version='1.0' encoding='utf-8'?>
<song xmlns="http://openlyrics.info/namespace/2009/song" version="0.8" createdIn="OpenLP 2.0.3" modifiedIn="OpenLP 2.0.3" modifiedDate="2014-02-05T19:27:17">
  <properties>
    <titles>
      <title>HC  086 - SATISFEITO COM CRISTO</title>
    </titles>
    <authors>
      <author>HARPA CRISTÃ</author>
    </authors>
  </properties>
  <lyrics>
    <verse name="v1">
      <lines>OH! 'STOU SATISFEITO COM CRISTO,<br/>PORQUE ELE MINH'ALMA SALVOU;<br/>E SOBRE O MADEIRO, SOFRENDO,<br/>O SEU GRANDE AMOR REVELOU.</lines>
    </verse>
    <verse name="c1">
      <lines>OH! 'STOU SATISFEIRO COM CRISTO,<br/>CONFESSO-O POR MEU SALVADOR:<br/>EMBORA DE NADA SER DIGNO,<br/>DESFRUTO DO SEU GRANDE AMOR.</lines>
    </verse>
    <verse name="v2">
      <lines>OH! S'TOU SATISFEITO COM CRISTO,<br/>DE TRISTE, TORNEI-ME FELIZ,<br/>OUVINDO O SEU SANTO EVANGELHO,<br/>E CRENDO NO QUE ELE ME DIZ.</lines>
    </verse>
    <verse name="v3">
      <lines>OH! 'STOU SATISFEITO COM CRISTO,<br/>E SEI QUE VAI LOGO VOLTAR;<br/>VIRÁ COM PODER GLORIOSO,<br/>A FIM DE SEU POVO LEVAR.</lines>
    </verse>
  </lyrics>
</song>
