<?xml version='1.0' encoding='utf-8'?>
<song xmlns="http://openlyrics.info/namespace/2009/song" version="0.8" createdIn="OpenLP 2.0.3" modifiedIn="OpenLP 2.0.3" modifiedDate="2014-02-05T19:28:22">
  <properties>
    <titles>
      <title>HC  420 - O QUE BUSCAS ANSIOSO</title>
    </titles>
    <authors>
      <author>HARPA CRISTÃ</author>
    </authors>
  </properties>
  <lyrics>
    <verse name="v1">
      <lines>O QUE BUSCAS ANSIOSO<br/>Ó PERDIDO PECADOR?<br/>TUDO QUE TENS POR PRECIOSO,<br/>MURCHARÁ QUAL LINDA FLOR!<br/>QUANDO TEU FIM CHEGAR,<br/>QUANDO TEU FIM CHEGAR,<br/>HÁ DE CESSAR O TEU GOZO,<br/>MAS VAI O CRENTE ENTRAR,<br/>MAS VAI O CRENTE ENTRAR,<br/>NUM LAR ETERNO DE REPOUSO!</lines>
    </verse>
    <verse name="v2">
      <lines>NESTE MUNDO HÁ BELAS FLORES,<br/>QUE NOS QUEREM SEDUZIR,<br/>MAS ESPINHOS TÊM, QUE DORES,<br/>HÃO DE SEMPRE PRODUZIR;<br/>MAS CRISTO, O SALVADOR,<br/>MAS CRISTO, O SALVADOR,<br/>DE SARON É LINDA ROSA,<br/>TEM EXCELENTE ODOR,<br/>TEM EXCELENTE ODOR,<br/>E ALEGRA A ALMA DESDITOSA!</lines>
    </verse>
    <verse name="v3">
      <lines>LARGA O MUNDO E O PECADO<br/>QUE TE TRAZEM PERDIÇÃO;<br/>E ACEITA DE BOM GRADO<br/>A JESUS NO CORAÇÃO.<br/>VIDA ETERNAL TERÁS;<br/>VIDA ETERNAL TERÁS;<br/>SIM, FRUIRÁS SANTO GOZO;<br/>CRISTO SERÁ TUA PAZ,<br/>CRISTO SERÁ TUA PAZ,<br/>E OS ALTOS CÉUS O TEU REPOUSO.</lines>
    </verse>
  </lyrics>
</song>
