<?xml version='1.0' encoding='utf-8'?>
<song xmlns="http://openlyrics.info/namespace/2009/song" version="0.8" createdIn="OpenLP 2.0.3" modifiedIn="OpenLP 2.0.3" modifiedDate="2014-02-05T19:27:35">
  <properties>
    <titles>
      <title>HC  171 - UM PECADOR REMIDO</title>
    </titles>
    <authors>
      <author>HARPA CRISTÃ</author>
    </authors>
  </properties>
  <lyrics>
    <verse name="v1">
      <lines>ERA UM PECADOR, ANDAVA SEM JESUS,<br/>NÃO TINHA ESPERANÇA, NEM DIVINA LUZ;<br/>HOJE SOU REMIDO, CRISTO ME SALVOU,<br/>CO'O SEU SANGUE ME LAVOU!</lines>
    </verse>
    <verse name="c1">
      <lines>QUE AMOR ME CONCEDEU JESUS,<br/>GOZO SANTO E CELESTE LUZ;<br/>CRISTO, BREVE, DO CÉU DESCERÁ,<br/>E CONSIGO, ENTÃO, ME LEVARÁ.</lines>
    </verse>
    <verse name="v2">
      <lines>O CONSOLADOR JÁ VEIO EM MIM MORAR,<br/>A PALAVRA SANTA VEIO ILUMINAR;<br/>QUERO SER GUIADO POR TÃO CLARA LUZ,<br/>QUE A CRISTO ME CONDUZ.</lines>
    </verse>
    <verse name="v3">
      <lines>VEM, JESUS AMADO, VEM SEM DEMORAR,<br/>EU ESTOU ANCIOSO P'RA NO CÉU ENTRAR;<br/>VEM SEM MAIS TARDANÇA FAZ RAIAR A LUZ,<br/>"ORA VEM, SENHOR JESUS"</lines>
    </verse>
    <verse name="v4">
      <lines>QUERES, PECADOR, GOZAR A SALVAÇÃO?<br/>VEM A CRISTO, HOJE, RECEBER PERDÃO,<br/>CRISTO TE ACEITA, POBRE PECADOR,<br/>NOS SEUS BRAÇOS DE AMOR!</lines>
    </verse>
  </lyrics>
</song>
