<?xml version='1.0' encoding='utf-8'?>
<song xmlns="http://openlyrics.info/namespace/2009/song" version="0.8" createdIn="OpenLP 2.0.3" modifiedIn="OpenLP 2.0.3" modifiedDate="2014-02-05T19:27:40">
  <properties>
    <titles>
      <title>HC  192 - PELO SANGUE</title>
    </titles>
    <authors>
      <author>HARPA CRISTÃ</author>
    </authors>
  </properties>
  <lyrics>
    <verse name="v1">
      <lines>PELO MUNDO BRILHA A LUZ,<br/>DESDE QUE MORREU JESUS,<br/>PENDURADO LÁ NA CRUZ DO CALVÁRIO!<br/>OS PECADOS CARREGOU<br/>E DE CULPA NOS LIVROU,<br/>COM O SANGUE QUE MANOU, NO CALVÁRIO!</lines>
    </verse>
    <verse name="c1">
      <lines>PELO SANGUE, PELO SANGUE,<br/>SOMOS REDIMIDOS, SIM<br/>PELO SANGUE CARMEZIM;<br/>PELO SANGUE, PELO SANGUE,<br/>PELO SANGUE DE JESUS, NO CALVÁRIO!</lines>
    </verse>
    <verse name="v2">
      <lines>ANTES TINHA MUI TEMOR,<br/>MAS, AGORA, TENHO AMOR,<br/>POIS COMPREENDO O VALOR DO CALVÁRIO;<br/>EU VIVI NA PERDIÇÃO<br/>MAS ACHEI A SALVAÇÃO<br/>PELA GRANDE REDENÇÃO: O CALVÁRIO!</lines>
    </verse>
    <verse name="v3">
      <lines>ÉS UM GRANDE PECADOR?<br/>EIS AQUI TEU SALVADOR!<br/>TEMA DO BOM PREGADOR: O CALVÁRIO,<br/>O CORDEIRO DIVINAL<br/>PADECEU NA CRUZ TEU MAL,<br/>E OFEREÇE GRAÇA TAL, NO CALVÁRIO.</lines>
    </verse>
  </lyrics>
</song>
