<?xml version='1.0' encoding='utf-8'?>
<song xmlns="http://openlyrics.info/namespace/2009/song" version="0.8" createdIn="OpenLP 2.0.3" modifiedIn="OpenLP 2.0.3" modifiedDate="2014-02-05T19:27:54">
  <properties>
    <titles>
      <title>HC  272 - QUANDO JESUS APARECER</title>
    </titles>
    <authors>
      <author>HARPA CRISTÃ</author>
    </authors>
  </properties>
  <lyrics>
    <verse name="v1">
      <lines>QUANDO JESUS APARECER,<br/>QUE FESTA PARA NÓS HÁ DE SER,<br/>AO CÉU DE LUZ IREMOS TER,<br/>P'RA DESFRUTAR ETERNO PRAZER,<br/>QUANDO AO SEU PAI NOS APRESENTAR,<br/>QUE ALEGRIA NO CÉU HAVERÁ;<br/>NO TRONO SEU TEREMOS LUGAR,<br/>EM NOSSA FRONTE COROA PORÁ.</lines>
    </verse>
    <verse name="v2">
      <lines>MARCHAI COM DEUS, SEM VOS DETER,<br/>EM SANTIDADE E SEM TEMER;<br/>SE NADA MAIS PODEIS FAZER -<br/>POR CRER EM CRISTO - TENDES PODER,<br/>SE HOJE CRERDES... DEUS VOS DARÁ;<br/>SE FÉ TIVERDES, VÓS RECEBEREIS,<br/>VIDA DE PAZ NO CÉU GOZARÁ<br/>TODO QUE CRER EM JESUS, NOSSO REI.</lines>
    </verse>
    <verse name="v3">
      <lines>IREMOS NÓS, NO CÉU CEAR<br/>E JESUS CRISTO NOS SERVIR;<br/>A SUA GREI QUE QUIS SALVAR,<br/>NO CÉU, ENTÃO, SE REUNIRÁ.<br/>QUAL FORTE SOL, DARÁ RESPLENDOR<br/>ANTE JESUS, O SENHOR ETERNAL!<br/>OH, QUE PRAZER, QUE SUBLIME AMOR,<br/>EXISTIRÁ NO LAR CELESTIAL!</lines>
    </verse>
  </lyrics>
</song>
