<?xml version='1.0' encoding='utf-8'?>
<song xmlns="http://openlyrics.info/namespace/2009/song" version="0.8" createdIn="OpenLP 2.0.3" modifiedIn="OpenLP 2.0.3" modifiedDate="2014-02-05T19:27:15">
  <properties>
    <titles>
      <title>HC  072 - RASGOU-SE O VÉU</title>
    </titles>
    <authors>
      <author>HARPA CRISTÃ</author>
    </authors>
  </properties>
  <lyrics>
    <verse name="v1">
      <lines>RASGOU-SE O VÉU, FRANCA FICOU A ENTRADA;<br/>CONFIANÇA TEMOS, PARA ALI ENTRAR,<br/>ONDE A DIVINA GLÓRIA REVELADA,<br/>OUTORA, NÃO PODÍAMOS MIRAR;<br/>POR CRISTO, ENTRANDO, NADA ALI TEMEMOS;<br/>A GLÓRIA BRILHA, SEM NOS OFUSCAR;<br/>NA LUZ ESTAMOS E PERMANECEMOS<br/>FIRMES, TRANQÜILOS, SEM MAIS VACILAR.</lines>
    </verse>
    <verse name="v2">
      <lines>CONTIGO ALI, SENHOR, NOS ENCONTRAMOS,<br/>POIS NOS LEVASTE JÁ AO SANTO PAI,<br/>EM CUJA GRAÇA ACEITOS, SEMPRE ESTAMOS,<br/>EM CUJO AMOR TÃO GRANDE NOS ATRAI<br/>A TI, Ó FILHO - EM TI, Ó BEM AMADO!<br/>E SÓ EM TI TEMOS ACEITAÇÃO;<br/>E QUEM, NO SANGUE ESTANDO JÁ LAVADO,<br/>ISENTO ESTÁ DA ETERNA PERDIÇÃO.</lines>
    </verse>
    <verse name="v3">
      <lines>Ó DEUS, A TI DE CORAÇÃO LOUVAMOS,<br/>POIS DE TI NOS QUISESTE APROXIMAR,<br/>QUANDO SEPARADOS DE TI FICAMOS,<br/>POR TUA LEI DIVINA, VIOLAR,<br/>TEUS SANTOS SEGUIDORES, CONSAGRADOS,<br/>NO SANGUE DO BENDITO SALVADOR,<br/>O CULTO E ADORAÇÃO TE APRESENTAMOS,<br/>PORQUE NOS CHAMASTE, Ó BOM SENHOR.</lines>
    </verse>
  </lyrics>
</song>
