<?xml version='1.0' encoding='utf-8'?>
<song xmlns="http://openlyrics.info/namespace/2009/song" version="0.8" createdIn="OpenLP 2.0.3" modifiedIn="OpenLP 2.0.3" modifiedDate="2014-02-05T19:27:44">
  <properties>
    <titles>
      <title>HC  213 - SOBRE A TERRA VOU ANDANDO</title>
    </titles>
    <authors>
      <author>HARPA CRISTÃ</author>
    </authors>
  </properties>
  <lyrics>
    <verse name="v1">
      <lines>SOBRE A TERRA VOU ANDANDO,<br/>BEM ALEGRE PARA O CÉU,<br/>SATISFEITO E SALMODIANDO<br/>AO BONDOSO DEUS;<br/>COM FEROZES INIMIGOS<br/>PELEJANDO SEMPRE ESTOU,<br/>MAS CONSERVO PAZ COMIGO,<br/>POIS AMADO SOU.</lines>
    </verse>
    <verse name="v2">
      <lines>MEU PASTOR É PAI CELESTE,<br/>QUE ME GUIA P'RA SIÃO<br/>PELOS VALES E MUI PRESTES,<br/>COM SEGURA MÃO;<br/>NOS PERIGOS DA VIAGEM,<br/>NAS ANGÚSTIAS E NA DOR,<br/>SUA VOZ ME DIZ: "CORAGEM,<br/>SOU TEU SALVADOR".</lines>
    </verse>
    <verse name="v3">
      <lines>COM JESUS EU TRABALHANDO,<br/>PERSEVERO EM ORAÇÃO;<br/>SEU SABER COM FÉ BUSCANDO<br/>P'RA TORNAR-ME SÃO.<br/>QUE PRAZER INCOMPARÁVEL<br/>SER GUIADO POR JESUS.<br/>SIM, POR CRISTO TÃO AMÁVEL,<br/>NA PERENE LUZ.</lines>
    </verse>
    <verse name="v4">
      <lines>AO CHEGAR-SE NESSA PÁTRIA<br/>TODOS PRANTOS CESSARÃO.<br/>JÁ O SOL DIVINO RAIA,<br/>NA FELIZ MANSÃO.<br/>MALES, LUTAS E AGONIAS,<br/>ACABARAM-SE AQUI;<br/>CRISTO VEM, OH! QUE ALEGRIA<br/>VAMOS TER ALI!</lines>
    </verse>
  </lyrics>
</song>
