<?xml version='1.0' encoding='utf-8'?>
<song xmlns="http://openlyrics.info/namespace/2009/song" version="0.8" createdIn="OpenLP 2.0.3" modifiedIn="OpenLP 2.0.3" modifiedDate="2014-02-05T19:27:26">
  <properties>
    <titles>
      <title>HC  140 - A SEGURANÇA DO CRENTE</title>
    </titles>
    <authors>
      <author>HARPA CRISTÃ</author>
    </authors>
  </properties>
  <lyrics>
    <verse name="v1">
      <lines>DE MAL NENHUM EU TEMEREI,<br/>EM MIM ESTÁ JESUS:<br/>JAMAIS PERTUBAÇÃO TEREI,<br/>POIS VIVO JÁ NA LUZ.</lines>
    </verse>
    <verse name="c1">
      <lines>SINTO PAZ MUI PROFUNDA ENFIM,<br/>INTO PAZ PROVENIENTE DA CRUZ,<br/>PELA FÉ SINTO VIVER EM MIM,<br/>MEU JESUS, MEU JESUS.</lines>
    </verse>
    <verse name="v2">
      <lines>JESUS ME TROUXE SALVAÇÃO;<br/>TAMBÉM, ME DISSE ASSIM:<br/>ME BUSCA NA TRIBULAÇÃO,<br/>P'RA TERES PAZ EM MIM.</lines>
    </verse>
    <verse name="v3">
      <lines>NA GRANDE FESTA DO PERDÃO,<br/>NO SEU REAL PODER,<br/>ME CONCEDEU ADMISSÃO,<br/>QUEM QUIS POR MIM MORRER.</lines>
    </verse>
    <verse name="v4">
      <lines>JÁ TENHO UMA VIVA FÉ,<br/>QUE NÃO CONFUNDIRÁ;<br/>O AMOR DE DEUS, QUE PURO É,<br/>DE PAZ ME ENCHERÁ.</lines>
    </verse>
  </lyrics>
</song>
