<?xml version='1.0' encoding='utf-8'?>
<song xmlns="http://openlyrics.info/namespace/2009/song" version="0.8" createdIn="OpenLP 2.0.3" modifiedIn="OpenLP 2.0.3" modifiedDate="2014-02-05T19:27:39">
  <properties>
    <titles>
      <title>HC  183 - RESSUSCITOU</title>
    </titles>
    <authors>
      <author>HARPA CRISTÃ</author>
    </authors>
  </properties>
  <lyrics>
    <verse name="v1">
      <lines>DA SEPULTURA, PARA O CÉU, JESUS VOLTOU,<br/>DEPOIS QUE O PECADO ANIQUILOU;<br/>COM GRAN PODER FOI QUE RESSUSCITOU,<br/>E LIBERDADE AOS PRESOS PROCLAMOU;<br/>TREMENDO, A TERRA O SAUDOU,<br/>POIS QUE DA MORTE SE LEVANTOU.</lines>
    </verse>
    <verse name="c1">
      <lines>RESSUSCITOU! RESSUSCITOU!<br/>E PARA O CÉU JESUS TORNOU;<br/>MAS VOLTARÁ, TAMBÉM DE LÁ,<br/>E NESTE MUNDO, ENTÃO REINARÁ.</lines>
    </verse>
    <verse name="v2">
      <lines>EM RISO, O PRANTO DOS DISCÍPULOS SE TORNOU,<br/>POIS VIVO, CRISTO SE APRESENTOU;<br/>-"PARTI P'RA GALILÉIA", ORDENOU,<br/>E A PROMESSA SANTA REVELOU:<br/>"PODER DO ALTO, EU VOS DOU<br/>POIS AO MEU PAI, PEDI-LO VOU".</lines>
    </verse>
    <verse name="v3">
      <lines>JESUS A SUA MÃO DIVINA LEVANTOU,<br/>ABENÇOANDO SERES QUE SALVOU,<br/>E, TRIUNFANTE, PARA O CÉU TORNOU,<br/>E UMA NUVEM LOGO O OCULTOU;<br/>MAS A PROMESSA LHES DEIXOU:<br/>"EIS QUE CONVOSCO P'RA SEMPRE ESTOU"</lines>
    </verse>
    <verse name="v4">
      <lines>SENTADO À DESTRA DE DEUS PAI, JESUS ESTÁ,<br/>POR SUA ESPOSA SUPLICANDO JÁ;<br/>O MUNDO DISTO NÃO COGITA CÁ,<br/>PORQUE NÃO VÊ A LUZ QUE BRILHA LÁ;<br/>MUI BEVE, CRISTO VOLTARÁ,<br/>MAS, SÓ OS SEUS, AO CÉU LEVARÁ.</lines>
    </verse>
  </lyrics>
</song>
