<?xml version='1.0' encoding='utf-8'?>
<song xmlns="http://openlyrics.info/namespace/2009/song" version="0.8" createdIn="OpenLP 2.0.3" modifiedIn="OpenLP 2.0.3" modifiedDate="2014-02-05T19:28:26">
  <properties>
    <titles>
      <title>HC  448 - CRENTES, AVANÇAI</title>
    </titles>
    <authors>
      <author>HARPA CRISTÃ</author>
    </authors>
  </properties>
  <lyrics>
    <verse name="v1">
      <lines>CRENTES, AVANÇAI,<br/>FIRMES PELEJAI<br/>CONTRA O VÍCIO, CONTRA O MAL!<br/>QUEM QUER TRIUNFAR,<br/>CRISTO AGRADAR,<br/>VEM À LUTA DIVINAL,<br/>NOSSO GUIA É JESUS,<br/>ELE SEMPRE NOS CONDUZ;<br/>A VITÓRIA NOS DARÁ,<br/>CRISTO SEMPRE VENCERÁ.</lines>
    </verse>
    <verse name="v2">
      <lines>O CELESTE LAR<br/>VAMOS ALCANÇAR,<br/>ESTRELAS JÁ RESPLANDECEM;<br/>A FESTA COMEÇARA!<br/>DESCANSO ALI PROMETIDO,<br/>MINH'ALMA ENTÃO GOZARÁ;<br/>OUVE A MENSAGEM, PERDIDO;<br/>JESUS EM BREVE VIRÁ!</lines>
    </verse>
  </lyrics>
</song>
