<?xml version='1.0' encoding='utf-8'?>
<song xmlns="http://openlyrics.info/namespace/2009/song" version="0.8" createdIn="OpenLP 2.0.3" modifiedIn="OpenLP 2.0.3" modifiedDate="2014-02-05T19:27:49">
  <properties>
    <titles>
      <title>HC  239 - IMPLORAMOS O CONSOLADOR</title>
    </titles>
    <authors>
      <author>HARPA CRISTÃ</author>
    </authors>
  </properties>
  <lyrics>
    <verse name="v1">
      <lines>VEM Ó SENHOR, E COMPLETA<br/>A OBRA TUA EM MIM;<br/>TORNA A MINHA ALMA DILETA,<br/>ENCHENDO-ME DE TI.</lines>
    </verse>
    <verse name="c1">
      <lines>Ó MANDA AGORA,<br/>O BOM CONSOLADOR;<br/>MINH'ALMA TE IMPLORA,<br/>O MEU AMADO SENHOR!</lines>
    </verse>
    <verse name="v2">
      <lines>HÁ TANTO TEMPO TE ESPERO,<br/>Ó CARO SALVADOR,<br/>MAS HOJE MESMO EU QUERO<br/>O BOM CONSOLADOR.</lines>
    </verse>
    <verse name="v3">
      <lines>TENS ME TIRADO P'RA FORA<br/>DO MUNDO SEDUTOR;<br/>Ó VEM SELAR-ME AGORA<br/>GLORIOSO REDENTOR.</lines>
    </verse>
    <verse name="v4">
      <lines>A TI PERTENCE A GLÓRIA,<br/>BENIGNO SALVADOR;<br/>SEMPRE ME DÁS A VITÓRIA,<br/>POR TEU IMENSO AMOR.</lines>
    </verse>
  </lyrics>
</song>
