<?xml version='1.0' encoding='utf-8'?>
<song xmlns="http://openlyrics.info/namespace/2009/song" version="0.8" createdIn="OpenLP 2.0.3" modifiedIn="OpenLP 2.0.3" modifiedDate="2014-02-05T19:28:18">
  <properties>
    <titles>
      <title>HC  399 - TERRA DE JESUS</title>
    </titles>
    <authors>
      <author>HARPA CRISTÃ</author>
    </authors>
  </properties>
  <lyrics>
    <verse name="v1">
      <lines>DESTE MUNDO, SIM, ALÉM, HÁ UM PAÍS DE LUZ;<br/>OH! NÃO QUERES IR LÁ? OH! NÃO QUERES IR LÁ?<br/>ONDE AS TREVAS NÃO SE VÊEM,<br/>POIS BRILHA ALI JESUS;<br/>OH! NÃO QUERES IR LÁ? OH! NÃO QUERES IR LÁ?</lines>
    </verse>
    <verse name="c1">
      <lines>TERRA DE JESUS,<br/>TERRA DE AMOR!<br/>OH! NÃO QUERES IR LÁ? OH! NÃO QUERES IR LÁ?<br/>ONDE BRILHA A LUZ DO MEU SALVADOR;<br/>OH! NÃO QUERES IR LÁ? OH! NÃO QUERES IR LÁ?</lines>
    </verse>
    <verse name="v2">
      <lines>PELAS PORTAS DE FULGOR, NÃO PODE O MAL ENTRAR;<br/>OH! NÃO QUERES IR LÁ? OH! NÃO QUERES IR LÁ?<br/>NEM A MORTE, LUTO OU DOR, NO CÉU TERÃO LUGAR,<br/>OH! NÃO QUERES IR LÁ? OH! NÃO QUERES IR LÁ?</lines>
    </verse>
    <verse name="v3">
      <lines>OH! QUE DIVINAL MANSÃO JESUS NOS PREPAROU!<br/>OH! NÃO QUERES IR LÁ! OH! NÃO QUERES IR LÁ?<br/>ONDE TODOS OS IRMÃOS<br/>VÃO VER QUEM OS SALVOS,<br/>OH! NÃO QUERES IR LÁ? OH! NÃO QUERES IR LÁ?</lines>
    </verse>
  </lyrics>
</song>
