<?xml version='1.0' encoding='utf-8'?>
<song xmlns="http://openlyrics.info/namespace/2009/song" version="0.8" createdIn="OpenLP 2.0.3" modifiedIn="OpenLP 2.0.3" modifiedDate="2014-02-05T19:27:31">
  <properties>
    <titles>
      <title>HC  156 - A OVELHA PERDIDA</title>
    </titles>
    <authors>
      <author>HARPA CRISTÃ</author>
    </authors>
  </properties>
  <lyrics>
    <verse name="v1">
      <lines>O BOM PASTOR BUSCOU-ME<br/>JÁ LONGE DO REDIL,<br/>E COM TERNURA ACHOU-ME,<br/>CAÍDO, TRISTE, VIL!<br/>AS CHAGAS COM AMOR PENSOU,<br/>E AO LAR NOS BRAÇOS ME LEVOU.</lines>
    </verse>
    <verse name="c1">
      <lines>SIM, JESUS AMOU-ME,<br/>COM AMOR BUSCOU-ME,<br/>ELE MESMO RESTAUROU-ME A DEUS;<br/>POR SEU SANGUE RESTAUROU-ME A DEUS.</lines>
    </verse>
    <verse name="v2">
      <lines>SEGUIU-ME, BEM DISTANTE<br/>DO SEU LUGAR, NO CÉU,<br/>E DISSE, EM VOZ AMANTE:<br/>"ACHEI-TE, TU ÉS MEU".<br/>JAMAIS SENTI TÃO GRANDE AMOR<br/>COMO ESTE DO MEU BOM PASTOR.</lines>
    </verse>
    <verse name="v3">
      <lines>POR ELE SOU QUERIDO,<br/>QUE GRAÇA SINGULAR!<br/>POIS ELE FOI FERIDO,<br/>A FIM DE ME SALVAR;<br/>ASSIM, OVELHA DELE SOU,<br/>E COM O SEU REBANHO VOU.</lines>
    </verse>
    <verse name="v4">
      <lines>PROSSIGO ALEGRE AGORA;<br/>DEUS DÁ PODER CABAL<br/>E GRACA SALVADORA;<br/>PROTEGE-ME DO MAL,<br/>O BOM PASTOR COMIGO ESTÁ,<br/>MEUS PASSOS ELE GUIARÁ.</lines>
    </verse>
  </lyrics>
</song>
