<?xml version='1.0' encoding='utf-8'?>
<song xmlns="http://openlyrics.info/namespace/2009/song" version="0.8" createdIn="OpenLP 2.0.3" modifiedIn="OpenLP 2.0.3" modifiedDate="2014-02-05T19:27:25">
  <properties>
    <titles>
      <title>HC  135 - O NOME PRECIOSO</title>
    </titles>
    <authors>
      <author>HARPA CRISTÃ</author>
    </authors>
  </properties>
  <lyrics>
    <verse name="v1">
      <lines>TEU NOME É PRECIOSO, AMADO SALVADOR,<br/>E GRANDE, GLORIOSO, NOS ENCHE DE AMOR,<br/>NÓS TODOS TE ADORAMOS COM VERDADEIRA FÉ,<br/>TAMBÉM NOS HUMILHAMOS, AOS TEUS SANTOS PÉS.</lines>
    </verse>
    <verse name="c1">
      <lines>QUANTAS BÊNÇÃOS<br/>PROMETIDAS<br/>NO TEU NOME, Ó SALVADOR!<br/>HOJE TENHO VIDA. GRAÇA É CONCEDIDA,<br/>NO TEU NOME, Ó SALVADOR!</lines>
    </verse>
    <verse name="v2">
      <lines>TEU NOME É SAGRADO, NOS DÁ CONSOLAÇÃO;<br/>POR ELE FOI-NOS DADO, DO CÉU, REAL PERDÃO;<br/>AVIVA A ESPERANÇA, AUMENTA NOSSO AMOR,<br/>DÁ FIRME CONFIANÇA E MAIS SO TEU VIGOR.</lines>
    </verse>
    <verse name="v3">
      <lines>TEU NOME É NOSSA VIDA E PAZ, Ó SALVADOR!<br/>A ARCA OFERECIDA AO POBRE PECADOR;<br/>POR ELE ABENÇOADA É TODA A NAÇÃO,<br/>QUE FOI PREDESTINADA Á GRANDE VOCAÇÃO.</lines>
    </verse>
  </lyrics>
</song>
