<?xml version='1.0' encoding='utf-8'?>
<song xmlns="http://openlyrics.info/namespace/2009/song" version="0.8" createdIn="OpenLP 2.0.3" modifiedIn="OpenLP 2.0.3" modifiedDate="2014-02-05T19:27:15">
  <properties>
    <titles>
      <title>HC  075 - EM JESUS TENS A PALMA DA VITÓRIA</title>
    </titles>
    <authors>
      <author>HARPA CRISTÃ</author>
    </authors>
  </properties>
  <lyrics>
    <verse name="v1">
      <lines>TENTADO, NÃO CEDAS, CEDER É PECAR,<br/>MELHOR E MAIS NOBRE, SERÁ TRIUNFAR,<br/>CORAGEM, Ó CRENTE, DOMINA O TEU MAL.<br/>DEUS PODE LIVRAR-TE DE QUEDA FATAL.</lines>
    </verse>
    <verse name="c1">
      <lines>EM JESUS TENS A PALMA<br/>DA VITÓRIA, MINH'ALMA;<br/>E TAMBÉM DOCE CALMA<br/>PELO SANGUE DA CRUZ!</lines>
    </verse>
    <verse name="v2">
      <lines>EVITA O PECADO, PROCURA AGRADAR<br/>A DEUS, A QUEM DEVES NO CORPO EXALTAR;<br/>NÃO MANCHES TEUS LÁBIOS COM IMPURA VOZ;<br/>DEFENDE TUA ALMA DO VÍCIO ATROZ.</lines>
    </verse>
    <verse name="v3">
      <lines>SÊ MANSO E BENIGNO, QUAL MORTO ATÉ.<br/>NA ROCHA ETERNA, FIRMA TUA FÉ;<br/>VERAZ É TEU DITO: DE DEUS É TEU SER?<br/>T'ESPERA A COROA, TU PODES VENCER.</lines>
    </verse>
  </lyrics>
</song>
