<?xml version='1.0' encoding='utf-8'?>
<song xmlns="http://openlyrics.info/namespace/2009/song" version="0.8" createdIn="OpenLP 2.0.3" modifiedIn="OpenLP 2.0.3" modifiedDate="2014-02-05T19:27:23">
  <properties>
    <titles>
      <title>HC  123 - CRISTO VOLTARÁ</title>
    </titles>
    <authors>
      <author>HARPA CRISTÃ</author>
    </authors>
  </properties>
  <lyrics>
    <verse name="v1">
      <lines>UM DIA CRISTO VOLTARÁ;<br/>AO ASCENDER, O PROMETEU;<br/>DO MODO QUE SUBIU VIRÁ;<br/>HÁ DE VER O REI JESUS, O POVO SEU.</lines>
    </verse>
    <verse name="c1">
      <lines>MUI BREVE SIM, JESUS VIRÁ,<br/>ALEGRE O VERÁ SEU POVO;<br/>VELANDO, TODOS DEVEM SEMPRE ESTAR,<br/>A FIM DE VÊ-LO VOLTAR.</lines>
    </verse>
    <verse name="v2">
      <lines>OS MENAGEIROS DO SENHOR,<br/>AFIRMAM QUE JESUS VIRÁ;<br/>E O PODER CONSOLADOR<br/>AS FIÉIS PROMESSAS NOS REVELARÁ.</lines>
    </verse>
    <verse name="v3">
      <lines>OH! GOZO SEM COMPARAÇÃO<br/>NO DIA DO MEU SALVADOR,<br/>COM A MUI GRANDE MULTIDÃO,<br/>SUBIREMOS AO ENCONTRO DO SENHOR.</lines>
    </verse>
    <verse name="v4">
      <lines>BEM-VINDO SEJAS, MEU SENHOR,<br/>EM TUA GLORIOSA LUZ;<br/>E NOSSA FÉ TERÁ VALOR;<br/>NÓS DIZEMOS: "ORA, VEM SENHOR JESUS".</lines>
    </verse>
  </lyrics>
</song>
