<?xml version='1.0' encoding='utf-8'?>
<song xmlns="http://openlyrics.info/namespace/2009/song" version="0.8" createdIn="OpenLP 2.0.3" modifiedIn="OpenLP 2.0.3" modifiedDate="2014-02-05T19:27:55">
  <properties>
    <titles>
      <title>HC  280 - Ó JESUS, TE SUPLICO</title>
    </titles>
    <authors>
      <author>HARPA CRISTÃ</author>
    </authors>
  </properties>
  <lyrics>
    <verse name="v1">
      <lines>Ó JESUS, NO TEU CAMINHO,<br/>TE SUPLICO COM FERVOR,<br/>TEM-ME MAIS A TI VIZINHO<br/>P'RA GOZAR DO TEU AMOR.</lines>
    </verse>
    <verse name="v2">
      <lines>Ó SENHOR, Ó VEM GUARDAR-ME<br/>SOB TUA PROTEÇÃO;<br/>PARA O CÉU, Ó VEM GUIAR-ME<br/>PELA TUA FORTE MÃO.</lines>
    </verse>
    <verse name="v3">
      <lines>DÁ-ME TEU CELESTE GOZO,<br/>E VITÓRIA SOBRE O MAL;<br/>DÁ-ME A GRAÇA, TEU REPOUSO,<br/>TUA PAZ CELESTIAL!</lines>
    </verse>
    <verse name="v4">
      <lines>Ó SENHOR, VEM CONSOLAR-ME,<br/>NO TEU DIVINAL AMOR!<br/>TUA VIDA QUEIRAS DAR-ME,<br/>MEU AMADO REDENTOR!</lines>
    </verse>
  </lyrics>
</song>
