<?xml version='1.0' encoding='utf-8'?>
<song xmlns="http://openlyrics.info/namespace/2009/song" version="0.8" createdIn="OpenLP 2.0.3" modifiedIn="OpenLP 2.0.3" modifiedDate="2014-02-05T19:28:20">
  <properties>
    <titles>
      <title>HC  409 - TRABALHADORES DO EVANGELHO</title>
    </titles>
    <authors>
      <author>HARPA CRISTÃ</author>
    </authors>
  </properties>
  <lyrics>
    <verse name="v1">
      <lines>TRABALHADORES DO EVANGELHO,<br/>EM BREVE CEIFAREIS;<br/>QUER FRACOS VÓS SEJAIS, OU VELHOS,<br/>DO CÉU VIGOR TEREIS.</lines>
    </verse>
    <verse name="c1">
      <lines>OS QUE ESPERAM NO SENHOR<br/>NOVAS FORÇAS OBTERÃO;<br/>COMO ÁGUIAS VOARÃO,<br/>SUBIRÃO PARA AS ALTURAS;<br/>CORRERÃO SEM SE CANSAR,<br/>SEM FATIGAR HÃO DE ANDAR;<br/>CORRERÃO SEM SE CANSAR,<br/>SEM FATIGAR HÃO DE ANDAR;<br/>CORRERÃO SEM SE CANSAR,<br/>ATÉ NO CÉU CHEGAR!</lines>
    </verse>
    <verse name="v2">
      <lines>NO BOM TRABALHO, QUANTAS VEZES,<br/>ESTAMOS A FALHAR,<br/>SEMPRE DEVEMOS NOS REVEZES<br/>EM CRISTO CONFIAR.</lines>
    </verse>
    <verse name="v3">
      <lines>JESUS ESTÁ AO NOSSO LADO,<br/>SUA FORÇA NOS DARÁ;<br/>O NOSSO SALVADOR AMDAO,<br/>SIM, TUDO SUPRIRÁ.</lines>
    </verse>
    <verse name="v4">
      <lines>EM CRISTO SEMPRE CONFIANDO<br/>SOCORRO VAMOS TER;<br/>O SALVADOR DO CÉU BAIXANDO<br/>VIRÁ NOS SOCORRER!</lines>
    </verse>
  </lyrics>
</song>
