<?xml version='1.0' encoding='utf-8'?>
<song xmlns="http://openlyrics.info/namespace/2009/song" version="0.8" createdIn="OpenLP 2.0.3" modifiedIn="OpenLP 2.0.3" modifiedDate="2014-02-05T19:28:33">
  <properties>
    <titles>
      <title>HC  484 - MEUS PECADOS LEVOU</title>
    </titles>
    <authors>
      <author>HARPA CRISTÃ</author>
    </authors>
  </properties>
  <lyrics>
    <verse name="v1">
      <lines>HOUVE UM QUE MORREU POR MEUS CRIMES NA CRUZ,<br/>'INDA INDIGNO E VIL COMO SOU;<br/>SOU FELIZ, POIS SEU SANGUE VERTEU MEU JESUS<br/>E COM ESTE, MEUS CRIMES LAVOU.</lines>
    </verse>
    <verse name="c1">
      <lines>MEUS PECADOS LEVOU NA CRUZ ONDE<br/>MORREU<br/>O SUBLIME E MEIGO JESUS: OS DESPREZOS SOFREU,<br/>A MINH'ALMA SALVOU<br/>E MUDOU MINHAS TREVAS EM LUZ.</lines>
    </verse>
    <verse name="v2">
      <lines>ELE É TERNO E AMÁVEL, NÃO HÁ OUTRO IGUAL!<br/>POIS CONVERTE O INFIFEL CORAÇÃO;<br/>E POR ESSA PACIÊNCIA E AMOR DIVINAL<br/>ESTOU LIVRE DA CONDENAÇÃO.</lines>
    </verse>
    <verse name="v3">
      <lines>MEU ANELO CONSTANTE É EM CRISTO VIVER,<br/>MEU CAMINHO, SEU EXEMPLO MARCOU;<br/>E P'RA DAR-ME A VIDA, JESUS QUIS MORRER;<br/>SOBRE A CRUZ MEUS PECADOS LEVOU.</lines>
    </verse>
  </lyrics>
</song>
