<?xml version='1.0' encoding='utf-8'?>
<song xmlns="http://openlyrics.info/namespace/2009/song" version="0.8" createdIn="OpenLP 2.0.3" modifiedIn="OpenLP 2.0.3" modifiedDate="2014-02-05T19:27:04">
  <properties>
    <titles>
      <title>HC  003 - PLENA PAZ</title>
    </titles>
    <authors>
      <author>HARPA CRISTÃ</author>
    </authors>
  </properties>
  <lyrics>
    <verse name="v1">
      <lines>PLENA PAZ O SANTO GOZO,<br/>TENHO EM TI, Ó MEU JESUS!<br/>POIS EU CRI EM TUA MORTE SOBRE A CRUZ;<br/>NO SENHOR SÓ CONFIANDO<br/>NESTE MUNDO VIVEREI,<br/>ENTOANDO ALELUIAS AO MEU REI!</lines>
    </verse>
    <verse name="c1">
      <lines>GLÓRIA AO MEU JESUS!<br/>POIS É DIGNO DE LOUVOR;<br/>É MEU REI, MEU BOM PASTOR,<br/>E MEU SENHOR.<br/>COMO OS ANJOS, QUE O LOUVAM,<br/>EU TAMBÉM O LOUVAREI,<br/>ENTOANDO ALELUIAS AO MEU REI!</lines>
    </verse>
    <verse name="v2">
      <lines>O AMOR DE JESUS CRISTO<br/>É MUITO GRANDE PARA MIM,<br/>POIS SUA GRAÇA ME ENCHEU DE AMOR SEM FIM.<br/>MEU JESUS FOI PARA A GLÓRIA,<br/>MAS UM DIA EU O VEREI,<br/>ENTOANDO ALELUIAS AO MEU REI!</lines>
    </verse>
    <verse name="v3">
      <lines>ESTE MUNDO NÃO DESEJA<br/>TÃO BONDOSO SALVADOR,<br/>NÃO SABENDO AGRADECER SEU GRANDE AMOR.<br/>EU, PORÉM, ESTOU GOZANDO<br/>DO FAVOR DA SUA LEI,<br/>ENTOANDO ALELUIAS AO MEU REI!</lines>
    </verse>
    <verse name="v4">
      <lines>QUANDO O POVO ISRAELITA<br/>COM JESUS SE CONSERTAR,<br/>DANDO GLÓRIA AO SEU NOME, SEM CESSAR.<br/>NESSE TEMPO, CÉU E TERRA<br/>HÃO DE SER A MESMA GREI,<br/>ENTOANDO ALELUIAS AO MEU REI!</lines>
    </verse>
  </lyrics>
</song>
