<?xml version='1.0' encoding='utf-8'?>
<song xmlns="http://openlyrics.info/namespace/2009/song" version="0.8" createdIn="OpenLP 2.0.3" modifiedIn="OpenLP 2.0.3" modifiedDate="2014-02-05T19:27:50">
  <properties>
    <titles>
      <title>HC  247 - DEUS NOS GUARDE NO SEU AMOR</title>
    </titles>
    <authors>
      <author>HARPA CRISTÃ</author>
    </authors>
  </properties>
  <lyrics>
    <verse name="v1">
      <lines>DEUS NOS GUARDE BEM NO SEU AMOR;<br/>ONDE QUER QUE NOS ACHEMOS,<br/>O SEU NOME LOUVAREMOS;<br/>DEUS NOS GUARDE BEM NO SEU AMOR!</lines>
    </verse>
    <verse name="c1">
      <lines>AO VOLTAR JESUS VAMOS NÓS ESTAR<br/>LIVRES DE QUALQUER SEPARAÇÃO;<br/>U'A COROA, ENTÃO VAMOS, SIM, FORMAR,<br/>LÁ NO CÉU, NA ETERNAL MANSÃO.</lines>
    </verse>
    <verse name="v2">
      <lines>DEUS NOS GUARDE EM SANTIFICAÇÃO<br/>NAS AGRURAS DA JORNADA,<br/>QUE É MUI BREVE TERMINADA!<br/>DEUS NOS GUARDE EM SANTIFICAÇÃO!</lines>
    </verse>
    <verse name="v3">
      <lines>DEUS NOS GUARDE E NOS CONCEDA PAZ,<br/>DE QUE TANTO CARECEMOS;<br/>Ó, ENQUANTO AQUI VIVEMOS,<br/>DEUS NOS GUARDE E NOS CONCEDA PAZ.</lines>
    </verse>
  </lyrics>
</song>
