<?xml version='1.0' encoding='utf-8'?>
<song xmlns="http://openlyrics.info/namespace/2009/song" version="0.8" createdIn="OpenLP 2.0.3" modifiedIn="OpenLP 2.0.3" modifiedDate="2014-02-05T19:28:06">
  <properties>
    <titles>
      <title>HC  330 - A FÉ DOS SANTOS</title>
    </titles>
    <authors>
      <author>HARPA CRISTÃ</author>
    </authors>
  </properties>
  <lyrics>
    <verse name="v1">
      <lines>PELA FÉ QUE UMA VEZ FOI ENTREGUE AOS SANTOS,<br/>QUE NOS VEM POR JESUS, E NOS SECA O PRANTO,<br/>PODEM OS CRENTES, SEM TER NENHUM ESPANTO,<br/>PROSSEGUIR NAS PISADAS DO SENHOR.</lines>
    </verse>
    <verse name="c1">
      <lines>NAS TRISTEZAS, NAS LUTAS, NA<br/>DOR,<br/>RECORRIAM AO CARO JESUS;<br/>A VITÓRIA LHES DAVA O SENHOR,<br/>PELO SANGUE VERTIDO NA CRUZ.</lines>
    </verse>
    <verse name="v2">
      <lines>OS CRISTÃOS FORAM POR TRIBUNAIS VIS JULGADOS,<br/>NAS PRISÕES, INOCENTES, À FORÇA LANÇADOS,<br/>E DE SEUS BENS TERRESTRES DESPOJADOS,<br/>MAS ALEGRES SEGUIRAM O SENHOR.</lines>
    </verse>
    <verse name="v3">
      <lines>PEREGRINOS OS SANTOS NO MUNDO ANDAVAM,<br/>NAS CARVENAS DA TERRA SE REFUGIAVAM,<br/>E ALI REUNIDOS, CELEBRAVAM<br/>A JESUS, SEU AMADO SALVADOR.</lines>
    </verse>
    <verse name="v4">
      <lines>PELA FÉ É QUE NÓS, CRENTES, SEMPRE DEVEMOS<br/>NOS FIRMAR EM JESUS E ASSIM VENCEREMOS,<br/>E UM DIA, NO CÉU ENCONTRAREMOS<br/>OS FIÉIS, QUE AMARAM O SENHOR.</lines>
    </verse>
    <verse name="v5">
      <lines>LÁ NO CÉU NÃO TEREMOS MAIS DOR,<br/>E O PRANTO ALI HÁ DE FINDAR,<br/>QUANO PERTO DO NOSSO SENHOR,<br/>NOSSA ALMA, ENFIM, REPOUSAR.</lines>
    </verse>
  </lyrics>
</song>
