<?xml version='1.0' encoding='utf-8'?>
<song xmlns="http://openlyrics.info/namespace/2009/song" version="0.8" createdIn="OpenLP 2.0.3" modifiedIn="OpenLP 2.0.3" modifiedDate="2014-02-05T19:28:02">
  <properties>
    <titles>
      <title>HC  308 - SÓ O SANGUE DE JESUS</title>
    </titles>
    <authors>
      <author>HARPA CRISTÃ</author>
    </authors>
  </properties>
  <lyrics>
    <verse name="v1">
      <lines>SÓ O SANGUE DE JESUS TEM PODER P'RA NOS LAVAR,<br/>E DE TODA MANCHA NOS LIMPA;<br/>TODO O QUE LAVADO FOR NESSE SANGUE EXPIADOR,<br/>NÃO MAIS TEME A MORTE NEM A DOR!</lines>
    </verse>
    <verse name="c1">
      <lines>SÓ O SANGUE PODE LIBERTAR,<br/>E TAMBÉM NOS LAVAR;<br/>PELO SANGUE VAMOS NÓS ALCANÇAR,<br/>A MORADA DE JESUS.</lines>
    </verse>
    <verse name="v2">
      <lines>SÓ O SANGUE DE JESUS, GUARDA-NOS DA CORRUPÇÃO,<br/>E NOS LIVRA DA VIL TENTAÇÃO;<br/>ESSE SANGUE TEM VALOR, POIS É PREÇO DO AMOR<br/>COM QUE RESGATOU-NOS O SENHOR.</lines>
    </verse>
    <verse name="v3">
      <lines>SÓ O SANGUE DE JESUS TEM PODER DE PRESERVAR<br/>O FIEL QUE A DEUS QUER AGRADAR;<br/>TODO O OURO É SEM VALOR P'RA PAGAR O GRAN FAVOR,<br/>DO ETERNO E DIVINO AMOR!</lines>
    </verse>
  </lyrics>
</song>
