<?xml version='1.0' encoding='utf-8'?>
<song xmlns="http://openlyrics.info/namespace/2009/song" version="0.8" createdIn="OpenLP 2.0.3" modifiedIn="OpenLP 2.0.3" modifiedDate="2014-02-05T19:27:14">
  <properties>
    <titles>
      <title>HC  069 - JESUS QUEBROU OS MEUS GRILHÕES</title>
    </titles>
    <authors>
      <author>HARPA CRISTÃ</author>
    </authors>
  </properties>
  <lyrics>
    <verse name="v1">
      <lines>JESUS QUEBROU OS MEUS GRILHÕES,<br/>COM SANGUE ME COMPROU;<br/>A MINHA ALMA, DE PRISÕES,<br/>ETERNA RESGATOU.</lines>
    </verse>
    <verse name="c1">
      <lines>ALELUIA! CRISTO SALVA O PERDIDO PECADOR!<br/>ALELUIA! CRISTO SALVA O PERDIDO COM AMOR!</lines>
    </verse>
    <verse name="v2">
      <lines>É MINHA PAZ, E PROTEÇÃO,<br/>MEU BOM CONSOLADOR;<br/>AUXÍLIO CERTO NA AFLIÇÃO,<br/>REMÉDIO PARA A DOR,</lines>
    </verse>
    <verse name="v3">
      <lines>NENHUM PERIGO TEMEREI,<br/>ESTANDO EM JESUS;<br/>AS DORES NÃO MAIS SOFREREI;<br/>JESUS É MINHA LUZ.</lines>
    </verse>
    <verse name="v4">
      <lines>JESUS, TEU NOME LOUVAREI,<br/>COM TODO O CORAÇÃO;<br/>ALEGRE AO MUNDO ANUNCIAREI<br/>TÃO GRANDE SALVAÇÃO.</lines>
    </verse>
  </lyrics>
</song>
