<?xml version='1.0' encoding='utf-8'?>
<song xmlns="http://openlyrics.info/namespace/2009/song" version="0.8" createdIn="OpenLP 2.0.3" modifiedIn="OpenLP 2.0.3" modifiedDate="2014-02-05T19:27:17">
  <properties>
    <titles>
      <title>HC  088 - REVELA A NÓS, SENHOR</title>
    </titles>
    <authors>
      <author>HARPA CRISTÃ</author>
    </authors>
  </properties>
  <lyrics>
    <verse name="v1">
      <lines>JESUS, MEU REI, MESTRE E SENHOR,<br/>O TEU AMOR REVELA A MIM,<br/>ENQUANTO EU AQUI VIVER,<br/>ATÉ EU VER DA VIDA O FIM.</lines>
    </verse>
    <verse name="c1">
      <lines>REVELA A NÓS, SENHOR JESUS, MEU<br/>SALVADOR,<br/>AS MARAVILHAS MIL DO TEU DIVINO AMOR;<br/>E COM VERAZ LOUVOR, FERVENTE GRATIDÃO;<br/>ELEVA A TI, JESUS SENHOR, O NOSSO CORAÇÃO.</lines>
    </verse>
    <verse name="v2">
      <lines>AS BENÇÃOS MIL DO TEU AMOR,<br/>QUAL ESPLENDOR ME CERCARÃO;<br/>O TEU OLHAR SERÁ, JESUS,<br/>A GRATA LUZ DO CORAÇÃO.</lines>
    </verse>
    <verse name="v3">
      <lines>SORRISOS TEUS VEREI BRILHAR,<br/>SE NÃO ANDAR NO MUNDO VIL:<br/>DESFRUTAREI PRAZER VERAZ,<br/>TEMPO DE PAZ PRIMAVERIL.</lines>
    </verse>
    <verse name="v4">
      <lines>E, QUANDO FOR NO CÉU MORAR,<br/>E DESCANSAR DOS DIAS MEUS,<br/>FELIZ VIVER RECEBEREI<br/>DE TI, MEU REI, MEU SANTO DEUS!</lines>
    </verse>
  </lyrics>
</song>
