<?xml version='1.0' encoding='utf-8'?>
<song xmlns="http://openlyrics.info/namespace/2009/song" version="0.8" createdIn="OpenLP 2.0.3" modifiedIn="OpenLP 2.0.3" modifiedDate="2014-02-05T19:28:20">
  <properties>
    <titles>
      <title>HC  411 - NÓS SOMOS TEUS</title>
    </titles>
    <authors>
      <author>HARPA CRISTÃ</author>
    </authors>
  </properties>
  <lyrics>
    <verse name="v1">
      <lines>FILHO DO ETERNO DEUS, NÓS SOMOS TEUS!<br/>COMPRASTE-NOS, JESUS, POR TUA CRUZ,<br/>RENDEMO-NOS, SENHOR, CHEIOS DE FÉ E AMOR;<br/>NÓS SOMOS TEUS, FILHO DE DEUS!</lines>
    </verse>
    <verse name="v2">
      <lines>O TEU CAMINHO, Ó DEUS QUE LEVA AO CÉU,<br/>FAZE-NOS PERCORRER ATÉ MORRER.<br/>NÃO TEM QUE RECEAR TODO O QUE NELE ANDAR;<br/>TU ÉS, SENHOR, O BOM PASTOR.</lines>
    </verse>
    <verse name="v3">
      <lines>A QUEM NOS QUIS SALVAR VAMOS LOUVAR<br/>COM VOZ E CORAÇÃO, EM SANTA UNIÃO,<br/>ACEITA, POIS, SENHOR, NOSSO VERAZ LOUVOR!<br/>GRAÇAS, OH! DEUS, QUE SOMOS TEUS!</lines>
    </verse>
  </lyrics>
</song>
