<?xml version='1.0' encoding='utf-8'?>
<song xmlns="http://openlyrics.info/namespace/2009/song" version="0.8" createdIn="OpenLP 2.0.3" modifiedIn="OpenLP 2.0.3" modifiedDate="2014-02-05T19:28:25">
  <properties>
    <titles>
      <title>HC  441 - A CHUVA DO CONSOLADOR</title>
    </titles>
    <authors>
      <author>HARPA CRISTÃ</author>
    </authors>
  </properties>
  <lyrics>
    <verse name="v1">
      <lines>UNÂNIMES AO PÉ DA CRUZ,<br/>PEDIMOS COM FERVOR,<br/>NOS MANDA HOJE, Ó JESUS,<br/>O BOM CONSOLADOR!</lines>
    </verse>
    <verse name="c1">
      <lines>SIM, MANDA OUTRA CHUVA,<br/>Ó BOM SALVADOR!<br/>E COM TUA CHAMA<br/>DESTRÓI DE NÓS O MAL;<br/>Ó DÁ-NOS A CHUVA,<br/>DO CONSOLADOR;<br/>AO POVO TEU INFLAMA<br/>COM PODER CELESTIAL!</lines>
    </verse>
    <verse name="v2">
      <lines>QUAL VIVO FOGO OU FURACÃO<br/>Ó FÁ-LO A NÓS DESCER;<br/>E POSSA CADA CORAÇÃO<br/>UM TEMPLO DELE SER.</lines>
    </verse>
    <verse name="v3">
      <lines>MEDIANTE A FÉ E A ORAÇÃO,<br/>O CÉU TU ABRIRÁS,<br/>O ÓLEO SANTO DA UNÇÃO,<br/>EM NÓS DERRAMARÁS!</lines>
    </verse>
    <verse name="v4">
      <lines>PEDIMOS NÓS, AGORA A TI,<br/>Ó QUEIMA TODO MAL<br/>E VIVIFICA-NOS AQUI,<br/>COM FOGO CELESTIAL!</lines>
    </verse>
  </lyrics>
</song>
