<?xml version='1.0' encoding='utf-8'?>
<song xmlns="http://openlyrics.info/namespace/2009/song" version="0.8" createdIn="OpenLP 2.0.3" modifiedIn="OpenLP 2.0.3" modifiedDate="2014-02-05T19:28:31">
  <properties>
    <titles>
      <title>HC  474 - PAZ, DOCE PAZ</title>
    </titles>
    <authors>
      <author>HARPA CRISTÃ</author>
    </authors>
  </properties>
  <lyrics>
    <verse name="v1">
      <lines>PAZ, DOCE PAZ! QUE BROTA, LÁ DA CRUZ;<br/>NOS TROUXE PAZ O SANGUE DE JESUS.</lines>
    </verse>
    <verse name="v2">
      <lines>PAZ, DOCE PAZ! ANDAR NO TEU QUERER,<br/>DE CRISTO, A NÓS A PAZ VAI NOS TRAZER.</lines>
    </verse>
    <verse name="v3">
      <lines>PAZ, DOCE PAZ! P'RA TODO O PECADOR!<br/>DESCANSO E PAZ TEREIS NO SALVADOR.</lines>
    </verse>
    <verse name="v4">
      <lines>PAZ, DOCE PAZ! PAZ NA SEPARAÇÃO,<br/>A PAZ DE CRISTO DÁ CONSOLAÇÃO!</lines>
    </verse>
    <verse name="v5">
      <lines>PAZ, DOCE PAZ! ENQUANTO AO MEU PORVIR,<br/>JESUS, PAZ, SEMPRE ME FARÁ FRUIR.</lines>
    </verse>
    <verse name="v6">
      <lines>PAZ, DOCE PAZ! NÃO TEMO A MORTE, A DOR,<br/>JESUS VENCEU A MORTE E SEU TERROR.</lines>
    </verse>
    <verse name="v7">
      <lines>PAZ, DOCE PAZ! NÃO TARDARÁ JESUS,<br/>E NOS DARÁ CELESTE PAZ E LUZ. AMÉM.</lines>
    </verse>
  </lyrics>
</song>
