<?xml version='1.0' encoding='utf-8'?>
<song xmlns="http://openlyrics.info/namespace/2009/song" version="0.8" createdIn="OpenLP 2.0.3" modifiedIn="OpenLP 2.0.3" modifiedDate="2014-02-05T19:27:45">
  <properties>
    <titles>
      <title>HC  219 - O AMOR DO CRIADOR</title>
    </titles>
    <authors>
      <author>HARPA CRISTÃ</author>
    </authors>
  </properties>
  <lyrics>
    <verse name="v1">
      <lines>OS RAIOS DO AMOR DE DEUS,<br/>BRILHAM NA MINH'ALMA,<br/>E O FIM EU VI DOS DIAS MEUS,<br/>TAMBÉM UM QUE ME SALVA;<br/>EU TENHO JÁ DO CÉU A LUZ.<br/>DAS TREVAS FUI LIBERTO,<br/>AGORA CRISTO ME CONDUZ<br/>NAS PLAGAS DO DESERTO!</lines>
    </verse>
    <verse name="c1">
      <lines>O TEU AMOR, Ó CRIADOR,<br/>SE REVELOU ALI NA CRUZ.<br/>QUANDO EXPIROU EM MEU LUGAR<br/>QUEM ME SALVOU: - O MEU JESUS.</lines>
    </verse>
    <verse name="v2">
      <lines>AO MEU JESUS DAREI LOUVOR,<br/>POIS HOJE COMPREEENDO,<br/>QUE O AMOR DO GRANDE REDENTOR,<br/>VAI TUDO ME PROVENDO;<br/>JÁ DANTES DESTA CRIAÇÃO<br/>JESUS ME PREPARAVA<br/>A MAIS PERFEITA SALVAÇÃO;<br/>OH! QUANTO A MIM AMAVA!</lines>
    </verse>
    <verse name="v3">
      <lines>O DOM PRECIOSO DE JESUS,<br/>OH! DEUS, ME REVELASTE!<br/>E TEU AMOR, CELESTE LUZ,<br/>EM MIM TU DERRAMASTE!<br/>QUEM MEDIRÁ O AMOR DE DEUS,<br/>TÃO SANTO, INSONDÁVEL,<br/>O QUAL ENCHE OS MAIS ALTOS CÉUS;<br/>AMOR INESGOTÁVEL!</lines>
    </verse>
  </lyrics>
</song>
