<?xml version='1.0' encoding='utf-8'?>
<song xmlns="http://openlyrics.info/namespace/2009/song" version="0.8" createdIn="OpenLP 2.0.3" modifiedIn="OpenLP 2.0.3" modifiedDate="2014-02-05T19:27:56">
  <properties>
    <titles>
      <title>HC  282 - QUE SANGUE PRECIOSO</title>
    </titles>
    <authors>
      <author>HARPA CRISTÃ</author>
    </authors>
  </properties>
  <lyrics>
    <verse name="v1">
      <lines>QUE SANGUE PRECIOSO<br/>SAIU DO SALVADOR!<br/>OH SANGUE GLORIOSO,<br/>QUE LAVA O PECADOR!</lines>
    </verse>
    <verse name="c1">
      <lines>SIM, O SANGUE QUE JESUS<br/>NA CRUZ DERRAMOU;<br/>SIM, O SANGUE DE JESUS,<br/>MEU CORAÇÃO LAVOU!</lines>
    </verse>
    <verse name="v2">
      <lines>IRMÃOS, NOS RECORDEMOS<br/>QUE O SANGUE NOS LAVOU<br/>ALEGRES, JUBILEMOS<br/>SEU SANGUE NOS COMPROU!</lines>
    </verse>
    <verse name="v3">
      <lines>NA GLÓRIA ESTÁ SENTADO,<br/>JESUS, MEU REDENTOR!<br/>NO TRONO COROADO,<br/>O MEU INTERCESSOR!</lines>
    </verse>
    <verse name="v4">
      <lines>POR QUE ASSIM RESISTES<br/>AO MEIGO SALVADOR?<br/>ACEITA O SEU CONVITE<br/>P'RAS BODAS DE AMOR.</lines>
    </verse>
  </lyrics>
</song>
