<?xml version='1.0' encoding='utf-8'?>
<song xmlns="http://openlyrics.info/namespace/2009/song" version="0.8" createdIn="OpenLP 2.0.3" modifiedIn="OpenLP 2.0.3" modifiedDate="2014-02-05T19:28:19">
  <properties>
    <titles>
      <title>HC  402 - AO GÓLGOTA</title>
    </titles>
    <authors>
      <author>HARPA CRISTÃ</author>
    </authors>
  </properties>
  <lyrics>
    <verse name="v1">
      <lines>AO GÓLGOTA ASCENDE ALMA MINHA,<br/>CONTEMPLA ALI TEU SENHOR,<br/>TAMBÉM A AGONIA QUE TINHA,<br/>SOFRENDO POR TI COM AMOR;<br/>NÃO VÊS UMA RUBRA TORRENTE<br/>COBRINDO A TERRA DE HORROR?<br/>É O SANGUE DE CRISTO INOCENTE<br/>VERTIDO POR MIM, PECADOR.</lines>
    </verse>
    <verse name="v2">
      <lines>MINH'ALMA, TE LAVA CONTENTE<br/>NO SANGUE DO TEU REDENTOR!<br/>É CRISTO A SENDA SOMENTE,<br/>QUE LEVA AO REPOUSO DE AMOR;<br/>JUBILA NO ONIPOTENTE<br/>POR TODA A SUA MERCÊ,<br/>TAMBÉM PELO DOM EXCELENTE<br/>DE CRISTO EM TODO O QUE CRÊ!</lines>
    </verse>
    <verse name="v3">
      <lines>MINH'ALMA, Ó SOBE P'RA O ALTO!<br/>ALI OUVIRÁS O FALAR<br/>D'AQUELE A QUEM EU EXALTO;<br/>NÃO SABES QUE VÊ TEU PENAR?<br/>NA GRAÇA DIVINA MEDITA,<br/>QUE TENS EM JESUS, TEU SENHOR;<br/>RECEBE A GLÓRIA BENDITA<br/>ORANDO A DEUS, COM FERVOR!</lines>
    </verse>
    <verse name="v4">
      <lines>HOSANAS AO ONISCIENTE!<br/>JESUS VEIO AQUI P'RA SALVAR<br/>MINH'ALMA DA "VELHA SERPENTE"<br/>QUE ANDA NO MUNDO A TENTAR;<br/>QUE ANDA NO MUNDO A TENTAR;<br/>HOSANAS A DEUS ENTOEMOS<br/>POR SUA PALAVRA DE AMOR;<br/>HOSANAS E GLÓRIA RENDEMOS,<br/>A CRISTO JESUS, O SENHOR.</lines>
    </verse>
  </lyrics>
</song>
