<?xml version='1.0' encoding='utf-8'?>
<song xmlns="http://openlyrics.info/namespace/2009/song" version="0.8" createdIn="OpenLP 2.0.3" modifiedIn="OpenLP 2.0.3" modifiedDate="2014-02-05T19:27:22">
  <properties>
    <titles>
      <title>HC  115 - TRABALHAI E ORAI</title>
    </titles>
    <authors>
      <author>HARPA CRISTÃ</author>
    </authors>
  </properties>
  <lyrics>
    <verse name="v1">
      <lines>EU QUERO TRABALHAR P'RA MEU SENHOR,<br/>LEVANDO A PALAVRA COM AMOR;<br/>QUERO EU CANTAR E ORAR,<br/>E OCUPADO QUERO ESTAR,<br/>SIM, NA VINHA DO SENHOR.</lines>
    </verse>
    <verse name="c1">
      <lines>TRABALHAI E ORAI,<br/>NA SEARA E NA VINHA DO SENHOR;<br/>MEU DESEJO E ORAR,<br/>OCUPADO QUERO ESTAR<br/>SIM, NA VINHA DO SENHOR.</lines>
    </verse>
    <verse name="v2">
      <lines>EU QUERO, CADA DIA TRABALHAR;<br/>ESCRAVOS DO PECADO LIBERTAR;<br/>CONDUZI-LOS A JESUS,<br/>NOSSO GUIA, NOSSA LUZ,<br/>SIM, NA VINHA DO SENHOR.</lines>
    </verse>
    <verse name="v3">
      <lines>EU QUERO SER OBREIRO DE VALOR,<br/>CONFIANDO NO PODER DO SALVADOR;<br/>SE QUISERES TRABALHAR,<br/>ACHARÁS TAMBÉM LUGAR,<br/>SIM, NA VINHA DO SENHOR.</lines>
    </verse>
  </lyrics>
</song>
