<?xml version='1.0' encoding='utf-8'?>
<song xmlns="http://openlyrics.info/namespace/2009/song" version="0.8" createdIn="OpenLP 2.0.3" modifiedIn="OpenLP 2.0.3" modifiedDate="2014-02-05T19:28:22">
  <properties>
    <titles>
      <title>HC  419 - VINDE, PECADORES</title>
    </titles>
    <authors>
      <author>HARPA CRISTÃ</author>
    </authors>
  </properties>
  <lyrics>
    <verse name="v1">
      <lines>VINDE TODOS PECADORES<br/>A JESUS, O SALVADOR;<br/>VINDE LOGO, SEM TEMORES,<br/>ENCONTRAR O REDENTOR.</lines>
    </verse>
    <verse name="c1">
      <lines>SIM EU SEI; OH! EU SEI,<br/>CRISTO SALVA O PERDIDO PECADOR!<br/>SIM EU SEI; OH! EU SEI,<br/>CRISTO SALVA O PERDIDO PECADOR!</lines>
    </verse>
    <verse name="v2">
      <lines>DÁ AOS FRACOS, FORTALEZA;<br/>DAS MONTANHAS PLANOS FAZ,<br/>AO DESERTO DÁ BELEZA,<br/>E AOS CRENTES, LUZ E PAZ.</lines>
    </verse>
    <verse name="v3">
      <lines>NAS FRAQUEZAS, EI-LO PERTO,<br/>DOMINANDO A FORÇA MÁ;<br/>NO CAMINHO, GUIA CERTO,<br/>E SUA GRAÇA SEMPRE DÁ.</lines>
    </verse>
    <verse name="v4">
      <lines>TENHO GOZO MUI SUPERNO<br/>PELO SANGUE QUE VERTEU,<br/>NEM O MUNDO, NEM INFERNO,<br/>TIRAM A VIDA QUE ME DEU.</lines>
    </verse>
    <verse name="v5">
      <lines>QUANDO CRISTO VIER NA GLÓRIA<br/>A BUSCAR O POVO SEU,<br/>CANTAREMOS A HISTÓRIA,<br/>DO AMOR DE DEUS, NO CÉU.</lines>
    </verse>
  </lyrics>
</song>
