<?xml version='1.0' encoding='utf-8'?>
<song xmlns="http://openlyrics.info/namespace/2009/song" version="0.8" createdIn="OpenLP 2.0.3" modifiedIn="OpenLP 2.0.3" modifiedDate="2014-02-05T19:28:32">
  <properties>
    <titles>
      <title>HC  476 - O CEGO DE JERICÓ</title>
    </titles>
    <authors>
      <author>HARPA CRISTÃ</author>
    </authors>
  </properties>
  <lyrics>
    <verse name="v1">
      <lines>ENQUANTO PARA JERICÓ<br/>O BOM JESUS PASSAVA,<br/>UM CEGO, FILHO DE JACÓ,<br/>SEM SE CANSAR CLAMAVA:</lines>
    </verse>
    <verse name="c1">
      <lines>"JESUS, Ó FILHO DE DAVI,<br/>TEM COMPAIXÃO DE MIM, SENHOR!"<br/>"JESUS, Ó FILHO DE DAVI,<br/>ATENDE AO MEU CLAMOR!"</lines>
    </verse>
    <verse name="v2">
      <lines>A MULTIDÃO VENDO-O CLAMAR,<br/>- "SÊ QUIETO", LHE DIZIA;<br/>MAS ELE SEM A ESCUTAR,<br/>MAIS FORTE REPETIA.</lines>
    </verse>
    <verse name="v3">
      <lines>JESUS ENTÃO MANDOU CHAMAR<br/>O CEGO QUE GRITAVA,<br/>QUE VEIO LOGO SEM TARDAR,<br/>MAS "INDA ASSIM CLAMAVA".</lines>
    </verse>
    <verse name="v4">
      <lines>JESUS PERGUNTA COM PRAZER:<br/>"QUE QUERES QUE TE FAÇA?<br/>"JESUS, EU QUERO HOJE VER,<br/>POR TEU PODER E GRAÇA".</lines>
    </verse>
    <verse name="v5">
      <lines>ENTÃO JESUS LHE RESPONDEU:<br/>"VAI, A TUA FÉ TE SALVOU".<br/>E LOGO VIU, O BARTIMEU,<br/>E AO BOM JESUS LOUVOU!</lines>
    </verse>
  </lyrics>
</song>
