<?xml version='1.0' encoding='utf-8'?>
<song xmlns="http://openlyrics.info/namespace/2009/song" version="0.8" createdIn="OpenLP 2.0.3" modifiedIn="OpenLP 2.0.3" modifiedDate="2014-02-05T19:28:10">
  <properties>
    <titles>
      <title>HC  356 - ORAÇÃO DOMINICAL</title>
    </titles>
    <authors>
      <author>HARPA CRISTÃ</author>
    </authors>
  </properties>
  <lyrics>
    <verse name="v1">
      <lines>Ó NOSSO PAI QUE ESTÁS NO CÉU,<br/>DO UNIVERSO O BENFEITOR;<br/>SANTIFICADO SEJA O NOME TEU,<br/>O GLORIOSO DEUS DE AMOR!</lines>
    </verse>
    <verse name="v2">
      <lines>O REINO TEU, VENHA COM PODER,<br/>CONFORME O ANÚNCIO TEU;<br/>E SEJA FEITO SEMPRE TEU QUERER,<br/>NA TERRA, COMO LÁ NO CÉU.</lines>
    </verse>
    <verse name="v3">
      <lines>E CADA DIA O NOSSO PÃO,<br/>DÁ-NOS SENHOR, E SEM FALTAR;<br/>E NOSSAS ALMAS QUE SEDENTAS ESTÃO,<br/>VEM PARA SEMPRE SACIAR.</lines>
    </verse>
    <verse name="v4">
      <lines>VEM PERDOAR NOSSAS FALTAS, VEM,<br/>PAI GLORIOSO ETERNAL;<br/>POIS PERDOADO TEMOS NÓS, TAMBÉM,<br/>OS QUE A NÓS FIZERAM MAL.</lines>
    </verse>
    <verse name="v5">
      <lines>DA TENTAÇÃO QUEIRAS NOS LIVRAR,<br/>E DO MAL NOS AFASTAR BEM,<br/>POIS TE PERTENCE O CÉU, A TERRA E O MAR.<br/>O REINO PARA SEMPRE, AMÉM!</lines>
    </verse>
  </lyrics>
</song>
