<?xml version='1.0' encoding='utf-8'?>
<song xmlns="http://openlyrics.info/namespace/2009/song" version="0.8" createdIn="OpenLP 2.0.3" modifiedIn="OpenLP 2.0.3" modifiedDate="2014-02-05T19:28:28">
  <properties>
    <titles>
      <title>HC  456 - A FONTE TRANSBORDANTE</title>
    </titles>
    <authors>
      <author>HARPA CRISTÃ</author>
    </authors>
  </properties>
  <lyrics>
    <verse name="v1">
      <lines>OH! QUE FONTE TRANSBORDANTE!<br/>MAIS PROFUNDA QUE O MAR.<br/>É DE DEUS, O AMOR IMENSO,<br/>QUE JESUS ME VEIO DAR.</lines>
    </verse>
    <verse name="c1">
      <lines>ELE ME ABRIU A PORTA, E ME RECONCILIOU,<br/>POR SEU SANGUE DERRAMADO; PARA DEUS<br/>ME CONSAGROU.</lines>
    </verse>
    <verse name="v2">
      <lines>COMO A POMBA PERSEGUIDA<br/>E CANSADA ESTAVA EU<br/>MAS JESUS JAMAIS REJEITA,<br/>QUEM BUSCAR ABRIGO SEU.</lines>
    </verse>
    <verse name="v3">
      <lines>GRAÇA ABUNDANTEMENTE<br/>SOBRE MIM JÁ DERRAMOU;<br/>ONDE ABUNDOU PECADO,<br/>GRAÇA SUPERABUNDOU.</lines>
    </verse>
    <verse name="v4">
      <lines>QUANDO ALVORECER MEU DIA.<br/>COM JESUS, IREI P'RO CÉU;<br/>EU O EXALTAREI P'RA SEMPRE,<br/>POIS SALVOU UM PERDIDO RÉU.</lines>
    </verse>
  </lyrics>
</song>
