<?xml version='1.0' encoding='utf-8'?>
<song xmlns="http://openlyrics.info/namespace/2009/song" version="0.8" createdIn="OpenLP 2.0.3" modifiedIn="OpenLP 2.0.3" modifiedDate="2014-02-05T19:27:29">
  <properties>
    <titles>
      <title>HC  147 - SERVIR A JESUS</title>
    </titles>
    <authors>
      <author>HARPA CRISTÃ</author>
    </authors>
  </properties>
  <lyrics>
    <verse name="v1">
      <lines>QUERO EU SERVIR-TE, Ó MEU REI JESUS,<br/>E CONTIGO SEMPRE CAMINHAR NA LUZ,<br/>TENDO COM O POVO DE DEUS COMUNHÃO<br/>E DOS MEUS PECADOS PURIFICAÇÃO.</lines>
    </verse>
    <verse name="c1">
      <lines>SIM, Ó MEU SENHOR,<br/>QUERO SEGUIR-TE, Ó DEUS DE AMOR.<br/>SEMPRE TE SERVINDO,<br/>E TAMBÉM DANDO A TI LOUVOR.</lines>
    </verse>
    <verse name="v2">
      <lines>NO TEU BOM SERVIÇO TENHO EU PRAZER,<br/>NELE MUITA GRAÇA EU VOU RECEBER;<br/>SEMPRE FALAREI ASSIM DO TEU AMOR,<br/>E TE GLORIFICAREI, MEU SALVADOR.</lines>
    </verse>
    <verse name="v3">
      <lines>DESÇA TUA GRAÇA SOBRE MIM, SENHOR,<br/>PARA TRABALHAR COM MAIS E MAIS FERVOR,<br/>DÁ-ME ENTENDIMENTO E VERAZ SABER,<br/>PARA ALEGRE, EU FAZER O TEU QUERER.</lines>
    </verse>
    <verse name="v4">
      <lines>SÓ EM TI CONFIO, MEU SENHOR E REI;<br/>SÓ EM TI VITÓRIA EU ALCANÇAREI.<br/>E CONTIGO QUERO SEMPRE AQUI VIVER,<br/>'TÉ QUE P'RA SIÃO, ME VENHAS RECEBER.</lines>
    </verse>
  </lyrics>
</song>
