<?xml version='1.0' encoding='utf-8'?>
<song xmlns="http://openlyrics.info/namespace/2009/song" version="0.8" createdIn="OpenLP 2.0.3" modifiedIn="OpenLP 2.0.3" modifiedDate="2014-02-05T19:27:37">
  <properties>
    <titles>
      <title>HC  175 - IRMÃOS AMADOS</title>
    </titles>
    <authors>
      <author>HARPA CRISTÃ</author>
    </authors>
  </properties>
  <lyrics>
    <verse name="v1">
      <lines>IRMÃOS AMADOS - E RESGATADDOS,<br/>SEGUI AVANTE - E TRIUFANTES,<br/>COMBATEREMOS - E VENCEREMOS,<br/>NO NOME SANTO DE JESUS!</lines>
    </verse>
    <verse name="c1">
      <lines>NO MUNDO SANTO - ALEGRE CANTO:<br/>EU FUI LAVADO - SANTIFICADO;<br/>VIVI PERDIDO - MAS SOU REMIDO.<br/>NO NOME SANTO DE JESUS!</lines>
    </verse>
    <verse name="v2">
      <lines>IRMÃOS AMADOS - SANTIFICADOS,<br/>VIVEI UNIDOS - POIS SOIS REMIDOS,<br/>NÃO MAIS TEMENDO - O BEM FAZENDO,<br/>NO NOME SANTO DE JESUS!</lines>
    </verse>
    <verse name="v3">
      <lines>IRMÃOS AMADOS - PURIFICADOS,<br/>SEDE VALENTES - E MUI PRUDENTES,<br/>ESTAIS LAVADOS - E LIBERTADOS,<br/>NO NOME SANTO DE JESUS!</lines>
    </verse>
  </lyrics>
</song>
