<?xml version='1.0' encoding='utf-8'?>
<song xmlns="http://openlyrics.info/namespace/2009/song" version="0.8" createdIn="OpenLP 2.0.3" modifiedIn="OpenLP 2.0.3" modifiedDate="2014-02-05T19:27:57">
  <properties>
    <titles>
      <title>HC  287 - OH, FOI O SANGUE</title>
    </titles>
    <authors>
      <author>HARPA CRISTÃ</author>
    </authors>
  </properties>
  <lyrics>
    <verse name="v1">
      <lines>OH, FOI O SANGUE DO SENHOR<br/>QUE ME SALVOU, SIM, ME SALVOU;<br/>SIM, ESTE SANGUE TEM PODER,<br/>DE TODA A MANCHA ME LAVOU.</lines>
    </verse>
    <verse name="c1">
      <lines>JESUS P'RA TODOS TEM PODER E SALVAÇÃO,<br/>MEU AMIGO, A ELE VEM, ACEITANDO A REMISSÃO;<br/>GLÓRIA AO SALVADOR! GLÓRIA AO MEU JESUS!<br/>O SEU SANGUE ME SALVOU!</lines>
    </verse>
    <verse name="v2">
      <lines>OH! MARAVILHA DE AMOR<br/>A MIM MOSTROU, SIM, ME MOSTROU;<br/>JESUS SOFREU TÃO GRANDE DOR,<br/>E TUA VIDA RESGATOU.</lines>
    </verse>
    <verse name="v3">
      <lines>EM MIM NÃO HÁ PODER ALGUM<br/>MUI DÉBIL 'STOU, MEREÇO DÓ,<br/>MAS POR JESUS EU VENCEREI,<br/>AINDA QUE EU SEJA PÓ.</lines>
    </verse>
    <verse name="v4">
      <lines>MEU PAI ME DEU O CONSOLADOR,<br/>P'RA ME GUIAR, ME ILUMINAR,<br/>JAMAIS TEMEREI O TENTADOR,<br/>JESUS SEMPRE HÁ DE ME GUARDAR.</lines>
    </verse>
  </lyrics>
</song>
