<?xml version='1.0' encoding='utf-8'?>
<song xmlns="http://openlyrics.info/namespace/2009/song" version="0.8" createdIn="OpenLP 2.0.3" modifiedIn="OpenLP 2.0.3" modifiedDate="2014-02-05T19:28:11">
  <properties>
    <titles>
      <title>HC  360 - A PRECIOSA FONTE</title>
    </titles>
    <authors>
      <author>HARPA CRISTÃ</author>
    </authors>
  </properties>
  <lyrics>
    <verse name="v1">
      <lines>VEM À FONTE SANADORA,<br/>QUE ABRIU O SALVADOR,<br/>CUJAS ÁGUAS SEDUTORAS<br/>TÊM UM DIVINAL SABOR.</lines>
    </verse>
    <verse name="c1">
      <lines>OH! PRECIOSA FONTE SANADORA<br/>PARA TODOS CORRE, SIM!<br/>OH! PRECIOSA FONTE SANADORA!<br/>GLÓRIA A DEUS, ME SARA A MIM!</lines>
    </verse>
    <verse name="v2">
      <lines>NESTA FONTE, QUE NOS SARA,<br/>ENCONTREI REAL PERDÃO;<br/>MINHA VESTE FEZ-SE CLARA,<br/>TENHO PURIFICAÇÃO.</lines>
    </verse>
    <verse name="v3">
      <lines>NESTA FONTE, QUE NOS CURA,<br/>DEU-ME CRISTO, SALVAÇÃO;<br/>SÃ TORNOU MINH'ALMA E PURA,<br/>E LHE DEU CONSOLAÇÃO.</lines>
    </verse>
    <verse name="v4">
      <lines>VEM À FONTE QUE TE CURA;<br/>HOJE VEM PURIFICAR<br/>A TU'ALMA, QUE IMPRA,<br/>LÁ NO CÉU NÃO PODE ENTRAR.</lines>
    </verse>
  </lyrics>
</song>
