<?xml version='1.0' encoding='utf-8'?>
<song xmlns="http://openlyrics.info/namespace/2009/song" version="0.8" createdIn="OpenLP 2.0.3" modifiedIn="OpenLP 2.0.3" modifiedDate="2014-02-05T19:27:47">
  <properties>
    <titles>
      <title>HC  234 - O GOZO DOS SANTOS</title>
    </titles>
    <authors>
      <author>HARPA CRISTÃ</author>
    </authors>
  </properties>
  <lyrics>
    <verse name="v1">
      <lines>O GOZO DOS SANTOS É O AMOR DE JESUS,<br/>GRANDE É ESTE AMOR QUE PAZ NOS PRODUZ!<br/>A FONTE DA VIDA, QUE NOS DÁ VIGOR,<br/>É O SANGUE DE CRISTO VERTIDO EM DOR!</lines>
    </verse>
    <verse name="c1">
      <lines>OH! VÊ ALI NA CRUZ A GRAÇA<br/>DE JESUS,<br/>AMOR POTENTE, QUE GOZO PRODUZ!</lines>
    </verse>
    <verse name="v2">
      <lines>Ó VÊ, "EIS O HOMEM" QUE PADECE ALI,<br/>COBERTO DE SANGUE, FERIDO POR TI.<br/>ESTAMPA NA FACE TÃO ENORME DOR;<br/>DE 'SPINHOS COROA POSSUI MEU SENHOR!</lines>
    </verse>
    <verse name="v3">
      <lines>COM CRAVOS, FURADOS TEM OS PÉS E AS MÃOS;<br/>PREGADO NO LENHO, EM GRANDE AFLIÇÃO;<br/>ABERTO SEU LADO CO'A LANÇA CRUEL<br/>SAI ÁGUA E SANGUE DO EMANUEL!</lines>
    </verse>
    <verse name="v4">
      <lines>POR CRISTO CUMPRIDA FOI A OBRA DE AMOR,<br/>MORREU QUAL CORDEIRO, POR TI PECADOR;<br/>CONFIANDO AGORA NA OBRA DA CRUZ,<br/>A VIDA NÓS TEMOS POR CRISTO JESUS.</lines>
    </verse>
  </lyrics>
</song>
