<?xml version='1.0' encoding='utf-8'?>
<song xmlns="http://openlyrics.info/namespace/2009/song" version="0.8" createdIn="OpenLP 2.0.3" modifiedIn="OpenLP 2.0.3" modifiedDate="2014-02-05T19:27:32">
  <properties>
    <titles>
      <title>HC  160 - DEUS NOS QUIS SALVAR</title>
    </titles>
    <authors>
      <author>HARPA CRISTÃ</author>
    </authors>
  </properties>
  <lyrics>
    <verse name="v1">
      <lines>IRMÃOS, UNIDOS, VAMOS PUBLICAR<br/>QUE DEUS NOS QUIS SALVAR,<br/>QUE DEUS NOS QUIS SALVAR,<br/>COM O PRECIOSO SANGUE DE JESUS,<br/>VERTIDO LÁ NA CRUZ.</lines>
    </verse>
    <verse name="c1">
      <lines>QUE DEUS NOS QUIS SALVAR,<br/>QUE DEUS NOS QUIS SALVAR,<br/>CO'O SANGUE DO SENHOR JESUS;<br/>Ó IRMÃOS, DEVEMOS AVANÇAR,<br/>OLHANDO PARA A CRUZ</lines>
    </verse>
    <verse name="v2">
      <lines>IRMÃOS, AO MUNDO VAMOS PROCLAMAR<br/>QUE DEUS NOS QUIS SALVAR,<br/>QUE DESU NOS QUIS SALVAR.<br/>E QUE, MUI BREVE, HÁ DE VIR JESUS,<br/>EM GLORIOSA LUZ.</lines>
    </verse>
    <verse name="v3">
      <lines>NA SÃ PALAVRA FOMOS ENCONTRAR<br/>QUE DEUS NOS QUIS SALVAR,<br/>QUE DEUS NOS QUIS SALVAR,<br/>E QUE NO CÉU VEREMOS O SENHOR,<br/>REPLETOS DE AMOR!</lines>
    </verse>
    <verse name="v4">
      <lines>ALEGRES, SEMPRE TEMOS QUE CANTAR:<br/>QUE DEUS NOS QUIS SALVAR,<br/>QUE DEUS NOS QUIS SALVAR.<br/>POR SUA GRAÇA, PELO SEU AMOR,<br/>LOUVEMOS AO SENHOR!</lines>
    </verse>
  </lyrics>
</song>
