<?xml version='1.0' encoding='utf-8'?>
<song xmlns="http://openlyrics.info/namespace/2009/song" version="0.8" createdIn="OpenLP 2.0.3" modifiedIn="OpenLP 2.0.3" modifiedDate="2014-02-05T19:28:31">
  <properties>
    <titles>
      <title>HC  475 - EM BELÉM</title>
    </titles>
    <authors>
      <author>HARPA CRISTÃ</author>
    </authors>
  </properties>
  <lyrics>
    <verse name="v1">
      <lines>LÁ EM BELÉM NASCEU JESUS,<br/>PRÍNCIPE EXCELSO DA PAZ;<br/>AMOR DIVINO E SANTA LUZ,<br/>PARA O MUNDO PERDIDO, ELE TRAZ.</lines>
    </verse>
    <verse name="c1">
      <lines>LOUVEMOS AO REI BENDITO;<br/>LOUVEMOS AO REI BENDITO;<br/>LOUVEMOS AO REI BENDITO;<br/>O SEU PODER É INFINITO.</lines>
    </verse>
    <verse name="v2">
      <lines>HONRA E LOUVOR EM ALTA VOZ,<br/>DEMOS AO FILHO DE DEUS,<br/>POIS A CERTEZA TEMOS NÓS,<br/>DE HERDAR OS REFULGENTE CÉUS.</lines>
    </verse>
    <verse name="v3">
      <lines>A JUBILAR OS ANJOS ESTÃO,<br/>POR TE NASCIDO O SENHOR;<br/>OS MAGOS VÊM P'RA ADORAÇÃO<br/>DE JESUS, O VERAZ REDENTOR.</lines>
    </verse>
    <verse name="v4">
      <lines>SÓ MESMO O TÃO PROFUNDO AMOR<br/>DO NOSSO BENDITO DEUS,<br/>MANDAVA AO MUNDO DE HORROR,<br/>O SEU FILHO, P'RA SALVAR OS SEUS.</lines>
    </verse>
  </lyrics>
</song>
