<?xml version='1.0' encoding='utf-8'?>
<song xmlns="http://openlyrics.info/namespace/2009/song" version="0.8" createdIn="OpenLP 2.0.3" modifiedIn="OpenLP 2.0.3" modifiedDate="2014-02-05T19:27:44">
  <properties>
    <titles>
      <title>HC  214 - DESEJAMOS IR LÁ</title>
    </titles>
    <authors>
      <author>HARPA CRISTÃ</author>
    </authors>
  </properties>
  <lyrics>
    <verse name="v1">
      <lines>NOSSO REDENTOR FOI PREPARAR<br/>UM LUGAR DE REPOUSO E ESPLENDOR;<br/>BREVEMENTE CHAMARÁ PARA A CASA A DESCANSAR,<br/>NÓS, OS SALVOS, DO MUNDO ENGANADOR.</lines>
    </verse>
    <verse name="c1">
      <lines>DESEJAMOS IR LÁ,<br/>DESEJAMOS IR LÁ;<br/>QUE ALEGRIA SERÁ,<br/>QUANDO NÓS NOS ENCONTRARMOS LÁ.</lines>
    </verse>
    <verse name="v2">
      <lines>NESTA TERRA TESOUROS NÃO HÁ,<br/>QUE NOS POSSAM AQUI SEGURAR;<br/>DESEJAMOS IR AO CÉU ONDE CRISTO JÁ ESTÁ,<br/>AO LUGAR ONDE IREMOS DESCANSAR.</lines>
    </verse>
    <verse name="v3">
      <lines>NESTE LAR COM JESUS, O SENHOR,<br/>NÓS HAVEMOS DE SEMPRE REINAR.<br/>VAMOS NÓS ALI CANTAR, NOVOS HINOS DE LOUVOR<br/>AO CORDEIRO QUE VEIO NOS SALVAR.</lines>
    </verse>
  </lyrics>
</song>
