<?xml version='1.0' encoding='utf-8'?>
<song xmlns="http://openlyrics.info/namespace/2009/song" version="0.8" createdIn="OpenLP 2.0.3" modifiedIn="OpenLP 2.0.3" modifiedDate="2014-02-05T19:28:07">
  <properties>
    <titles>
      <title>HC  334 - O FIM VEM, CUIDADO!</title>
    </titles>
    <authors>
      <author>HARPA CRISTÃ</author>
    </authors>
  </properties>
  <lyrics>
    <verse name="v1">
      <lines>O FIM DE TODAS COISAS VEM, NÃO TARDA, CUIDADO!<br/>NÃO QUEIRAS HOJE RECUSASR A GRAÇA DO SALVADOR;<br/>PROCURA BEM DEPRESSA, FICAR ABRIGADO,<br/>NO SANGUE DO CORDEIRO, NO SANGUE REMIDOR.</lines>
    </verse>
    <verse name="c1">
      <lines>QUE SANGUE PRECIOSO,<br/>SAIU DE MEU JESUS!<br/>QUE SANGUE GLORIOSO, VERTIDO FOI, NA CRUZ!</lines>
    </verse>
    <verse name="v2">
      <lines>O FUNDAMENTO DO CRISTÃO É A ROCHA ELEITA,<br/>POR ISSO PODE RESISTIR OS VENTOS DA TENTAÇÃO.<br/>A TODO O QUE SINCERO, A CRISTO ACEITA,<br/>O SANGUE DO CORDEIRO GARANTE SALVAÇÃO.</lines>
    </verse>
    <verse name="v3">
      <lines>QUEM POIS OUVIR, HÁ DE VIVER COM CRISTO NA GLÓRIA,<br/>QUEM NÃO OUVIR HÁ DE MORRER, TORMENTOS PADECERÁ,<br/>POIS QUEM DESEJA SOBRE O MAL A VITÓRIA,<br/>NO SANGUE DO CORDEIRO PODER ENCONTRARÁ.</lines>
    </verse>
  </lyrics>
</song>
