<?xml version='1.0' encoding='utf-8'?>
<song xmlns="http://openlyrics.info/namespace/2009/song" version="0.8" createdIn="OpenLP 2.0.3" modifiedIn="OpenLP 2.0.3" modifiedDate="2014-02-05T19:27:19">
  <properties>
    <titles>
      <title>HC  099 - EIS O DIA A DECLINAR</title>
    </titles>
    <authors>
      <author>HARPA CRISTÃ</author>
    </authors>
  </properties>
  <lyrics>
    <verse name="v1">
      <lines>EIS O DIA A DECLINAR,<br/>NOS CONVIDA A MEDITAR<br/>NO TEU GRANDE INSIGNE AMOR,<br/>Ó BENDITO SALVADOR,<br/>E TE LOUVAR!</lines>
    </verse>
    <verse name="c1">
      <lines>SANTO! SANTO! SANTO SENHOR DOS CÉUS<br/>TODA A TERRA LOUVE A TI;<br/>NO CÉU, TUDO ADORE A TI,<br/>BONDOSO DEUS!</lines>
    </verse>
    <verse name="v2">
      <lines>GLORIOSO NO PODER!<br/>INFINITO NO SABER!<br/>NA JUSTIÇA E NO PERDÃO<br/>NOS FAZES VER!</lines>
    </verse>
    <verse name="v3">
      <lines>NA PROFUNDA ESCURIDÃO,<br/>OUVE A NOSSA PETIÇÃO,<br/>VEM TEUS FILHOS PROTEGER,<br/>E SEGUROS SEMPRE OS TER<br/>NA TUA MÃO.</lines>
    </verse>
    <verse name="v4">
      <lines>QUANDO TUDO, ENFIM, PASSAR,<br/>CÉUS, ESTRELAS, TERRA E MAR,<br/>PELA CRUZ DO SALVADOR,<br/>FAZ-NOS NO TEU GRANDE AMOR,<br/>CONTIGO ESTAR!</lines>
    </verse>
  </lyrics>
</song>
