<?xml version='1.0' encoding='utf-8'?>
<song xmlns="http://openlyrics.info/namespace/2009/song" version="0.8" createdIn="OpenLP 2.0.3" modifiedIn="OpenLP 2.0.3" modifiedDate="2014-02-05T19:27:16">
  <properties>
    <titles>
      <title>HC  077 - GUARDA O CONTACTO</title>
    </titles>
    <authors>
      <author>HARPA CRISTÃ</author>
    </authors>
  </properties>
  <lyrics>
    <verse name="v1">
      <lines>QUERES, NESTE MUNDO, SER UM VENCEDOR?<br/>QUERES TU CANTAS NAS LUTAS E NA DOR?<br/>QUERES SER ALEGRE, QUAL BOM LUTADOR?<br/>GUARDA O CONTACTO COM TEU SALVADOR!</lines>
    </verse>
    <verse name="c1">
      <lines>GUARDA O CONTACTO COM TEU<br/>SALVADOR,<br/>E A NUVEM DO MAL NÃO TE COBRIRÁ;<br/>PELA SENDA ALEGRE, TU CAMINHARÁS<br/>INDO EM CONTACTO COM TEU SALVADOR.</lines>
    </verse>
    <verse name="v2">
      <lines>NESTE MUNDO, VIVEM MUITOS A PENAR,<br/>CUJOS CORAÇÕES TRANSBORDAM DE PESAR;<br/>DÁ-LHES A MENSAGEM DE AMOR SEM PAR;<br/>COM DEUS O CONTACTO DEVES TU GUARDAR!</lines>
    </verse>
    <verse name="v3">
      <lines>QUERES TU, COM DEUS, A COMUNHÃO OBTER?<br/>SUA GLÓRIA EM TI SEMPRE PERMANECER?<br/>QUE O MUNDO POSSA CRISTO EM TI VER!<br/>GUARDA O CONTACTO CO'O SUPREMO SER.</lines>
    </verse>
    <verse name="v4">
      <lines>DEIXA QUE O ESPÍRITO IMPLANTE EM TEU SER,<br/>O AMOR DE CRISTO, DIVINAL PRAZE;<br/>QUERES, NESTE MUNDO, TODO MAL VENCER?<br/>GUARDA O CONTACTO E TERÁS PODER!</lines>
    </verse>
  </lyrics>
</song>
