<?xml version='1.0' encoding='utf-8'?>
<song xmlns="http://openlyrics.info/namespace/2009/song" version="0.8" createdIn="OpenLP 2.0.3" modifiedIn="OpenLP 2.0.3" modifiedDate="2014-02-05T19:27:27">
  <properties>
    <titles>
      <title>HC  144 - VEM À ASSEMBLÉIA DE DEUS</title>
    </titles>
    <authors>
      <author>HARPA CRISTÃ</author>
    </authors>
  </properties>
  <lyrics>
    <verse name="v1">
      <lines>À ASSEMBLÉIA DE DEUS, VEM COMIGO,<br/>OUVIR A PALAVRA DE DEUS;<br/>E TERÁS A CERTEZA, CONTIGO,<br/>QUE JESUS É O CAMINHO DOS CÉUS.</lines>
    </verse>
    <verse name="c1">
      <lines>Ó VEM, VEM, VEM, VEM!<br/>VEM À ASSEMBLÉIA E LOUVEMOS<br/>AO NOSSO BOM DEUS REDENTOR,<br/>POIS MAIOR ALEGRIA NÃO TEMOS,<br/>QUE FRUIR SEU IMENSO AMOR.</lines>
    </verse>
    <verse name="v2">
      <lines>VEM, IRMÃO, À ASSEMBLÉIA DOS SANTOS,<br/>SENTIR O PODER DO SENHOR<br/>E ALI ENTOAR LINDOS CANTOS<br/>EXULTANDO NO CONSOLADOR.</lines>
    </verse>
    <verse name="v3">
      <lines>NA ASSEMBLÉIA DE DEUS TU ESTEJAS<br/>HUMILDE AOS PÉS DO SENHOR;<br/>SANTIDADE CONVÉM À IGREJA,<br/>P'RA GOZARMOS CELESTE AMOR.</lines>
    </verse>
    <verse name="v4">
      <lines>NÓS SENTIMOS A SANTA PRESENÇA<br/>DO NOSSO QUERIDO JESUS;<br/>ANULADA FOI TUA SENTENÇA;<br/>DEIXA AS TREVAS E VEM PARA A LUZ.</lines>
    </verse>
  </lyrics>
</song>
