<?xml version='1.0' encoding='utf-8'?>
<song xmlns="http://openlyrics.info/namespace/2009/song" version="0.8" createdIn="OpenLP 2.0.3" modifiedIn="OpenLP 2.0.3" modifiedDate="2014-02-05T19:27:18">
  <properties>
    <titles>
      <title>HC  091 - NÍVEA LUZ</title>
    </titles>
    <authors>
      <author>HARPA CRISTÃ</author>
    </authors>
  </properties>
  <lyrics>
    <verse name="v1">
      <lines>JESUS, EU ALMEJO A PUREZA DO CÉU,<br/>TUA LINDA PRESENÇA NO CORAÇÃO MEU.<br/>OS ÍDOLOS QUEBRO, ME TOMA JESUS;<br/>Ó DÁ-ME A PUREZA DA NÍVEA LUZ.</lines>
    </verse>
    <verse name="c1">
      <lines>NÍVEA LUZ, A NÍVEA LUZ,<br/>Ó DÁ-ME A PUREZA DA NÍVEA LUZ.</lines>
    </verse>
    <verse name="v2">
      <lines>JESUS, ME ACODE ENQUANTO LIDAR,<br/>A COLOCAR TUDO NO SANTO ALTAR;<br/>A TI ME ENTREGO; NAS CHAMAS ME PUS;<br/>Ó DÁ-ME A PUREZA DA NÍVEA LUZ!</lines>
    </verse>
    <verse name="v3">
      <lines>JESUS, COM INSTÂNCIA, HUMILDE, ROGUEI<br/>QUE O SANGUE PERFEITO PUREZA ME DÊ<br/>ME LAVA NA FONTE ABERTA NA CRUZ;<br/>Ó DÁ-ME A PUREZA DA NÍVEA LUZ!</lines>
    </verse>
    <verse name="v4">
      <lines>JESUS, NESTE INSTANTE, ESPERO A MÃO<br/>QUE HÁ DE CRIAR-ME O BOM CORAÇÃO;<br/>AQUELES QUE O ESPÍRITO PEDEM DE DEUS,<br/>DÁS SEMPRE A PUREZA DA NÍVIA LUZ!</lines>
    </verse>
  </lyrics>
</song>
