<?xml version='1.0' encoding='utf-8'?>
<song xmlns="http://openlyrics.info/namespace/2009/song" version="0.8" createdIn="OpenLP 2.0.3" modifiedIn="OpenLP 2.0.3" modifiedDate="2014-02-05T19:29:03">
  <properties>
    <titles>
      <title>HC  639 - HINO DA INDEPENDÊNCIA</title>
    </titles>
    <authors>
      <author>HARPA CRISTÃ</author>
    </authors>
  </properties>
  <lyrics>
    <verse name="v1">
      <lines>JÁ PODEIS DA PÁTRIA FILHOS<br/>VER CONTENTE A MÃE GENTIL,<br/>JÁ RAIOU A LIBERDADE<br/>NO HORIZONTE DO BRASIL!<br/>JÁ RAIOU A LIBERDADE<br/>JÁ RAIOU A LIBERDADE<br/>NO HORIZONTE DO BRASIL.</lines>
    </verse>
    <verse name="v2">
      <lines>BRAVA GENTE BRASILEIRA<br/>LONGE VÁ TEMOR SERVIL<br/>OU FICAR A PÁTRIA LIVRE<br/>OU MORRER PELO BRASIL<br/>OU FICAR A PÁTRIA LIVRE<br/>OU MORRER PELO BRASIL</lines>
    </verse>
    <verse name="v3">
      <lines>MAL SOOU NA SERRA AO LONGE<br/>NOSSO GRITO VARONIL;<br/>NOS IMENSOS OMBROS, LOGO,<br/>A CABEÇA ERGUE O BRASIL!<br/>NOS IMENSOS OMBROS, LOGO,<br/>NOS IMENSOS OMBROS, LOGO,<br/>A CABEÇA ERGUE O BRASIL.</lines>
    </verse>
    <verse name="v4">
      <lines>OS GRILHÕES QUE NOS FORJAVA<br/>DA PERFÍDIA ASTUTO ARDIL<br/>HOUVE MÃO MAIS PODEROSA<br/>ZOMBOU DELES O BRASIL.<br/>HOUVE MÃO MAIS PODEROSA<br/>HOUVE MÃO MAIS PODEROSA<br/>ZOMBOU DELES O BRASIL!</lines>
    </verse>
    <verse name="v5">
      <lines>PARABÉNS, Ó BRASILEIROS<br/>JÁ COM GARBO JUVENIL<br/>DO UNIVERSO ENTRE AS NAÇÕES<br/>RESPLANDECE A DO BRASIL.<br/>DO UNIVERSO ENTRE AS NAÇÕES<br/>DO UNIVERSO ENTRE AS NAÇÕES<br/>RESPLANDECE A DO BRASIL.</lines>
    </verse>
  </lyrics>
</song>
