<?xml version='1.0' encoding='utf-8'?>
<song xmlns="http://openlyrics.info/namespace/2009/song" version="0.8" createdIn="OpenLP 2.0.3" modifiedIn="OpenLP 2.0.3" modifiedDate="2014-02-05T19:27:25">
  <properties>
    <titles>
      <title>HC  132 - OBREIROS DO SENHOR</title>
    </titles>
    <authors>
      <author>HARPA CRISTÃ</author>
    </authors>
  </properties>
  <lyrics>
    <verse name="v1">
      <lines>SOMOS OBREIROS DO SENHOR,<br/>À MESSE VAMOS, COM AMOR,<br/>A PROCLAMAR A SALVAÇÃO<br/>DE CRISTO E O SEU PERDÃO;<br/>POIS TRABALHEMOS POR AMOR<br/>DE CRISTO, NOSSO SALVADOR,<br/>QUE POR NÓS O SANGUE DERRAMOU,<br/>E NO CALVÁRIO EXPIROU.</lines>
    </verse>
    <verse name="c1">
      <lines>À COLHEITA VINDE JÁ, POIS JESUS VOS CHAMA;<br/>"TODOS DEVEM TRABALHAR", O SENHOR PROCLAMA,<br/>BREVE, TUDO FINDARÁ, NÃO SE PODERÁ SEGAR;<br/>VINDE CRENTES, VINDE TRABALHAR.</lines>
    </verse>
    <verse name="v2">
      <lines>O EVANGELHO, Ó PREGAI,<br/>A TODO MUNDO, SIM CHAMAI,<br/>E, SEM TEMOR, AS NOVAS DAI<br/>E A BANDEIRA LEVANTAI<br/>EM NOSSAS MÃOS DEUS CONFIOU,<br/>A GRAÇA QUE NOS ENVIOU.<br/>AS NOVAS DAI, NÃO VACILES,<br/>QUE A VITÓRIA OBTEREIS.</lines>
    </verse>
    <verse name="v3">
      <lines>AS HORAS, PRESTES, PASSARÃO,<br/>E NUNCA MAIS A VÓS VIRÃO,<br/>SE NÃO FALARDES DE JESUS,<br/>ALGUNS JAMAIS VERÃO A LUZ.<br/>AINDA HOJE HÁ PERDÃO,<br/>O MUNDO JAZ NA PERDIÇÃO,<br/>OH! NÃO DESPREZEIS O FAVOR<br/>DO AMOROSO SALVADOR.</lines>
    </verse>
  </lyrics>
</song>
