<?xml version='1.0' encoding='utf-8'?>
<song xmlns="http://openlyrics.info/namespace/2009/song" version="0.8" createdIn="OpenLP 2.0.3" modifiedIn="OpenLP 2.0.3" modifiedDate="2014-02-05T19:27:20">
  <properties>
    <titles>
      <title>HC  104 - JESUS PROCURA A OVELHA</title>
    </titles>
    <authors>
      <author>HARPA CRISTÃ</author>
    </authors>
  </properties>
  <lyrics>
    <verse name="v1">
      <lines>EIS JESUS A PROCURA A OVELHA, QUE A VAGAR<br/>DESGARROU-SE DO APRISCO DO SENHOR;<br/>PELOS MONTES A SOFRER, FAÇA SOL OU A CHOVER,<br/>CRISTO BUSCA SUA OVELHA, COM AMOR.</lines>
    </verse>
    <verse name="c1">
      <lines>COM AMOR... O PASTOR...<br/>EIS QUE CHAMA SUA OVELHA SEM CESSAR;<br/>POSSA HOJE, O PECADOR<br/>ESCUTAR A VOZ DO AMOR,<br/>DE JESUS, QUE PROCURA P'RA SALVAR.</lines>
    </verse>
    <verse name="v2">
      <lines>COM SEUS PÉS O BOM PASTOR, JÁ FERIDOS, QUE HORROR,<br/>DE DESCER NOS TENEBROSOS PEDREGAIS,<br/>E CANSADO DE ANDAR, MAIS AINDA A CLAMAR:<br/>"Ó OVELHAS MINHAS, ONDE VÓS ESTAIS?"</lines>
    </verse>
    <verse name="v3">
      <lines>SE ESCUTA O GEMER DA OVELHA, QUE PRAZER<br/>ENCHE LOGO O CORAÇÃO DO BOM PASTOR!<br/>E CORRENDO SEM PARAR, 'TÉ A OVELHA ABRAÇAR,<br/>E TRAZÊ-LA AO SEU OMBRO COM AMOR.</lines>
    </verse>
    <verse name="v4">
      <lines>JÁ EM CASA, O PASTOR, OH! JUBILA COM DULÇOR,<br/>PELA OVELHA DESGARRADA QUE ACHOU;<br/>E ASSIM, TAMBÉM JESUS, COM OS ANJOS LÁ NA LUZ,<br/>SE ALEGRA PELAS ALMAS QUE SALVOU!</lines>
    </verse>
  </lyrics>
</song>
