<?xml version='1.0' encoding='utf-8'?>
<song xmlns="http://openlyrics.info/namespace/2009/song" version="0.8" createdIn="OpenLP 2.0.3" modifiedIn="OpenLP 2.0.3" modifiedDate="2014-02-05T19:27:19">
  <properties>
    <titles>
      <title>HC  102 - CRÊ NA PROMESSA</title>
    </titles>
    <authors>
      <author>HARPA CRISTÃ</author>
    </authors>
  </properties>
  <lyrics>
    <verse name="v1">
      <lines>HOJE, JESUS PODE TE SALVAR;<br/>SOMENTE CRÊ NA PROMESSA;<br/>DOS TEUS PECADOS PURIFICAR;<br/>SOMENTE CRÊ NA PROMESSA.</lines>
    </verse>
    <verse name="c1">
      <lines>CRÊ NA PROMESSA DE JESUS,<br/>SOMENTE CRÊ NA PROMESSA;<br/>BÊNÇÃO DOS CÉUS, VIDA À FLUX!<br/>SOMENTE CRÊ NA PROMESSA.</lines>
    </verse>
    <verse name="v2">
      <lines>DO ALTO, JESUS DARÁ PODER;<br/>SOMENTE CRÊ NA PROMESSA;<br/>NA SUA ALEGRIA IRÁS VENCER;<br/>SOMENTE CRÊ NA PROMESSA.</lines>
    </verse>
    <verse name="v3">
      <lines>A SUA GRAÇA VEM RECEBER;<br/>SOMENTE CRÊ NA PROMESSA;<br/>TUDO JESUS QUER TE CONCEDER.<br/>SOMENTE CRÊ NA PROMESSA.</lines>
    </verse>
    <verse name="v4">
      <lines>VEM RECEBER A PAZ DO SENHOR,<br/>SOMENTE CRÊ NA PROMESSA;<br/>CHEIO SÉRAS DO CONSOLADOR.<br/>SOMENTE CRÊ NA PROMESSA.</lines>
    </verse>
  </lyrics>
</song>
