<?xml version='1.0' encoding='utf-8'?>
<song xmlns="http://openlyrics.info/namespace/2009/song" version="0.8" createdIn="OpenLP 2.0.3" modifiedIn="OpenLP 2.0.3" modifiedDate="2014-02-05T19:29:02">
  <properties>
    <titles>
      <title>HC  637 - HINO Á BANDEIRA NACIONAL</title>
    </titles>
    <authors>
      <author>HARPA CRISTÃ</author>
    </authors>
  </properties>
  <lyrics>
    <verse name="v1">
      <lines>SALVE LINDO PENDÃO DA ESPERANÇA!<br/>SALVE, SÍMBOLO AUGUSTO DA PAZ!<br/>TUA NOBRE PRESENÇA À LEMBRANÇA<br/>A GRANDEZA DA PÁTRIA NOS TRAZ.</lines>
    </verse>
    <verse name="v2">
      <lines>RECEBE O AFETO QUE SE ENCERRA<br/>EM NOSSO PEITO JUVENIL,<br/>QUERIDO SÍMBOLO DA TERRA,<br/>DA AMADA TERRA DO BRASIL!</lines>
    </verse>
    <verse name="v3">
      <lines>EM TEU SEIO FORMOSO RETRATAS<br/>ESTE CÉU DE PURÍSSIMO AZUL,<br/>A VERDURA SEM-PAR DESTAS MATAS,<br/>E O ESPLENDOR DO CRUZEIRO DO SUL.</lines>
    </verse>
    <verse name="v4">
      <lines>CONTEMPLANDO TEU VULTO SAGRADO,<br/>COMPREENDEMOS O NOSSO DEVER,<br/>E O BRASIL, POR SEUS FILHOS AMADO,<br/>PODEROSO E FELIZ HÁ DE SER.</lines>
    </verse>
    <verse name="v5">
      <lines>SOBRE A IMENSA NAÇÃO BRASILEIRA,<br/>NOS MOMENTOS DE FESTA OU DE DOR,<br/>PAIRA SEMPRE, SAGRADA BANDEIRA,<br/>PAVILHÃO DA JUSTIÇA E DO AMOR!</lines>
    </verse>
  </lyrics>
</song>
