<?xml version='1.0' encoding='utf-8'?>
<song xmlns="http://openlyrics.info/namespace/2009/song" version="0.8" createdIn="OpenLP 2.0.3" modifiedIn="OpenLP 2.0.3" modifiedDate="2014-02-05T19:27:20">
  <properties>
    <titles>
      <title>HC  105 - A GLORIOSA ESPERANÇA</title>
    </titles>
    <authors>
      <author>HARPA CRISTÃ</author>
    </authors>
  </properties>
  <lyrics>
    <verse name="v1">
      <lines>POSSUIS EM TI, Ó PECADOR,<br/>A GLORIOSA ESPERANÇA?<br/>É CRISTO TUA CONFIANÇA,<br/>QUE TE SUSTENTA COM VIGOR?<br/>A MINHA É JESUS, É JESUS, É JESUS,<br/>A MINHA E JESUS,<br/>QUE ME CONCEDE SEGURANÇA.</lines>
    </verse>
    <verse name="v2">
      <lines>SE NADA MAIS TE SATISFAZ,<br/>AQUI NO MUNDO, Ó PERDIDO,<br/>E SE TE SENTES ABATIDO,<br/>QUAL HÁ DE SER A TUA PAZ?<br/>A MINHA É JESUS, É JESUS, É JESUS,<br/>A MINHA E JESUS,<br/>QUE NÃO ME DEIXA DESVALIDO.</lines>
    </verse>
    <verse name="v3">
      <lines>E QUANDO O TEU FIM CHEGAR,<br/>E TE COBRIR O VÉU DA MORTE,<br/>QUAL HÁ DE SER A TUA SORTE?<br/>IRÁS SOFRE? IRÁS GOZAR?<br/>A MINHA É JESUS, É JESUS, É JESUS,<br/>A MINHA É JESUS,<br/>QUE ME TORNOU, DE FRACO, FORTE.</lines>
    </verse>
    <verse name="v4">
      <lines>VEM A JESUS, VEM PECADOR,<br/>VEM DAR O TEU PRIMEIRO PASSO;<br/>QUAL É A FORÇA DO TEU BRAÇO,<br/>QUE TE FARÁ UM VENCEDOR?<br/>A MINHA É JESUS, É JESUS, É JESUS,<br/>A MINHA É JESUS,<br/>POR ELA QUEBRO TODOS OS LAÇOS.</lines>
    </verse>
  </lyrics>
</song>
