<?xml version='1.0' encoding='utf-8'?>
<song xmlns="http://openlyrics.info/namespace/2009/song" version="0.8" createdIn="OpenLP 2.0.3" modifiedIn="OpenLP 2.0.3" modifiedDate="2014-02-05T19:27:16">
  <properties>
    <titles>
      <title>HC  082 - UM MEIGO SALVADOR</title>
    </titles>
    <authors>
      <author>HARPA CRISTÃ</author>
    </authors>
  </properties>
  <lyrics>
    <verse name="v1">
      <lines>UM SALVADOR MEIGO EU TENHO,<br/>A QUEM ANTES NÃO CONHECI;<br/>AGORA, ALEGRE, EU VENHO<br/>CONTANDO A TODOS QUE O VI.</lines>
    </verse>
    <verse name="c1">
      <lines>TODOS, TODOS VERÃO,<br/>TODOS, TODOS VERÃO;<br/>JESUS GLORIOSO E BONDOSO,<br/>SIM, TODOS, TODOS VERÃO.</lines>
    </verse>
    <verse name="v2">
      <lines>DE TODOS, É O MAIS FORMOSO,<br/>IMAGEM DA GLÓRIA DE DEUS;<br/>TORNOU-ME ALEGRE E DITOSO,<br/>E HERDEIRO DA GLÓRIA DOS CÉUS.</lines>
    </verse>
    <verse name="v3">
      <lines>SE OS ÍMPIOS ME ARMAREM CILADA,<br/>NA SENDA QUE HEI DE TRILHAR,<br/>JESUS ME DARÁ BOA ESPADA,<br/>E OS LAÇOS EU HEI DE CORTAR.</lines>
    </verse>
    <verse name="v4">
      <lines>A VIDA E O AMOR TU ME DESTE,<br/>PORQUE TU AMASTE A MIM,<br/>TORNOU, SIM, A GLÓRIA CELESTE,<br/>MINHA SORTE BENDITA, ENFIM.</lines>
    </verse>
  </lyrics>
</song>
