<?xml version='1.0' encoding='utf-8'?>
<song xmlns="http://openlyrics.info/namespace/2009/song" version="0.8" createdIn="OpenLP 2.0.3" modifiedIn="OpenLP 2.0.3" modifiedDate="2014-02-05T19:28:05">
  <properties>
    <titles>
      <title>HC  326 - OH! MEU JESUS</title>
    </titles>
    <authors>
      <author>HARPA CRISTÃ</author>
    </authors>
  </properties>
  <lyrics>
    <verse name="v1">
      <lines>Ó MEU JESUS, QUANDO LUTAS NO CAMINHO ENCONTRAR,<br/>A TUA MÃO DIVINA VEM ME AJUDAR;<br/>NÃO TEMEREI AMPARADO POR TI MESMO, MEU JESUS,<br/>Ó SALVADOR, A VITÓRIA ME VEM POR TUA LUZ,<br/>POR TI ESPERO SOMENTE, MEU SENHOR,<br/>PARA ANDAR DE VALOR EM VALOR;<br/>Ó MEU JESUS, MINHAS FORÇAS HEI DE VER MAIS AUMENTAR;<br/>TENDO A FÉ; TUA GRAÇA ME HÁ DE BASTAR.</lines>
    </verse>
    <verse name="v2">
      <lines>Ó MEU JESUS, ENCOSTADO EM TEU BRAÇO VOU ANDAR,<br/>E COM AMOR NA SÃ PALAVRA MEDITAR;<br/>SEMPRE ASSIM NA PELEJA,<br/>POR JESUS EU VENCEREI,<br/>E PELA FÉ, ABRIGADO DO MAL ESTAREI;<br/>JÁ BEM ARMADO AS TREVAS DESFAREI,<br/>PELO PODER DE JESUS, O MEU REI!<br/>Ó MEU JESUS, QUE ME DÁS,<br/>NO CORAÇÃO, DO TEU AMOR,<br/>HEI DE TE VER GLORIOSO, NO CÉU D'ESPLENDOR!</lines>
    </verse>
    <verse name="v3">
      <lines>Ó MEU JESUS, O TEU NOME INVOCAREI COM MUI AMOR,<br/>TODO O PODER TE FOI ENTREGUE SALVADOR;<br/>DE TODO O SER, O JOELHO ANTE TI SE DOBRARÁ;<br/>QUE ÉS O SENHOR, TODA LÍNGUA TESTIFICARÁ,<br/>OS NOSSOS PÉS, SALVADOR QUEIRAS FIRMAR<br/>NA ROCHA, QUE NÃO SE PODE ABALAR;<br/>Ó MEU JESUS, TUA GRAÇA QUERO SEMPRE PROCURAR,<br/>TÉ QUE EU VÁ NOS TEUS BRAÇOS ENFIM REPOUSAR.</lines>
    </verse>
  </lyrics>
</song>
