<?xml version='1.0' encoding='utf-8'?>
<song xmlns="http://openlyrics.info/namespace/2009/song" version="0.8" createdIn="OpenLP 2.0.3" modifiedIn="OpenLP 2.0.3" modifiedDate="2014-02-05T19:27:47">
  <properties>
    <titles>
      <title>HC  230 - NÓS VOGAMOS NESTA NAU</title>
    </titles>
    <authors>
      <author>HARPA CRISTÃ</author>
    </authors>
  </properties>
  <lyrics>
    <verse name="v1">
      <lines>NÓS VOGAMOS, O MAR VENCEMOS,<br/>NESTA NAU QUE NOS CONDUZ,<br/>UM NAUFRÁGIO NÃO TEMEMOS,<br/>POIS AO LEME VAI JESUS.</lines>
    </verse>
    <verse name="c1">
      <lines>VEM AMIGO, POIS TE AMAMOS,<br/>SEM TARDAR, QUE NÓS VAMOS;<br/>A TORMENTA NÃO OLHAMOS<br/>E RUMAMOS PARA O CÉU.<br/>A TORMENTA NÃO OLHAMOS<br/>E RUMAMOS PARA O CÉU.</lines>
    </verse>
    <verse name="v2">
      <lines>PARA NOSSA FELIZ MORADA,<br/>EIS A HORA DE PARTIR;<br/>HOJE MESMO SE FAZ CHAMADA;<br/>"QUEM COM CRISTO QUE SEGUIR?"</lines>
    </verse>
    <verse name="v3">
      <lines>AO FINDAR DA TRAVESSIA,<br/>NO CÉU VAMOS ANCORAR;<br/>COM PRESTEZA, COM ALEGRIA,<br/>NÓS HAVEMOS DE SALTAR.</lines>
    </verse>
    <verse name="v4">
      <lines>ANTE NÓS, VEMOS A CIDADE,<br/>CUJO PORTO SE ABRIRÁ,<br/>E JESUS CHEIO DE BONDADE<br/>AOS CHEGADOS SORRIRÁ.</lines>
    </verse>
  </lyrics>
</song>
