<?xml version='1.0' encoding='utf-8'?>
<song xmlns="http://openlyrics.info/namespace/2009/song" version="0.8" createdIn="OpenLP 2.0.3" modifiedIn="OpenLP 2.0.3" modifiedDate="2014-02-05T19:28:28">
  <properties>
    <titles>
      <title>HC  455 - O POVO DE DEUS NA TERRA</title>
    </titles>
    <authors>
      <author>HARPA CRISTÃ</author>
    </authors>
  </properties>
  <lyrics>
    <verse name="v1">
      <lines>O POVO DE DEUS, AQUI NA TERRA TEM UM SINAL:<br/>POVO QUE VIVE EM SANTA GUERRA CONTRA O MAL;<br/>POVO QUE ESPERA A JESUS CRISTO, QUE PRESTO VEM<br/>É POIS ELE MESMO, QUEM NOS DIZ ISTO: "VIGIAI MUI BEM".</lines>
    </verse>
    <verse name="v2">
      <lines>A MINHA PAZ, SIM, NÃO A DO MUNDO, EU VOS DAREI<br/>O CORAÇÃO DE GOZO PROFUNDO, EU ENCHEREI;<br/>COM O SEU BRAÇO ELE NOS GUIA, OH! GRANDE AMOR<br/>PARA OS QUE LHE PEDEM, LOGO ENVIA O CONSOLADOR!</lines>
    </verse>
    <verse name="v3">
      <lines>Ó VINDE A MIM, JESUS CONVIDA, QUEM SEDE TEM!<br/>BEBER, Ó VINDE, DA ÁGUA DA VIDA, CELESTE BEM!<br/>CRISTO SACIA A ALMA SEDENTA DO PECADOR!<br/>SALVA, PURIFICA E ALIMENTA, ENCHE DE AMOR!</lines>
    </verse>
    <verse name="v4">
      <lines>EM CRISTO, CRENDO SEMPRE O SEGUINDO QUÃO DOCE É<br/>A PAZ PROFUNDA E O AMOR SENTIDO: TUDO POR FÉ<br/>FELIZ O HOMEM QUE GUARDA ISTO, POIS VIDA TEM<br/>HÁ DE REINAR SEMPRE COM JESUS CRISTO NA MANSÃO DE ALÉM.</lines>
    </verse>
  </lyrics>
</song>
