<?xml version='1.0' encoding='utf-8'?>
<song xmlns="http://openlyrics.info/namespace/2009/song" version="0.8" createdIn="OpenLP 2.0.3" modifiedIn="OpenLP 2.0.3" modifiedDate="2014-02-05T19:27:17">
  <properties>
    <titles>
      <title>HC  084 - O GRANDE EU SOU</title>
    </titles>
    <authors>
      <author>HARPA CRISTÃ</author>
    </authors>
  </properties>
  <lyrics>
    <verse name="v1">
      <lines>NÃO PERTUBEIS O CORAÇÃO,<br/>PORQUE EU SEMPRE SOU FIEL;<br/>EU FECHO A BOCA DO "LEÃO"<br/>NA COVA ESTOU COM DANIEL.</lines>
    </verse>
    <verse name="c1">
      <lines>SOU EU AQUELE, O GRANDE "EU SOU"<br/>E, ONDE ESTAIS, TAMBÉM ESTOU;<br/>NÃO DISSE, EU, HÁ MUITO JÁ:<br/>"PEDI, PEDI... DAR-SE-VOS-Á"?<br/>PEDI COM FÉ E COM FERVOR<br/>E VOS DAREI O CONSOLADOR.</lines>
    </verse>
    <verse name="v2">
      <lines>QUEM TEM A FÉ DE ABRAÃO,<br/>O MUNDO SEMPRE HÁ DE VENCER;<br/>QUEM QUER TER FIRME O CORAÇÃO,<br/>PRECISA IGUALMENTE CRER.</lines>
    </verse>
    <verse name="v3">
      <lines>UM TERREMOTO E VENTO, APÓS,<br/>DO CÉU, UM FOGO E MUI FUROR,<br/>OUVIU ELIAS A MINHA VOZ,<br/>VOZ DO ETERNO, VOZ DE AMOR.</lines>
    </verse>
    <verse name="v4">
      <lines>UM CERTO DIA, ESTEVÃO VIU<br/>O CÉU ABERTO E VIU-ME A MIM;<br/>APREDEJADO, SUCUMBIU,<br/>MAS FOI FIEL, ATÉ O FIM.</lines>
    </verse>
    <verse name="v5">
      <lines>FIRMANDO EM MIM, ROCHA ETERNAL,<br/>ASSIM JAMAIS O CRENTE CAI;<br/>BUSCAI O DOM CELESTIAL,<br/>QUE VEM DA CASA DE MEU PAI.</lines>
    </verse>
  </lyrics>
</song>
