<?xml version='1.0' encoding='utf-8'?>
<song xmlns="http://openlyrics.info/namespace/2009/song" version="0.8" createdIn="OpenLP 2.0.3" modifiedIn="OpenLP 2.0.3" modifiedDate="2014-02-05T19:27:45">
  <properties>
    <titles>
      <title>HC  218 - DÁ TEU FARDO A JESUS</title>
    </titles>
    <authors>
      <author>HARPA CRISTÃ</author>
    </authors>
  </properties>
  <lyrics>
    <verse name="v1">
      <lines>SÓ EM JESUS, QUERES TU DESCANSAR?<br/>DÁ TEU FARDO A JESUS.<br/>PAZ E SOCORRO NÃO PODES ACHAR?<br/>DÁ TEU FARDO A JESUS.</lines>
    </verse>
    <verse name="c1">
      <lines>DÁ TEU FARDO A JESUS,<br/>AS TREVAS FARÁ EM LUZ.<br/>EM CRISTO UM ABRIGO, TERÁS NO PERIGO,<br/>Ó, DÁ TEU FARDO A JESUS.</lines>
    </verse>
    <verse name="v2">
      <lines>PAZ REDENTORA TU'ALMA TERÁ,<br/>DÁ TEU FARDO A JESUS.<br/>E DE INQUIETUDES TE LIBERTARÁ.<br/>DÁ TEU FARDO A JESUS.</lines>
    </verse>
    <verse name="v3">
      <lines>DAS GRANDES LUTAS NÃO QUEIRAS FUGIR,<br/>DÁ TEU FARDO A JESUS.<br/>SE SANTO GOZO NÃO PODES FRUIR,<br/>DÁ TEU FARDO A JESUS.</lines>
    </verse>
    <verse name="v4">
      <lines>MALES TE ASSALTAM AOS MIL, PECADOR?<br/>DÁ TEU FARDO A JESUS.<br/>VAIS JÁ CANSADO DE PENAS E DE DOR?<br/>DÁ TEU FARDO A JESUS.</lines>
    </verse>
    <verse name="v5">
      <lines>CRISTO VIRÁ DISSIPAR TEU TEMOR,<br/>DÁ TEU FARDO A JESUS.<br/>POIS, AOS SEUS SANTOS, DÁ SEMPRE VIGOR,<br/>DÁ TEU FARDO A JESUS.</lines>
    </verse>
  </lyrics>
</song>
