<?xml version='1.0' encoding='utf-8'?>
<song xmlns="http://openlyrics.info/namespace/2009/song" version="0.8" createdIn="OpenLP 2.0.3" modifiedIn="OpenLP 2.0.3" modifiedDate="2014-02-05T19:27:52">
  <properties>
    <titles>
      <title>HC  263 - AO FIM DO CULTO</title>
    </titles>
    <authors>
      <author>HARPA CRISTÃ</author>
    </authors>
  </properties>
  <lyrics>
    <verse name="v1">
      <lines>O CULTO TENDO JÁ TERMINADO,<br/>TE SUPLICAMOS, Ó SALVADOR,<br/>SE EM QUALQUER COISA FOI PERTURBADO,<br/>QUE NOS PERDOES, POR TEU AMOR.</lines>
    </verse>
    <verse name="v2">
      <lines>GRAVAR TU QUEIRAS A SÃ DOUTRINA,<br/>POR TEU ESPÍRITO CONSOLADOR,<br/>QUE NOS SUSTENTA, QUE NOS ENSINA,<br/>E QUE NOS ENCHE DO TEU AMOR.</lines>
    </verse>
    <verse name="v3">
      <lines>SE NÓS AQUI NÃO MAIS REGRESSARMOS,<br/>CERTEZA TEMOS DE VER NA LUZ<br/>OS SANTOS JUNTOS E CONTEMPLARMOS<br/>NO CÉU, UM DIA, O BOM JESUS!</lines>
    </verse>
  </lyrics>
</song>
