<?xml version='1.0' encoding='utf-8'?>
<song xmlns="http://openlyrics.info/namespace/2009/song" version="0.8" createdIn="OpenLP 2.0.3" modifiedIn="OpenLP 2.0.3" modifiedDate="2014-02-05T19:28:08">
  <properties>
    <titles>
      <title>HC  341 - A ASPIRAÇÃO DA ALMA</title>
    </titles>
    <authors>
      <author>HARPA CRISTÃ</author>
    </authors>
  </properties>
  <lyrics>
    <verse name="v1">
      <lines>MINH'ALMA ASPIRA HABITAR<br/>NOS ÁTRIOS DO SENHOR,<br/>E PARA SEMPRE OUVIR SOAR<br/>A VOZ DO MEU REDENTOR.</lines>
    </verse>
    <verse name="v2">
      <lines>DESCANSO NÃO SE ENCONTRARÁ<br/>NO LAR DO PECADOR;<br/>SÓ EM JESUS SE ACHARÁ<br/>JUSTIÇA, PAZ E AMOR.</lines>
    </verse>
    <verse name="v3">
      <lines>Ó VINDE, CRENTES, VAMOS JÁ<br/>A CASA DO SENHOR,<br/>POIS ELE NOS ENSINARÁ<br/>SERVI-LO COM MUI FERVOR!</lines>
    </verse>
  </lyrics>
</song>
