<?xml version='1.0' encoding='utf-8'?>
<song xmlns="http://openlyrics.info/namespace/2009/song" version="0.8" createdIn="OpenLP 2.0.3" modifiedIn="OpenLP 2.0.3" modifiedDate="2014-02-05T19:27:32">
  <properties>
    <titles>
      <title>HC  157 - CRISTO, EM BREVE VEM!</title>
    </titles>
    <authors>
      <author>HARPA CRISTÃ</author>
    </authors>
  </properties>
  <lyrics>
    <verse name="v1">
      <lines>O DIA VEM, A CLAREAR,<br/>JÁ FUGIU A NOITE, BRILHA A LUZ DALÉM;<br/>UM GRITO SOA: APRONTAR!<br/>CRISTO, EM BREVE, VEM!</lines>
    </verse>
    <verse name="c1">
      <lines>QUAL FORTE VENDAVAL, RUGINDO SOBRRE O MAR,<br/>ESCUTA-SE A MENSAGEM, QUE DO CÉU PROVÉM;<br/>OUVI A GRANDE NOVA, QUE ALEGRIA TRAZ;<br/>"CRISTO, EM BREVE, VEM!"</lines>
    </verse>
    <verse name="v2">
      <lines>Ó POVOS, TRIBOS E NAÇÕES<br/>QUE ESCRAVIZADOS NO PECADO ESTAIS,<br/>Ó PREPARAI OS CORAÇÕES!<br/>OH! POR QUE DEMORAIS?</lines>
    </verse>
    <verse name="v3">
      <lines>DA MORTE QUEIRAM ACORDAR;<br/>TREVAS E PECADOS, À LUZ, HÃO DE FUGIR;<br/>EM BREVE IREMOS ENCONTRAR<br/>CRISTO, QUE HÁ DE VIR.</lines>
    </verse>
  </lyrics>
</song>
