<?xml version='1.0' encoding='utf-8'?>
<song xmlns="http://openlyrics.info/namespace/2009/song" version="0.8" createdIn="OpenLP 2.0.3" modifiedIn="OpenLP 2.0.3" modifiedDate="2014-02-05T19:27:15">
  <properties>
    <titles>
      <title>HC  073 - VEM, VEM A MIM</title>
    </titles>
    <authors>
      <author>HARPA CRISTÃ</author>
    </authors>
  </properties>
  <lyrics>
    <verse name="v1">
      <lines>PECADOR ESCUTA A VOZ DO SENHOR:<br/>" SE ESTÁS CANSADO, Ó VEM DESCANSAR;<br/>VEM, NÃO TE DETENHAS; SEM NENHUM TEMOR,<br/>DEIXA O TEU FARDO E VEM REPOUSAR".</lines>
    </verse>
    <verse name="c1">
      <lines>VEM, VEM A MIM E DESCANSARÁS;<br/>TOMA O MEU JUGO E TE GUIAREI;<br/>SOU HUMILDE E MANSO, DOU-TE MINHA PAZ;<br/>Ó VEM, HOJE MESMO, E TE SALVAREI.</lines>
    </verse>
    <verse name="v2">
      <lines>VEM A DEUS, FAMINTO, POBRE MESMO ASSIM;<br/>HÁ MANÁ CELESTE, PREPARADO JÁ;<br/>GRÁTIS É A FESTA, P'RA TI E P'RA MIM,<br/>CRISTO TE CONVIDA, VEM E CEARÁS.</lines>
    </verse>
    <verse name="v3">
      <lines>ANDAS DESVIADO, LONGE DO REDIL?<br/>DEIXA DE VAGAR E VEM AO BOM PASTOR;<br/>PELOS MONTES, VALES, HÁ PERIGOS MIL?<br/>VOLTA AO REBANHO DO TEU SALVADOR.</lines>
    </verse>
    <verse name="v4">
      <lines>CRENDO TU, EM CRISTO, SALVAÇÃO TERÁS;<br/>GOZO, PAZ PERFEITA, TUDO QUE É MISTER;<br/>CRISTO NÃO DESPREZA, NEM REJEITARÁ<br/>TODO O QUE CONTRITO A ELE VIER.</lines>
    </verse>
  </lyrics>
</song>
