<?xml version='1.0' encoding='utf-8'?>
<song xmlns="http://openlyrics.info/namespace/2009/song" version="0.8" createdIn="OpenLP 2.0.3" modifiedIn="OpenLP 2.0.3" modifiedDate="2014-02-05T19:28:12">
  <properties>
    <titles>
      <title>HC  363 - CONSAGRAÇÃO</title>
    </titles>
    <authors>
      <author>HARPA CRISTÃ</author>
    </authors>
  </properties>
  <lyrics>
    <verse name="v1">
      <lines>AMOR E VIDA DOU A TI,<br/>JESUS, POIS LÁ NA CRUZ, POR MIM,<br/>VERTESTE SANGUE CARMEZIM;<br/>MEU DEUS E SALVADOR!</lines>
    </verse>
    <verse name="c1">
      <lines>AMOR E VIDA DOU A TI,<br/>QUE FOSTE À CRUZ SOFRER POR MIM,<br/>AMOR E VIDA DOU A TI,<br/>JESUS, MEU SALVADOR!</lines>
    </verse>
    <verse name="v2">
      <lines>TU ME SALVASTE, ISTO SEI;<br/>A MINHA FÉ EM TI POREI;<br/>FELIZ, AGORA VIVEREI!<br/>CONTIGO, MEU JESUS!</lines>
    </verse>
    <verse name="v3">
      <lines>TU QUE MORRESTE SOBRE A CRUZ,<br/>CONCEDE-ME, SENHOR JESUS,<br/>QUE SEMPRE ANDE NA TUA LUZ,<br/>EM SANTIFICAÇÃO.</lines>
    </verse>
  </lyrics>
</song>
