<?xml version='1.0' encoding='utf-8'?>
<song xmlns="http://openlyrics.info/namespace/2009/song" version="0.8" createdIn="OpenLP 2.0.3" modifiedIn="OpenLP 2.0.3" modifiedDate="2014-02-05T19:28:16">
  <properties>
    <titles>
      <title>HC  388 - CANTA, Ó CRENTE</title>
    </titles>
    <authors>
      <author>HARPA CRISTÃ</author>
    </authors>
  </properties>
  <lyrics>
    <verse name="v1">
      <lines>CANTA COM VIDA, Ó CRENTE!<br/>DOCE SERÁ CANTAR!<br/>ANDA SÓ PARA A FRENTE,<br/>DEIXA O TEU PESAR;<br/>CANTA NAS NOITES TRISTES,<br/>CANTA NO SOL, NA LUZ;<br/>O MAL ASSIM RESISTES:<br/>CANTA P'RA JESUS!</lines>
    </verse>
    <verse name="v2">
      <lines>CANTA COM VIDA, Ó CRENTE,<br/>ALEGRA O CORAÇÃO!<br/>LOUVA AO DEUS CLEMENTE,<br/>COM FELIZ CANÇÃO!<br/>CHEIO ESTÁ O MUNDO<br/>DE TURBAÇÃO E DOR;<br/>CANTA O AMOR PROFUNDO<br/>DO TEU SALVADOR.</lines>
    </verse>
    <verse name="v3">
      <lines>CANTA COM VIDA, Ó CRENTE!<br/>DEUS TEU SOCORRO É;<br/>GUARDA-TE A MÃO POTENTE,<br/>SE TIVERES FÉ.<br/>CRISTO, SIM, TE LEVANTA,<br/>QUANDO MEDROSO ESTÁS,<br/>SE CONFIANDO CANTAS<br/>SEU AMOR VERAZ.</lines>
    </verse>
  </lyrics>
</song>
