<?xml version='1.0' encoding='utf-8'?>
<song xmlns="http://openlyrics.info/namespace/2009/song" version="0.8" createdIn="OpenLP 2.0.3" modifiedIn="OpenLP 2.0.3" modifiedDate="2014-02-05T19:27:08">
  <properties>
    <titles>
      <title>HC  028 - DEUS VAI TE GUIAR</title>
    </titles>
    <authors>
      <author>HARPA CRISTÃ</author>
    </authors>
  </properties>
  <lyrics>
    <verse name="v1">
      <lines>ANDAS CARREGADO DE TRISTEZA E DOR,<br/>SEM NEMHUM AUXÍLIO, NEM UM SALVADOR?<br/>OUVE A MENSAGEM DE TEU BOM JESUS,<br/>E TEM MAIS CORAGEM, LEVA A TUA CRUZ.</lines>
    </verse>
    <verse name="c1">
      <lines>DEUS VAI TE GUIAR COM SUA<br/>FORTE MÃO;<br/>PODES DESCANSAR NA TRIBULAÇÃO;<br/>SEJA TUA VIDA LIVRE DE PESAR;<br/>EM TRISTEZA E LIDA DEUS VAI TE GUIAR.</lines>
    </verse>
    <verse name="v2">
      <lines>TODA CARGA POR TI, ELE QUER LEVAR;<br/>ALMA DOLORIDA, OUVE O SEU FALAR;<br/>SENDA ESPINHOSA ELE JÁ ANDOU,<br/>MORTE AFRONTOSA POR TI SUPORTOU.</lines>
    </verse>
    <verse name="v3">
      <lines>SE ESTÁS TENTADO, DEUS TE AJUDARÁ,<br/>SEMPRE CONFIANDO, TE LIBERTARÁ;<br/>AS PISADAS SEGUE DO TEU SALVADOR,<br/>CRENDO EM DEUS, PROSSEGUE, SEJA COMO FOR.</lines>
    </verse>
  </lyrics>
</song>
