<?xml version='1.0' encoding='utf-8'?>
<song xmlns="http://openlyrics.info/namespace/2009/song" version="0.8" createdIn="OpenLP 2.0.3" modifiedIn="OpenLP 2.0.3" modifiedDate="2014-02-05T19:28:32">
  <properties>
    <titles>
      <title>HC  479 - AO RAIAR DO ANO NOVO</title>
    </titles>
    <authors>
      <author>HARPA CRISTÃ</author>
    </authors>
  </properties>
  <lyrics>
    <verse name="v1">
      <lines>É MEIA NOITE, O ANO JÁ FENECE,<br/>NÓS ELEVAMOS OS OLHOS AOS CÉUS,<br/>TODOS ORANDO PARA QUE COMECE<br/>O ANO NOVO NA GRAÇA DE DEUS.</lines>
    </verse>
    <verse name="c1">
      <lines>AS NOSSAS VOZES JUNTAS LEVANTEMOS,<br/>COM ALEGRIA E SUAVE SOM;<br/>EM GRATIDÃO A CRISTO, JUBILEMOS,<br/>PELO RAIAR DE MAIS UM ANO BOM.</lines>
    </verse>
    <verse name="v2">
      <lines>SENHOR, PEDIMOS NÓS ARDETEMENTE,<br/>OUVE, POR TEU INFINITO AMOR;<br/>SALVA DA NOSSA PÁTRIA TODA GENTE,<br/>P'RA TUA HONRA, E P'RA TEU LOUVOR.</lines>
    </verse>
    <verse name="v3">
      <lines>AS NOSSAS ALMAS TORNA IMPOLUTAS,<br/>NÃO NOS DEIXANDO EM FRAQUEZAS CAIR,<br/>NOSSA ORAÇÃO, SENHOR, HOJE ESCUTA,<br/>PARA PODEMOS AQUI TE SERVIR.</lines>
    </verse>
    <verse name="v4">
      <lines>GRAÇAS A TI, POR ESSE ANO FINDO,<br/>POIS NOS SUPRISTE COM MUITO PODER;<br/>GRAÇAS A TI, POR ESSE ANO VINDO,<br/>POIS BÊNÇÃOS MIL VAMOS NÓS RECEBER.</lines>
    </verse>
  </lyrics>
</song>
