<?xml version='1.0' encoding='utf-8'?>
<song xmlns="http://openlyrics.info/namespace/2009/song" version="0.8" createdIn="OpenLP 2.0.3" modifiedIn="OpenLP 2.0.3" modifiedDate="2014-02-05T19:27:11">
  <properties>
    <titles>
      <title>HC  050 - SEMPRE FIÉIS</title>
    </titles>
    <authors>
      <author>HARPA CRISTÃ</author>
    </authors>
  </properties>
  <lyrics>
    <verse name="v1">
      <lines>SEMPRE FIÉIS, SIM, A TI, NÓS SEREMOS,<br/>POR TUA GRAÇA, Ó CRISTO, SENHOR!<br/>SEMPRE FIÉIS, SIM, POR TI LUTAREMOS,<br/>SOB TEU PENDÃO, Ó JESUS, SALVADOR!</lines>
    </verse>
    <verse name="c1">
      <lines>SEMPRE FIÉIS, IRMÃOS! IRMÃOS<br/>SEJAMOS.<br/>SEMPRE FIÉIS A CRISTO JESUS.<br/>QUE ATÉ À MORTE, POR NÓS PROSSEGUIU,<br/>E LIBERTOU-NOS, MORRENDO NA CRUZ!</lines>
    </verse>
    <verse name="v2">
      <lines>POR TI VIVER, Ó BENDITO CORDEIRO,<br/>QUEM NÃO DESEJA - SE TE CONHECER?<br/>QUEM, QUE SE DIGA CRISTÃO VERDADEIRO,<br/>PRONTO NÃO 'STEJA, POR TI A SOFRER?</lines>
    </verse>
    <verse name="v3">
      <lines>MAS, SALVADOR, QUÃO FRAQUINHOS NÓS SOMOS,<br/>COMO PODEMOS DEIXAR DE CAIR,<br/>SE POR TI MESMO GUARDADOS NÃO FOMOS?<br/>QUEM, TÉ À MORTE, TE PODES SEGUIR?</lines>
    </verse>
    <verse name="v4">
      <lines>SEMPRE FIÉIS, SIM, MESMO ATÉ À MORTE!<br/>SEMPRE FIÉIS - TOMEMOS A CRUZ!<br/>EIS A DIVISA QUE A NÓS NOS PERTENCE,<br/>AOS LIBERTADOS POR CRISTO JESUS!</lines>
    </verse>
  </lyrics>
</song>
