<?xml version='1.0' encoding='utf-8'?>
<song xmlns="http://openlyrics.info/namespace/2009/song" version="0.8" createdIn="OpenLP 2.0.3" modifiedIn="OpenLP 2.0.3" modifiedDate="2014-02-05T19:27:49">
  <properties>
    <titles>
      <title>HC  241 - MARCHEMOS SEM TEMOR</title>
    </titles>
    <authors>
      <author>HARPA CRISTÃ</author>
    </authors>
  </properties>
  <lyrics>
    <verse name="v1">
      <lines>P'RA SIÃO MARCHAMOS SEM ALGUM TEMOR,<br/>POR FÉ NOS CHAMAMOS FILHOS DO SENHOR;<br/>PRESTO CAMINHAMOS, SEM P'RA TRÁS OLHAR,<br/>COM JESUS NÓS VAMOS, NÃO PODEMOS ERRAR.</lines>
    </verse>
    <verse name="c1">
      <lines>MARCHEMOS SEM TEMOR,<br/>REPLETOS DE VALOR,<br/>MARCHEMOS NAS PISADAS DO BOM REDENTOR;<br/>DEPRESSA, SEM TARDAR, ATÉ NO CÉU ENTRAR;<br/>POR JESUS PODEMOS SEMPRE TRIUNFAR.</lines>
    </verse>
    <verse name="v2">
      <lines>P'RA SIÃO MARCHAMOS SEM DESANIMAR,<br/>A VERDADE, VAMOS TODOS PROCALAMAR;<br/>PRESTO CAMINHAMOS, CARREGANDO A CRUZ,<br/>POIS NÓS DESEJAMOS VER NO CÉU A JESUS.</lines>
    </verse>
    <verse name="v3">
      <lines>P'RA SIÃO MARCHAMOS EM CELESTE LUZ,<br/>DIRIGIDOS VAMOS P'LO SENHOR JESUS;<br/>PRESTO CAMINHAMOS, RASGA-SE O VÉU;<br/>JÁ DAQUI ESTAMOS, PELA FÉ, VENDO O CÉU.</lines>
    </verse>
  </lyrics>
</song>
