<?xml version='1.0' encoding='utf-8'?>
<song xmlns="http://openlyrics.info/namespace/2009/song" version="0.8" createdIn="OpenLP 2.0.3" modifiedIn="OpenLP 2.0.3" modifiedDate="2014-02-05T19:27:16">
  <properties>
    <titles>
      <title>HC  080 - CRISTO TE CHAMA</title>
    </titles>
    <authors>
      <author>HARPA CRISTÃ</author>
    </authors>
  </properties>
  <lyrics>
    <verse name="v1">
      <lines>CRISTO TE CHAMA, A TI PECADOR,<br/>TE CHAMA A TI, COM VOZ DE AMOR;<br/>DEIXA OS PECADOS, E VEM AO SENHOR.<br/>CRISTO TE CHAMA A TI!</lines>
    </verse>
    <verse name="c1">
      <lines>CRISTO TE CHAMA, TE CHAMA A TI!<br/>CRISTO TE CHAMA, Ó VEM PECADOR!<br/>CRISTO TE CHAMA COM VOZ DE AMOR.<br/>CRISTO TE CHAMA A TI!</lines>
    </verse>
    <verse name="v2">
      <lines>DEIXA AS SENDAS DO MUNDO D'HORROR,<br/>VEM A JESUS, VEM COM AMOR;<br/>CRISTO TE SALVA, Ó VEM, PECADOR;<br/>CRISTO TE CHAMA A TI!</lines>
    </verse>
    <verse name="v3">
      <lines>CRISTO GLORIOSO VIRÁ COM PODER;<br/>PRONTO ESTÁS PARA ASCENDER?<br/>SÓ POR SEU SANGUE TU PODES VENCER.<br/>CRISTO TE CHAMA A TI!</lines>
    </verse>
    <verse name="v4">
      <lines>A COMPASSIVA VOZ DO SALVADOR,<br/>CHAMA-TE JÁ COM SANTO AMOR;<br/>VEM PARA A FONTE, Ó VEM PECADOR,<br/>CRISTO TE CHAMA A TI!</lines>
    </verse>
  </lyrics>
</song>
