<?xml version='1.0' encoding='utf-8'?>
<song xmlns="http://openlyrics.info/namespace/2009/song" version="0.8" createdIn="OpenLP 2.0.3" modifiedIn="OpenLP 2.0.3" modifiedDate="2014-02-05T19:27:28">
  <properties>
    <titles>
      <title>HC  146 - CAMINHO BRILHANTE</title>
    </titles>
    <authors>
      <author>HARPA CRISTÃ</author>
    </authors>
  </properties>
  <lyrics>
    <verse name="v1">
      <lines>POR UM CAMINHO BRILHANTE VOU,<br/>DE MAJSTADE LUZ;<br/>PELO CAMINHO QUE JÁ TRILHOU,<br/>NOSSO SENHOR JESUS;<br/>SEM ME LEMBRAR DO QUE SE PASSOU,<br/>BEM FELIZ CANTO, SIM,<br/>POIS O FILHO DO REI DOS REIS EU SOU;<br/>CRISTO É MEU, POR FIM;</lines>
    </verse>
    <verse name="c1">
      <lines>MEU, POR FIM; MEU, POR FIM!<br/>CRISTO DA MORTE LIVROU-ME, SIM!<br/>ME OUVIU, ME REMIU,<br/>CRISTO É MEU, POR FIM!</lines>
    </verse>
    <verse name="v2">
      <lines>NO MUNDO NÃO TENHO MAIS PRAZER,<br/>PURIFICADO ESTOU,<br/>NUNCA JAMAIS HEI DE PERECER,<br/>POIS JESUS ME LIVROU;<br/>ELE ME AMA E ME QUER BEM,<br/>TUDO É PARA MIM;<br/>NELE ENCONTRO LOUVOR, TAMBÉM.<br/>CRISTO É MEU, POR FIM.</lines>
    </verse>
    <verse name="v3">
      <lines>QUEM DE JESUS ME SEPARARÁ?<br/>TENHO-O NO MEU CORAÇÃO;<br/>ELE NAS TREVAS ME GUIARÁ<br/>PARA A FELIZ SIÃO.<br/>SEMPRE CONTENTE, SEM VACILAR,<br/>VENÇO O MAL, ASSIM;<br/>TENHO PRAZER SE NA LUZ ANDAR.<br/>CRISTO É MEU, POR FIM.</lines>
    </verse>
  </lyrics>
</song>
