<?xml version='1.0' encoding='utf-8'?>
<song xmlns="http://openlyrics.info/namespace/2009/song" version="0.8" createdIn="OpenLP 2.0.3" modifiedIn="OpenLP 2.0.3" modifiedDate="2014-02-05T19:27:55">
  <properties>
    <titles>
      <title>HC  277 - SALVO ESTÁS LIMPO ESTÁS</title>
    </titles>
    <authors>
      <author>HARPA CRISTÃ</author>
    </authors>
  </properties>
  <lyrics>
    <verse name="v1">
      <lines>TENS ACHADO EM CRISTO PLENA SALVAÇÃO,<br/>PELO SANGUE VERTIDO NA CRUZ?<br/>TODA MANCHA LAVA DE TEU CORAÇÃO,<br/>ESTE SANGUE EFICAZ DE JESUS.</lines>
    </verse>
    <verse name="c1">
      <lines>SALVO ESTÁS, LIMPO ESTÁS,<br/>PELO SANGUE DE CRISTO JESUS?<br/>TENS TEU CORAÇÃO MAIS ALVO QUE A LUZ,<br/>FOSTE LIMPO NO SANGUE EFICAZ?</lines>
    </verse>
    <verse name="v2">
      <lines>VIVES SEMPRE AO LADO DO TEU SALVADOR,<br/>PELO SANGUE QUE MANA DA CRUZ?<br/>DO PECADO FOSTES SEMPRE VENCEDOR,<br/>COMO FOI TEU BENDITO JESUS?</lines>
    </verse>
    <verse name="v3">
      <lines>TERÁS ROUPA BRANCA QUANDO VIER JESUS,<br/>FOSTE LIMPO NA FONTE DE AMOR?<br/>ESTÁS PRONTO P'RA SEGUIR AO CÉU DE LUZ,<br/>PELO SANGUE PURIFICADOR?</lines>
    </verse>
    <verse name="v4">
      <lines>CRISTO HOJE DÁ PUREZA E MUI PODER:<br/>FITA OS OLHOS NA CRUZ DO SENHOR,<br/>DELA, FONTES SAI QUE TE ENCHE DE PRAZER,<br/>QUE TE FARTA DE VIDA E VIGOR.</lines>
    </verse>
  </lyrics>
</song>
