<?xml version='1.0' encoding='utf-8'?>
<song xmlns="http://openlyrics.info/namespace/2009/song" version="0.8" createdIn="OpenLP 2.0.3" modifiedIn="OpenLP 2.0.3" modifiedDate="2014-02-05T19:27:56">
  <properties>
    <titles>
      <title>HC  283 - O PASTOR E AS OVELHAS</title>
    </titles>
    <authors>
      <author>HARPA CRISTÃ</author>
    </authors>
  </properties>
  <lyrics>
    <verse name="v1">
      <lines>AMA O PASTOR AS OVELHAS,<br/>COM UM AMOR PATERNAL,<br/>AMA O PASTOR SEU REBANHO,<br/>COM UM AMOR SEM IGUAL;<br/>AMA O PASTOR INDA OUTRAS,<br/>QUE DESGARRADAS ESTÃO,<br/>E COMOVIDO AS PROCURA,<br/>POR ONDE QUER QU'ELAS VÃO.</lines>
    </verse>
    <verse name="c1">
      <lines>PELOS DESERTOS ERRANTES,<br/>VÊEM-SE A SOFRER PENAS MIL,<br/>ELE AO ACHÁ-LAS, NOS OMBROS<br/>LEVA-AS DITOSO, AO REDIL.</lines>
    </verse>
    <verse name="v2">
      <lines>AMA O PASTOR SEUS CORDEIROS,<br/>COM INEFÁVEL AMOR,<br/>AOS QUE, ÀS VEZES, PERDIDOS,<br/>GEMENDO SE OUVEM DE DOR.<br/>VEDE O PASTOR COMOVIDO<br/>PELAS COLINAS VAGAR,<br/>E OS CORDEIROS NOS OMBROS,<br/>VEDE-O, LEVANDO AO LUGAR.</lines>
    </verse>
    <verse name="v3">
      <lines>AMA AS NOVENTA E NOVE,<br/>QUE NO REDIL ABRIGOU;<br/>AMA A QUE, DESGARRADA,<br/>NO CAMPO SE DESVIOU;<br/>" Ó MINHA OVELHA PERDIDA!"<br/>CLAMA O DOLENTE PASTOR;<br/>QUEM IRÁ EM SUA AJUDA,<br/>PARA SALVÁ-LA, SENHOR?</lines>
    </verse>
    <verse name="v4">
      <lines>SÃO DELICADOS TEUS PASTOS,<br/>MUI QUIETAS TUAS ÁGUAS SÃO;<br/>EIS-NOS AQUI, Ó BOM MESTRE,<br/>DÁ-NOS VERAZ DIREÇÃO,<br/>DÁ-NOS OBREIROS ZELOSOS,<br/>ENCHE-NOS DE SANTO AMOR,<br/>PELAS OVELHAS PERDIDAS<br/>DO TEU REDIL, BOM SENHOR.</lines>
    </verse>
  </lyrics>
</song>
