<?xml version='1.0' encoding='utf-8'?>
<song xmlns="http://openlyrics.info/namespace/2009/song" version="0.8" createdIn="OpenLP 2.0.3" modifiedIn="OpenLP 2.0.3" modifiedDate="2014-02-05T19:28:19">
  <properties>
    <titles>
      <title>HC  401 - JESUS VOLTARÁ</title>
    </titles>
    <authors>
      <author>HARPA CRISTÃ</author>
    </authors>
  </properties>
  <lyrics>
    <verse name="v1">
      <lines>TUDO NOS MOSTRA QUE CRISTO JÁ VOLTA;<br/>BREVE JESUS VOLTARÁ!<br/>JÁ DESTE MUNDO O MAR SE REVOLTA;<br/>BREVE JESUS VOLTARÁ.</lines>
    </verse>
    <verse name="v2">
      <lines>BREVE VIRÁ, BRVE VIRÁ,<br/>BREVE JESUS VOLTARÁ.</lines>
    </verse>
    <verse name="v3">
      <lines>CRISTÃO, ACORDA, SUA VINDA É CERTA:<br/>BREVE JESU VOLTARÁ!<br/>P'RA RECEBÊ-LO ESTÁS BEM ALERTA?<br/>BREVE JESUS VOLTARÁ.</lines>
    </verse>
    <verse name="v4">
      <lines>CRENTE PROCLAMA PARA OS PECADORES:<br/>BREVE JESUS VOLTARÁ!<br/>NÃO HAVERÁ MAIS TRISTEZAS NEM DORES:<br/>BREVE JESUS VOLTARÁ.</lines>
    </verse>
    <verse name="v5">
      <lines>CONSOLA O CORAÇÃO QUE LHE CLAMA:<br/>BREVE JESUS VOLTARÁ!<br/>P'RA SUAS BODAS O BOM REI NOS CHAMA:<br/>BREVE JESUS VOLTARÁ.</lines>
    </verse>
  </lyrics>
</song>
