<?xml version='1.0' encoding='utf-8'?>
<song xmlns="http://openlyrics.info/namespace/2009/song" version="0.8" createdIn="OpenLP 2.0.3" modifiedIn="OpenLP 2.0.3" modifiedDate="2014-02-05T19:28:30">
  <properties>
    <titles>
      <title>HC  466 - QUE MARAVILHA</title>
    </titles>
    <authors>
      <author>HARPA CRISTÃ</author>
    </authors>
  </properties>
  <lyrics>
    <verse name="v1">
      <lines>AMIGO, CONHECES, TAMBÉM ENALTECES<br/>JESUS, O FILHO DE DEUS?<br/>TENS NELE JÁ CRIDO, E ASSIM RECEBIDO<br/>JESUS, O FILHO DE DEUS?</lines>
    </verse>
    <verse name="c1">
      <lines>QUE MARAVILHA! QUE MARAVILHA!<br/>JESUS, O FILHO DE DEUS!<br/>OH! EU TE ADORO! SIM, EU TE AMO!<br/>JESUS, O FILHO DE DEUS!</lines>
    </verse>
    <verse name="v2">
      <lines>SEGUIR, QUEM ALMEIJA, E N'ALMA DESEJA<br/>JESUS, O FILHO DE DEUS?<br/>QUEM FOI REJEITADO POR ESSE ADORADO<br/>JESUS, O FILHO DE DEUS?</lines>
    </verse>
    <verse name="v3">
      <lines>SE HOJE CONFIARES, TAMBÉM ACEITARES<br/>JESUS, O FILHO DE DEUS.<br/>IRÁS JUBILANDO, E SEMPRE LOUVANDO<br/>JESUS, O FILHO DE DEUS.</lines>
    </verse>
    <verse name="v4">
      <lines>DOS CÉUS, MUITO BREVE, DESCER P'RA NÓS DEVE,<br/>JESUS, O FILHO DE DEUS!<br/>Ó VEM, EU TE CLAMO, Ó VEM, POIS TE AMO,<br/>JESUS, O FILHO DE DEUS.</lines>
    </verse>
  </lyrics>
</song>
