<?xml version='1.0' encoding='utf-8'?>
<song xmlns="http://openlyrics.info/namespace/2009/song" version="0.8" createdIn="OpenLP 2.0.3" modifiedIn="OpenLP 2.0.3" modifiedDate="2014-02-05T19:27:25">
  <properties>
    <titles>
      <title>HC  136 - JESUS, NOSSO SOCORRO</title>
    </titles>
    <authors>
      <author>HARPA CRISTÃ</author>
    </authors>
  </properties>
  <lyrics>
    <verse name="v1">
      <lines>EM NOSSO SOCORRO VEM, Ó VEM, JESUS!<br/>POIS GRANDE TRISTEZA NOS OFUSCA A LUZ;<br/>A TI RECORREMOS, VEM NOS DAR VIGOR,<br/>REVESTE-NOS TODOS DO TEU GRANDE AMOR!</lines>
    </verse>
    <verse name="v2">
      <lines>EM NOSSO SOCORRO VEM, Ó VEM JESUS!<br/>EM TI CONFIAMOS, ÉS A NOSSA LUZ;<br/>PROTEGE-NOS SEMPRE DO VIL TENTADOR,<br/>REVESTE-NOS TODOS DO TEU GRANDE AMOR!</lines>
    </verse>
    <verse name="v3">
      <lines>EM NOSSO SOCORRO VEM, Ó VEM, JESUS!<br/>COMBATE O INIMINGO COM A TUA LUZ;<br/>A TI NÓS CLAMAMOS, RESPONDE, SENHOR,<br/>REVESTE-NOS TODOS DO TEU GRANDE AMOR!</lines>
    </verse>
    <verse name="v4">
      <lines>EM NOSSO SOCORRO VEM, Ó VEM JESUS!<br/>À PLENA VITÓRIA, HOJE NOS CONDUZ;<br/>DÁ-NOS TUA GRAÇA, PODER E VALOR.<br/>REVESTE-NOS TODOS DO TEU GRANDE AMOR!</lines>
    </verse>
  </lyrics>
</song>
