<?xml version='1.0' encoding='utf-8'?>
<song xmlns="http://openlyrics.info/namespace/2009/song" version="0.8" createdIn="OpenLP 2.0.3" modifiedIn="OpenLP 2.0.3" modifiedDate="2014-02-05T19:27:47">
  <properties>
    <titles>
      <title>HC  231 - NÃO FOI COM OURO</title>
    </titles>
    <authors>
      <author>HARPA CRISTÃ</author>
    </authors>
  </properties>
  <lyrics>
    <verse name="v1">
      <lines>NÓS, OS SALVOS DO SENHOR,<br/>CAMINHEMOS COM VALOR;<br/>ELE GUARDA O CORAÇÃO,<br/>CRISTO É A NOSSA SALVAÇÃO.</lines>
    </verse>
    <verse name="c1">
      <lines>NÃO FOI COM OURO QUE NOS COMPROU<br/>JESUS,<br/>MAS COM SEU SANGUE VERTIDO LÁ NA CRUZ;<br/>NÓS, QUE SOMOS SALVOS, VAMOS SEM TEMER,<br/>SEMPRE POR SEU SANGUE O MAL VENCER.</lines>
    </verse>
    <verse name="v2">
      <lines>PELA MORTE DE JESUS,<br/>RECEBEMOS VIDA E LUZ;<br/>DO ABISMO DE HORROR,<br/>NÃO TEMOS MAIS NENHUM TEMOR.</lines>
    </verse>
    <verse name="v3">
      <lines>SEGUIREMOS O SENHOR,<br/>POIS NOS GUIA AO CRIADOR;<br/>NOS CONCEDE PAZ REAL,<br/>NOS DÁ REPOUSO ETERNAL!</lines>
    </verse>
    <verse name="v4">
      <lines>TU QUE NÃO TENS SALVAÇÃO,<br/>ABRE JÁ TEU CORAÇÃO.<br/>DEIXA CRISTO TE SALVAR,<br/>E PARA O CÉU TE PREPARAR.</lines>
    </verse>
  </lyrics>
</song>
