<?xml version='1.0' encoding='utf-8'?>
<song xmlns="http://openlyrics.info/namespace/2009/song" version="0.8" createdIn="OpenLP 2.0.3" modifiedIn="OpenLP 2.0.3" modifiedDate="2014-02-05T19:27:46">
  <properties>
    <titles>
      <title>HC  225 - SÊ VALENTE</title>
    </titles>
    <authors>
      <author>HARPA CRISTÃ</author>
    </authors>
  </properties>
  <lyrics>
    <verse name="v1">
      <lines>NA BATALHA CONTRA O MAL, SÊ VALENTE!<br/>SEGUE EM MARCHA TRIUNFAL, SÊ VALENTE!<br/>OLHA O ALVO QUE É JESUS,<br/>QUE À VITÓRIA TE CONDUZ;<br/>Ó NÃO DEIXES TUA CRUZ,<br/>SÊ VALENTE!</lines>
    </verse>
    <verse name="c1">
      <lines>SÊ VALENTE! PELEJANDO POR JESUS,<br/>SÊ VALENTE! NUNCA REJEITANDO A CRUZ!<br/>FIRME SEMPRE NO AMOR,<br/>COM INDÔMITO VALOR,<br/>CHEIO DO CONSOLADOR,<br/>SÊ VALENTE!</lines>
    </verse>
    <verse name="v2">
      <lines>SE O MALIGNO T'ENFRENTAR, SÊ VALENTE!<br/>LUTARÁS SEM RECUAR, SÊ VALENTE!<br/>SEJA AQUI, OU ONDE FOR,<br/>ESCUDADO NO SENHOR,<br/>MOSTRARÁS O TEU VALOR;<br/>SÊ VALENTE!</lines>
    </verse>
    <verse name="v3">
      <lines>CO'ALTRUÍSMO, COM PODER, SÊ VALENTE!<br/>FRANCO, SEM O MAL TEMER, SÊ VALENTE!<br/>AOS CAÍDOS EM REDOR,<br/>MANIFESTA-LHES O AMOR;<br/>E SERÁS UM VENCEDOR;<br/>SÊ VALENTE!</lines>
    </verse>
    <verse name="v4">
      <lines>O EVANGELHO A PROCLAMAR, SÊ VALENTE!<br/>NO BRASIL, EM TERRA OU MAR, SÊ VALENTE!<br/>TUA VIDA ENOBRECER!<br/>SEMPRE COM JESUS VIVER,<br/>E A TI TAMBÉM VENCER;<br/>SÊ VALENTE!!</lines>
    </verse>
  </lyrics>
</song>
