<?xml version='1.0' encoding='utf-8'?>
<song xmlns="http://openlyrics.info/namespace/2009/song" version="0.8" createdIn="OpenLP 2.0.3" modifiedIn="OpenLP 2.0.3" modifiedDate="2014-02-05T19:29:01">
  <properties>
    <titles>
      <title>HC  631 - NESTE LUGAR</title>
    </titles>
    <authors>
      <author>HARPA CRISTÃ</author>
    </authors>
  </properties>
  <lyrics>
    <verse name="v1">
      <lines>EIS PLANTADA NESTE DIA,<br/>QUAL SEMENTE SINGULAR,<br/>ESTA PEDRA - QUE ALEGRIA<br/>FAZ O POVO AQUI CANTAR!</lines>
    </verse>
    <verse name="c1">
      <lines>OUVI, OH! TERRA E TODA GENTE,<br/>O LOUVOR, A GRATIDÃO<br/>A JESUS E AO PAI SOMENTE<br/>PELAS ALMAS QUE VIRÃO!</lines>
    </verse>
    <verse name="v2">
      <lines>TANTAS VIDAS TÃO VAZIAS<br/>OU REPLETAS DE AFLIÇÃO,<br/>NESTE TEMPLO, NOVOS DIAS<br/>NO SENHOR DESFRUTARÃO!</lines>
    </verse>
    <verse name="v3">
      <lines>QUANTOS JOVENS SEM FUTURO<br/>A ESTA CASA HÃO DE CHEGAR<br/>- E DESFEITO O NEGRO MURO<br/>PAZ E AMOR VÃO RESPIRAR!</lines>
    </verse>
    <verse name="v4">
      <lines>MÃES E ESPOSAS SUSPIROSAS<br/>A CLAMAR, AQUI VIRÃO;<br/>LOGO APÓS, VITORIOSAS,<br/>GLÓRIA E GLÓRIA AO REI DARÃO!</lines>
    </verse>
    <verse name="v5">
      <lines>MUITOS SERES QUEBRANTADOS,<br/>NESTA CASA DE ORAÇÃO,<br/>PELO ESPÍRITO VISITADOS,<br/>"ALELUIA!" EXCLAMARÃO.</lines>
    </verse>
  </lyrics>
</song>
