<?xml version='1.0' encoding='utf-8'?>
<song xmlns="http://openlyrics.info/namespace/2009/song" version="0.8" createdIn="OpenLP 2.0.3" modifiedIn="OpenLP 2.0.3" modifiedDate="2014-02-05T19:27:50">
  <properties>
    <titles>
      <title>HC  248 - HOSANA E GLÓRIA</title>
    </titles>
    <authors>
      <author>HARPA CRISTÃ</author>
    </authors>
  </properties>
  <lyrics>
    <verse name="v1">
      <lines>JÁ PERTO DE BETFAGÉ, O MESTRE ORDENOU:<br/>"Ó IDE À ALDEIA, QUE AVISTANDO ESTOU,<br/>TRAZE-ME UM JUMENTINHO, NO QUAL NINGUÉM MONTOU<br/>DIZEI AOS QUE PERGUNTEM: "JESUS REQUISITOU".</lines>
    </verse>
    <verse name="c1">
      <lines>HOSANA E GLÓRIA<br/>DAVAM AO SENHOR JESUS,<br/>O REI QUE VEM TRAZENDO AMOR, PODER E LUZ;<br/>TAMBÉM VEM CONCEDENDO EFICAZ PERDÃO;<br/>POR ISSO O LOUVAM DE TODO O CORAÇÃO.</lines>
    </verse>
    <verse name="v2">
      <lines>TROUXERAM O JUMENTINHO, NO QUAL JESUS MONTOU,<br/>COM RAMOS O CAMINHO O POVO ENFEITOU;<br/>A QUE DE SIÃO É FILLHA, Ó LOGO LHE DIZEI:<br/>NÃO TEMAS MAS EXULTA, AÍ VEM O REI".</lines>
    </verse>
    <verse name="v3">
      <lines>NO MONTE DAS OLIVEIRAS, OUVIU-SE UM CLAMOR:<br/>"BENDITO O REI QUE É VINDO EM NOME DO SNEHOR";<br/>JESUS DIZ AOS QUE O MANDAM CALAR A MULTIDÃO:<br/>"SE ESTES SE CALAREM, AS PEDRAS CLAMARÃO".</lines>
    </verse>
  </lyrics>
</song>
