<?xml version='1.0' encoding='utf-8'?>
<song xmlns="http://openlyrics.info/namespace/2009/song" version="0.8" createdIn="OpenLP 2.0.3" modifiedIn="OpenLP 2.0.3" modifiedDate="2014-02-05T19:27:11">
  <properties>
    <titles>
      <title>HC  051 - ADORAÇÃO RECONHECIDA</title>
    </titles>
    <authors>
      <author>HARPA CRISTÃ</author>
    </authors>
  </properties>
  <lyrics>
    <verse name="v1">
      <lines>Ó MINH'ALMA, SEM DEMORA,<br/>ERGUE-TE PARA ENTOAR,<br/>OS LOUVORES DO TEU CRISTO,<br/>E SEU NOME CELEBRAR!<br/>P'RA REMIR-TE, P'RA REMIR-TE,<br/>SUA VIDA ELE QUIS DAR!</lines>
    </verse>
    <verse name="v2">
      <lines>MINHA CONDIÇÃO TÃO TRISTE<br/>CONHECEU MEU SALVADOR;<br/>QUE DOS CÉUS DESCEU À TERRA,<br/>PARA SER MEU REDENTOR!<br/>OH! QUÃO GRANDE! OH! QUÃO GRANDE!<br/>É O AMOR DE MEU SENHOR!</lines>
    </verse>
    <verse name="v3">
      <lines>CONDENADO, JUSTAMENTE,<br/>QUE PODIA EU FAZER,<br/>DESSA PENA P'RA LIVRAR-ME,<br/>O PERDÃO P'RA MERECER?<br/>O SEU SANGUE, O SEU SANGUE,<br/>QUIS JESUS POR MIM VERTER!</lines>
    </verse>
    <verse name="v4">
      <lines>COM MEUS CRIMES CARREGADO,<br/>LÁ NA CRUZ, EM MEU LUGAR,<br/>FOI JESUS CRUCIFICADO,<br/>A MINH'ALMA P'RA SALVAR;<br/>VINDE TODOS! VINDE TODOS,<br/>JÁ COMIGO, O ADORAR!</lines>
    </verse>
  </lyrics>
</song>
