<?xml version='1.0' encoding='utf-8'?>
<song xmlns="http://openlyrics.info/namespace/2009/song" version="0.8" createdIn="OpenLP 2.0.3" modifiedIn="OpenLP 2.0.3" modifiedDate="2014-02-05T19:27:22">
  <properties>
    <titles>
      <title>HC  114 - ACEITA O PERDÃO DE JESUS</title>
    </titles>
    <authors>
      <author>HARPA CRISTÃ</author>
    </authors>
  </properties>
  <lyrics>
    <verse name="v1">
      <lines>SE TU CANSADO JÁ ESTÁS DE PECAR,<br/>ACEITA O PERDÃO DE JESUS.<br/>SE VIDA NOVA QUISERES ACHAR,<br/>ACEITA O PERDÃO DE JESUS.</lines>
    </verse>
    <verse name="c1">
      <lines>VEM A JESUS, PECADOR.<br/>POR TI MORREU LÁ NA CRUZ.<br/>É TEMPO, VEM SEM TEMOR;<br/>ACEITA O PERDÃO DE JESUS.</lines>
    </verse>
    <verse name="v2">
      <lines>SE VIDA PURA DESEJAS OBTER,<br/>ACEITA O PERDÃO DE JESUS.<br/>ELE É A FONTE QUE LIMPA TEU SER;<br/>ACEITA O PERDÃO DE JESUS.</lines>
    </verse>
    <verse name="v3">
      <lines>SE TU NÃO PODES TUAS LUTAS CALMAR,<br/>ACEITA O PERDÃO DE JESUS.<br/>SE TEUS DESEJOS NÃO PODEM DOMAR,<br/>ACEITA O PERDÃO DE JESUS.</lines>
    </verse>
    <verse name="v4">
      <lines>SE COM OS SANTOS TE QUERES UNIR,<br/>ACEITA O PERDÃO DE JESUS.<br/>SE PARA OS CÉUS TU DESEJAS PARTIR,<br/>ACEITA O PERDÃO DE JESUS.</lines>
    </verse>
  </lyrics>
</song>
