<?xml version='1.0' encoding='utf-8'?>
<song xmlns="http://openlyrics.info/namespace/2009/song" version="0.8" createdIn="OpenLP 2.0.3" modifiedIn="OpenLP 2.0.3" modifiedDate="2014-02-05T19:27:10">
  <properties>
    <titles>
      <title>HC  042 - SAUDAI JESUS</title>
    </titles>
    <authors>
      <author>HARPA CRISTÃ</author>
    </authors>
  </properties>
  <lyrics>
    <verse name="v1">
      <lines>SAUDAI O NOME DE JESUS!<br/>ARCANJOS, VOS PROSTAI;<br/>ARCANJOS, VOS PROSTAI;<br/>AO FILHO DO ETERNO DEUS,<br/>COM GLÓRIA, GLÓRIA,<br/>GLÓRIA, GLÓRIA,<br/>COM GLÓRIA, COROAI!</lines>
    </verse>
    <verse name="v2">
      <lines>Ó ESCOLHIDA GERAÇÃO<br/>DO BOM ETERNO PAI,<br/>DO BOM ETERNO PAI;<br/>AO GRANDE AUTOR DA SALVAÇÃO,<br/>COM GLÓRIA, GLÓRIA,<br/>GLÓRIA, GLÓRIA,<br/>COM GLÓRIA, COROAI!</lines>
    </verse>
    <verse name="v3">
      <lines>Ó PERDOADOS, CUJO AMOR<br/>BEM TRIUNFANTE VAI,<br/>BEM TRIUNFANTE VAI,<br/>AO DEUS VARÃO, CONQUISTADOR,<br/>COM GLÓRIA, GLÓRIA,<br/>GLÓRIA, GLÓRIA,<br/>COM GLÓRIA, COROAI!</lines>
    </verse>
    <verse name="v4">
      <lines>Ó RAÇAS, TRIBOS E NAÇÕES,<br/>AO REI DOS REIS HONRAI!<br/>AO REI DOS REIS HONRAI!<br/>A QUEM QUEBROU VOSSOS GRILHÕES,<br/>COM GLÓRIA, GLÓRIA.<br/>GLÓRIA, GLÓRIA,<br/>COM GLÓRIA, COROAI!</lines>
    </verse>
  </lyrics>
</song>
