<?xml version='1.0' encoding='utf-8'?>
<song xmlns="http://openlyrics.info/namespace/2009/song" version="0.8" createdIn="OpenLP 2.0.3" modifiedIn="OpenLP 2.0.3" modifiedDate="2014-02-05T19:27:14">
  <properties>
    <titles>
      <title>HC  066 - PRONTO A SALVAR</title>
    </titles>
    <authors>
      <author>HARPA CRISTÃ</author>
    </authors>
  </properties>
  <lyrics>
    <verse name="v1">
      <lines>TODO O QUE CRÊ NO FILHO DE DEUS,<br/>QUE, P'RA NOS REMIR, DESCEU DOS CÉUS;<br/>TODO O QUE, CONTRITO, A DEUS SE CHEGAR,<br/>JESUS ESTÁ PRONTO, AGORA, A SALVAR.</lines>
    </verse>
    <verse name="c1">
      <lines>SIM, JESUS TE CHAMA, Ó MEU<br/>IRMÃO!<br/>A TI ELE OFERECE PLENO PERDÃO;<br/>SEU SANGUE VERTEU PARA TE RESGATAR,<br/>E ELE É QUEM QUER E PODE SALVAR.</lines>
    </verse>
    <verse name="v2">
      <lines>QUEM, ARREPENDIDO, BUSCA PEDÃO,<br/>ABRINDO A JESUS O SEU CORAÇÃO,<br/>A PAZ HOJE MESMO PODE GOZAR,<br/>POIS ELE ESTÁ PRONTO, AGORA, A SALVAR.</lines>
    </verse>
  </lyrics>
</song>
