<?xml version='1.0' encoding='utf-8'?>
<song xmlns="http://openlyrics.info/namespace/2009/song" version="0.8" createdIn="OpenLP 2.0.3" modifiedIn="OpenLP 2.0.3" modifiedDate="2014-02-05T19:28:18">
  <properties>
    <titles>
      <title>HC  395 - IDE POR TODO O MUNDO</title>
    </titles>
    <authors>
      <author>HARPA CRISTÃ</author>
    </authors>
  </properties>
  <lyrics>
    <verse name="v1">
      <lines>IDE POR TODO O MUNDO E DIZEI:<br/>"É-ME DADO TODO O PODER";<br/>IDE, ANUNCIAI QUE JÁ RESSUSCITEI,<br/>P'RA DAR VIDA A TODO O QUE CRER.</lines>
    </verse>
    <verse name="c1">
      <lines>CONFIANDO, IREI ONDE ME MANDAR;<br/>PELA TERRA, PELO MAR TAMBÉM.<br/>EIS QUE ESTOU CONVOSCO PARA VOS GUARDAR,<br/>POR TODOS OS SÉCULOS. AMÉM.</lines>
    </verse>
    <verse name="v2">
      <lines>IDE E ENSINAI TODAS AS NAÇÕES;<br/>PUBLICAI A SALVAÇÃO E PAZ;<br/>CRISTO JÁ VENCEU A MORTE E SEUS GRILHÕES,<br/>LIBERDADE AGORA, A TODOS TRAZ.</lines>
    </verse>
    <verse name="v3">
      <lines>DA SALVAÇÃO A PORTA ABERTA ESTÁ;<br/>QUEM POR ELA HOJE QUER ENTRAR?<br/>E JESUS QUEM OFERECE E QUEM DÁ<br/>LIVRE ENTRADA NO CELESTE LAR.</lines>
    </verse>
  </lyrics>
</song>
