<?xml version='1.0' encoding='utf-8'?>
<song xmlns="http://openlyrics.info/namespace/2009/song" version="0.8" createdIn="OpenLP 2.0.3" modifiedIn="OpenLP 2.0.3" modifiedDate="2014-02-05T19:28:11">
  <properties>
    <titles>
      <title>HC  362 - O ESPÍRITO DIZ VEM</title>
    </titles>
    <authors>
      <author>HARPA CRISTÃ</author>
    </authors>
  </properties>
  <lyrics>
    <verse name="v1">
      <lines>O ESPÍRITO E A NOIVA DIZEM:<br/>"VEM BEBER DA ÁGUA DA VIDA";<br/>QUE VOZ DE AMOR DO SALVADOR,<br/>A UMA ALMA PERDIDA!</lines>
    </verse>
    <verse name="c1">
      <lines>O ESPÍRITO DIZ: VEM! A NOIVA DIZ: VEM!<br/>E TOMA DE GRAÇA DA ÁGUA DA VIDA.<br/>O ESPÍRITO DIZ: VEM! A NOIVA DIZ: VEM!<br/>E TOMA DE GRAÇA DA ÁGUA DA VIDA.</lines>
    </verse>
    <verse name="v2">
      <lines>E O QUE ESCUTA DIGA: VEM!<br/>E FALE DA PAZ OBTIDA,<br/>POIS RECEBEU E JÁ BEBEU<br/>DA ÁGUA QUE LHE DEU VIDA.</lines>
    </verse>
    <verse name="v3">
      <lines>Ó PECADOR SEDENTO, VEM!<br/>Á FONTE DAS ÁGUAS PURAS!<br/>VEM TE SACIAR, VEM SEM TARDAR,<br/>Ó INFELIZ CRIATURA!</lines>
    </verse>
    <verse name="v4">
      <lines>SE TU QUISERES, HOJE: VEM!<br/>A CRISTO, ALMA SEQUIOSA;<br/>TU BEBERÁS, TE FARTARÁS<br/>DA ÁGUA MARAVILHOSA!</lines>
    </verse>
  </lyrics>
</song>
