<?xml version='1.0' encoding='utf-8'?>
<song xmlns="http://openlyrics.info/namespace/2009/song" version="0.8" createdIn="OpenLP 2.0.3" modifiedIn="OpenLP 2.0.3" modifiedDate="2014-02-05T19:27:33">
  <properties>
    <titles>
      <title>HC  161 - NAVEGANDO P'RA TERRA CELESTE</title>
    </titles>
    <authors>
      <author>HARPA CRISTÃ</author>
    </authors>
  </properties>
  <lyrics>
    <verse name="v1">
      <lines>P'RA TERRA CELESTE MEU BARCO ANDARÁ,<br/>ALI, ONDE OS SANTOS JÁ ESTÃO;<br/>FINDANDO A NOITE, MANHÃ ROMPERÁ;<br/>ENTÃO, OS REMIDOS ENTRARÃO.</lines>
    </verse>
    <verse name="c1">
      <lines>SIM, VOU PELAS TERRAS, PELOS MARES<br/>TAMBÉM,<br/>ALERTA, JESUS ME GUIARÁ; ELE PROMETEU A MIM,<br/>NUNCA DEIXAR-ME NO MUNDO, PORÉM,<br/>SIM, LEVAR-ME AO PORTO, CO'ALEGRIA SEM FIM.</lines>
    </verse>
    <verse name="v2">
      <lines>SERÁ JUBILOSO ESSE DIA P'RA MIM,<br/>EM QUE EU CHEGAR AO CÉU DE LUZ;<br/>QUE PAZ E DESCANSO, COM DEUS, LÁ SEM FIM!<br/>SAÚDO-TE JÁ, Ó MEU JESUS!</lines>
    </verse>
    <verse name="v3">
      <lines>Ó MUNDO QUE JAZES NO VIL TENTADOR<br/>NÃO QUERO JAMAIS EM TI MORAR,<br/>P'RA FESTA CELESTE EU VOU COM FERVOR,<br/>LOUVORES A CRISTO IREI CANTAR!</lines>
    </verse>
    <verse name="v4">
      <lines>AMIGOS, LEMBAI-VOS QUE O NAUFRAGAR<br/>É FÁCIL P'RA QUALQUER UM DE VÓS;<br/>CONVITE, P'RAS BODAS, JESUS VOS QUER DAR;<br/>LUGAR HÁ BASTANTE PARA NÓS.</lines>
    </verse>
  </lyrics>
</song>
