<?xml version='1.0' encoding='utf-8'?>
<song xmlns="http://openlyrics.info/namespace/2009/song" version="0.8" createdIn="OpenLP 2.0.3" modifiedIn="OpenLP 2.0.3" modifiedDate="2014-02-05T19:27:08">
  <properties>
    <titles>
      <title>HC  031 - GLÓRIA AO MEU JESUS</title>
    </titles>
    <authors>
      <author>HARPA CRISTÃ</author>
    </authors>
  </properties>
  <lyrics>
    <verse name="v1">
      <lines>POR MIM SOFREU O SALVADOR,<br/>GLÓRIA! GLÓRIA AO MEU JESUS!<br/>LOUVAI, COMIGO, AO REDENTOR!<br/>GLÓRIA! GLÓRIA AO MEU JESUS!</lines>
    </verse>
    <verse name="c1">
      <lines>JESUS! JESUS! Ó SALVADOR!<br/>É DOCE O NOME DO SENHOR;<br/>ABRASA-ME COM SANTO AMOR;<br/>GLÓRIA! GLÓRIA AO MEU SENHOR.</lines>
    </verse>
    <verse name="v2">
      <lines>C'OS MEUS PECADOS CARREGOU,<br/>GLÓRIA! GLÓRIA AO MEU JESUS!<br/>E SOBRE A CRUZ ME RESGATOU.<br/>GLÓRIA! GLÓRIA AO MEU JESUS!</lines>
    </verse>
    <verse name="v3">
      <lines>EU SEI QUE PERDOADO ESTOU,<br/>GLÓRIA! GLÓRIA AO MEU JESUS!<br/>E, COM CERTEZA, AO CÉU EU VOU!<br/>GLÓRIA! GLÓRIA AO MEU JESUS!</lines>
    </verse>
    <verse name="v4">
      <lines>E, QUANDO A GUERRA AQUI FINDAR,<br/>GLÓRIA! GLÓRIA AO MEU JESUS!<br/>NO CÉU, MELHOR, EU VOU CANTAR,<br/>GLÓRIA! GLÓRIA AO MEU JESUS!</lines>
    </verse>
  </lyrics>
</song>
