<?xml version='1.0' encoding='utf-8'?>
<song xmlns="http://openlyrics.info/namespace/2009/song" version="0.8" createdIn="OpenLP 2.0.3" modifiedIn="OpenLP 2.0.3" modifiedDate="2014-02-05T19:27:31">
  <properties>
    <titles>
      <title>HC  154 - DOCE NOME DE JESUS</title>
    </titles>
    <authors>
      <author>HARPA CRISTÃ</author>
    </authors>
  </properties>
  <lyrics>
    <verse name="v1">
      <lines>OH! DOCE NOME DE JESUS!<br/>QUE BELO É A TI CANTAR,<br/>CO'A ALMA CHEIA PROCLAMAR<br/>O NOME BOM DE JESUS!</lines>
    </verse>
    <verse name="c1">
      <lines>JESUS, Ó MEU DOCE REI!<br/>JESUS, VERDADEIRO DEUS!<br/>JESUS, SEMPRE LOUVAREI<br/>DE CORAÇÃO, TEU NOME.</lines>
    </verse>
    <verse name="v2">
      <lines>ADORO O NOME DE JESUS;<br/>JAMAIS ME FALHA SEU AMOR,<br/>E PÕE, À PARTE, MINHA DOR,<br/>O NOME BOM DE JESUS.</lines>
    </verse>
    <verse name="v3">
      <lines>TÃO PURO O NOME DE JESUS!<br/>QUE MEU PESAR PÔDE TIRAR.<br/>A GRATA PAZ TAMBÉM ME DÁ<br/>O NOME BOM DE JESUS.</lines>
    </verse>
    <verse name="v4">
      <lines>NO DOCE NOME DE JESUS,<br/>A MINHA ALMA SALVA ESTÁ,<br/>E NELE TU TE SALVARÁS;<br/>NO NOME BOM DE JESUS.</lines>
    </verse>
  </lyrics>
</song>
