<?xml version='1.0' encoding='utf-8'?>
<song xmlns="http://openlyrics.info/namespace/2009/song" version="0.8" createdIn="OpenLP 2.0.3" modifiedIn="OpenLP 2.0.3" modifiedDate="2014-02-05T19:27:42">
  <properties>
    <titles>
      <title>HC  202 - LUGAR DE DELÍCIAS</title>
    </titles>
    <authors>
      <author>HARPA CRISTÃ</author>
    </authors>
  </properties>
  <lyrics>
    <verse name="v1">
      <lines>JUNTO AO TRONO DE DEUS PREPARADO<br/>HÁ, CRISTÃO, UM LUGAR PARA TI;<br/>HÁ PERFUMES, HÁ GOZO EXALTADO,<br/>HÁ DELÍCIAS PROFUSAS ALI;<br/>SIM, ALI; SIM, ALI,<br/>DE SEUS ANJOS FIÉIS RODEADO,<br/>NUMA ESFERA DE GLÓRIA E DE LUZ,<br/>JUNTO A DEUS NOS ESPERA JESUS.</lines>
    </verse>
    <verse name="v2">
      <lines>OS ENCANTOS DA TERRA NÃO PODEM<br/>DAR IDÉIA DO GOZO DALI;<br/>SE NA TERRA OS PRAZERES ACODEM,<br/>SÃO PRAZERES QUE ACABAM-SE AQUI;<br/>MAS ALI, MAS ALI<br/>AS VENTURAS ETERNA CONCORREM<br/>CO'A EXISTÊNCIA PERPÉTUA DA LUZ,<br/>A TORNAR-NOS FELIZES COM JESUS.</lines>
    </verse>
    <verse name="v3">
      <lines>CONSERVEMOS EM NOSSA LEMBRANÇA,<br/>AS RIQUEZAS DO LINDO PAÍS,<br/>E GUARDEMOS CONOSCO A ESPERANÇA,<br/>DE UMA VIDA MELHOR, MAIS FELIZ;<br/>POIS DALI, POIS DALI<br/>UMA VOZ VERDADEIRA NÃO CANSA<br/>DE OFERECER-NOS DO REINO DA LUZ,<br/>O AMOR PROTETOR DE JESUS.</lines>
    </verse>
    <verse name="v4">
      <lines>SE QUISERMOS GOZAR DA VENTURA<br/>QUE NO BELO PAÍS HAVERÁ,<br/>É SOMENTE PEDIR DE ALMA PURA,<br/>QUE DE GRAÇA JESUS NOS DARÁ.<br/>POIS DALI, POIS DALI<br/>TODO CHEIO DE AMOR, DE TERNURA,<br/>DESSE AMOR QUE MOSTROU-NOS NA CRUZ,<br/>NOS ESCUTA, NOS OUVE JESUS.</lines>
    </verse>
  </lyrics>
</song>
