<?xml version='1.0' encoding='utf-8'?>
<song xmlns="http://openlyrics.info/namespace/2009/song" version="0.8" createdIn="OpenLP 2.0.3" modifiedIn="OpenLP 2.0.3" modifiedDate="2014-02-05T19:27:49">
  <properties>
    <titles>
      <title>HC  242 - EU CONFIO FIRMEMENTE</title>
    </titles>
    <authors>
      <author>HARPA CRISTÃ</author>
    </authors>
  </properties>
  <lyrics>
    <verse name="v1">
      <lines>EU CONFIO FIRMEMENTE,<br/>QUE NO CÉU VOU DESCANSAR<br/>COM JESUS ALEGREMENTE, ALELUIA!<br/>QUE PRAZER CELESTE SENTE<br/>A MINH'ALMA EM PENSAR,<br/>NA GLÓRIA QUE NO CÉU EU VOU GOZAR!</lines>
    </verse>
    <verse name="c1">
      <lines>QUE ETERNA GLÓRIA VOU NO CÉU<br/>GOZAR!<br/>COM JESUS, QUE DO PECADO ME SALVOU;<br/>SANTA PAZ E ALEGRIA LÁ NO CÉU VOU DESFRUTAR;<br/>ETERNA GLÓRIA CRISTO ME COMPROU!</lines>
    </verse>
    <verse name="v2">
      <lines>NO CÉU VOU VER O CORDEIRO,<br/>QUE POR MIM QUIS EXPIRAR,<br/>PENDURADO NO MADEIRO, ALELUIA!<br/>QUE ME FEZ TAMBÉM HERDEIRO<br/>DO QUE NUNCA VAI MURCHAR,<br/>DA GLÓRIA QUE NO CÉU EU VOU GOZAR!</lines>
    </verse>
    <verse name="v3">
      <lines>DE JESUS, O ROSTO SANTO,<br/>NO CÉU HEI DE CONTEMPLAR,<br/>ONDE NÃO HÁ DOR OU PRANTO, ALELUIA!<br/>MAS SIM UM SUBLIME CANTO<br/>QUE P'RA SEMPRE VAI SOAR<br/>NA GLÓRIA, QUE NO CÉU EU VOU GOZAR!</lines>
    </verse>
    <verse name="v4">
      <lines>QUANDO FOR AO CÉU CHAGADO<br/>E A GLÓRIA ALCANÇAR<br/>POR TE CRISTO AO MEU LADO, ALELUIA!<br/>NO SEU TRONO ASSENTADO,<br/>A JESUS VOU ADORAR;<br/>ETERNA GLÓRIA VOU NO CÉU GOZAR!</lines>
    </verse>
  </lyrics>
</song>
