<?xml version='1.0' encoding='utf-8'?>
<song xmlns="http://openlyrics.info/namespace/2009/song" version="0.8" createdIn="OpenLP 2.0.3" modifiedIn="OpenLP 2.0.3" modifiedDate="2014-02-05T19:29:02">
  <properties>
    <titles>
      <title>HC  635 - EIS O BRASIL EM TUAS MÃOS</title>
    </titles>
    <authors>
      <author>HARPA CRISTÃ</author>
    </authors>
  </properties>
  <lyrics>
    <verse name="v1">
      <lines>Ó NOSSO REI E REDENTOR,<br/>VEM ATENDER-NOS A ORAÇÃO;<br/>SÊ O SUPREMO PROTETOR,<br/>EIS O BRASIL EM TUA MÃO.</lines>
    </verse>
    <verse name="v2">
      <lines>DÁ COMPREENSÃO E BÊNÇÃO MIL<br/>AOS QUE DIRIGEM A NAÇÃO;<br/>PÕE NELES ZELO MAIS FEBRIL<br/>POR TUA LEI E RETIDÃO.</lines>
    </verse>
    <verse name="v3">
      <lines>PAI, QUANDO, ENFIM, VOLTAR JESUS,<br/>VIER PARA DAR-NOS GALARDÃO,<br/>COM OS REMIDOS LÁ NA LUZ,<br/>DÁ AO BRASIL A SALVAÇÃO.</lines>
    </verse>
  </lyrics>
</song>
