<?xml version='1.0' encoding='utf-8'?>
<song xmlns="http://openlyrics.info/namespace/2009/song" version="0.8" createdIn="OpenLP 2.0.3" modifiedIn="OpenLP 2.0.3" modifiedDate="2014-02-05T19:28:14">
  <properties>
    <titles>
      <title>HC  376 - VAMOS TODOS TRABALHAR</title>
    </titles>
    <authors>
      <author>HARPA CRISTÃ</author>
    </authors>
  </properties>
  <lyrics>
    <verse name="v1">
      <lines>VAMOS TODOS TRABLHAR PARA O SENHOR JESUS,<br/>NOSSO GUIA ELE É, PARA O CAMPO NOS CONDUZ,<br/>PRONTOS NÓS DEVEMOS 'STAR, POIS JESUS NÃO VAI TARDAR.<br/>SUBIREMOS PARA O CÉU, ONDE VAMOS HABITAR.</lines>
    </verse>
    <verse name="v2">
      <lines>REUNIDOS EM AMOR, COM JESUS, O SALVADOR,<br/>VAMOS SEMPRE NOS LEMBRAR DAS PALAVRAS DO SENHOR:<br/>"ÓRFÃOS NÃO VOS DEIXAREI, MAS AO PAI, EU ROGAREI,<br/>DAR-VOS O CONSOLADOR, QUE DO CÉU ENVIAREI"</lines>
    </verse>
    <verse name="v3">
      <lines>AOS DISCÍPULOS ORDENOU, LOGO APÓS RESSUSCITAR:<br/>"O EVANGELHO DE AMOR, IDE A TODOS, SIM, PREGAR,<br/>O QUE CRÊ SE SALVARÁ, E SINAIS RECEBERÁ,<br/>PELO ESPÍRITO DE DEUS, NOVAS LÍNGUAS FALARÁ".</lines>
    </verse>
    <verse name="v4">
      <lines>ESTE SELO DE AMOR FOI MANDADO POR JESUS,<br/>O CENÁC'LO TODO ENCHEU DE PODER DO CÉU, DE LUZ,<br/>COMPUNGIDOS, OS JUDEUS, CRERAM NO REI DIVINAL;<br/>ACEITARAM A JESUS PELO PODE DO SINAL.</lines>
    </verse>
  </lyrics>
</song>
