<?xml version='1.0' encoding='utf-8'?>
<song xmlns="http://openlyrics.info/namespace/2009/song" version="0.8" createdIn="OpenLP 2.0.3" modifiedIn="OpenLP 2.0.3" modifiedDate="2014-02-05T19:27:24">
  <properties>
    <titles>
      <title>HC  127 - O SENHOR DA CEIFA CHAMA</title>
    </titles>
    <authors>
      <author>HARPA CRISTÃ</author>
    </authors>
  </properties>
  <lyrics>
    <verse name="v1">
      <lines>O SENHOR DA CEIFA ESTÁ CHAMANDO:<br/>"QUEM QUE IR POR MIM A PROCURAR<br/>ALMAS QUE NO MUNDO, VÃO CHORANDO;<br/>SEM DA SALVAÇÃO PARTICIPAR?"</lines>
    </verse>
    <verse name="c1">
      <lines>FALA DEUS! FALA DEUS!<br/>TOCA-ME COM BRASA DO ALTAR;<br/>DALA DEUS! FALA DEUS!<br/>SIM, ALEGRE, ATENDO AO TEU MANDAR.</lines>
    </verse>
    <verse name="v2">
      <lines>O PROFETA A DEUS SE APROXIMANDO,<br/>CONSIDERA-SE UM PECADOR,<br/>MAS, O FOGO SANTO O QUEIMANDO,<br/>TORNA-O ÚTIL PARA SEU SENHOR.</lines>
    </verse>
    <verse name="v3">
      <lines>MUITOS SÃO OS QUE VÃO EXPIRANDO<br/>SEM TER ESPERANÇA DE VER DEUS:<br/>VAI DEPRESSA LHES ANUNCIANDO,<br/>QUE JESUS OS LEVA PARA OS CÉUS.</lines>
    </verse>
    <verse name="v4">
      <lines>BREVE, OS TRABALHOS SERÃO FINDOS,<br/>BÊNÇÃOS VÃO OS SERVOS DESFRUTAR;<br/>E JESUS OS SAUDARÁ: "BEM-VINDOS",<br/>ESTA GLÓRIA ESPERO ALCANÇAR.</lines>
    </verse>
  </lyrics>
</song>
