<?xml version='1.0' encoding='utf-8'?>
<song xmlns="http://openlyrics.info/namespace/2009/song" version="0.8" createdIn="OpenLP 2.0.3" modifiedIn="OpenLP 2.0.3" modifiedDate="2014-02-05T19:27:14">
  <properties>
    <titles>
      <title>HC  064 - DE TODO O MUNDO ALELUIA</title>
    </titles>
    <authors>
      <author>HARPA CRISTÃ</author>
    </authors>
  </properties>
  <lyrics>
    <verse name="v1">
      <lines>DE TODO O MUNDO, EIS-NOS AQUI<br/>EM TI SÓ CONFIANDO,<br/>PERMANECENDO EM TEU AMOR,<br/>TEU REINO SÓ BUSCANDO,<br/>AS NOSSAS VIDAS, NOSSO AMOR,<br/>A TI TRAZEMOS, SALVADOR,<br/>CANTANDO: "ALELUIA"!</lines>
    </verse>
    <verse name="v2">
      <lines>VIVER POR TI, EM TI MORRER,<br/>OS NOSSOS PAIS MIRAVAM;<br/>A TUA VONTADE SÓ FAZER,<br/>EIS O QUE DESEJAVAM.<br/>E NÓS, QUE SOMOS TEUS, TAMBÉM<br/>DIZEMOS, FIRMES: "SIM AMÉM"<br/>E: " GLÓRIA! "ALELUIA!"</lines>
    </verse>
    <verse name="v3">
      <lines>AO EVANGELHO SALVADOR,<br/>TÃO PURO E GLORIOSO,<br/>AS LEIS SANTÍSSIMAS QUE TU<br/>NOS DÁS, SENHOR BONDOSO,<br/>" AMÉM! DIZEMOS COM FERVOR,<br/>E, PELO TEU IMENSO AMOR,<br/>CLAMAMOS: " ALELUIA!"</lines>
    </verse>
    <verse name="v4">
      <lines>SIM, CONSTRANGIDOS PELO AMOR,<br/>PERDIDOS PROCURAMOS<br/>SALVAR, - GANHAR P'RA TI, SENHOR:<br/>EIS O QUE AMBICIONAMOS,<br/>SEGUINDO SEMPRE A TUA LEI,<br/>A TI, LEAIS, BENDITO REI,<br/>CANTAMOS: "ALELUIA!"</lines>
    </verse>
    <verse name="v5">
      <lines>NEM O LABOR SERÁ EM VÃO,<br/>POIS EIS, QUE GLORIOSO,<br/>O DIA VEM, EM QUE JESUS<br/>VIRÁ VITORIOSO;<br/>E TODO MUNDO CANTARÁ,<br/>E JUBILOSO O EXALTARÁ,<br/>COM: "AMÉM", "ALELUIA!"</lines>
    </verse>
  </lyrics>
</song>
