<?xml version='1.0' encoding='utf-8'?>
<song xmlns="http://openlyrics.info/namespace/2009/song" version="0.8" createdIn="OpenLP 2.0.3" modifiedIn="OpenLP 2.0.3" modifiedDate="2014-02-05T19:28:02">
  <properties>
    <titles>
      <title>HC  312 - A VINDA DE CRISTO</title>
    </titles>
    <authors>
      <author>HARPA CRISTÃ</author>
    </authors>
  </properties>
  <lyrics>
    <verse name="v1">
      <lines>SUBIU TRIUFANTE P'RA O CÉU, O SENHOR:<br/>ASSIM MESMO HÁ DE VOLTAR;<br/>"EIS QUE VENHO BREVE", DIZ O SALVADOR,<br/>QUANDO O ALARIDO ECOAR.</lines>
    </verse>
    <verse name="c1">
      <lines>COM MUITA PRUDÊNCIA EU QUERO ESTAR<br/>ESPERANDO POR MEU SENHOR,<br/>E SEMPRE ALERTA AQUI VIGIAR,<br/>TÉ QUE VENHA O MEU SALVADOR.</lines>
    </verse>
    <verse name="v2">
      <lines>COM CRISTO ENCONTRAR-ME, GOZOSO IREI.<br/>QUANDO ELE NAS NUVENS DESCER,<br/>CORPO IGUAL AO SEU, NESSE DIA TEREI;<br/>QUE DIA DE GLÓRIA HÁ DE SER.</lines>
    </verse>
    <verse name="v3">
      <lines>BENDIZENDO A CRISTO, NO CÉU ENTRAREI;<br/>IREI NO MILÊNIO INGRESSAR;<br/>SÓ COM MEU JESUS, EU AQUI VOLTAREI,<br/>POIS TODAS NAÇÕES VEM JULGAR.</lines>
    </verse>
    <verse name="v4">
      <lines>VEM SOBRE O TEU POVO REINAR, Ó SENHOR!<br/>TEU REINADO AQUI GOZO TRAZ,<br/>Ó VEM, PROTEÇÃO NOS TRAZER, SALVADOR!<br/>VEM, JESUS, COM JUSTIÇA E PAZ!</lines>
    </verse>
    <verse name="v5">
      <lines>VEM, CRISTO, MEU REI, TUA ESPOSA BUSCAR;<br/>EU QUERO CONTIGO SUBIR;<br/>UM CANTO PERENE TE QUERO ENTOAR,<br/>E A GLÓRIA ETERNA FRUIR.</lines>
    </verse>
  </lyrics>
</song>
