<?xml version='1.0' encoding='utf-8'?>
<song xmlns="http://openlyrics.info/namespace/2009/song" version="0.8" createdIn="OpenLP 2.0.3" modifiedIn="OpenLP 2.0.3" modifiedDate="2014-02-05T19:27:04">
  <properties>
    <titles>
      <title>HC  002 - SAUDOSA LEMBRANÇA</title>
    </titles>
    <authors>
      <author>HARPA CRISTÃ</author>
    </authors>
  </properties>
  <lyrics>
    <verse name="v1">
      <lines>OH! QUE SAUDOSA LEMBRANÇA<br/>TENHO DE TI, O SIÃO,<br/>TERRA QUE EU TANTO AMO,<br/>POIS ÉS DO MEU CORAÇÃO.<br/>EU PARA TI VOAREI,<br/>QUANDO SENHOR MEU VOLTAR;<br/>POIS ELE FOI PARA O CÉU,<br/>E BRAVE VEM ME BUSCAR.</lines>
    </verse>
    <verse name="c1">
      <lines>SIM, EU PORFIAREI POR ESSA TERRA DE ALÉM;<br/>E LÁ TERMINAREI AS MUITAS LUTAS DE AQUÉM;<br/>LÁ ESTÁ MEU BOM SENHOR, AO QUAL EU DESEJO VER;<br/>ELE É TUDO P'RA MIM, E SEM ELE NÃO POSSO VIVER.</lines>
    </verse>
    <verse name="v2">
      <lines>BELA, MUI BELA É A ESPERANÇA,<br/>DOS QUE VIGIAM POR TI,<br/>POIS ELES RECEBEM FORÇA,<br/>QUE SÓ SE ENCONTRA ALI;<br/>OS QUE PROCURAM CHEGAR<br/>AO TEU REGAÇO, Ó SIÃO,<br/>LIVRES SERÃO DE PECAR<br/>E DE TODA A TENTAÇÃO.</lines>
    </verse>
    <verse name="v3">
      <lines>DIZ A SAGRADA ESCRITURA,<br/>QUE SÃO FORMOSOS OS PÉS<br/>DAQUELES QUE BOAS NOVAS<br/>LEVAM PARA OS INFIÉIS;<br/>E, SE TÃO BELO É FALAR<br/>DESSAS GRANDEZAS, AQUI,<br/>QUE NÃO SERÁ O GOZAR<br/>A GRAÇA QUE EXISTE ALI!</lines>
    </verse>
  </lyrics>
</song>
