<?xml version='1.0' encoding='utf-8'?>
<song xmlns="http://openlyrics.info/namespace/2009/song" version="0.8" createdIn="OpenLP 2.0.3" modifiedIn="OpenLP 2.0.3" modifiedDate="2014-02-05T19:27:31">
  <properties>
    <titles>
      <title>HC  155 - IMPLORAMOS TEU PODER</title>
    </titles>
    <authors>
      <author>HARPA CRISTÃ</author>
    </authors>
  </properties>
  <lyrics>
    <verse name="v1">
      <lines>IMPLORAMOS, NOSSO SALVADOR,<br/>TEU PODER, TEU PODER, TEU PODER,<br/>DIVINAL, PODER RENOVADOR,<br/>TEU, PODER, TEU PODER, TEU PODER,<br/>BENDITA PROMESSA PATERNAL!<br/>VEM ENCHER-NOS DE REAL VALOR,<br/>DO PLENO PODER CELESTIAL,<br/>TEU, PODER, TEU PODER, TEU PODER,.</lines>
    </verse>
    <verse name="v2">
      <lines>COM O ÓLEO, SIM, VEM NOS UNGIR,<br/>TEU, PODER, TEU PODER, TEU PODER,<br/>PAI CELESTE, FAZE-NOS FRUIR<br/>TEU, PODER, TEU PODER, TEU PODER,<br/>TU JÁ PROMETESTE DERRAMAR<br/>TUAS BÊNÇÃOS E NOS REVESTIR,<br/>P'RA TUA PALAVRA PROCLAMAR,<br/>COM PODER, COM PODER, COM PODER.</lines>
    </verse>
    <verse name="v3">
      <lines>COM O FOGO VEM NOS INFLAMAR,<br/>TEU, PODER, TEU PODER, TEU PODER,<br/>E DE TODA MANCHA NOS LIMPAR,<br/>TEU, PODER, TEU PODER, TEU PODER,<br/>AQUECE OS FRIOS, Ó SENHOR;<br/>FAZE OS QUE DORMEM DESPERTAR.<br/>NÓS TE SUPLICAMOS COM FERVOR,<br/>TEU, PODER, TEU PODER, TEU PODER,</lines>
    </verse>
    <verse name="v4">
      <lines>COMO A BRISA, QUEIRAS ASSOPRAR<br/>TEU, PODER, TEU PODER, TEU PODER,<br/>DEUS BENDITO, VEM NOS OUTORGAR<br/>TEU, PODER, TEU PODER, TEU PODER,<br/>PERENE E DOCE COMUNHÃO,<br/>QUERO AQUI CONTIGO, Ó PAI, GOZAR;<br/>DEPRESSA NOS ENCHE O CORAÇÃO<br/>COM PODER, COM PODER, COM PODER.</lines>
    </verse>
  </lyrics>
</song>
