<?xml version='1.0' encoding='utf-8'?>
<song xmlns="http://openlyrics.info/namespace/2009/song" version="0.8" createdIn="OpenLP 2.0.3" modifiedIn="OpenLP 2.0.3" modifiedDate="2014-02-05T19:27:46">
  <properties>
    <titles>
      <title>HC  227 - DEUS AMOU ESTE MUNDO</title>
    </titles>
    <authors>
      <author>HARPA CRISTÃ</author>
    </authors>
  </properties>
  <lyrics>
    <verse name="v1">
      <lines>DEUS AMOU DE TAL MANEIRA<br/>ESTE MUNDO SOFREDOR,<br/>QUE À HUMANIDADE INTEIRA,<br/>DEUS SEU FILHO PARA SALVADOR.</lines>
    </verse>
    <verse name="c1">
      <lines>E AGORA NUNCA MAIS PERECE<br/>O QUE CRÊ, MAIS VIDA ETERNA TEM;<br/>QUEM EM CRISTO PERMANECE,<br/>VAI SER COROADO ALÉM.<br/>O PECADO NA CRUZ FOI VENCIDO,<br/>PODES, PELA FÉ, VENCER TAMBÉM;<br/>DE JUSTIÇA, Ó SÊ VESTIDO,<br/>E RECEBERÁS COROA ALÉM.</lines>
    </verse>
    <verse name="v2">
      <lines>PRISIONEIRO DO PECADO,<br/>VAGAS SEM ESPERANÇA TER;<br/>MAS JESUS FOI ENVIADO,<br/>PARA LIBERDADE TE TRAZER.</lines>
    </verse>
    <verse name="v3">
      <lines>TU QUE VIVES DESVIADO<br/>SEM A PAZ DE DEUS GOZAR,<br/>OUVE A VOZ DO PAI AMADO,<br/>QUE TE ESPERA PARA TE ABRAÇAR.</lines>
    </verse>
  </lyrics>
</song>
