<?xml version='1.0' encoding='utf-8'?>
<song xmlns="http://openlyrics.info/namespace/2009/song" version="0.8" createdIn="OpenLP 2.0.3" modifiedIn="OpenLP 2.0.3" modifiedDate="2014-02-05T19:27:57">
  <properties>
    <titles>
      <title>HC  288 - A PALAVRA DA CRUZ</title>
    </titles>
    <authors>
      <author>HARPA CRISTÃ</author>
    </authors>
  </properties>
  <lyrics>
    <verse name="v1">
      <lines>DA CRUZ, A PALAVRA É FIEL,<br/>ALELUIA! ALELUIA!<br/>CHAMANDO AQUELE QUE É INFIEL,<br/>ALELUIA! ALELUIA!<br/>QUALQUER TEMPORAL PODE VIR,<br/>A MENSAGEM MUI FIRME 'STÁ:<br/>QUE JESUS VEIO NOS REMIR,<br/>PELA MORTE SOBRE A CRUZ.</lines>
    </verse>
    <verse name="c1">
      <lines>ALELUIA! ALELUIA! A PALAVRA DA CRUZ É<br/>PODER.<br/>ALELUIA! ALELUIA! PARA QUEM EM CRISTO CRER.<br/>ALELUIA! ALELUIA! A PALAVRA DA CRUZ É PODER.<br/>ALELUIA! ALELUIA! PARA QUEM EM CRISTO CRER.</lines>
    </verse>
    <verse name="v2">
      <lines>MORRENDO POR NÓS LÁ NA CRUZ,<br/>ALELUIA! ALELUIA!<br/>VITÓRIA NOS GANHOU JESUS,<br/>ALELUIA! ALELUIA!<br/>ALI O CORDEIRO DE DEUS<br/>VEIO A GRAÇA DO CÉU RAIAR!<br/>NOS SALVOU QUEM VEIO DOS CÉUS,<br/>PELA MORTE, SOBRE A CRUZ.</lines>
    </verse>
    <verse name="v3">
      <lines>NÃO ME ENVERGONHO DA CRUZ,<br/>ALELUIA! ALELUIA!<br/>POIS DEU-ME VIDA, DEU-ME LUZ,<br/>ALELUIA! ALELUIA!<br/>O CAMINHO P'RA O CÉU SE ABRIU,<br/>PARA TODO O VIL PECADOR,<br/>QUANDO CRISTO NOS REDIMIU,<br/>PELA MORTE SOBRE A CRUZ.</lines>
    </verse>
  </lyrics>
</song>
