<?xml version='1.0' encoding='utf-8'?>
<song xmlns="http://openlyrics.info/namespace/2009/song" version="0.8" createdIn="OpenLP 2.0.3" modifiedIn="OpenLP 2.0.3" modifiedDate="2014-02-05T19:28:05">
  <properties>
    <titles>
      <title>HC  325 - A LUZ DO CÉU RAIOU</title>
    </titles>
    <authors>
      <author>HARPA CRISTÃ</author>
    </authors>
  </properties>
  <lyrics>
    <verse name="v1">
      <lines>NOUTRO TEMPO, SEI COMO EU ANDEI,<br/>DO PECADO SOB O VÉU,<br/>MAS DO CÉU RAIOU E EM MIM ENTROU<br/>A LUZ DO GLORIOSO CÉU.</lines>
    </verse>
    <verse name="c1">
      <lines>EM MEU CORAÇÃO A LUZ RAIOU<br/>DESDE A GLÓRIA, POIS JESUS ME AMOU;<br/>E AGORA VIVO SEMPRE ALEGRE,<br/>DEPOIS QUE LUZ DO CÉU RAIOU!</lines>
    </verse>
    <verse name="v2">
      <lines>E PODER ME DÁ, QUE SÓ VEM DE LÁ,<br/>DE JESUS, QUE ME SALVOU;<br/>E EU VIVO AQUI, A LOUVAR A DEUS,<br/>QUE MINH'ALMA LIBERTOU.</lines>
    </verse>
    <verse name="v3">
      <lines>O DESCANSO ENTROU E O LUTAR FINDOU,<br/>COM JESUS, MEU SALVADOR;<br/>SEU AMOR SEM FIM REVELADO A MIM,<br/>ENCHE-ME DE PAZ E AMOR.</lines>
    </verse>
    <verse name="v4">
      <lines>VOU MORAR, ENTÃO, NA FELIZ SIÃO,<br/>COM MEU SALVADOR JESUS,<br/>PARA SEMPRE ALI, GOZAREI PRAZER<br/>LÁ NA GLORIOSA LUZ.</lines>
    </verse>
  </lyrics>
</song>
