<?xml version='1.0' encoding='utf-8'?>
<song xmlns="http://openlyrics.info/namespace/2009/song" version="0.8" createdIn="OpenLP 2.0.3" modifiedIn="OpenLP 2.0.3" modifiedDate="2014-02-05T19:28:00">
  <properties>
    <titles>
      <title>HC  302 - NÃO MURMURES CANTA</title>
    </titles>
    <authors>
      <author>HARPA CRISTÃ</author>
    </authors>
  </properties>
  <lyrics>
    <verse name="v1">
      <lines>NO MUNDO MURMURA-SE TANTO,<br/>ENTRE OS QUE CRISTÃOS DIZEM SER;<br/>EM VEZ DE LOUVORES HÁ PRANTO,<br/>FRAQUEZA EM LUGAR DE PODER.<br/>MURMURAM-ASSIM NO DESERTO,<br/>EM MARA, ISRAEL MURMUROU;<br/>OH! NÃO VÊEM QUE DEUS ESTÁ PERTO;<br/>JAMAIS SEU AUXÍLIO NEGOU.</lines>
    </verse>
    <verse name="c1">
      <lines>EM VEZ DE MURMURARES, CANTA<br/>UM HINO DE LOUVOR A DEUS;<br/>JESUS QUER TE DAR VIDA SANTA,<br/>QUAL NOIVA LEVAR-TE P'RA OS CÉUS.</lines>
    </verse>
    <verse name="v2">
      <lines>TU VIVES, IRMÃO, MURMURANDO,<br/>TAL COMO UM ESCRAVO DO MAL;<br/>SE DEUS A TUA FÉ 'STÁ PROVANDO,<br/>TU NÃO TENS RAZÃO PARA TAL.<br/>DEUS CASTIGA AQUELE A QUEM AMA,<br/>DE TI, TAMBÉM NÃO SE ESQUECEU;<br/>QUAL PAI AMOROSO TE CHAMA,<br/>E CUIDA, SIM, DO QUE É SEU.</lines>
    </verse>
    <verse name="v3">
      <lines>E MESMO SE AS ONDAS RUGIREM,<br/>NO REVOLTO E BRAVIO MAR,<br/>OS CÉUS PODERÁS VER SE ABRIREM,<br/>SE UM HINO TUA ALMA CANTAR,<br/>NÃO TEMAS CILADAS, NEM MORTE,<br/>P'RA CIMA TU DEVES OLHAR;<br/>O LEME SEGURA BEM FORTE,<br/>ATÉ DO CÉU A LUZ RAIAR.</lines>
    </verse>
    <verse name="v4">
      <lines>SE UM HINO CANTAR TU PUDERES,<br/>NAS HORAS DE GRANDE AFLIÇÃO,<br/>ENTÃO VOARÁS, SE QUISERES,<br/>ATÉ A CELESTE MANSÃO;<br/>NAS ASAS DA ÁGUIA LEVADO,<br/>BEM PERTO DO MAR DE CRISTAL<br/>E POR FIM ENTÃO LIBERTADO,<br/>À TERRA, CHEGAR, CELESTIAL.</lines>
    </verse>
  </lyrics>
</song>
