<?xml version='1.0' encoding='utf-8'?>
<song xmlns="http://openlyrics.info/namespace/2009/song" version="0.8" createdIn="OpenLP 2.0.3" modifiedIn="OpenLP 2.0.3" modifiedDate="2014-02-05T19:27:52">
  <properties>
    <titles>
      <title>HC  258 - NA ROCHA ETERNA FIRMADO</title>
    </titles>
    <authors>
      <author>HARPA CRISTÃ</author>
    </authors>
  </properties>
  <lyrics>
    <verse name="v1">
      <lines>UM SALVADOR MEIGO É CRISTO JESUS,<br/>POIS ELE MINH'ALMA SALVOU;<br/>TAMBÉM MEUS PECADOS TOMOUI SOBRE SI,<br/>NA CRUZ QUANDO ME RESGATOU.</lines>
    </verse>
    <verse name="c1">
      <lines>NA ROCHA ETERNA FIRMADO ESTOU EU,<br/>E TENHO A SALVAÇÃO;<br/>ME ESCONDE JESUS CRISTO NO MANTO SEU,<br/>VELANDO-ME COM SUA MÃO.<br/>VELANDO-ME COM SUA MÃO.</lines>
    </verse>
    <verse name="v2">
      <lines>AS BENÇÃOS DO CÉU DESFRUTANDO EU ESTOU,<br/>EM CRISTO, O FILHO DE DEUS;<br/>ALEGRE EU VIVO E ANDO NA LUZ,<br/>PROSSIGO NA SENDA DO CÉU.</lines>
    </verse>
    <verse name="v3">
      <lines>AS CARGAS QUE EU TIVE JESUS AS TOMOU,<br/>AGORA LIBERTO ESTOU;<br/>A GRAÇA ME BASTA QUE CRISTO ME DEU,<br/>ASSIM PARA O CÉU PRESTO EU VOU.</lines>
    </verse>
    <verse name="v4">
      <lines>FINDANDO A LIDA ENTÃO O VEREI,<br/>COM ANJOS E SANTOS NO CÉU;<br/>E HINOS DE GLÓRIA EU ENTOAREI,<br/>ÀQUELE QUE POR MIM MORREU.</lines>
    </verse>
  </lyrics>
</song>
