<?xml version='1.0' encoding='utf-8'?>
<song xmlns="http://openlyrics.info/namespace/2009/song" version="0.8" createdIn="OpenLP 2.0.3" modifiedIn="OpenLP 2.0.3" modifiedDate="2014-02-05T19:27:55">
  <properties>
    <titles>
      <title>HC  278 - LEVAR A CRUZ</title>
    </titles>
    <authors>
      <author>HARPA CRISTÃ</author>
    </authors>
  </properties>
  <lyrics>
    <verse name="v1">
      <lines>VAIS LEVANDO SÓ, E MUI CANSADO,<br/>TUA CRUZ, TUA CRUZ?<br/>NÃO SABENDO QUE TENS AO TEU LADO<br/>O AUXÍLIO DO SENHOR JESUS?</lines>
    </verse>
    <verse name="c1">
      <lines>SE TENHO CARGAS, QUE SÓ NÃO POSSO<br/>LEVAR<br/>EU PEÇO AUXÍLIO AO MEU BOM SALVADOR!<br/>SE DE CANSADO NÃO POSSO MAIS CAMINHAR,<br/>EU CLAMO A MEU JESUS, QUE VEM ME DAR O SEU VIGOR.</lines>
    </verse>
    <verse name="v2">
      <lines>NÃO TE ESQUEÇAS, QUE SÓ, AO CALVÁRIO,<br/>FOI JESUS, FOI JESUS,<br/>ONDE DERROTOU O ADVERSÁRIO,<br/>QUANDO POR TI SUCUMBIU NA CRUZ.</lines>
    </verse>
    <verse name="v3">
      <lines>SÓ EM CRISTO, O FIEL AMIGO,<br/>ACHARÁS, ACHARÁS,<br/>ESCONDIDO, NESTE BOM ABRIGO,<br/>A PAZ DE DEUS, ENTÃO FRUIRÁS.</lines>
    </verse>
  </lyrics>
</song>
