<?xml version='1.0' encoding='utf-8'?>
<song xmlns="http://openlyrics.info/namespace/2009/song" version="0.8" createdIn="OpenLP 2.0.3" modifiedIn="OpenLP 2.0.3" modifiedDate="2014-02-05T19:27:14">
  <properties>
    <titles>
      <title>HC  065 - QUEM IRÁ</title>
    </titles>
    <authors>
      <author>HARPA CRISTÃ</author>
    </authors>
  </properties>
  <lyrics>
    <verse name="v1">
      <lines>EIS OS MILHÕES, QUE EM TREVA TÃO MEDONHAS<br/>JAZEM PERDIDOS, SEM O SALVADOR!<br/>QUEM, QUEM IRÁ AS NOVAS PROCLAMANDO,<br/>QUE DEUS, EM CRISTO, SALVA O PECADOR?</lines>
    </verse>
    <verse name="c1">
      <lines>" TODO O PODER O PAI ME<br/>DEU,<br/>NA TERRA, COMO LÁ NO CÉU!<br/>IDE, POIS, ANUNCIAR O EVANGELHO,<br/>E EIS-ME CONVOSCO SEMPRE!"</lines>
    </verse>
    <verse name="v2">
      <lines>PORTAS ABERTAS, EIS POR TODO O MUNDO!<br/>CRISTÃOS, ERGUEI-VOS! JÁ AVANTE ANDAI!<br/>CRENTES EM CRISTO! UNI AS VOSSAS FORÇAS.<br/>DA ESCRAVIDÃO OS POVOS LIBERTAI.</lines>
    </verse>
    <verse name="v3">
      <lines>" Ó VINDE A MIM! A VOZ DIVINA CLAMA,<br/>"VINDE!" CLAMAI EM NOME DE JESUS:<br/>P'RA NOS SALVAR DA MALDIÇÃO ETERNA,<br/>SEU SANGUE DERRAMOU POR NÓS NA CRUZ.</lines>
    </verse>
    <verse name="v4">
      <lines>Ó DEUS APRESSA O DIA GLORIOSO,<br/>EM QUE OS REMIDOS TODOS SE UNIRÃO,<br/>E, EM CORO EXCELSO, SANTO, JUBILO,<br/>P'RA TODO O SEMPRE, GLÓRIA A TI DARÃO.</lines>
    </verse>
  </lyrics>
</song>
