<?xml version='1.0' encoding='utf-8'?>
<song xmlns="http://openlyrics.info/namespace/2009/song" version="0.8" createdIn="OpenLP 2.0.3" modifiedIn="OpenLP 2.0.3" modifiedDate="2014-02-05T19:28:30">
  <properties>
    <titles>
      <title>HC  468 - CRISTO ESTÁ CHAMANDO</title>
    </titles>
    <authors>
      <author>HARPA CRISTÃ</author>
    </authors>
  </properties>
  <lyrics>
    <verse name="v1">
      <lines>QUERES TU SEGUIR A CRISTO,<br/>E ANDAR NA SUA LUZ?<br/>QUERES SER POR TODOS VISTO<br/>CARREGANDO A TUA CRUZ?</lines>
    </verse>
    <verse name="c1">
      <lines>JESUS CRISTO ESTÁ CHAMANDO,<br/>QUER DA MORTE TE LIVRAR;<br/>COM PACIÊNCIA TE ESPERANDO,<br/>VEM, P'RA ELE TE SALVAR.</lines>
    </verse>
    <verse name="v2">
      <lines>QUERES HOJE DAR O PASSO<br/>E TORNARES-TE CRISTÃO?<br/>DO PECADO, ROMPE O LAÇO<br/>E TERÁS A SALVAÇÃO.</lines>
    </verse>
    <verse name="v3">
      <lines>POR QUE TENS TU RESISTIDO,<br/>ESTA VOZ DE COMPAIXÃO?<br/>SÊ DO AMOR DE DEUS VENCIDO,<br/>VEM, RECEBE A SALVAÇÃO.</lines>
    </verse>
    <verse name="v4">
      <lines>O QUE PEDE, AQUI RECEBE,<br/>O PERDÃO NO SANGUE SEU;<br/>QUEM DA ÁGUA VIVA BEBE,<br/>JÚBILO TERÁ NO CÉU!</lines>
    </verse>
  </lyrics>
</song>
