<?xml version='1.0' encoding='utf-8'?>
<song xmlns="http://openlyrics.info/namespace/2009/song" version="0.8" createdIn="OpenLP 2.0.3" modifiedIn="OpenLP 2.0.3" modifiedDate="2014-02-05T19:27:43">
  <properties>
    <titles>
      <title>HC  206 - O CLARIM NOS ALERTA</title>
    </titles>
    <authors>
      <author>HARPA CRISTÃ</author>
    </authors>
  </properties>
  <lyrics>
    <verse name="v1">
      <lines>O CLARIM JÁ NOS ALERTA,<br/>NOSSO CORAÇÃO DESPERTA,<br/>POIS A VINDA É BEM CERTA DE JESUS;<br/>DE MIL ANJOS RODEADO,<br/>PARA O CRENTE PREPARADO,<br/>CRISTO VOLTA COROADO, ALELUIA!</lines>
    </verse>
    <verse name="c1">
      <lines>Ó IRMÃO POR DEUS LIBERTO,<br/>PELO SANGUE ESTÁS COBERTO;<br/>TENS O TEU PERDÃO BEM CERTO, SALVO ESTÁS;<br/>VOZ DE JÚBILO OUVIREMOS<br/>E NO CÉU NÓS CANTAREMOS,<br/>CRISTO BREVE NÓS VEREMOS. ALELUIA!</lines>
    </verse>
    <verse name="v2">
      <lines>LÁ NAS BODAS DO CORDEIRO,<br/>SENTAREMOS PRAZENTEIROS;<br/>OH! QUE GOZO VERDADEIRO COM JESUS!<br/>POIS NO CÉU NÃO HÁ MAIS PRANTO,<br/>EIS QUE TUDO SERÁ CANTO;<br/>CRISTO VEM BUSCAR OS SANTOS. ALELUIA!</lines>
    </verse>
    <verse name="v3">
      <lines>SIM À MESA SENTAREMOS,<br/>E COM CRISTO CEAREMOS;<br/>QUÃO FELIZES NÓS SEREMOS COM JESUS!<br/>PARA SEMPRE GOZAREMOS,<br/>E COM CRISTO REINAREMOS,<br/>SUA GLÓRIA FRUIREMOS. ALELUIA!</lines>
    </verse>
  </lyrics>
</song>
