<?xml version='1.0' encoding='utf-8'?>
<song xmlns="http://openlyrics.info/namespace/2009/song" version="0.8" createdIn="OpenLP 2.0.3" modifiedIn="OpenLP 2.0.3" modifiedDate="2014-02-05T19:27:18">
  <properties>
    <titles>
      <title>HC  092 - O BONDOSO SALVADOR</title>
    </titles>
    <authors>
      <author>HARPA CRISTÃ</author>
    </authors>
  </properties>
  <lyrics>
    <verse name="v1">
      <lines>MEU BONDOSO SALVADOR<br/>MEUS PECADOS CARREGOU;<br/>FOI JESUS, O REDENTOR,<br/>QUE DA MORTE ME LIVROU.</lines>
    </verse>
    <verse name="c1">
      <lines>OH! QUE SALVADOR EU TENHO!<br/>O SEU SANGUE ME REMIU,<br/>QUANDO, SOBRE O RUDE LENHO,<br/>MEU CASTIGO ELE CUMPRIU.</lines>
    </verse>
    <verse name="v2">
      <lines>OH! QUE AMOR DO MEU JESUS,<br/>QUE EM HOMEM SE ENCARNOU,<br/>P'RA SOFRER POR MIM, NA CRUZ;<br/>E MEUS CRIMES PERDOOU.</lines>
    </verse>
    <verse name="v3">
      <lines>NÃO HÁ OUTRO NOME IGUAL<br/>AO BOM NOME DE JESUS,<br/>PORQUE LIVRA-ME DO MAL<br/>E À GLÓRIA ME CONDUZ.</lines>
    </verse>
    <verse name="v4">
      <lines>COM JESUS, ALEGRE, VOU<br/>SUA GRAÇA PUBLICAR,<br/>PORQUE ELE ME CHAMOU<br/>NA SUA VINHA A TRABALHAR.</lines>
    </verse>
  </lyrics>
</song>
