<?xml version='1.0' encoding='utf-8'?>
<song xmlns="http://openlyrics.info/namespace/2009/song" version="0.8" createdIn="OpenLP 2.0.3" modifiedIn="OpenLP 2.0.3" modifiedDate="2014-02-05T19:28:00">
  <properties>
    <titles>
      <title>HC  303 - PRECISAMOS DE JESUS</title>
    </titles>
    <authors>
      <author>HARPA CRISTÃ</author>
    </authors>
  </properties>
  <lyrics>
    <verse name="v1">
      <lines>QUANDO O SOL BRILHAR EM QUALQUER LUGAR,<br/>TU PRECISAS DE JESUS;<br/>QUANDO ESCURECER, TUDO FENECER,<br/>TU PRECISAS DE JESUS!</lines>
    </verse>
    <verse name="c1">
      <lines>EU PRECISO DE JESUS,<br/>TU PRECISAS DE JESUS;<br/>PECADOR, VEM PARA A LUZ<br/>QUE RESPLANDECEU NA CRUZ;<br/>TU PRECISAS DE JESUS!</lines>
    </verse>
    <verse name="v2">
      <lines>P'RA OBTER PERDÃO, PLENA SALVAÇÃO,<br/>TU PRECISAS DE JESUS;<br/>PARA CAMINHAR FIRME, SEM ERRAR;<br/>TU PRECISAS DE JESUS!</lines>
    </verse>
    <verse name="v3">
      <lines>MESMO HAVENDO PAZ, CALMA MUI VERAZ,<br/>TU PRECISAS DE JESUS;<br/>NA PERSEGUIÇÃO, NA TRIBULAÇÃO,<br/>TU PRECISAS DE JESUS!</lines>
    </verse>
    <verse name="v4">
      <lines>QUANDO A MORTE ENTRAR EM TEU PROPRIO LAR,<br/>TU PRECISAS DE JESUS;<br/>ANTE O TRIBUNAL, DECISÃO FINAL,<br/>TU PRECISAS DE JESUS!</lines>
    </verse>
  </lyrics>
</song>
