<?xml version='1.0' encoding='utf-8'?>
<song xmlns="http://openlyrics.info/namespace/2009/song" version="0.8" createdIn="OpenLP 2.0.3" modifiedIn="OpenLP 2.0.3" modifiedDate="2014-02-05T19:28:01">
  <properties>
    <titles>
      <title>HC  305 - CAMPEÕES DA LUZ</title>
    </titles>
    <authors>
      <author>HARPA CRISTÃ</author>
    </authors>
  </properties>
  <lyrics>
    <verse name="v1">
      <lines>SOLDADOS SOMOS DE JESUS<br/>E CAMPEÕES DO BEM, DA LUZ;<br/>NOS EXÉRCITOS DE DEUS,<br/>BATALHAMOS PELOS CÉUS,<br/>CANTANDO, VAMOS COMBATER,<br/>O VIL PECADO E SEU PODER;<br/>A BATALHA GANHA ESTÁ;<br/>A VITÓRIA DEUS NOS DÁ.</lines>
    </verse>
    <verse name="c1">
      <lines>BREVE VAMOS TERMINAR A BATALHA AQUI,<br/>E P'RA SEMPRE DESCANSAR COM JESUS ALI;<br/>TODOS OS QUE SÃO FIÉIS AO BOM CAPITÃO,<br/>HÃO DE RECEBER LAURÉIS COMO GALARDÃO.</lines>
    </verse>
    <verse name="v2">
      <lines>LEVAI O ESCUDO, SIM, DA FÉ,<br/>POIS A PELEJA DURA É,<br/>MAS PROMESSA TEMOS NÓS<br/>DE JAMAIS LUTARMOS SÓS.<br/>- AS FLECHAS DO MAL NÃO TEMER,<br/>MAS COMBATER ATÉ VENCER,<br/>OLHAM OS CAMPEÕES P'ROS CÉUS,<br/>A VITÓRIA VEM DE DEUS.</lines>
    </verse>
    <verse name="v3">
      <lines>SE ALGUÉM CANSADO SE ENCONTRAR,<br/>SEM FORÇAS PARA PELEJAR,<br/>O SENHOR QUER TE AJUDAR<br/>A VITÓRIA ALCANÇAR;<br/>O MAL VENCENDO AVANÇAI,<br/>E HINOS A JESUS CANTAI,<br/>E DA SALVAÇÃO FALAI;<br/>ALMAS AO SENHOR LEVAI.</lines>
    </verse>
  </lyrics>
</song>
