<?xml version='1.0' encoding='utf-8'?>
<song xmlns="http://openlyrics.info/namespace/2009/song" version="0.8" createdIn="OpenLP 2.0.3" modifiedIn="OpenLP 2.0.3" modifiedDate="2014-02-05T19:28:12">
  <properties>
    <titles>
      <title>HC  366 - O NASCIMENTO DE JESUS</title>
    </titles>
    <authors>
      <author>HARPA CRISTÃ</author>
    </authors>
  </properties>
  <lyrics>
    <verse name="v1">
      <lines>EM BÉLEM NASCEU JESUS,<br/>NOSSO GRANDE REDENTOR,<br/>SENDO A BENDITA LUZ<br/>PARA UM MUNDO PECADOR.</lines>
    </verse>
    <verse name="c1">
      <lines>OH! ALELUIA A CRISTO JESUS,<br/>O ENVIADO, FILHO DE DEUS!<br/>GOZO E LUZ QUE VIDA PRODUZ,<br/>CRISTO TROUXE LÁ DOS CÉUS!</lines>
    </verse>
    <verse name="v2">
      <lines>COM PASTORES, A BELÉM<br/>VAMOS A JESUS LOUVAR,<br/>NOSSA GRATIDÃO, TAMBÉM,<br/>DAR A QUEM NOS QUIS SALVAR.</lines>
    </verse>
    <verse name="v3">
      <lines>EM HUMILDE ADORAÇÃO<br/>A JESUS, SIM, OFERTAR<br/>NOSSO GRATO CORAÇÃO,<br/>QUE SENTIU O AMOR SEM PAR.</lines>
    </verse>
    <verse name="v4">
      <lines>LÁ DO CÉU JESUS DESCEU,<br/>FEZ-SE HOMEM, SENDO DEUS;<br/>NOSSAS DORES PADECEU,<br/>P'RA LEVAR-NOS PARA OS CÉUS.</lines>
    </verse>
    <verse name="v5">
      <lines>DEMOS GLÓRIA, GLÓRIA A DEUS,<br/>PELO DOM DO SEU AMOR!<br/>LOUVAREMOS, SIM, NOS CÉUS,<br/>A JESUS, COM MAIS FERVOR.</lines>
    </verse>
    <verse name="v6">
      <lines>CANTAM ANJOS, GLÓRIA A DEUS!<br/>PARA OS HOMENS SANTA PAZ!<br/>CANTAM GLÓRIA OS FILHOS SEUS:<br/>SALVE O REI, QUE GOZO TRAZ.</lines>
    </verse>
  </lyrics>
</song>
