<?xml version='1.0' encoding='utf-8'?>
<song xmlns="http://openlyrics.info/namespace/2009/song" version="0.8" createdIn="OpenLP 2.0.3" modifiedIn="OpenLP 2.0.3" modifiedDate="2014-02-05T19:28:25">
  <properties>
    <titles>
      <title>HC  438 - VOLTAI-VOS PARA MIM</title>
    </titles>
    <authors>
      <author>HARPA CRISTÃ</author>
    </authors>
  </properties>
  <lyrics>
    <verse name="v1">
      <lines>ASSIM A NÓS FALOU JESUS:<br/>"VOLTAI-VOS PARA MIM,<br/>A SALVAÇÃO. A PAZ, A LUZ,<br/>ENCONTRAREIS ENFIM".<br/>Ó ESPERAI O BOM JESUS,<br/>A ESTRELA DA MANHÃ,<br/>POIS ELE AO CÉU A VÓS CONDUZ;<br/>DEIXAI A VIDA VÃ!</lines>
    </verse>
    <verse name="v2">
      <lines>TAMBÉM JESUS VOS DISSE ASSIM:<br/>"DÁ VIDA, ÁGUA SOU,<br/>E QUEM TEM SEDE VENHA A MIM,<br/>DE GRAÇA O DOM LHE DOU".<br/>E DO SEU VENTRE SAIRÃO<br/>EM GLÓRIA AO SALVADOR,<br/>TORRENTES VIVAS, QUE SERÃO:<br/>A PAZ, A FÉ, O AMOR!</lines>
    </verse>
    <verse name="v3">
      <lines>AINDA ASSIM FALOU JESUS<br/>A TODO O PECADOR:<br/>"Ó VINDE A MIM, EU SOU ALUZ,<br/>QUE BRILHA COM FULGOR";<br/>E TU, QUE JAZES, Ó MORTAL,<br/>NAS TREVAS DE HORROR,<br/>Ó VEM P'RA LUZ CELESTIAL,<br/>A CRISTO, O SALVADOR!</lines>
    </verse>
    <verse name="v4">
      <lines>OS QUE REMIDOS DELE SÃO,<br/>SEUS PASSOS VÃO SEGUIR;<br/>A SUA JUSTIÇA, E SEU PERDÃO,<br/>DE GRAÇA VÃO FRUIR,<br/>JESUS É TUDO PARA MIM;<br/>O REI, E MEU SENHOR;<br/>OLHANDO, EU TENHO SIM,<br/>DO CÉU REAL VIGOR!</lines>
    </verse>
  </lyrics>
</song>
