<?xml version='1.0' encoding='utf-8'?>
<song xmlns="http://openlyrics.info/namespace/2009/song" version="0.8" createdIn="OpenLP 2.0.3" modifiedIn="OpenLP 2.0.3" modifiedDate="2014-02-05T19:27:04">
  <properties>
    <titles>
      <title>HC  004 - DEUS VELARÁ POR TI</title>
    </titles>
    <authors>
      <author>HARPA CRISTÃ</author>
    </authors>
  </properties>
  <lyrics>
    <verse name="v1">
      <lines>NÃO DESANIMES, DEUS PROVERÁ;<br/>DEUS VELARÁ POR TI;<br/>SOB SUAS ASAS TE ACOLHERÁ;<br/>DEUS VELARÁ POR TI.</lines>
    </verse>
    <verse name="c1">
      <lines>DEUS CUIDARÁ DE TI<br/>NO TEU VIVER, NO TEU SOFRER;<br/>SEU OLHAR TE ACOMPANHARÁ;<br/>DEUS VELARÁ POR TI.</lines>
    </verse>
    <verse name="v2">
      <lines>SE O CORAÇÃO PALPITAR DE DOR,<br/>DEUS VELARÁ POR TI;<br/>TU JÁ PROVASTE SEU TERNO AMOR.<br/>DEUS VELARÁ POR TI.</lines>
    </verse>
    <verse name="v3">
      <lines>NOS DESALENTOS, NAS PROVAÇÕES,<br/>DEUS VELARÁ POR TI;<br/>LEMBRA-TE DELE NAS TENTAÇÕES;<br/>DEUS VELARÁ POR TI.</lines>
    </verse>
    <verse name="v4">
      <lines>TUDO O QUE PEDES, ELE FARÁ;<br/>DEUS VELARÁ POR TI;<br/>E O QUE PRECISAS, NÃO NEGARÁ.<br/>DEUS VELARÁ POR TI.</lines>
    </verse>
    <verse name="v5">
      <lines>COMO ESTIVERES, NÃO TEMAS, VEM!<br/>DEUS VELARÁ POR TI;<br/>ELE TE ENTENDE E TE AMA BEM!<br/>DEUS VELARÁ POR TI.</lines>
    </verse>
  </lyrics>
</song>
