<?xml version='1.0' encoding='utf-8'?>
<song xmlns="http://openlyrics.info/namespace/2009/song" version="0.8" createdIn="OpenLP 2.0.3" modifiedIn="OpenLP 2.0.3" modifiedDate="2014-02-05T19:27:51">
  <properties>
    <titles>
      <title>HC  255 - MEU REDENTOR</title>
    </titles>
    <authors>
      <author>HARPA CRISTÃ</author>
    </authors>
  </properties>
  <lyrics>
    <verse name="v1">
      <lines>NA CRUZ MORRENDO MEU REDENTOR;<br/>MINHAS MALDADES TODAS LEVOU;<br/>SE O RECEBES, TENS SEU AMOR,<br/>POIS TEUS PECADOS, JESUS PERDOOU.</lines>
    </verse>
    <verse name="c1">
      <lines>QUANDO DEUS, O SANGUE VIR,<br/>QUE JESUS JÁ VERTEU,<br/>PASSARÁ SEM TER FERIR,<br/>NO EGITO ASSIM SUCEDEU.</lines>
    </verse>
    <verse name="v2">
      <lines>DEUS QUER SALVAR AO VIL MALFEITOR,<br/>COMO PROMETE, SEMPRE FARÁ;<br/>NELE CONFIA, Ó PECADOR,<br/>E PELA FÉ VIDA NOVA TERÁS.</lines>
    </verse>
    <verse name="v3">
      <lines>BREVE SE FINDA A TUA LUZ,<br/>E NO JUÍZO TU VAIS ENTRAR;<br/>NÃO TE DETENHAS, VEM A JESUS,<br/>QUE TEUS PECADOS DESEJA APAGAR.</lines>
    </verse>
    <verse name="v4">
      <lines>QUE MARAVILHA, QUE GRANDE AMOR!<br/>SE HOJE CRERES, SALVO SERÁS!<br/>CRISTO TE CHAMA, VEM PECADOR,<br/>E GOZO ETERNO NO CÉU FRUIRÁS.</lines>
    </verse>
  </lyrics>
</song>
