<?xml version='1.0' encoding='utf-8'?>
<song xmlns="http://openlyrics.info/namespace/2009/song" version="0.8" createdIn="OpenLP 2.0.3" modifiedIn="OpenLP 2.0.3" modifiedDate="2014-02-05T19:28:17">
  <properties>
    <titles>
      <title>HC  392 - PEREGRINOS SOMOS</title>
    </titles>
    <authors>
      <author>HARPA CRISTÃ</author>
    </authors>
  </properties>
  <lyrics>
    <verse name="v1">
      <lines>PEREGRINOS SOMOS AQUI<br/>TÉ O LABOR FINDAR;<br/>DESTE MUNDO QUEREMOS IR<br/>AO CELESTE LAR.</lines>
    </verse>
    <verse name="c1">
      <lines>OH! PÁTRIA MUI FELIZ<br/>EM TI IREI MORAR;<br/>EU IREI MORAR<br/>EU IREI MORAR<br/>JERUSALÉM, OH MEU PAÍS<br/>E MEU QUERIDO LAR!<br/>JERUSALÉM, OH MEU PAÍS<br/>E MEU QUERIDO LAR!</lines>
    </verse>
    <verse name="v2">
      <lines>MINHA GRANDE CONSOLAÇÃO<br/>É SEMPRE EM TI MORAR,<br/>OH, QUERIDA, BELA SIÃO,<br/>MEU ETERNO LAR!</lines>
    </verse>
    <verse name="v3">
      <lines>COMO O POVO DE ABRAÃO,<br/>SEMPRE A VIAJAR,<br/>PARA A TERRA DA PROMISSÃO,<br/>SANTO E DOCE LAR.</lines>
    </verse>
    <verse name="v4">
      <lines>Ó SENHOR, QUEREMOS VENCER,<br/>E DE TI ALCANÇAR<br/>GOZO, PAZ, ETERNO PRAZER,<br/>NO BENDITO LAR!</lines>
    </verse>
    <verse name="v5">
      <lines>É O MEU DESEJO, JESUS,<br/>SEMPRE PEREGRINAR;<br/>DIRIGIDO POR TUA LUZ<br/>TÉ QUE CHEGUE AO LAR.</lines>
    </verse>
  </lyrics>
</song>
