<?xml version='1.0' encoding='utf-8'?>
<song xmlns="http://openlyrics.info/namespace/2009/song" version="0.8" createdIn="OpenLP 2.0.3" modifiedIn="OpenLP 2.0.3" modifiedDate="2014-02-05T19:27:24">
  <properties>
    <titles>
      <title>HC  125 - QUEM DERA HOJE VIR!</title>
    </titles>
    <authors>
      <author>HARPA CRISTÃ</author>
    </authors>
  </properties>
  <lyrics>
    <verse name="v1">
      <lines>VEM, OUTRA VEZ, NOSSO SALVADOR;<br/>QUEM DERA HOJE VIR!<br/>PARA REINAR COM PODER E AMOR!<br/>QUEM DERA HOJE VIR!<br/>JÁ POR SUA ESPOSA, VEM ESTA VEZ;<br/>QUE O ESPERA EM ORAÇÃO;<br/>FORA DO MUNDO DE ENTREMEZ;<br/>QUEM DERA HOJE VIR!</lines>
    </verse>
    <verse name="c1">
      <lines>GLÓRIA, GLÓRIA, GOZO SEM FIM, TRARÁ;<br/>GLÓRIA, GLÓRIA, AO COROAR O REI;<br/>GLÓRIA, GLÓRIA, NOS ARREBATARÁ;<br/>GLÓRIA, GLÓRIA! CRISTO VEM OUTRA VEZ!</lines>
    </verse>
    <verse name="v2">
      <lines>TERMINARÁ O PODER DO MAL;<br/>QUEM DERA HOJE SER!<br/>COMEÇARÁ O PRAZER SEM IGUAL;<br/>QUEM DERA HOJE SER!<br/>TODOS OS MORTOS EM CRISTO SERÃO<br/>ARREBATADOS POR SEU SENHOR;<br/>QUANDO ESTAS GLÓRIAS AQUI VIRÃO?<br/>QUEM DERA HOJE SER!</lines>
    </verse>
    <verse name="v3">
      <lines>EM SANTIDADE NOS DEVE ACHAR,<br/>EIS QUELE PODE VIR.<br/>TODOS, VELANDO, COM GOZO E PAZ,<br/>EIS QUELE PODE VIR.<br/>MULTIPLICADOS OS SINAIS ESTÃO;<br/>NO ORIENTE SE VÊ O ALVOR;<br/>BREVE, OS CRENTES SUBIRÃO;<br/>QUEM DERA HOJE VIR!</lines>
    </verse>
  </lyrics>
</song>
