<?xml version='1.0' encoding='utf-8'?>
<song xmlns="http://openlyrics.info/namespace/2009/song" version="0.8" createdIn="OpenLP 2.0.3" modifiedIn="OpenLP 2.0.3" modifiedDate="2014-02-05T19:28:23">
  <properties>
    <titles>
      <title>HC  429 - ESCUTA O EVANGELHO</title>
    </titles>
    <authors>
      <author>HARPA CRISTÃ</author>
    </authors>
  </properties>
  <lyrics>
    <verse name="v1">
      <lines>Ó PECADOR DESEJOSO<br/>DE VERDADEIRO PERDÃO,<br/>A VOZ DE CRISTO, DITOSO,<br/>ESCUTA COM ATENÇÃO!</lines>
    </verse>
    <verse name="c1">
      <lines>ESCUTA O EVANGELHO<br/>DO FILHO DE DEUS,<br/>O DIVINAL CONSELHO,<br/>QUE VEM DOS MAIS ALTOS CÉUS!</lines>
    </verse>
    <verse name="v2">
      <lines>HOJE, COM FÉ E DE GRAÇA<br/>VEM ACEITAR O PERDÃO,<br/>DE CRISTO, POIS TE ABRAÇA,<br/>DANDO-TE A SALVAÇÃO!</lines>
    </verse>
    <verse name="v3">
      <lines>CRISTO JESUS TEM VERTIDO<br/>SEU SANGUE COM GRANDE DOR,<br/>PARA SALVAR-TE, PERDIDO,<br/>E TE ENCHER DE AMOR!</lines>
    </verse>
    <verse name="v4">
      <lines>SE TU CONTRITO ACEITAS<br/>DE CRISTO, O SEU PERDÃO,<br/>TERÁS ENTÃO PAZ PERFEITA<br/>E GOZO DA SALVAÇÃO.</lines>
    </verse>
  </lyrics>
</song>
