<?xml version='1.0' encoding='utf-8'?>
<song xmlns="http://openlyrics.info/namespace/2009/song" version="0.8" createdIn="OpenLP 2.0.3" modifiedIn="OpenLP 2.0.3" modifiedDate="2014-02-05T19:27:20">
  <properties>
    <titles>
      <title>HC  107 - FIRME NAS PROMESSAS</title>
    </titles>
    <authors>
      <author>HARPA CRISTÃ</author>
    </authors>
  </properties>
  <lyrics>
    <verse name="v1">
      <lines>FIRME NAS PROMESSAS DO MEU SALVADOR,<br/>CANTAREI LOUVORES AO MEU CRIADOR.<br/>FICO NA DISPENSAÇÃO DO SEU AMOR,<br/>FIRME NAS PROMESSAS DE JESUS.</lines>
    </verse>
    <verse name="c1">
      <lines>FIRME, FIRME,<br/>FIRME NAS PROMESSAS DE JESUS, O CRISTO;<br/>FIRME, FIRME,<br/>SIM, FIRME NAS PROMESSAS DE JESUS.</lines>
    </verse>
    <verse name="v2">
      <lines>FIRME NAS PROMESSAS, HEI DE NÃO FALHAR,<br/>QUANDO AS TEMPESTADES, VÊM ME ASSOLAR;<br/>PELO VERBO VIVO, HEI DE BATALHAR.<br/>FIRME NAS PROMESSAS DE JESUS.</lines>
    </verse>
    <verse name="v3">
      <lines>FIRME NAS PROMESSAS, SEMPRE VEJO ASSIM,<br/>PURIFICAÇÃO NO SANGUE, PARA MIM;<br/>PLENA LIBERDADE GOZAREI, SEM FIM.<br/>FIRME NAS PROMESSAS DE JESUS.</lines>
    </verse>
    <verse name="v4">
      <lines>FIRME NAS PROMESSAS DO SENHOR JESUS,<br/>EM AMOR LIGADO COM A SUA CRUZ.<br/>CADA DIA MAIS ALEGRO-ME NA LUZ.<br/>FIRME NAS PROMESSAS DE JESUS.</lines>
    </verse>
  </lyrics>
</song>
