<?xml version='1.0' encoding='utf-8'?>
<song xmlns="http://openlyrics.info/namespace/2009/song" version="0.8" createdIn="OpenLP 2.0.3" modifiedIn="OpenLP 2.0.3" modifiedDate="2014-02-05T19:27:18">
  <properties>
    <titles>
      <title>HC  093 - HÁ TRABALHO PRONTO</title>
    </titles>
    <authors>
      <author>HARPA CRISTÃ</author>
    </authors>
  </properties>
  <lyrics>
    <verse name="v1">
      <lines>HÁ TRABALHO PRONTO PARA TI CRISTÃO;<br/>QUE DEMANA TODA A TUA DEVOÇÃO;<br/>VEM, ALEGREMENTE, A CRISTO OBEDECER,<br/>POIS SÓ TU, Ó CRENTE, O PODERÁS FAZER!</lines>
    </verse>
    <verse name="c1">
      <lines>POR JESUS A TRABALHAR,<br/>PRONTAMENTE, FIELMENTE, TRABALHAR!<br/>EM SERVI-LO, QUE PRAZER!<br/>E SÓ TU, Ó CRENTE, O PODERÁS FAZER.</lines>
    </verse>
    <verse name="v2">
      <lines>PARA CADA CRENTE O MESTRE PREPAROU<br/>UM TRABALHO CERTO, QUANDO O RESGATOU,<br/>O TRABALHO A QUE JESUS TE CHAMA AQUI,<br/>COMO SERÁ FEITO, SE NÃO FOR POR TI?</lines>
    </verse>
    <verse name="v3">
      <lines>PODE SER HUMILDE, MAS SE FOR P'RA DEUS,<br/>ELE É CONTEMPLADO LÁ DOS ALTOS CÉUS.<br/>E O ESFORÇO FEITO NÃO SERÁ EM VÃO,<br/>SE TIVER DE CRISTO, PLENA APROVAÇÃO!</lines>
    </verse>
    <verse name="v4">
      <lines>QUANTOS HÁ PERDIDOS, SEM A SALVAÇÃO!<br/>QUANTOS QUE PRECISAM DE CONSOLAÇÃO!<br/>COMO CRISTO OS AMA, FÁ-LOS ENTENDER,<br/>POIS SÓ TU, Ó CRENTE O PODERÁS FAZER!</lines>
    </verse>
  </lyrics>
</song>
