<?xml version='1.0' encoding='utf-8'?>
<song xmlns="http://openlyrics.info/namespace/2009/song" version="0.8" createdIn="OpenLP 2.0.3" modifiedIn="OpenLP 2.0.3" modifiedDate="2014-02-05T19:27:07">
  <properties>
    <titles>
      <title>HC  027 - AMOR QUE VENCE</title>
    </titles>
    <authors>
      <author>HARPA CRISTÃ</author>
    </authors>
  </properties>
  <lyrics>
    <verse name="v1">
      <lines>AMOR, QUE POR AMOR DESCESTE!<br/>AMOR, QUE POR AMOR MORRESTE!<br/>AH! QUANTA DOR NÃO PADECESTE,<br/>MEU CORAÇÃO P'RA CONQUISTAR,<br/>E MEU AMOR GANHAR!</lines>
    </verse>
    <verse name="v2">
      <lines>AMOR, QUE COM AMOR SEGUIAS!<br/>A MIM, QUE SEM AMOR TU VIAS!<br/>OH! QUANTO AMOR POR MIM SENTIAS,<br/>MEU SALVADOR, MEU BOM JESUS,<br/>SOFRENDO SOBRE A CRUZ!</lines>
    </verse>
    <verse name="v3">
      <lines>AMOR, QUE TUDO ME PERDOAS!<br/>AMOR, QUE ATÉ MESMO ABENÇOAS!<br/>UM RÉU DE QUEM TE AFEIÇOAS!<br/>POR TI VENCIDO, Ó SALVADOR,<br/>EIS-ME AOS TEUS PÉS, SENHOR!</lines>
    </verse>
    <verse name="v4">
      <lines>AMOR, QUE NUNCA, NUNCA MUDAS,<br/>QUE NOS TEUS BRAÇOS ME SEGURAS,<br/>CERCANDO-ME DE MIL VENTURAS!<br/>ACEITA AGORA, SALVADOR,<br/>O MEU HUMILDE AMOR!</lines>
    </verse>
  </lyrics>
</song>
