<?xml version='1.0' encoding='utf-8'?>
<song xmlns="http://openlyrics.info/namespace/2009/song" version="0.8" createdIn="OpenLP 2.0.3" modifiedIn="OpenLP 2.0.3" modifiedDate="2014-02-05T19:27:45">
  <properties>
    <titles>
      <title>HC  220 - IDE SEGAR</title>
    </titles>
    <authors>
      <author>HARPA CRISTÃ</author>
    </authors>
  </properties>
  <lyrics>
    <verse name="v1">
      <lines>PARA OS CAMPOS A SEGAR,<br/>EIS O TRIGO A LOUREJAR,<br/>IDE CEIFAR, IDES SEGAR;<br/>TODO DIA TRABALHAI<br/>E SÓ DE JESUS FALAI;<br/>IDE CEIFAR, IDE PREGAR!</lines>
    </verse>
    <verse name="c1">
      <lines>IDE SEGAR, IDE CEIFAR!<br/>SIM, TRABALHAI, E PROCLAMAI!<br/>EIS QUE O AMOR DO SALVADOR<br/>VOS IMPELE AO SEU LABOR<br/>SEM DEMORAR, IDE SEGAR.</lines>
    </verse>
    <verse name="v2">
      <lines>PARA O VALE, MONTE OU MAR,<br/>O SENHOR VOS QUE MANDAR<br/>A PROCLAMAR, ANUNCIAR;<br/>OS PERDIDOS PROCURAR,<br/>POIS JESUS OS QUER SALVAR;<br/>IDE FALAR, E PROCLAMAR!</lines>
    </verse>
    <verse name="v3">
      <lines>FALAREMOS COM FERVOR,<br/>DO PODER DO SALVADOR,<br/>AO PECADOR, AO SOFREDOR;<br/>PRONTO CHEGARÁ O FIM,<br/>SOARÁ DO CÉU O CLARIM,<br/>TEREIS, ENTÃO, O GALARDÃO.</lines>
    </verse>
  </lyrics>
</song>
