<?xml version='1.0' encoding='utf-8'?>
<song xmlns="http://openlyrics.info/namespace/2009/song" version="0.8" createdIn="OpenLP 2.0.3" modifiedIn="OpenLP 2.0.3" modifiedDate="2014-02-05T19:27:57">
  <properties>
    <titles>
      <title>HC  290 - TEU ESPÍRITO VEM DERRAMAR</title>
    </titles>
    <authors>
      <author>HARPA CRISTÃ</author>
    </authors>
  </properties>
  <lyrics>
    <verse name="v1">
      <lines>Ó SENHOR, NÓS ESPERAMOS<br/>QUE ESCUTE A ORAÇÃO;<br/>NÓS, TEUS SERVOS, JÁ CLAMAMOS,<br/>COM HUMILDE CORAÇÃO.</lines>
    </verse>
    <verse name="c1">
      <lines>TEU ESPÍRITO, VEM, DERRAMA,<br/>SOBRE CADA CORAÇÃO!<br/>E NO CRENTE, QUE A TI CLAMA,<br/>VEM, CONFIRMA A PETIÇÃO.</lines>
    </verse>
    <verse name="v2">
      <lines>DEIXA O FOGO DO ESPÍRITO,<br/>SIM, NOS CORAÇÕES ARDER,<br/>P'RA QUE TUDO QUE É FINITO,<br/>JAMAIS POSSA SE RETER.</lines>
    </verse>
    <verse name="v3">
      <lines>Ó SENHOR, ME PURIFICA,<br/>TIRA O MAL QUE ESTÁ EM MIM,<br/>A MINH' ALMA SANTIFICA,<br/>E ME GUARDA ATÉ O FIM.</lines>
    </verse>
    <verse name="v4">
      <lines>DÁ-NOS MAIS DA TUA GRAÇA,<br/>E ENCHE-NOS DO TEU PODER,<br/>DO TEU TEMPLO, Ó DEUS, SE FAÇA<br/>A TUA VOZ SE PERCEBER.</lines>
    </verse>
    <verse name="v5">
      <lines>DÁ-NOS DONS DO TEU ESPÍRITO;<br/>FAZ MILAGRES, Ó SENHOR,<br/>P'RA QUE TUDO, QUE TENS DITO,<br/>CUMPRA-SE, MEU REDENTOR.</lines>
    </verse>
    <verse name="v6">
      <lines>DOU-TE GRAÇAS, REI DA GLÓRIA,<br/>POIS OUVISTE A PETIÇÃO;<br/>BELOS HINOS DE VITÓRIA,<br/>MAIS TU DESTE AO CORAÇÃO.</lines>
    </verse>
  </lyrics>
</song>
