<?xml version='1.0' encoding='utf-8'?>
<song xmlns="http://openlyrics.info/namespace/2009/song" version="0.8" createdIn="OpenLP 2.0.3" modifiedIn="OpenLP 2.0.3" modifiedDate="2014-02-05T19:28:14">
  <properties>
    <titles>
      <title>HC  380 - ABRAÃO E SEU SACRIFÍCIO</title>
    </titles>
    <authors>
      <author>HARPA CRISTÃ</author>
    </authors>
  </properties>
  <lyrics>
    <verse name="v1">
      <lines>DEBAIXO DUMAS MUI FORMOSAS TAMAREIRAS,<br/>ESTANDO JÁ BERSEBA NA ESCURIDÃO,<br/>AS AVES ESCUTANDO, ENTRE AS ROSEIRAS,<br/>SE VÊ ANDAR O PATRIARCA ABRAÃO.<br/>SEU CORAÇÃO PERANTE DEUS ESTÁ AFLITO,<br/>POIS QUER QUE O SIRVAMOS SEM MURMURAÇÃO;<br/>E POR AMOR PERGUNTA AO SENHOR BENDITO:<br/>"O MEU AMADO FILHO QUERES TU, ENTÃO?"</lines>
    </verse>
    <verse name="v2">
      <lines>A VOZ DE JEOVÁ POTENTE É OUVIDA:<br/>"O TEU ISAQUE OFERECE PARA MIM,<br/>EMBORA FIQUES COM TU'ALMA DOLORIDA,<br/>POIS TE ABENÇOO SE FIZERES TU ASSIM".<br/>DE ABATIDO ABRAÃO SE TORNA FORTE<br/>E CANTA HINOS, POIS COM FÉ MEDITA JÁ:<br/>"DEUS PODE O MEU FILHO LIBERTAR DA MORTE!"<br/>E NÃO TEMENDO, SEGUE PARA MORIÁ.</lines>
    </verse>
    <verse name="v3">
      <lines>AO PÉ DO MONTE DO SUPREMO SACRIFÍCIO,<br/>PROFUNDA DÚVIDA ENTROU EM ABRAÃO:<br/>"IREI PERDER DA MINHA VIDA O BENEFÍCIO?"<br/>E TRISTE COMEÇOU SUBIR COM LENTIDÃO,<br/>POIS IA DAR, DO CORAÇÃO A ESPERANÇA<br/>- NO SEU OUTONO, SACRIFÍCIO DUMA FLOR,<br/>ASSIM LEVOU O SEU CORDEIRO À MATANÇA,<br/>EM OBEDIÊNCIA AO MANDATO DO SENHOR.</lines>
    </verse>
    <verse name="v4">
      <lines>ISAQUE COM A LENHA, PRESTO VAI NA FRENTE,<br/>OH! QUANTO É FORMOSO PARA ABRAÃO!<br/>MAS EIS QUE VOLTA P'RA SEU PAI SUAVEMENTE<br/>E LHE DIRIGE ESTA INTERROGAÇÃO:<br/>"O FOGO E A LENHA ESTOU VENDO QUE TROUXEMOS,<br/>MAS O CORDEIRO D'HOLOCAUSTO ONDE ESTÁ?"<br/>E A RESPOSTA DE ABRAÃO NA BÍBLIA TEMOS:<br/>"MEU FILHO, DEUS P'RA SI, CORDEIRO PROVERÁ".</lines>
    </verse>
    <verse name="v5">
      <lines>CHEGANDO ABRAÃO AONDE DEUS MANDARA,<br/>FEZ UM ALTAR E NELE A LENHA ARRUMOU:<br/>E A SEU FILHO, QUE JA DANTES AMARRARA,<br/>TOMANDO NOS SEUS BRAÇOS SOBRE O ALTAR DEITOU,<br/>MAS QUANDO ABRAÃO FOI PARA IMOLÁ-LO,<br/>O ANJO DO SENHOR BRADOU-LHE DESDE OS CÉUS:<br/>"A TUA MÃO, Ó NÃO ESTENDAS P'RA MATÁ-LO;<br/>PORQUANTO EU AGORA SEI QUE TEMES DEUS".</lines>
    </verse>
    <verse name="v6">
      <lines>ERGUENDO ABRAÃO SEUS OLHOS DE REPENTE,<br/>VÊ UM CORDEIRO, QUE NO MATO PRESO ESTÁ,<br/>E O TOMANDO, OFERECE-O ALEGREMENTE;<br/>ASSIM "NO MONTE DO SENHOR SE PROVERÁ".<br/>A VOZ DO ANJO É OUVIDA NOVAMENTE;<br/>"DIZ O SENHOR: PORQUE FIZESTE ESTA AÇÃO,<br/>DEVERAS, EU ABENÇOAREI A TUA SEMENTE,<br/>E NELA, AS NAÇÕES BENDITAS SE FARÃO".</lines>
    </verse>
    <verse name="v7">
      <lines>O NOSSO ISAQUE OFERECEMOS COM FIRMEZA,<br/>NO MORIÁ ONDE FINDA O IDEAL,<br/>POIS FOI ALI QUE ALCANÇARAM FORTALEZA,<br/>OS VENCEDORES, SOB CANTO ANGELICAL;<br/>ALI, O NOSSO DEUS JUROU FIDELIDADE,<br/>TAMBÉM OS SANTOS SE ENCHERAM DE VALOR,<br/>E SÓ TEREMOS A PERFEITA SANTIDADE,<br/>DEPOIS QUE FORMOS PARA O MONTE DO SENHOR.</lines>
    </verse>
  </lyrics>
</song>
