<?xml version='1.0' encoding='utf-8'?>
<song xmlns="http://openlyrics.info/namespace/2009/song" version="0.8" createdIn="OpenLP 2.0.3" modifiedIn="OpenLP 2.0.3" modifiedDate="2014-02-05T19:27:11">
  <properties>
    <titles>
      <title>HC  048 - O DIA DO TRIUNFO DE JESUS</title>
    </titles>
    <authors>
      <author>HARPA CRISTÃ</author>
    </authors>
  </properties>
  <lyrics>
    <verse name="v1">
      <lines>QUANDO LÁ DO CÉU DESCENDO,<br/>PARA OS SEUS, JESUS VOLTAR,<br/>E O CLARIM DE DEUS A TODOS PROCLAMAR,<br/>QUE CHEGOU O GRANDE DIA DO TRIUNFAR DO MEU REI,<br/>EU, POR SUA IMENSA GRAÇA, LÁ ESTAREI.</lines>
    </verse>
    <verse name="c1">
      <lines>QUANDO ENFIM, CHEGAR O DIA<br/>DO TRIUNFAR DO MEU REI,<br/>QUANDO ENFIM, CHEGAR O DIA,<br/>PELA GRAÇA DE JESUS EU LÁ ESTAREI!</lines>
    </verse>
    <verse name="v2">
      <lines>NESSE DIA, QUANDO OS MORTOS<br/>HÃO DE A VOZ DE CRISTO OUVIR,<br/>E DOS SEUS SEPULCROS HÃO DE RESSURGIR,<br/>OS REMIDOS REUNIDOS, LOGO ACLAMARÃO SEU REI,<br/>E, POR SUA IMENSA GRAÇA, LÁ ESTAREI.</lines>
    </verse>
    <verse name="v3">
      <lines>PELO MUNDO, REJEITADO FOI,<br/>JESUS, MEU SALVADOR.<br/>DESPREZARAM, INSULTARAM MEU SENHOR,<br/>MAS, FAUTOSO, VEM O DIA<br/>DO TRIUNFAR DO MEU REI,<br/>E, POR SUA IMENSA GRAÇA, LÁ ESTAREI.</lines>
    </verse>
    <verse name="v4">
      <lines>EM MIM MESMO, NADA TENHO EM QUE POSSA CONFIAR,<br/>MAS JESUS MORREU NA CRUZ P'RA ME SALVAR;<br/>TÃO SOMENTE NELE ESPERO, SIM, E SEMPRE ESPERAREI,<br/>POIS, POR SUA IMENSA GRAÇA, LÁ ESTAREI.</lines>
    </verse>
  </lyrics>
</song>
