<?xml version='1.0' encoding='utf-8'?>
<song xmlns="http://openlyrics.info/namespace/2009/song" version="0.8" createdIn="OpenLP 2.0.3" modifiedIn="OpenLP 2.0.3" modifiedDate="2014-02-05T19:28:24">
  <properties>
    <titles>
      <title>HC  436 - CRENTES, CANTAI</title>
    </titles>
    <authors>
      <author>HARPA CRISTÃ</author>
    </authors>
  </properties>
  <lyrics>
    <verse name="v1">
      <lines>CRENTES, CANTAI E ENTOAI LOUVORES<br/>AO SENHOR, AO NOSSO DEUS,<br/>DEUS DE BONDADE INFINITA, IMENSA,<br/>CRIADOR DA TERRA E CÉUS;<br/>QUE, COM PODER TÃO VASTO E EFICAZ,<br/>DEU-NOS SALVAÇÃO E PLENA PAZ.<br/>GLÓRIA E LOUVOR AO DEUS DE AMOR;<br/>COM FERVOR, SINCERAMENTE,<br/>GLÓRIA AO PAI ONIPOTENTE!</lines>
    </verse>
    <verse name="c1">
      <lines>AO NOSSO CRIADOR,<br/>HONRA E GLÓRIA TRIBUTEMOS,<br/>AO NOSSO SALVADOR,<br/>MIL LOUVORES ENTOEMOS;<br/>E AO BOM CONSOLADOR,<br/>HONRA E LOUVOR DEMOS TAMBÉM;<br/>HONRA E TRINDADE PARA SEMPRE, AMÉM.</lines>
    </verse>
    <verse name="v2">
      <lines>CRENTES, CANTAI E ENTOAI LOUVORES<br/>A JESUS, O SALVADOR,<br/>QUE NOS AMOU E NOS SALVOU P'RA SEMPRE,<br/>DO PODER DO TENTADOR,<br/>GLÓRIA A JESUS, AUTOR DA SALVAÇÃO,<br/>TODA HONRA, GLÓRIA E ADORAÇÃO,<br/>GLÓRIA E LOUVOR AO SALVADOR,<br/>COM VIGOR, ARDENTEMENTE,<br/>GLÓRIA AO FILHO ONISCIENTE!</lines>
    </verse>
    <verse name="v3">
      <lines>CRENTES, CANTAI E ENTOAI LOUVORES<br/>AO DIVINO PRECEPTOR,<br/>QUE NOS MANDOU CRISTO, JÁ EXALTADO,<br/>PELA DEXTRA DO SENHOR;<br/>HOJE LOUVAI AO BOM CONSOLADOR,<br/>QUE NOS ENCHE DE FERVENTE AMOR!<br/>GLÓRIA E LOUVOR AO INSTRUIDOR,<br/>COM ARDOR, E UM LINDO CANTO<br/>DAI AO ESPÍRITO SANTO!</lines>
    </verse>
  </lyrics>
</song>
