<?xml version='1.0' encoding='utf-8'?>
<song xmlns="http://openlyrics.info/namespace/2009/song" version="0.8" createdIn="OpenLP 2.0.3" modifiedIn="OpenLP 2.0.3" modifiedDate="2014-02-05T19:28:16">
  <properties>
    <titles>
      <title>HC  387 - DERRAMA TEU ESPÍRITO</title>
    </titles>
    <authors>
      <author>HARPA CRISTÃ</author>
    </authors>
  </properties>
  <lyrics>
    <verse name="v1">
      <lines>DERRAMA SOBRE NÓS O TEU ESPÍRITO,<br/>COMO FIZESTE EM JERUSALÉM;<br/>À TUA GREI, Ó MANDA O MESMO FOGO,<br/>INDISPENSÁVEL PARA NÓS TAMBÉM!<br/>À TUA GREI, Ó MANDA O MESMO FOGO,<br/>INDISPENSÁVEL PARA NÓS TAMBÉM!</lines>
    </verse>
    <verse name="v2">
      <lines>DERRAMA SOBRE NÓS O TEU ESPÍRITO<br/>COMO EM CASA DO CENTURIÃO,<br/>E DÁ-NOS O PODER DA TUA PALAVRA<br/>FAZENDO A LUZ BRILHAR NA ESCURIDÃO.<br/>E DÁ-NOS O PODER DA TUA PALAVRA<br/>FAZENDO A LUZ BRILHAR NA ESCURIDÃO.</lines>
    </verse>
    <verse name="v3">
      <lines>DERRAMA SOBRE NÓS O TEU ESPÍRITO,<br/>E DÁ-NOS, HOJE, MUITAS CONVERSÕES;<br/>Ó DEIXA-NOS SENTIR PODER CELESTE,<br/>E VIVIFICA OS NOSSOS CORAÇÕES<br/>Ó DEIXA-NOS SENTIR PODER CELESTE,<br/>E VIVIFICA OS NOSSOS CORAÇÕES.</lines>
    </verse>
    <verse name="v4">
      <lines>DERRAMA SOBRE NÓS O TEU ESPÍRITO,<br/>E AOS QUE SOFREM DÁ TUA PROTEÇÃO;<br/>A ORAR FICAMOS EM AMOR UNIDOS,<br/>PARA OBTER A PROMETIDA UNÇÃO,<br/>A ORAR FICAMOS EM AMOR UNIDOS,<br/>PARA OBTER A PROMETIDA UNÇÃO.</lines>
    </verse>
    <verse name="v5">
      <lines>DESPERTA, JESUS CRISTO, OS QUE DORMEM<br/>O MUI PROFUNDO SONO DO "JARDIM";<br/>COMO OPERASTE NOS ANTIGOS TEMPOS,<br/>COM TEU PODER NOS GUIA ATÉ O FIM.<br/>COMO OPERASTE NOS ANTIGOS TEMPOS,<br/>COM TEU PODER NOS GUIA ATÉ O FIM.</lines>
    </verse>
  </lyrics>
</song>
