<?xml version='1.0' encoding='utf-8'?>
<song xmlns="http://openlyrics.info/namespace/2009/song" version="0.8" createdIn="OpenLP 2.0.3" modifiedIn="OpenLP 2.0.3" modifiedDate="2014-02-05T19:27:09">
  <properties>
    <titles>
      <title>HC  034 - MILÍCIA DE JESUS</title>
    </titles>
    <authors>
      <author>HARPA CRISTÃ</author>
    </authors>
  </properties>
  <lyrics>
    <verse name="v1">
      <lines>MILHARES DE MILHARES EM REFULGENTE LUZ!<br/>EIS OS GUERREIROS SANTOS, MILÍCIA DE JESUS!<br/>COMPLETA, SIM, COMPLETA SUA LONGA LUTA AQUI,<br/>COM CRISTO, SEU SENHOR E REI, VÃO DESCANSAR ALI;</lines>
    </verse>
    <verse name="v2">
      <lines>QUE DOCES SINFONIAS ENCHEM A TERRA E O CÉU!<br/>QUE COROS D'ALELUIAS ROMPEM ALÉM DO VÉU!<br/>É QUE CHEGOU O DIA, O DIA TRIUNFAL,<br/>E CRISTO REINARÁ, ENFIM, EM GLÓRIA DIVINAL.</lines>
    </verse>
    <verse name="v3">
      <lines>ENTÃO, NÃO HÁ MAIS CHORO, NEM HÁ MAIS TENTAÇÃO;<br/>AS DORES, AS TRISTEZAS P'RA SEMPRE FUGIRÃO,<br/>E OS REMIDOS TODOS VERÃO SEU SALVADOR;<br/>E TRANSFORMADOS, TODOS, SERÃO COMO O SENHOR.</lines>
    </verse>
  </lyrics>
</song>
