<?xml version='1.0' encoding='utf-8'?>
<song xmlns="http://openlyrics.info/namespace/2009/song" version="0.8" createdIn="OpenLP 2.0.3" modifiedIn="OpenLP 2.0.3" modifiedDate="2014-02-05T19:29:01">
  <properties>
    <titles>
      <title>HC  632 - MAIS UM TEMPLO</title>
    </titles>
    <authors>
      <author>HARPA CRISTÃ</author>
    </authors>
  </properties>
  <lyrics>
    <verse name="v1">
      <lines>HOJE, INAUGURA-SE AQUI, SANTO DEUS,<br/>MAIS UM PADRÃO DE TEU AMOR:<br/>UM NOVO TEMPLO, FANAL PARA OS CÉUS,<br/>CAUSA DE MAIS LOUVOR!</lines>
    </verse>
    <verse name="c1">
      <lines>GLÓRIA A DEUS! - GLÓRIA A DEUS<br/>CANTEM OS FILHOS TEUS!<br/>GLÓRIA A DEUS! - GLÓRIA A DEUS!<br/>GLÓRIA NOS ALTOS CÉUS!</lines>
    </verse>
    <verse name="v2">
      <lines>CASA DE CULTOS E FONTE DE LUZ,<br/>ONDE, SENHOR, DÁS SALVAÇÃO<br/>PELO EVANGELHO QUE TROUXE JESUS,<br/>COM TANTA COMPAIXÃO!</lines>
    </verse>
    <verse name="v3">
      <lines>MARCO SUBLIME DA PROCLAMAÇÃO<br/>DO TEU AMOR - DO TEU QUERER:<br/>OS PECADORES AQUI OUVIRÃO<br/>QUAL É O SEU DEVER.</lines>
    </verse>
    <verse name="v4">
      <lines>SEJA ESTA CASA LUGAR DE ORAÇÃO,<br/>HABITAÇÃO TUA, OH! DEUS!<br/>E PORTA DO CÉU, LUGAR DE PERDÃO,<br/>VIDA DE PAZ NOS CÉUS!</lines>
    </verse>
  </lyrics>
</song>
