<?xml version='1.0' encoding='utf-8'?>
<song xmlns="http://openlyrics.info/namespace/2009/song" version="0.8" createdIn="OpenLP 2.0.3" modifiedIn="OpenLP 2.0.3" modifiedDate="2014-02-05T19:27:26">
  <properties>
    <titles>
      <title>HC  139 - JESUS, MEU ETERNO REDENTOR</title>
    </titles>
    <authors>
      <author>HARPA CRISTÃ</author>
    </authors>
  </properties>
  <lyrics>
    <verse name="v1">
      <lines>JÁ O FILHO DE DEUS É DESCIDO DO CÉU;<br/>A OBRA PERFEITA NA CRUZ CONSUMOU;<br/>E ALI SUA CARNE, RASGADA QUAL VÉU,<br/>VIVO CAMINHO PARA O CÉU NOS CONSAGROU.</lines>
    </verse>
    <verse name="c1">
      <lines>JESUS É MEU ETERNO<br/>REDENTOR!<br/>POR SEU SANGUE JÁ REMIDO ESTOU;<br/>DEU-ME PAZ, PODER CONSOLADOR;<br/>VIVO CONTENTE, POIS ELE ME AMOU.</lines>
    </verse>
    <verse name="v2">
      <lines>POR ADÃO, O PECADO NO MUNDO ENTROU;<br/>NINGUÉM DESSA LEI SE PODIA LIBERTAR;<br/>MAS O FILHO DO HOMEM POR NÓS TRIUNFOU,<br/>NELE PODEMOS DO MAL RESSUSCITAR.</lines>
    </verse>
    <verse name="v3">
      <lines>DO INFERNO, QUE PAGA AOS MAUS, HÁ DE DAR,<br/>DO MEDO DA MORTE, ESSE DARDO CRUEL,<br/>DO ABISMO ETERNO TE PODE SALVAR,<br/>SÓ JESUS CRSITO, O BOM EMANUEL.</lines>
    </verse>
    <verse name="v4">
      <lines>BEM ALEGRES BUSCAMOS A PÁTRIA DE AMOR,<br/>A QUAL DEUS NO CÉU PARA NÓS PREPAROU,<br/>ONDE SEMPRE VEREMOS O NOSSO SENHOR,<br/>CRISTO JESUS, QUE DO MAL NOS LIBERTOU.</lines>
    </verse>
  </lyrics>
</song>
