<?xml version='1.0' encoding='utf-8'?>
<song xmlns="http://openlyrics.info/namespace/2009/song" version="0.8" createdIn="OpenLP 2.0.3" modifiedIn="OpenLP 2.0.3" modifiedDate="2014-02-05T19:28:21">
  <properties>
    <titles>
      <title>HC  416 - QUANDO O POVO SALVO ENTRAR</title>
    </titles>
    <authors>
      <author>HARPA CRISTÃ</author>
    </authors>
  </properties>
  <lyrics>
    <verse name="v1">
      <lines>ANJOS AOS MILHARES, NO CÉU, VERÃO<br/>QUANDO O POVO SALVO ENTRAR;<br/>CRENTES COROADOS TAMBÉM SERÃO,<br/>QUANDO O POVO SALVO ENTRAR.</lines>
    </verse>
    <verse name="c1">
      <lines>QUANDO POVO SALVO ENTRAR,<br/>QUANDO POVO SALVO ENTRAR;<br/>MUITO GRANDE ALEGRIA NO CÉU HAVERÁ,<br/>QUANDO O POVO SALVO ENTRAR.</lines>
    </verse>
    <verse name="v2">
      <lines>OS REMIDOS LÁ HÃO DE SE ENCONTRAR,<br/>QUANDO O POVO SALVO ENTRAR;<br/>VESTES BRANCAS TODOS HÃO DE TRAJAR,<br/>QUANDO O POVO SALVO ENTRAR.</lines>
    </verse>
    <verse name="v3">
      <lines>TODOS VENCEDORES, LÁ HÃO DE ESTAR,<br/>QUANDO O POVO SALVO ENTRAR;<br/>A TRIBULAÇÃO NÃO TERÁ LUGAR,<br/>QUANDO O POVO SALVO ENTRAR.</lines>
    </verse>
    <verse name="v4">
      <lines>O "CORDEIRO MORTO", (QUE VIVO ESTÁ)<br/>QUANDO O POVO SALVO ENTRAR;<br/>PARA SEMPRE EM GLÓRIA DOMINARÁ,<br/>QUANDO O POVO SALVO ENTRAR.</lines>
    </verse>
  </lyrics>
</song>
