<?xml version='1.0' encoding='utf-8'?>
<song xmlns="http://openlyrics.info/namespace/2009/song" version="0.8" createdIn="OpenLP 2.0.3" modifiedIn="OpenLP 2.0.3" modifiedDate="2014-02-05T19:28:10">
  <properties>
    <titles>
      <title>HC  355 - FALA DO AMOR DE CRISTO</title>
    </titles>
    <authors>
      <author>HARPA CRISTÃ</author>
    </authors>
  </properties>
  <lyrics>
    <verse name="v1">
      <lines>FALA DO AMOR DE CRISTO<br/>AO TRISTE PECADOR,<br/>AMOR POR TODOS VISTO<br/>NA CRUZ DO REDENTOR;<br/>COM ALEGRIA CANTA<br/>A PAZ QUE VEM DO CÉU;<br/>A TUA VOZ LEVANTA<br/>EM GLÓRIA A DEUS.</lines>
    </verse>
    <verse name="c1">
      <lines>CRISTO NA CRUZ GANHOU-NOS<br/>ETERNA SALVAÇÃO.<br/>COM SANGUE SEU LAVOU-NOS<br/>O REI DA REDENÇÃO!<br/>NO TEMPLO, O VÉU RASGADO;<br/>CAMINHO ABRIU JESUS<br/>NA CRUZ, INAUGURADO<br/>P'RO CÉU DE LUZ!</lines>
    </verse>
    <verse name="v2">
      <lines>PARA OS AFLITOS, CANTA,<br/>AS BÊNÇÃOS QUE EM DEUS HÁ;<br/>DA CRUZ PENDÃO LEVANTA<br/>POIS ÂNIMO NOS DÁ.<br/>CANTA PARA OS PERDIDOS<br/>A GRAÇA DE JESUS;<br/>SEU SANGUE JÁ VERTIDO,<br/>QUE FLUI DA CRUZ!</lines>
    </verse>
    <verse name="v3">
      <lines>CANTA COM ESPERANÇA,<br/>NA ESCURIDÃO TAMBÉM,<br/>CANTA COM CONFIANÇA,<br/>HÁ VIDA NO ALÉM;<br/>CANTA NO ALVOR DO DIA,<br/>E QUANDO A NOITE VEM;<br/>EM CRISTO, HARMONIA<br/>COM DEUS SE OBTÉM!</lines>
    </verse>
  </lyrics>
</song>
