<?xml version='1.0' encoding='utf-8'?>
<song xmlns="http://openlyrics.info/namespace/2009/song" version="0.8" createdIn="OpenLP 2.0.3" modifiedIn="OpenLP 2.0.3" modifiedDate="2014-02-05T19:28:26">
  <properties>
    <titles>
      <title>HC  445 - RESGATADO COM O SANGUE DE CRISTO</title>
    </titles>
    <authors>
      <author>HARPA CRISTÃ</author>
    </authors>
  </properties>
  <lyrics>
    <verse name="v1">
      <lines>COM OURO E PRATA NÃO FUI RESGATADO,<br/>TESOURO TERRESTRE, JAMAIS ME LIVROU;<br/>O PREÇO FOI O SANGUE DE CRISTO, MANADO<br/>NA CRUZ DO CALVÁRIO ONDE A VIDA RAIOU!</lines>
    </verse>
    <verse name="c1">
      <lines>POR PRATA E OURO NÃO FUI<br/>REMIDO,<br/>NEM POR TESOURO DE MUI VALOR,<br/>MAS PELO SANGUE QUE FOI VERTIDO<br/>POR JESUS, MEU SALVADOR!</lines>
    </verse>
    <verse name="v2">
      <lines>O OURO E A PRATA VALOR, OH! NÃO TINHAM<br/>P'RA SATISFAZER A JUSTIÇA DE DEUS,<br/>MAS CRISTO PAGOU TODA A DÍVIDA MINHA;<br/>ENCHEU-ME DE AMOR E DE PAZ LÁ NO CÉU.</lines>
    </verse>
    <verse name="v3">
      <lines>POR OURO E POR PRATA NÃO PUDE CHEGAR-ME<br/>DIANTE DE DEUS E O PERDÃO OBTER;<br/>P'LO SANGUE DE CRISTO, EU PUDE LANÇAR-ME<br/>NA GRAÇA DIVINA E O FAVOR RECEBER.</lines>
    </verse>
    <verse name="v4">
      <lines>POR OURO E POR PRATA NÃO FUI REDIMIDO;<br/>A ENTRADA DO CÉU NÃO SE PODE COMPRAR;<br/>MAS, SÓ PELO SANGUE DE CRISTO VERTIDO<br/>NA CRUZ, PODEREMOS A GLÓRIA ALCANÇAR.</lines>
    </verse>
  </lyrics>
</song>
