<?xml version='1.0' encoding='utf-8'?>
<song xmlns="http://openlyrics.info/namespace/2009/song" version="0.8" createdIn="OpenLP 2.0.3" modifiedIn="OpenLP 2.0.3" modifiedDate="2014-02-05T19:27:50">
  <properties>
    <titles>
      <title>HC  249 - Ó VEM, SENHOR, E HABITA</title>
    </titles>
    <authors>
      <author>HARPA CRISTÃ</author>
    </authors>
  </properties>
  <lyrics>
    <verse name="v1">
      <lines>Ó VEM, SENHOR, E HABITA NO MEU CORAÇÃO;<br/>DÁ-ME A GRAÇA BENDITA POR TUA COMPAIXÃO.</lines>
    </verse>
    <verse name="c1">
      <lines>Ó MEU DEUS VEM DAR-ME<br/>O DOM DO CONSOLADOR;<br/>VEM HOJE SELAR-ME,<br/>ENCHENDO-ME DO TEU AMOR!</lines>
    </verse>
    <verse name="v2">
      <lines>DIA DE PAZ E DE GOZO EU VOU DESFRUTAR,<br/>QUANDO JESUS GLORIOSO MINH'ALMA BATIZAR.</lines>
    </verse>
    <verse name="v3">
      <lines>DO TEU AMOR PURO E SANTO SEMPRE FALAREI;<br/>MESMO COM DOR E COM PRANTO A CRISTO LOUVAREI.</lines>
    </verse>
    <verse name="v4">
      <lines>Ó DEUS, TE PEÇO AGORA, OUVE-ME SENHOR:<br/>BATIZA-ME NESTA HORA, NO TEU CONSOLADOR!</lines>
    </verse>
  </lyrics>
</song>
