<?xml version='1.0' encoding='utf-8'?>
<song xmlns="http://openlyrics.info/namespace/2009/song" version="0.8" createdIn="OpenLP 2.0.3" modifiedIn="OpenLP 2.0.3" modifiedDate="2014-02-05T19:27:17">
  <properties>
    <titles>
      <title>HC  083 - NÃO POSSO EXPLICAR</title>
    </titles>
    <authors>
      <author>HARPA CRISTÃ</author>
    </authors>
  </properties>
  <lyrics>
    <verse name="v1">
      <lines>MAIS PERTO DE JESUS, PROCURO SEMPRE EU CHEGAR,<br/>MAIS BELO QUE O OURO DO SOL NADO É A TI MIRAR.<br/>EM PENSAMENTO, SONHOS, TANTA GLÓRIA NUNCA VI;<br/>POIS ELE É MAIS BELO DO QUE EU JAMAIS PREVI!</lines>
    </verse>
    <verse name="c1">
      <lines>NÃO POSSO EXPLICAR<br/>QUÃO MEIGO É JESUS;<br/>MAS, FACE A FACE, NO TEU LAR,<br/>EU TE VEREI, JESUS!</lines>
    </verse>
    <verse name="v2">
      <lines>A ESTRELA RESPLENDENTE DA MANHÃ É MINHA LUZ;<br/>O LÍRIO DOS VALES É O BOM SENHOR JESUS;<br/>SUAVE E DOCE É O CHEIRO QUE SÓ VEM DE TI;<br/>POIS ELE É MAIS BELO DO QUE EU JAMAIS PREVI!</lines>
    </verse>
    <verse name="v3">
      <lines>SE MÁGOAS VÊM ME PERTUBAR, O BÁLSAMO ELE TEM;<br/>ME TOMA NOS SEUS BRAÇOS E, ASSIM, DESCANSO BEM;<br/>NA CRUZ LEVOU JESUS O MEU PECADO SOBRE SI;<br/>POIS ELE É MAIS BELO DO QUE EU JAMAIS PREVI!</lines>
    </verse>
  </lyrics>
</song>
