<?xml version='1.0' encoding='utf-8'?>
<song xmlns="http://openlyrics.info/namespace/2009/song" version="0.8" createdIn="OpenLP 2.0.3" modifiedIn="OpenLP 2.0.3" modifiedDate="2014-02-05T19:27:27">
  <properties>
    <titles>
      <title>HC  142 - A CIDADE CELESTE</title>
    </titles>
    <authors>
      <author>HARPA CRISTÃ</author>
    </authors>
  </properties>
  <lyrics>
    <verse name="v1">
      <lines>Ó SIÃO CELESTE, REPOUSO DOS SANTOS,<br/>O TEU ARQUITETO SE CHAMA O SENHOR;<br/>EM TI ENTRAREMOS, COM GOZO E CANTO,<br/>COM OS QUE ADORAM O BOM SALVADOR,<br/>EM BELA PLANÍCIE ESTÁS SITUADA,<br/>E QUE MAJESTOSA RAINHA ÉS TU!<br/>DE PEDRAS PRECIOSAS ESTÁS ADORNADA;<br/>DEMONSTRAS A GLÓRIA DE CRISTO JESUS.<br/>DE CRISTO JESUS, DE CRISTO JESUS.<br/>DEMONSTRAS A GLÓRIA DE CRISTO JESUS.</lines>
    </verse>
    <verse name="v2">
      <lines>TEUS BELOS CAMINHOS TRATADOS COM ZELO,<br/>E AS TUAS TORRES, QUE VISTAS FARÃO!<br/>DE TODOS OS PALÁCIOS, GRANDIOSO É O MODELO;<br/>EM TI NÓS TEREMOS A CONSOLAÇÃO;<br/>AS PORTAS DO MURO SÃO TODAS FORMOSAS;<br/>A PRAÇA É CALÇADA DE OURO QUE LUZ;<br/>EM TI ESSAS COISAS SÃO MUI GLORIOSAS,<br/>E ÉS TODA CHEIA DA PAZ DE JESUS!<br/>DA PAZ DE JESUS, DA PAZ DE JESUS.<br/>E ÉS TODA CHEIA DA PAZ DE JESUS.</lines>
    </verse>
    <verse name="v3">
      <lines>JAMAIS HAVERÁ EM TI NOITE ALGUMA,<br/>TEU GRANDE LUZEIRO PERPÉTUO SERÁ;<br/>SEM A LUZ DO SOL, NEM D'ESTRELAS OU LUA,<br/>A GLÓRIA DE CRISTO TE ALUMINARÁ.<br/>E NESTE ESPLENDOR, DE UM SOL VERDADEIRO,<br/>OS SANTOS E ANJOS DO CÉU ENTRARÃO,<br/>E VIRÁ NA FRENTE JESUS, O CORDEIRO;<br/>COM ELE P'RA SEMPRE ALI REINARÃO.<br/>ALI REINARÃO, ALI REINARÃO,<br/>COM ELE P'RA SEMPRE ALI REINARÃO.</lines>
    </verse>
    <verse name="v4">
      <lines>OH! QUE GRANDE FESTA NOS É CONCEDIDA,<br/>COM A MESA POSTA, ESPERA O SENHOR,<br/>A TODOS INSCRITOS NO LIVRO DA VIDA,<br/>E QUE JÁ DA MORTE NÃO TÊM MAIS TEMOR;<br/>DE TODOS OS QUE FORAM POR CRISTO COMPRADOS,<br/>O LINDO CORTEJO COMPOSTO SERÁ;<br/>E DEUS, QUE HÁ DADO O SEU FILHO AMADO,<br/>COM CRISTO NA GLÓRIA, OS CONSOLARÁ,<br/>OS CONSOLARÁ, OS CONSOLARÁ,<br/>COM CRISTO NA GLÓRIA, OS CONSOLARÁ.</lines>
    </verse>
  </lyrics>
</song>
