<?xml version='1.0' encoding='utf-8'?>
<song xmlns="http://openlyrics.info/namespace/2009/song" version="0.8" createdIn="OpenLP 2.0.3" modifiedIn="OpenLP 2.0.3" modifiedDate="2014-02-05T19:27:44">
  <properties>
    <titles>
      <title>HC  217 - OUVE SUA VOZ</title>
    </titles>
    <authors>
      <author>HARPA CRISTÃ</author>
    </authors>
  </properties>
  <lyrics>
    <verse name="v1">
      <lines>CRISTO COM VOZ AMOROSA<br/>CHAMA-TE P'RA SUA LUZ,<br/>TORNA TUA ALMA DITOSA<br/>SE CARREGARES A CRUZ.</lines>
    </verse>
    <verse name="c1">
      <lines>OUVE SUA VOZ A CHAMAR!<br/>CRISTO TE QUER LIBERTAR;<br/>FALA COM VOZ AMOROSA:<br/>"PAZ HOJE QUERO TE DAR".</lines>
    </verse>
    <verse name="v2">
      <lines>POR QUE VOLTAR NÃO PROCURAS,<br/>DO MAU CAMINHO EM QUE ESTÁS?<br/>NO FIM DO QUAL AMARGURAS,<br/>E ETERNA DOR SOFRERÁS.</lines>
    </verse>
    <verse name="v3">
      <lines>MUI BREVE IRÁS ENCONTRAR-TE<br/>PERANTE A MORTE, QUE ATROZ<br/>VAI, SEM PIEDADES, LEVAR-TE<br/>ONDE NÃO OUÇAS SUA VOZ!</lines>
    </verse>
    <verse name="v4">
      <lines>OUVE SUA VOZ AMOROSA<br/>COMO PERSISTE A CHAMAR;<br/>COM SUA MÃO PODEROSA<br/>CRISTO TE QUER LIBERTAR.</lines>
    </verse>
  </lyrics>
</song>
