<?xml version='1.0' encoding='utf-8'?>
<song xmlns="http://openlyrics.info/namespace/2009/song" version="0.8" createdIn="OpenLP 2.0.3" modifiedIn="OpenLP 2.0.3" modifiedDate="2014-02-05T19:28:09">
  <properties>
    <titles>
      <title>HC  350 - A HISTÓRIA DA CRUZ</title>
    </titles>
    <authors>
      <author>HARPA CRISTÃ</author>
    </authors>
  </properties>
  <lyrics>
    <verse name="v1">
      <lines>TENS TU LIDO A HISTÓRIA DA DURA CRUZ,<br/>NA QUAL JESUS MORREU,<br/>DESFAZENDO AS TREVAS RAIOU A LUZ,<br/>MANANDO O SANGUE SEU?</lines>
    </verse>
    <verse name="c1">
      <lines>JESUS PADECEU NA CRUZ POR TI;<br/>JESUS PADECEU NA CRUZ!<br/>OH! GRANDE AMOR DO SALVADOR<br/>MORRENDO NA CRUZ POR MIM!</lines>
    </verse>
    <verse name="v2">
      <lines>TENS TU LIDO QUE CRISTO NÃO SE QUEIXOU,<br/>NO LENHO, EM GRANDE DOR,<br/>MAS AO PAI O PERDÃO 'INDA SUPLICOU<br/>P'RA O POVO PECADOR?</lines>
    </verse>
    <verse name="v3">
      <lines>TENS TU LIDO QUE CRISTO SALVOU, POR FIM,<br/>NA CRUZ, UM MALFEITOR?<br/>QUE SOFRENDO NA CRUZ LHE ROGOU:<br/>"DE MIM, Ó LEMBRA-TE, SENHOR"?</lines>
    </verse>
    <verse name="v4">
      <lines>TENS LIDO QUE CRISTO EXCLAMOU NA CRUZ:<br/>"EIS CONSUMADO ESTÁ".<br/>FOI POR MIM, FOI POR TI, QUE MORREU JESUS,<br/>ACEITA CRISTO JÁ.</lines>
    </verse>
  </lyrics>
</song>
