<?xml version='1.0' encoding='utf-8'?>
<song xmlns="http://openlyrics.info/namespace/2009/song" version="0.8" createdIn="OpenLP 2.0.3" modifiedIn="OpenLP 2.0.3" modifiedDate="2014-02-05T19:27:37">
  <properties>
    <titles>
      <title>HC  176 - SACERDOTE DO SENHOR</title>
    </titles>
    <authors>
      <author>HARPA CRISTÃ</author>
    </authors>
  </properties>
  <lyrics>
    <verse name="v1">
      <lines>AO SENHOR QUE NOS TEM FEITO<br/>SACERDOTES VERDADEIROS,<br/>DEMOS-LHE LOUVOR E GLÓRIA, SEM CESSAR;<br/>POIS SEU SANGUE É PERFEITO,<br/>REGENERA POR INTEIRO,<br/>TODA A ALMA, QUE QUER SE SALVAR.</lines>
    </verse>
    <verse name="c1">
      <lines>TODOS, TENDO A MESMA MENTE,<br/>JUBILOSOS E CONTENTES,<br/>DEMOS GLÓRIA, SUMA HONRA AO REDENTOR:<br/>SOBRE A CRUZ FOI TRASPASSADO;<br/>COM SEU SANGUE DERRAMADO,<br/>RESGATOU-NOS O BOM SALVADOR.</lines>
    </verse>
    <verse name="v2">
      <lines>ELE É O ALFA E O ÔMEGA,<br/>O PRIMEIRO E O ÚLTIMO,<br/>É O REI DOS REIS, DE TODOS O SENHOR;<br/>ELE É QUEM NOS ACHEGA<br/>SUA GRAÇA, SEU ARRIMO,<br/>PELO DIVINAL CONSOLADOR.</lines>
    </verse>
    <verse name="v3">
      <lines>COM JESUS, O NOSSO ESPOSO,<br/>LÁ NO CÉU, NÓS ENTRAREMOS,<br/>TODOS JUNTOS, SIM, NO REINO SEU, DE AMOR;<br/>VÊ-LO-EMOS GLORIOSO,<br/>E COM ELE CANTAREMOS<br/>NOVOS HINOS, CHEIOS DE FERVOR.</lines>
    </verse>
  </lyrics>
</song>
