<?xml version='1.0' encoding='utf-8'?>
<song xmlns="http://openlyrics.info/namespace/2009/song" version="0.8" createdIn="OpenLP 2.0.3" modifiedIn="OpenLP 2.0.3" modifiedDate="2014-02-05T19:27:10">
  <properties>
    <titles>
      <title>HC  044 - OH! QUE GLÓRIA!</title>
    </titles>
    <authors>
      <author>HARPA CRISTÃ</author>
    </authors>
  </properties>
  <lyrics>
    <verse name="v1">
      <lines>MEU SENHOR, QUE ME SALVASTE,<br/>TEU, E TEU SOMENTE, EU SOU;<br/>COM TEU SANGUE ME SARASTE;<br/>GLÓRIA, GLÓRIA A TI TE DOU.</lines>
    </verse>
    <verse name="c1">
      <lines>OH! QUE GLÓRIA! OH! QUE GLÓRIA!<br/>GOZO EM MEU CORAÇÃO!<br/>EU CONFIO EM JESUS,<br/>E, CRENDO, TENHO SALVAÇÃO.<br/>OH! QUE GLÓRIA! OH! QUE GLÓRIA!<br/>GOZO EM MEU CORAÇÃO!<br/>EU CONFIO EM JESUS,<br/>E EM SEU SANGUE ACHEI PERDÃO.</lines>
    </verse>
    <verse name="v2">
      <lines>PARA OBTER TÃO GRANDE GOZO,<br/>MUITO E MUITO TRABALHEI;<br/>MAS DEBALDE TODO ESFORÇO,<br/>CRENDO SÓ É QUE O ACHEI.</lines>
    </verse>
    <verse name="v3">
      <lines>CONFIANDO, CONFIANDO,<br/>SEMPRE E SÓ, JESUS, EM TI,<br/>TEU PODER E TUA GRAÇA<br/>PODEM BEM GUARDAR-ME A MIM.</lines>
    </verse>
    <verse name="v4">
      <lines>CONSAGRADO AO TEU SERVIÇO,<br/>QUERO EU P'RA TI VIVER;<br/>DANDO SEMPRE O TESTEMUNHO<br/>DE TUA GRAÇA E TEU PODER.</lines>
    </verse>
  </lyrics>
</song>
