<?xml version='1.0' encoding='utf-8'?>
<song xmlns="http://openlyrics.info/namespace/2009/song" version="0.8" createdIn="OpenLP 2.0.3" modifiedIn="OpenLP 2.0.3" modifiedDate="2014-02-05T19:28:23">
  <properties>
    <titles>
      <title>HC  425 - PERDIDO ANDEI</title>
    </titles>
    <authors>
      <author>HARPA CRISTÃ</author>
    </authors>
  </properties>
  <lyrics>
    <verse name="v1">
      <lines>PERDIDO NESTE MUNDO ANDEI,<br/>IMERSO EM SUA ESCURIDÃO;<br/>EM VÃS PROMESSAS CONFIEI;<br/>NÃO TINHA DEUS, NEM SALVAÇÃO.</lines>
    </verse>
    <verse name="c1">
      <lines>PERDIDO ANDEI, MAS ME SALVEI,<br/>SENDO GUIADO PELA LUZ,<br/>QUE NO CALVÁRIO AVISTEI<br/>E ME LEVOU AO REI JESUS!</lines>
    </verse>
    <verse name="v2">
      <lines>SEM FORÇAS 'STAVA P'RA VIVER,<br/>SEM NADA MAIS EU ESPERAR;<br/>QUANDO UMA LUZ EU PUDE VER,<br/>QUE VEIO ME ILUMINAR.</lines>
    </verse>
    <verse name="v3">
      <lines>FITEI A LUZ E LOGO CRI,<br/>E MUITO ALEGRE EU FIQUEI;<br/>PRAZER DO CÉU TAMBÉM SENTI;<br/>QUANDO ESSA LUZ EU ABRACEI.</lines>
    </verse>
    <verse name="v4">
      <lines>CONFESSO COM SATISFAÇÃO,<br/>QUE NESSA LUZ ME SINTO BEM;<br/>A PAZ ENTROU NO CORAÇÃO,<br/>PORQUE VI UM ABRIGO ALÉM.</lines>
    </verse>
    <verse name="v5">
      <lines>NOS BRAÇOS DO SENHOR JESUS,<br/>PRAZER EU TENHO EM VIVER,<br/>UNIDO Á SALVADORA LUZ,<br/>QUE CRISTO VEIO ME TRAZER.</lines>
    </verse>
  </lyrics>
</song>
