<?xml version='1.0' encoding='utf-8'?>
<song xmlns="http://openlyrics.info/namespace/2009/song" version="0.8" createdIn="OpenLP 2.0.3" modifiedIn="OpenLP 2.0.3" modifiedDate="2014-02-05T19:28:28">
  <properties>
    <titles>
      <title>HC  458 - GUIA MEUS PASSOS</title>
    </titles>
    <authors>
      <author>HARPA CRISTÃ</author>
    </authors>
  </properties>
  <lyrics>
    <verse name="v1">
      <lines>GUIA ME PASSOS, SENHOR JESUS,<br/>SENHOR DE CONSOLAÇÃO,<br/>LEVA-ME À ESTRADA DA TUA LUZ,<br/>À FONTE DO TEU PERDÃO.</lines>
    </verse>
    <verse name="c1">
      <lines>LÁ FORA, EIS A CHORAR, SEM DEUS,<br/>SEM LUZ, SEM LAR.<br/>O PECADOR... OUVE, SENHOR,<br/>A QUEIXA DO PECADOR.</lines>
    </verse>
    <verse name="v2">
      <lines>TUAS OVELHAS FIÉIS CONDUZ<br/>POR VALES, VERGÉIS EM FLOR,<br/>AO TEU APRISCO, SENHOR JESUS...<br/>JESUS, NOSSO BOM PASTOR.</lines>
    </verse>
    <verse name="v3">
      <lines>NA LARGA ESTRADA VAI TRISTE E SÓ<br/>O FILHO DE BELIAL...<br/>TRISTE, FAMINTO, ENVOLTO EM PÓ,<br/>ESCRAVO INFELIZ DO MAL.</lines>
    </verse>
    <verse name="v4">
      <lines>SENHOR DOS SIMPLES, SENHOR JESUS,<br/>OH! GLORIOSO DEUS DE AMOR!<br/>A OVELHA ERRANTE ATRAI, CONDUZ<br/>AO TEU REDIL, BOM PASTOR.</lines>
    </verse>
  </lyrics>
</song>
