<?xml version='1.0' encoding='utf-8'?>
<song xmlns="http://openlyrics.info/namespace/2009/song" version="0.8" createdIn="OpenLP 2.0.3" modifiedIn="OpenLP 2.0.3" modifiedDate="2014-02-05T19:27:36">
  <properties>
    <titles>
      <title>HC  173 - OS SANTOS LOUVAM AO SENHOR</title>
    </titles>
    <authors>
      <author>HARPA CRISTÃ</author>
    </authors>
  </properties>
  <lyrics>
    <verse name="v1">
      <lines>PRONTO 'STAMOS P'RA LOUVAR JESUS, O SALVADOR,<br/>GLÓRIA A JESUS E ALELUIA!<br/>E HAVEMOS DE CANTAR AO NOSSO REDENTOR,<br/>GLÓRIA A JESUS E ALELUIA!</lines>
    </verse>
    <verse name="c1">
      <lines>TÊM OS SANTOS DO SENHOR<br/>O DIREITO DE CANTAR<br/>QUE JESUS, COM GRANDE AMOR,<br/>VEIO À TERRA P'RA SALVAR;<br/>NOSSA ALMA RESGATOU,<br/>COM SEU SANGUE NOS LAVOU;<br/>GLÓRIA A JESUS E ALELUIA!</lines>
    </verse>
    <verse name="v2">
      <lines>A CERTEZA TEMOS JÁ DA NOSSA REDENÇÃO,<br/>GLÓRIA A JESUS E ALELUIA!<br/>E, CANTANDO, VAMOS INDO P'RA FELIZ SIÃO;<br/>GLÓRIA A JESUS E ALELUIA!</lines>
    </verse>
    <verse name="v3">
      <lines>TEMOS FIRMES AS PROMESSAS QUE DEUS NOS QUIS DAR,<br/>GLÓRIA A JESU E ALELUIA!<br/>POR JESUS, AQUI, PODEMOS SEMPRE TRIUNFAR,<br/>GLÓRIA A JESUS E ALELUIA!</lines>
    </verse>
    <verse name="v4">
      <lines>TÊM OS SANTOS DO SENHOR<br/>O PODER DE EXALTAR<br/>CRISTO, NOSSO SALVADOR,<br/>QUE NOS VEIO RESGATAR;<br/>JÁ VIVEMOS PELA FÉ,<br/>NO PALÁCIO DO QUE "É";<br/>GLÓRIA A JESUS E ALELUIA!</lines>
    </verse>
  </lyrics>
</song>
