<?xml version='1.0' encoding='utf-8'?>
<song xmlns="http://openlyrics.info/namespace/2009/song" version="0.8" createdIn="OpenLP 2.0.3" modifiedIn="OpenLP 2.0.3" modifiedDate="2014-02-05T19:27:48">
  <properties>
    <titles>
      <title>HC  236 - JÁ NOS LAVOU</title>
    </titles>
    <authors>
      <author>HARPA CRISTÃ</author>
    </authors>
  </properties>
  <lyrics>
    <verse name="v1">
      <lines>SOBRE A CRUZ O BOM CORDEIRO,<br/>DURA MORTE JÁ PROVOU,<br/>POR NÓS TODOS NO MADEIRO,<br/>PARA DEUS PAI NOS COMPROU;<br/>COM SEU SANGUE TEM LAVADO<br/>NOSSA ALMA IMORTAL,<br/>E TAMBÉM NOS RESGATADO<br/>DO PODER DO MAL.</lines>
    </verse>
    <verse name="c1">
      <lines>JÁ NOS LAVOU, JÁ NOS LAVOU,<br/>COM SEU PRECIOSO SANGUE, JESUS, SALVADOR.<br/>NOS LIBERTOU, NOS LIBERTOU,<br/>COM SEU PRECIOSO SANGUE DO VIL TENTADOR.</lines>
    </verse>
    <verse name="v2">
      <lines>PELO SANGUE DERRAMADO<br/>LIVRE ENTRADA SE NOS DÁ<br/>NO LUGAR SANTIFICADO<br/>ONDE O PAI CELESTE ESTÁ;<br/>ESTE SANGUE NOS INDICA<br/>O INFINITO, IMENSO AMOR<br/>DE JESUS, POIS PURIFICA<br/>TODO PECADOR!</lines>
    </verse>
    <verse name="v3">
      <lines>FOMOS NÓS PREDESTINAOS<br/>PARA CRERMOS EM JESUS,<br/>COM ESPÍRITO SELADOS,<br/>PARA DESFRUTAR NA LUZ;<br/>SE VÓS HOJE MESMO CRERDES,<br/>POR DEUS, FEITOS VÓS SEREIS,<br/>PARA DONS LHE OFERECERDES,<br/>SACERDOTES, REIS.</lines>
    </verse>
  </lyrics>
</song>
