<?xml version='1.0' encoding='utf-8'?>
<song xmlns="http://openlyrics.info/namespace/2009/song" version="0.8" createdIn="OpenLP 2.0.3" modifiedIn="OpenLP 2.0.3" modifiedDate="2014-02-05T19:27:51">
  <properties>
    <titles>
      <title>HC  257 - O PERDÃO SEM IGUAL</title>
    </titles>
    <authors>
      <author>HARPA CRISTÃ</author>
    </authors>
  </properties>
  <lyrics>
    <verse name="v1">
      <lines>AMOROSO SALVADOR,<br/>SEM IGUAL É TEU PERDÃO;<br/>SÓ TU ÉS MEU REDENTOR<br/>E PERFEITA SALVAÇÃO.</lines>
    </verse>
    <verse name="v2">
      <lines>MEU CONTRITO CORAÇÃO<br/>TE CONFESSA SEU PECAR,<br/>PEDE AO PAI REAL PERDÃO,<br/>PELO TEU AMOR SEM PAR.</lines>
    </verse>
    <verse name="v3">
      <lines>TE CONTEMPLO, SEM CESSAR,<br/>NO TEU TRONO DESDE AQUI;<br/>OH! QUÃO GRATO É MEDITAR,<br/>QUE INTERCEDES TU POR MIM.</lines>
    </verse>
    <verse name="v4">
      <lines>A FONTE ÉS DA COMPAIXÃO,<br/>SEMPRE A TI DAREI LOUVOR!<br/>FAZ-ME BEM AO CORAÇÃO,<br/>EXALTAR-TE, MEU SENHOR!</lines>
    </verse>
  </lyrics>
</song>
