<?xml version='1.0' encoding='utf-8'?>
<song xmlns="http://openlyrics.info/namespace/2009/song" version="0.8" createdIn="OpenLP 2.0.3" modifiedIn="OpenLP 2.0.3" modifiedDate="2014-02-05T19:27:53">
  <properties>
    <titles>
      <title>HC  267 - JESUS, MINHA FORÇA</title>
    </titles>
    <authors>
      <author>HARPA CRISTÃ</author>
    </authors>
  </properties>
  <lyrics>
    <verse name="v1">
      <lines>VAI CHEGANDO MAIS PERTO E CAUSANDO TERROR,<br/>A PREDITA ENCHENTE DE PECADOS E DOR;<br/>MAS EU SEI QUE POTENTE É A MÃO DO SENHOR,<br/>POR ISSO, TRANQUILO, NÃO TENHO TEMOR.</lines>
    </verse>
    <verse name="c1">
      <lines>É JESUS MINHA FORÇA, MEU<br/>AMADO SENHOR,<br/>SE ELE É O GUARDA, NÃO TENHO TEMOR;<br/>EU DESEJO ENCHER-ME DO SEU GRANDE AMOR,<br/>VIVENDO NA GRAÇA DO MEU SALVADOR.</lines>
    </verse>
    <verse name="v2">
      <lines>MAIS CHEGADO A CRISTO EU DESEJO FICAR;<br/>MAIS ALEGRE E CONTENTE QUERO SEMPRE ANDAR,<br/>NOS SEUS PASSOS SEGUINDO PARA NUNCA ERRAR,<br/>ATÉ QUE UM DIA EU VÁ DESCANSAR.</lines>
    </verse>
  </lyrics>
</song>
