<?xml version='1.0' encoding='utf-8'?>
<song xmlns="http://openlyrics.info/namespace/2009/song" version="0.8" createdIn="OpenLP 2.0.3" modifiedIn="OpenLP 2.0.3" modifiedDate="2014-02-05T19:28:02">
  <properties>
    <titles>
      <title>HC  310 - AVANTE EU VOU</title>
    </titles>
    <authors>
      <author>HARPA CRISTÃ</author>
    </authors>
  </properties>
  <lyrics>
    <verse name="v1">
      <lines>JESUS É O REDENTOR, QUE VEIO NOS SALVAR,<br/>DO MUNDO DE HORROR, DAS ONDAS DESTE MAR;<br/>A TODO O QUE CRER VITÓRIA LHE DARÁ,<br/>TAMBÉM REAL PODER, QUE GOZO LHE TRARÁ.</lines>
    </verse>
    <verse name="c1">
      <lines>AVANTE EU VOU, AVANTE EU<br/>VOU,<br/>PARA ENTRAR NO CÉU, NA DIVINAL MANSÃO;<br/>TENHO GOZO MUI PROFUNDO; JESUS NO CORAÇÃO,<br/>NÃO OLHANDO PARA O MUNDO, AVANTE EU VOU.</lines>
    </verse>
    <verse name="v2">
      <lines>JESUS MEU SALVADOR, AO CÉU ME LEVARÁ,<br/>E DO DESTRUIDOR, O CORPO ESMAGARÁ,<br/>AO CARO REDENTOR, FIEL AQUI SEREI,<br/>A ELE, COM FERVOR, SOMENTE SEGUIREI.</lines>
    </verse>
    <verse name="v3">
      <lines>TROMBETA SOARÁ DO NOSSO CRIADOR;<br/>A GREI SE ELEVARÁ DOS SANTOS DO SENHOR;<br/>EM GLÓRIA E PODER JESUS REGRESSARÁ,<br/>SEUS SERVOS HÃO DE O VER, POIS BREVE VOLTARÁ.</lines>
    </verse>
    <verse name="v4">
      <lines>EIS QUE VIRÁ JESUS, A FIM DE ME LEVAR,<br/>A DESFRUTAR EM LUZ, O SEU AMOR SEM PAR;<br/>ABRAÃO, ISAQUE E JÓ ALI NO CÉU VEREI,<br/>AO LADO DE JACÓ, COM ELES CEAREI.</lines>
    </verse>
  </lyrics>
</song>
