<?xml version='1.0' encoding='utf-8'?>
<song xmlns="http://openlyrics.info/namespace/2009/song" version="0.8" createdIn="OpenLP 2.0.3" modifiedIn="OpenLP 2.0.3" modifiedDate="2014-02-05T19:28:15">
  <properties>
    <titles>
      <title>HC  382 - OLHANDO PARA O CALVÁRIO</title>
    </titles>
    <authors>
      <author>HARPA CRISTÃ</author>
    </authors>
  </properties>
  <lyrics>
    <verse name="v1">
      <lines>NA CRUZ DO CALVÁRIO OLHANDO,<br/>AVISTEI O SALVADOR;<br/>MEU PECADO EXPIANDO,<br/>REVELOU-SE O SEU AMOR.</lines>
    </verse>
    <verse name="c1">
      <lines>LÁ NA FONTE DESTA LUZ,<br/>QUE ME TROUXE UM CLARÃO,<br/>FOI ONDE EU ACHEI ABRIGO,<br/>VIDA, PAZ E SALVAÇÃO.</lines>
    </verse>
    <verse name="v2">
      <lines>VI JESUS CRUCIFICADO<br/>A SOFRER TÃO GRANDE DOR,<br/>FOI SEU SANGUE DERRAMADO<br/>PELO POBRE PECADOR.</lines>
    </verse>
    <verse name="v3">
      <lines>Ó CORDEIRO IMACULADO,<br/>QUE MORRESTE SOBRE A CRUZ!<br/>LIVRA-ME DO VIL PECADO,<br/>Ó MEU SALVADOR JESUS!</lines>
    </verse>
  </lyrics>
</song>
