<?xml version='1.0' encoding='utf-8'?>
<song xmlns="http://openlyrics.info/namespace/2009/song" version="0.8" createdIn="OpenLP 2.0.3" modifiedIn="OpenLP 2.0.3" modifiedDate="2014-02-05T19:27:06">
  <properties>
    <titles>
      <title>HC  019 - O CONVITE DE CRISTO</title>
    </titles>
    <authors>
      <author>HARPA CRISTÃ</author>
    </authors>
  </properties>
  <lyrics>
    <verse name="v1">
      <lines>EIS, A VOZ DE CRISTO CLAMA,<br/>SOBRE O REVOLTOSO MAR<br/>DESTA VIDA PERIGOSA:<br/>"VINDE EM MIM VOS ABRIGAR".</lines>
    </verse>
    <verse name="v2">
      <lines>QUANDO OUTRORA EM GALILÉIA,<br/>ESSA DOCE VOZ SOOU,<br/>LOGO, O CORAÇÃO OUVINTE,<br/>TUDO, PRONTO, ABANDONOU.</lines>
    </verse>
    <verse name="v3">
      <lines>SOBRE S VOZES SEDUTORAS,<br/>DE MUDANAS ATRAÇÕES,<br/>CLAMA A MEIGA VOZ DE CRISTO:<br/>"DAI-ME VOSSOS CORAÇÕES!"</lines>
    </verse>
    <verse name="v4">
      <lines>QUER NO MEIO DOS PRAZERES,<br/>QUER NO DIA DA AFLIÇÃO,<br/>INDA CLAMA, PACIENTE:<br/>"AMAS-ME TU, Ó CRISTÃO?"</lines>
    </verse>
    <verse name="v5">
      <lines>NA VEREDA ESTREITA E SANTA,<br/>JÁ PISADA POR JESUS,<br/>A SEGUI-LO, ELE TE CHAMA:<br/>"VEM, CRISTÃO, ANDAR NA LUZ!"</lines>
    </verse>
    <verse name="v6">
      <lines>DESSA CRUZ ANGUSTIOSA,<br/>ONDE BRILHA SEU AMOR,<br/>OUVE A VOZ QUE TE CONVIDA,<br/>OUVE E SEGUE, PECADOR!</lines>
    </verse>
  </lyrics>
</song>
