<?xml version='1.0' encoding='utf-8'?>
<song xmlns="http://openlyrics.info/namespace/2009/song" version="0.8" createdIn="OpenLP 2.0.3" modifiedIn="OpenLP 2.0.3" modifiedDate="2014-02-05T19:27:13">
  <properties>
    <titles>
      <title>HC  061 - DEUS TOMARÁ CONTA DE TI</title>
    </titles>
    <authors>
      <author>HARPA CRISTÃ</author>
    </authors>
  </properties>
  <lyrics>
    <verse name="v1">
      <lines>EM TODO TEMPO IRMÃO, O SENHOR<br/>TOMARÁ CONTA DE TI.<br/>CRISTO, QUE FALA DE VIDA E AMOR,<br/>TOMARÁ CONTA DE TI.</lines>
    </verse>
    <verse name="c1">
      <lines>DEUS TOMARÁ CONTA DE TI,<br/>DEUS TOMARÁ CONTA DE TI,<br/>NELE DESCANSA, SEMPRE AQUI,<br/>POIS TEM CUIDADO DEUS, DE TI.</lines>
    </verse>
    <verse name="v2">
      <lines>EM TODA PROVA, IRMÃO, O SENHOR<br/>TOMARÁ CONTA DE TI.<br/>CRISTO, QUE É TEU AMADO PASTOR,<br/>TOMARÁ CONTA DE TI.</lines>
    </verse>
    <verse name="v3">
      <lines>EM TODA PARTE, IRMÃO, O SENHOR<br/>TOMARÁ CONTA DE TI.<br/>CRISTO, QUE NOS DÁ PODER E VALOR,<br/>TOMARÁ CONTA DE TI.</lines>
    </verse>
    <verse name="v4">
      <lines>CHEGANDO A MORTE, IRMÃO, O SENHOR<br/>TOMARÁ CONTA DE TI.<br/>CRISTO SERÁ TEU FIEL CONDUTOR:<br/>TOMARÁ CONTA DE TI.</lines>
    </verse>
  </lyrics>
</song>
