<?xml version='1.0' encoding='utf-8'?>
<song xmlns="http://openlyrics.info/namespace/2009/song" version="0.8" createdIn="OpenLP 2.0.3" modifiedIn="OpenLP 2.0.3" modifiedDate="2014-02-05T19:27:12">
  <properties>
    <titles>
      <title>HC  054 - LOUVEMOS AO REDENTOR</title>
    </titles>
    <authors>
      <author>HARPA CRISTÃ</author>
    </authors>
  </properties>
  <lyrics>
    <verse name="v1">
      <lines>MINHÁ'ALMA, LOUVA AO REDEMTOR<br/>JESUS, TEU REI, TEU SALVADOR,<br/>QUE SOBRE, EM TEU LUGAR,<br/>SEU SANGUE DEU P'RA TE SALVAR!</lines>
    </verse>
    <verse name="c1">
      <lines>SIM, SOBRE A CRUZ, EM MEU LUGAR,<br/>JESUS MORREU P'RA ME SALVAR!<br/>SALVO E SEGURO NELE ESTOU,<br/>POIS COM SEU SANGUE ME LIVROU.</lines>
    </verse>
    <verse name="v2">
      <lines>OH! QUÃO PERDIDO E LONGE ANDEI,<br/>LONGE DE DEUS E SUA LEI!<br/>COM TERNO E PACIENTE AMOR<br/>SEGUIU-ME SEMPRE, O SALVADOR!</lines>
    </verse>
    <verse name="v3">
      <lines>BENDITO DIA, QUANDO, ENFIM,<br/>VI CRISTO SOBRE A CRUZ, POR MIM!<br/>VENCIDO PELO SEU AMOR,<br/>RENDI-ME LOGO AO SALVADOR.</lines>
    </verse>
    <verse name="v4">
      <lines>VEM, ALMA AFLITA, DESCANSAR;<br/>EIS CRISTO PRONTO A PERDOAR!<br/>CONFIA NELE, DE CORAÇÃO,<br/>E TEU SERÁ O GRAN PERDÃO.</lines>
    </verse>
  </lyrics>
</song>
