<?xml version='1.0' encoding='utf-8'?>
<song xmlns="http://openlyrics.info/namespace/2009/song" version="0.8" createdIn="OpenLP 2.0.3" modifiedIn="OpenLP 2.0.3" modifiedDate="2014-02-05T19:27:38">
  <properties>
    <titles>
      <title>HC  181 - VEM, CELESTE REDENTOR</title>
    </titles>
    <authors>
      <author>HARPA CRISTÃ</author>
    </authors>
  </properties>
  <lyrics>
    <verse name="v1">
      <lines>VEM, SENHOR, DO BEM A FONTE,<br/>VEM, CELESTE REDENTOR,<br/>AJUDAR-ME A ENTOAR-TE<br/>DIGNOS HINOS DE LOUVOR;<br/>TU, JESUS, POR MIM MORRESTE,<br/>QUERO SÓ P'RA TI VIVER;<br/>QUERO EM TODOS OS MOMENTOS<br/>TUA BÊNÇÃO RECEBER.</lines>
    </verse>
    <verse name="v2">
      <lines>ERA POBRE DESGARRADO<br/>QUANDO CRISTO ME BUSCOU;<br/>PARA ME SALVAR DO INFERNO<br/>O SEU SANGUE DERRAMOU;<br/>EM SUA MORTE TÃO PENOSA,<br/>PAZ, PERDÃO E VIDA ACHEI,<br/>E COM ELE ETERNAMENTE<br/>SUA GLÓRIA FRUIREI.</lines>
    </verse>
    <verse name="v3">
      <lines>DE TUA GRAÇA, Ó MEU AMADO,<br/>SOU CONTÍNUO DEVEDOR;<br/>MAIS E MAIS A TI ME ATRAI<br/>PELO TEU DIVINO AMOR;<br/>SOU INGRATO, E BEM CONHEÇO,<br/>PEÇO, MEU SENHOR, PERDÃO;<br/>TIRA-ME DO VIL PECADO,<br/>REGE TU MEU CORAÇÃO.</lines>
    </verse>
  </lyrics>
</song>
