<?xml version='1.0' encoding='utf-8'?>
<song xmlns="http://openlyrics.info/namespace/2009/song" version="0.8" createdIn="OpenLP 2.0.3" modifiedIn="OpenLP 2.0.3" modifiedDate="2014-02-05T19:27:21">
  <properties>
    <titles>
      <title>HC  113 - O CELESTE DIRETOR</title>
    </titles>
    <authors>
      <author>HARPA CRISTÃ</author>
    </authors>
  </properties>
  <lyrics>
    <verse name="v1">
      <lines>DIA A DIA VEM GUIAR-ME<br/>MEU JESUS E MEU SENHOR!<br/>NÃO SOU MEU, POIS ME COMPRASTE<br/>COM TEU SANGUE REDENTOR;<br/>QUERO A TI VIVER UNIDO,<br/>PELA VIDA ATÉ AO FIM;<br/>QUE SE TORNE ASSIM VERDADE.<br/>"NÃO MAIS EU, MAS CRISTO EM MIM".<br/>QUE SE TORNE ASSIM VERDADE.<br/>"NÃO MAIS EU, MAS CRISTO EM MIM".</lines>
    </verse>
    <verse name="v2">
      <lines>CADA INSTANTE VEM GUIAR-ME,<br/>O CELESTE DIRETOR!<br/>JÁ FIZESTE EM MIM MORADA,<br/>TU ÉS MEU DOMINADOR;<br/>Ó TRANSFORMA MINHA VIDA;<br/>SEJA MEU O TEU QUERER;<br/>QUERO ANDAR, PASSO POR PASSO,<br/>CONFIANDO EM TEU PODER.<br/>QUERO ANDAR, PASSO POR PASSO,<br/>CONFIANDO EM TEU PODER.</lines>
    </verse>
    <verse name="v3">
      <lines>SE MAIOR INTIMIDADE<br/>PARA MIM POSSÍVEL FOR;<br/>QUERO MAIS SER ATRAÍDO<br/>A TI, MEIGO SALVADOR!<br/>AH! QUE FIQUE EM TI MORANDO<br/>MEU SECRETO PAVILHÃO,<br/>ESCONDIDO, INTEIRAMENTE,<br/>EM TI, MINHA SALVAÇÃO.<br/>ESCONDIDO, INTEIRAMENTE,<br/>EM TI, MINHA SALVAÇÃO.</lines>
    </verse>
  </lyrics>
</song>
