<?xml version='1.0' encoding='utf-8'?>
<song xmlns="http://openlyrics.info/namespace/2009/song" version="0.8" createdIn="OpenLP 2.0.3" modifiedIn="OpenLP 2.0.3" modifiedDate="2014-02-05T19:27:23">
  <properties>
    <titles>
      <title>HC  122 - FOGO DIVINO</title>
    </titles>
    <authors>
      <author>HARPA CRISTÃ</author>
    </authors>
  </properties>
  <lyrics>
    <verse name="v1">
      <lines>FOGO DIVINO, CLAMAMOS POR TI;<br/>VEM LÁ DO ALTO, VEM, DESCE AQUI;<br/>Ó VEM DESPERTAR-NOS COM TEU FULGOR;<br/>VEM INFLAMAR-NOS COM TEU CALOR.</lines>
    </verse>
    <verse name="c1">
      <lines>DESCE DO ALTO, BENDITO FOGO,<br/>DESCE PODER CELESTIAL!<br/>DESCE DO ALTO, BENDITO FOGO,<br/>VEM, CHAMA PENTECOSTAL!</lines>
    </verse>
    <verse name="v2">
      <lines>DESCE, ESPÍRITO CONSOLADOR,<br/>DESCE E ENCHE-NOS DE SANTO AMOR,<br/>DESCE AO MUNDO, NOS MOSTRA JESUS;<br/>DÁ-NOS PODER, VIDA, GRAÇA E LUZ.</lines>
    </verse>
    <verse name="v3">
      <lines>ARDE EM MINH'ALMA, Ó CHAMA DE AMOR<br/>ARDE EM MEU PEITO E DÁ-ME VALOR;<br/>CONSOME TODOS OS RESTOS DO MAL;<br/>DESCE JÁ, Ó FOGO PENTECOSTAL!</lines>
    </verse>
  </lyrics>
</song>
