<?xml version='1.0' encoding='utf-8'?>
<song xmlns="http://openlyrics.info/namespace/2009/song" version="0.8" createdIn="OpenLP 2.0.3" modifiedIn="OpenLP 2.0.3" modifiedDate="2014-02-05T19:27:56">
  <properties>
    <titles>
      <title>HC  281 - VEM SEM TARDAR</title>
    </titles>
    <authors>
      <author>HARPA CRISTÃ</author>
    </authors>
  </properties>
  <lyrics>
    <verse name="v1">
      <lines>VEM A CRISTO, SEM TARDAR,<br/>NÃO TE QUEIRAS RECUSAR,<br/>Ó AMIGO, VEM DEPRESSA A JESUS!<br/>VEM DAS TREVAS PARA A LUZ,<br/>CRISTO QUER TE CONSOLAR,<br/>VEM A ELE, Ó PERDIDO, SEM TARDAR!</lines>
    </verse>
    <verse name="c1">
      <lines>SEM TARDAR, VEM SEM TARDAR;<br/>SEM TARDAR, VEM SEM TARDAR.<br/>Ó ACEITA A SALVAÇÃO,<br/>NO TEU POBRE CORAÇÃO,<br/>JESUS CRISTO TE CONVIDA: "SEM TARDAR".</lines>
    </verse>
    <verse name="v2">
      <lines>VEM A CRISTO, SEM TARDAR,<br/>UM TESOURO TE QUER DAR;<br/>ELE QUER TE CONCEDER REAL PERDÃO;<br/>CRISTO VÊ TEU CORAÇÃO,<br/>TUA ALMA A SOLUÇAR;<br/>VEM A ELE, Ó PERDIDO, SEM TARDAR!</lines>
    </verse>
    <verse name="v3">
      <lines>VEM A CRISTO, SEM TARDAR,<br/>COM SEUS DONS TE QUER FARTAR,<br/>COM RIQUEZAS QUE JAMAIS SE PERDERÃO.<br/>VEM, ESTENDE A TUA MÃO,<br/>CRISTO QUER TE PERDOAR!<br/>VEM A ELE, Ó PERDIDO, SEM TARDAR!</lines>
    </verse>
    <verse name="v4">
      <lines>VEM A CRISTO SEM TARDAR,<br/>TUA TENDA VEM FIRMAR<br/>SOBRE A ROCHA QUE DO MAL TE GUARDARÁ;<br/>O RECEIO LARGA JÁ,<br/>VEM P'RA CRISTO TE SALVAR;<br/>ELE MESMO TE AVISA: "SEM TARDAR"!</lines>
    </verse>
  </lyrics>
</song>
