<?xml version='1.0' encoding='utf-8'?>
<song xmlns="http://openlyrics.info/namespace/2009/song" version="0.8" createdIn="OpenLP 2.0.3" modifiedIn="OpenLP 2.0.3" modifiedDate="2014-02-05T19:27:53">
  <properties>
    <titles>
      <title>HC  265 - DOCE É CRER EM CRISTO</title>
    </titles>
    <authors>
      <author>HARPA CRISTÃ</author>
    </authors>
  </properties>
  <lyrics>
    <verse name="v1">
      <lines>OH! QUÃO DOCE É CRER EM CRISTO,<br/>E ENTREGAR-SE A JESUS,<br/>ESPERAR EM SUAS PROMESSAS<br/>E ANDAR NA SUA LUZ!</lines>
    </verse>
    <verse name="c1">
      <lines>JESUS CRISTO, JESUS CRISTO,<br/>TEU AMOR ME DESTE A MIM!<br/>JESUS CRISTO, JESUS CRISTO,<br/>SEMPRE QUERO CRER EM TI.</lines>
    </verse>
    <verse name="v2">
      <lines>É MUI DOCE CRER EM CRISTO,<br/>E CUMPRIR O SEU QUERER,<br/>NÃO DESCRENDO EM SUA PALAVRA,<br/>QUE É LUZ P'RA NOSSO SER.</lines>
    </verse>
    <verse name="v3">
      <lines>É MUI GRATO CRER EM CRISTO;<br/>QUANDO BUSCA O CORAÇÃO<br/>OS TESOUROS INFINITOS<br/>DE AMOR, PAZ E PERDÃO.</lines>
    </verse>
    <verse name="v4">
      <lines>SEMPRE EM TI CONFIAR EU QUERO,<br/>MEU PRECIOSO SALVADOR;<br/>NA BONANÇA E NA LUTA,<br/>ME PROTEJA O TEU AMOR.</lines>
    </verse>
  </lyrics>
</song>
