<?xml version='1.0' encoding='utf-8'?>
<song xmlns="http://openlyrics.info/namespace/2009/song" version="0.8" createdIn="OpenLP 2.0.3" modifiedIn="OpenLP 2.0.3" modifiedDate="2014-02-05T19:28:11">
  <properties>
    <titles>
      <title>HC  361 - O PEREGRINO E A GLÓRIA</title>
    </titles>
    <authors>
      <author>HARPA CRISTÃ</author>
    </authors>
  </properties>
  <lyrics>
    <verse name="v1">
      <lines>PEREGRINO SEGUE PARA A GLÓRIA,<br/>POIS NO CÉU EM BREVE ENTRARÁS!<br/>OUVES JÁ OS CANTOS DE VITÓRIA?<br/>TUA VOZ TAMBÉM LÁ UNIRÁS.</lines>
    </verse>
    <verse name="c1">
      <lines>SIM, QUERES ENTOAR<br/>O CÂNTICO DOS SALVOS, LÁ NA GLÓRIA,<br/>QUE NOS CÉUS HÁ DE SEMPRE SOAR?<br/>SIM, QUERES TU CANTAR,<br/>OS GLORIOSOS HINOS DE VITÓRIA?<br/>A JESUS MIL LOUVORES ENTOAR?</lines>
    </verse>
    <verse name="v2">
      <lines>VEM DO CÉU UM SOM DE ALEGRIA,<br/>NA ESCURA NOITE TE CHAMAR,<br/>MUI SUAVE E CHEIO DE HARMONIA.<br/>- Ó MINH'ALMA, VOLTA P'RA TEU LAR!</lines>
    </verse>
    <verse name="v3">
      <lines>RAIOS ÚLTIMOS DO SOL SE ESCONDEM,<br/>NA DOURADA PORTA DE SIÃO;<br/>TERMINADA A LUTA ESTAREI ONDE<br/>AS SAUDADES NÃO MAIS CHEGARÃO.</lines>
    </verse>
    <verse name="v4">
      <lines>DE JESUS, O SANGUE, DÁ ENTRADA;<br/>GLÓRIA A DEUS, A PORTA ABERTA ESTÁ!<br/>QUERES TU NO CÉU FELIZ MORADA?<br/>POIS SERÁ MUI TRISTE NÃO IR LÁ.</lines>
    </verse>
  </lyrics>
</song>
