<?xml version='1.0' encoding='utf-8'?>
<song xmlns="http://openlyrics.info/namespace/2009/song" version="0.8" createdIn="OpenLP 2.0.3" modifiedIn="OpenLP 2.0.3" modifiedDate="2014-02-05T19:27:56">
  <properties>
    <titles>
      <title>HC  285 - TU ÉS O MEU GOZO</title>
    </titles>
    <authors>
      <author>HARPA CRISTÃ</author>
    </authors>
  </properties>
  <lyrics>
    <verse name="v1">
      <lines>SENHOR, PELA FÉ ME SUSTENTO<br/>NA GRAÇA, NOS TEUS MANDAMENTOS,<br/>QUE OPERAM A CADA MOMENTO,<br/>NO MEU CORAÇÃO, SALVAÇÃO!</lines>
    </verse>
    <verse name="c1">
      <lines>TU ÉS O MEU GOZO,<br/>SENHOR, O MEU MANANCIAL DE AMOR;<br/>IREI TE LOUVAR PARA SEMPRE NOS CÉUS,<br/>BEM PERTO DO TRONO DE DEUS!</lines>
    </verse>
    <verse name="v2">
      <lines>A GRAÇA DE DEUS RECEBIDA,<br/>ENCHEU-ME DE GOZO, DE VIDA,<br/>E SEMPRE A MIM É CONCEDIDA<br/>POR NOSSO SENHOR, REDENTOR!</lines>
    </verse>
    <verse name="v3">
      <lines>DE BÊNÇÃOS OH! VEM ME INUNDANDO,<br/>O MEU CORAÇÃO INFLAMANDO,<br/>TAMBÉM MEUS PECADOS QUEIMANDO,<br/>DE TODO MEU SER, COM PODER.</lines>
    </verse>
  </lyrics>
</song>
