<?xml version='1.0' encoding='utf-8'?>
<song xmlns="http://openlyrics.info/namespace/2009/song" version="0.8" createdIn="OpenLP 2.0.3" modifiedIn="OpenLP 2.0.3" modifiedDate="2014-02-05T19:27:45">
  <properties>
    <titles>
      <title>HC  221 - OPERA EM MIM!</title>
    </titles>
    <authors>
      <author>HARPA CRISTÃ</author>
    </authors>
  </properties>
  <lyrics>
    <verse name="v1">
      <lines>EIS-ME A TEUS PÉS, SENHOR, OPERA EM MIM!<br/>ESPERO MAIS VIGOR, OPERA EM MIM!<br/>EU GOZO VOU FRUIR, SE TUA LEI CUMPRIR;<br/>Ó DÁ-ME TEU AMOR: OPERA EM MIM!</lines>
    </verse>
    <verse name="v2">
      <lines>SEDENTO, COM ARDOR, OPERA EM MIM!<br/>TE PEÇO MAIS AMOR, OPERA EM MIM!<br/>TU SÓ ME PODES DAR A PERFEIÇÃO SEM PAR,<br/>Ó BOM CONSOLADOR: OPERA EM MIM!</lines>
    </verse>
    <verse name="v3">
      <lines>Ó MEU SENHOR JESUS, OPERA EM MIM!<br/>POR TUA SANTA LUZ, OPERA EM MIM!<br/>REVELA-ME O VALOR DA MORTE DO SENHOR,<br/>POR MIM, NA DURA CRUZ; OPERA EM MIM!</lines>
    </verse>
    <verse name="v4">
      <lines>NÃO TARDES MAIS, SENHOR, OPERA EM MIM!<br/>ESCUTA O MEU CLAMOR, OPERA EM MIM!<br/>NO SANGUE DE JESUS, VERTIDO LÁ NA CRUZ,<br/>ME GUARDA POR FAVOR, OPERA EM MIM!</lines>
    </verse>
  </lyrics>
</song>
