<?xml version='1.0' encoding='utf-8'?>
<song xmlns="http://openlyrics.info/namespace/2009/song" version="0.8" createdIn="OpenLP 2.0.3" modifiedIn="OpenLP 2.0.3" modifiedDate="2014-02-05T19:27:18">
  <properties>
    <titles>
      <title>HC  090 - HÁ PAZ E ALEGRIA</title>
    </titles>
    <authors>
      <author>HARPA CRISTÃ</author>
    </authors>
  </properties>
  <lyrics>
    <verse name="v1">
      <lines>HÁ PAZ E ALEGRIA NO REINO DA LUZ;<br/>Á PÁTRIA DOS REMIDOS, JESUS NOS CONDUZ,<br/>NO REINO DOS CÉUS HÁ GOZO E PAZ;<br/>OS FILHOS DE DEUS TÊM PODER VERAZ.</lines>
    </verse>
    <verse name="v2">
      <lines>HÁ PAZ E ALEGRIA NO REINO DOS CÉUS;<br/>OS SALVOS LÁ ENTOAM LOUVORES A DEUS;<br/>DAI GLÓRIA A JESUS! PORQUE NOS AMOU;<br/>POR NÓS O SEU SANGUE ELE DERRAMOU!</lines>
    </verse>
    <verse name="v3">
      <lines>JESUS TEM PROMETIDO O CONSOLADOR!<br/>O ESPÍRITO SANTO, O INSTRUIDOR;<br/>TAMBÉM PROMETEU, NO REINO DOS CÉUS,<br/>UM SANTO LUGAR, JUNTO AO NOSSO DEUS.</lines>
    </verse>
    <verse name="v4">
      <lines>FIRMADO NA PROMESSA TÃO GRANDE E EFICAZ,<br/>AGORA NESTE MUNDO DESFRUTO A PAZ;<br/>ESPERO JESUS, NAS NUVENS DESCER,<br/>E NA SUA GLÓRIA ME RECEBER.</lines>
    </verse>
  </lyrics>
</song>
