<?xml version='1.0' encoding='utf-8'?>
<song xmlns="http://openlyrics.info/namespace/2009/song" version="0.8" createdIn="OpenLP 2.0.3" modifiedIn="OpenLP 2.0.3" modifiedDate="2014-02-05T19:27:34">
  <properties>
    <titles>
      <title>HC  166 - DEIXA ENTRAR O REI DA GLÓRIA</title>
    </titles>
    <authors>
      <author>HARPA CRISTÃ</author>
    </authors>
  </properties>
  <lyrics>
    <verse name="v1">
      <lines>OUVES TU? JESUS TE CHAMA,<br/>SIM, TE CHAMA, Ó PECADOR!<br/>A JESUS, QUE SALVA E AMA,<br/>VEM AGORA, SEM TEMOR.</lines>
    </verse>
    <verse name="c1">
      <lines>DEIXA ENTRAR O REI DA GLÓRIA<br/>EM TI MESMO, Ó PECADOR;<br/>QUEM É ESTE REI DA GLÓRIA?<br/>É JESUS, O TEU SENHOR.</lines>
    </verse>
    <verse name="v2">
      <lines>PARA O MUNDO E O PECADO<br/>TENS NO CORAÇÃO LUGAR,<br/>MAS JESUS RESSUSCITADO,<br/>TU NÃO PODES ABRIGAR?</lines>
    </verse>
    <verse name="v3">
      <lines>DO PRAZER, A VISTA LINDA,<br/>DESTE MUNDO SEDUTOR,<br/>SIM, UM DIA AQUI SE FINDA,<br/>COM A MORTE, Ó PECADOR!</lines>
    </verse>
    <verse name="v4">
      <lines>HOJE É DIA ACEITÁVEL<br/>PARA VIRE T'ENTREGAR<br/>A JESUS, QUE MUI AMÁVEL,<br/>QUER, E PODE TE SALVAR.</lines>
    </verse>
  </lyrics>
</song>
