<?xml version='1.0' encoding='utf-8'?>
<song xmlns="http://openlyrics.info/namespace/2009/song" version="0.8" createdIn="OpenLP 2.0.3" modifiedIn="OpenLP 2.0.3" modifiedDate="2014-02-05T19:27:37">
  <properties>
    <titles>
      <title>HC  179 - REDENTOR FORMOSO</title>
    </titles>
    <authors>
      <author>HARPA CRISTÃ</author>
    </authors>
  </properties>
  <lyrics>
    <verse name="v1">
      <lines>REDENTOR FORMOSO E BELO,<br/>QUE HABITAS EM ALVOR;<br/>NA MINH'ALMA EU ANELO<br/>DE SER COMO ÉS TU, SENHOR</lines>
    </verse>
    <verse name="c1">
      <lines>TÉ QUE UM DIA VÁ, REMIDO,<br/>NO CÉU EU VER O REDENTOR!<br/>DEPOIS QUE EU TIVER CUMPRIDO<br/>O SEU QUERER, POR SEU AMOR.</lines>
    </verse>
    <verse name="v2">
      <lines>OS MEUS OLHOS, Ó RETIRA,<br/>DESTE MUNDO DE HORROR,<br/>POIS MINH'ALMA EM TI REMIRA<br/>TUA GRAÇA E TEU FAVOR.</lines>
    </verse>
    <verse name="v3">
      <lines>JÁ A NOITE SE AVANÇA;<br/>BELA ESTRELA VAI NASCER,<br/>TEMOS NÓS A ESPERANÇA<br/>DUM ETERNO E GRAN PRAZER.</lines>
    </verse>
    <verse name="v4">
      <lines>TUA MÃO, Ó MEU SUSTENTE,<br/>HUMILHADO AOS TEUS PÉS,<br/>COM A ALMA E COM A MENTE,<br/>PELA VERDADEIRA FÉ.</lines>
    </verse>
  </lyrics>
</song>
