<?xml version='1.0' encoding='utf-8'?>
<song xmlns="http://openlyrics.info/namespace/2009/song" version="0.8" createdIn="OpenLP 2.0.3" modifiedIn="OpenLP 2.0.3" modifiedDate="2014-02-05T19:28:28">
  <properties>
    <titles>
      <title>HC  457 - O FESTIM DE GLÓRIA</title>
    </titles>
    <authors>
      <author>HARPA CRISTÃ</author>
    </authors>
  </properties>
  <lyrics>
    <verse name="v1">
      <lines>OH! QUE FESTIM DE GLÓRIA PARA NÓS HÁ DE SER!<br/>QUANDO TIVER NAS NUVENS, CRISTO DE APARECER.</lines>
    </verse>
    <verse name="c1">
      <lines>OH! NESSE EVENTO<br/>MUI FELIZ<br/>E DE PRAZER TAMBÉM,<br/>EU HEI DE VER MEU BOM JESUS,<br/>FONTE DE TODO BEM.</lines>
    </verse>
    <verse name="v2">
      <lines>NESSE GLORIOSO DIA, O CORPO MEU MORTAL,<br/>SERÁ COMO O DE ANJOS, NO LAR CELESTIAL.</lines>
    </verse>
    <verse name="v3">
      <lines>OH! QUE DITOSA VINDA, A DO MEU SALVADOR!<br/>EU O ESTOU ESPERANDO, MUI FIRME EM SEU AMOR!</lines>
    </verse>
    <verse name="v4">
      <lines>Ó CRISTO, APRESSA O DIA EM QUE HÁS DE VOLTAR!<br/>PARA VER TUA FACE EU 'STOU A ESPERAR.</lines>
    </verse>
  </lyrics>
</song>
