<?xml version='1.0' encoding='utf-8'?>
<song xmlns="http://openlyrics.info/namespace/2009/song" version="0.8" createdIn="OpenLP 2.0.3" modifiedIn="OpenLP 2.0.3" modifiedDate="2014-02-05T19:28:08">
  <properties>
    <titles>
      <title>HC  345 - OH! TENHO GOZO</title>
    </titles>
    <authors>
      <author>HARPA CRISTÃ</author>
    </authors>
  </properties>
  <lyrics>
    <verse name="v1">
      <lines>OH! TENHO GOZO NO MEU CORAÇÃO,<br/>TAMBÉM A VIDA, E SANTO FERVOR;<br/>POIS CRISTO ME DEU REAL SALVAÇÃO<br/>E A CERTEZA DUM REINO DE AMOR!</lines>
    </verse>
    <verse name="v2">
      <lines>NO MUNDO NUNCA IRÁS CONHECER<br/>O GOZO SANTO DO MEU SALVADOR,<br/>QUE JÁ DESFRUTA, SIM, TODO O QUE CRER,<br/>E VIVE SEMPRE REPLETO DE AMOR.</lines>
    </verse>
    <verse name="v3">
      <lines>LOUVEMOS JUNTOS O REI DE ISRAEL,<br/>POR SUA GRAÇA, QUE NOS DÁ VIGOR,<br/>POIS ELE ESCONDE O CRENTE FIEL,<br/>EM SUAS ASAS DE PAZ E AMOR.</lines>
    </verse>
    <verse name="v4">
      <lines>O PAI ETERNO SEU POVO SELOU,<br/>COM A PROMESSA DO CONSOLADOR;<br/>OH! FOI DE GRAÇA, QUE DEUS ME SALVOU<br/>POR SEU IMENSO E SANTO AMOR!</lines>
    </verse>
  </lyrics>
</song>
