<?xml version='1.0' encoding='utf-8'?>
<song xmlns="http://openlyrics.info/namespace/2009/song" version="0.8" createdIn="OpenLP 2.0.3" modifiedIn="OpenLP 2.0.3" modifiedDate="2014-02-05T19:28:06">
  <properties>
    <titles>
      <title>HC  328 - O PÃO DA VIDA</title>
    </titles>
    <authors>
      <author>HARPA CRISTÃ</author>
    </authors>
  </properties>
  <lyrics>
    <verse name="v1">
      <lines>O PÃO DA VIDA, DESCIDO DOS CÉUS,<br/>DÁ PAZ, SAÚDE E VIGOR,<br/>O PÃO CELESTE, MANDADO POR DEUS,<br/>É CRISTO, O SALVADOR;<br/>Ó REDENTOR, VEM SEM TARDAR,<br/>DO PECADOR O MAL SANAR!<br/>SE ALGUM PERDIDO BUSCAR TUA LUZ,<br/>DEPRESSA VEM A PAZ LHE DAR;<br/>NÃO TARDES MAIS, AMOROSO JESUS,<br/>Ó VEM ME CONFORTAR!</lines>
    </verse>
    <verse name="v2">
      <lines>HÁ GOZO SANTO P'RA QUEM TEM A LUZ,<br/>EM SE LEMBRAR DO SEU SENHOR,<br/>É SÓ FALAR DO AMOR DE JESUS,<br/>O GRANDE REDENTOR!<br/>TEU JUGO É DOCE, MEU SENHOR,<br/>TEU FARDO É LEVE, QUE AMOR!<br/>SE EU NÃO POSSO LEVAR MINHA CRUZ,<br/>DEPRESSA VEM ME AJUDAR;<br/>NÃO TARDES MAIS, AMOROSO JESUS,<br/>Ó VEM ME CONFORTAR!</lines>
    </verse>
    <verse name="v3">
      <lines>POR DURAS PROVAS E PERSEGUIÇÕES,<br/>TU FAZES O FIEL PASSAR;<br/>E QUEM VENCER HÁ DE TER GALARDÃO,<br/>TAMBÉM NO CÉU LUGAR,<br/>EU LÁ VEREI TEU ESPLENDOR,<br/>A TUA GLÓRIA, SALVADOR;<br/>SE NÃO PUDER CARREGAR MINHA CRUZ,<br/>DEPRESSA VEM ME AUXILIAR;<br/>NÃO TARDES MAIS, AMOROSO JESUS,<br/>Ó VEM ME CONFORTAR!</lines>
    </verse>
    <verse name="v4">
      <lines>JESUS, O TEU INSONDÁVEL AMOR,<br/>ME FAZ SENTIR NO CORAÇÃO;<br/>O AMOR DE DEUS, ESTE SANTO AMOR,<br/>E VIVEREI, ENTÃO;<br/>A TI, JESUS, EU DOU LOUVOR;<br/>TU ME DÁS GRAÇA E VIGOR;<br/>TU ÉS O PÃO QUE A VIDA PRODUZ;<br/>MINH'ALMA VEM ALIMENTAR;<br/>NÃO TARDES MAIS, AMOROSO JESUS<br/>Ó VEM ME CONFORTAR!</lines>
    </verse>
  </lyrics>
</song>
