<?xml version='1.0' encoding='utf-8'?>
<song xmlns="http://openlyrics.info/namespace/2009/song" version="0.8" createdIn="OpenLP 2.0.3" modifiedIn="OpenLP 2.0.3" modifiedDate="2014-02-05T19:27:29">
  <properties>
    <titles>
      <title>HC  148 - BENDIREI A JESUS</title>
    </titles>
    <authors>
      <author>HARPA CRISTÃ</author>
    </authors>
  </properties>
  <lyrics>
    <verse name="v1">
      <lines>LOUVAREI MEU GUIA SÁBIO,<br/>LOUVAREI, LOUVAREI;<br/>BENDIREI, COM ALMA E LÁBIOS,<br/>BENDIREI JESUS.</lines>
    </verse>
    <verse name="c1">
      <lines>ALELUIA! LOUVO A JESUS!<br/>DEU-ME SALVAÇÃO NA CRUZ!<br/>ALELUIA A QUEM ME CONDUZ!<br/>GLÓRIA A MEU JESUS!</lines>
    </verse>
    <verse name="v2">
      <lines>LOUVAREI A QUEM ME AMPARA,<br/>LOUVAREI, LOUVAREI;<br/>NADA DELE ME SEPARA;<br/>BENDIREI JESUS.</lines>
    </verse>
    <verse name="v3">
      <lines>A QUEM LEVA OS MEUS CUIDADOS,<br/>LOUVAREI, LOUVAREI;<br/>ME SUSTENTA OS PÉS CANSADOS,<br/>BENDIREI JESUS.</lines>
    </verse>
    <verse name="v4">
      <lines>A QUEM DÁ-ME AQUI VITÓRIA,<br/>LOUVAREI, LOUVAREI;<br/>DAR-ME-À COROA E GLÓRIA;<br/>BENDIREI JESUS.</lines>
    </verse>
    <verse name="v5">
      <lines>MEU SUBLIME REI GLORIOSO,<br/>LOUVAREI, LOUVAREI;<br/>EM CELESTE CORO E GOZO,<br/>BENDIREI JESUS.</lines>
    </verse>
  </lyrics>
</song>
