<?xml version='1.0' encoding='utf-8'?>
<song xmlns="http://openlyrics.info/namespace/2009/song" version="0.8" createdIn="OpenLP 2.0.3" modifiedIn="OpenLP 2.0.3" modifiedDate="2014-02-05T19:28:33">
  <properties>
    <titles>
      <title>HC  483 - ORA VEM, JESUS</title>
    </titles>
    <authors>
      <author>HARPA CRISTÃ</author>
    </authors>
  </properties>
  <lyrics>
    <verse name="v1">
      <lines>DISSE JESUS, EIS QUE PRESTO EU VENHO,<br/>TRAGO COMIGO, TAMBÉM GALARDÃO;<br/>VENHO DO CÉU COM A GLÓRIA QUE TENHO,<br/>Ó VIGIAI FIRMES NA ORAÇÃO!</lines>
    </verse>
    <verse name="c1">
      <lines>ORA VEM JESUS, GLORIOSA LUZ,<br/>AINDA NÓS TE ESPERAMOS; ORA VEM JESUS!<br/>DE VER-TE, SEDENTOS BRADAMOS: OH! SENHOR JESUS<br/>POR TI VELANDO ESTAMOS; ORA VEM, JESUS!</lines>
    </verse>
    <verse name="v2">
      <lines>DISSE JESUS, EIS QUE PRESTO EU VENHO,<br/>E OS REMIDOS P'RO CÉU LEVAREI,<br/>E EM LUGAR DO OPRÓBRIO DO LENHO,<br/>UMA COROA P'RA ELES DAREI!</lines>
    </verse>
    <verse name="v3">
      <lines>DISSE JESUS, EIS QUE PRESTO EU VENHO,<br/>A MINHA IGREJA VOU ARREBATAR;<br/>HOJE BUSCAI-ME COM TODO O EMPENHO,<br/>PARA QUE EU POSSA VOS PRERARAR!</lines>
    </verse>
  </lyrics>
</song>
