<?xml version='1.0' encoding='utf-8'?>
<song xmlns="http://openlyrics.info/namespace/2009/song" version="0.8" createdIn="OpenLP 2.0.3" modifiedIn="OpenLP 2.0.3" modifiedDate="2014-02-05T19:28:27">
  <properties>
    <titles>
      <title>HC  453 - DEUS É O MESMO</title>
    </titles>
    <authors>
      <author>HARPA CRISTÃ</author>
    </authors>
  </properties>
  <lyrics>
    <verse name="v1">
      <lines>OH! COMO É BOM DOS TEMPOS PRIMITIVOS LEMBRAR<br/>E DOS AVIVAMENTOS DE QUE OUVIMOS FALAR;<br/>DEUS QUER NOS DAR MAIS FERVOR ESPIRITUAL,<br/>AO SEU POVO MANDAR O PODER PENTECOSTAL!</lines>
    </verse>
    <verse name="c1">
      <lines>NOSSO DEUS É O MESMO<br/>HOJE COMO ENTÃO,<br/>ELE CURA, BATIZA, E NOS DÁ SALVAÇÃO.<br/>ABUNDANTE É AQUI A VIDA ESPIRITUAL<br/>PARA OS QUE RECEBEM PODER PENTECONSTAL!</lines>
    </verse>
    <verse name="v2">
      <lines>OH! COMO É BOM DOS CRENTES PRIMITIVOS LEMBRAR<br/>AS FERVENTES ORAÇÕES, O SEU ALEGRE CANTAR,<br/>DEUS OS OUVIU E SEMPRE OS LIVROU DO MAL,<br/>E TAMBÉM OS ENCHEU DE PODER PENTECOSTAL!</lines>
    </verse>
    <verse name="v3">
      <lines>ALGUNS DIZEM: "MUDADO TUDO HOJE ESTÁ".<br/>MAS EU SEI QUE MEU DEUS NUNCA JAMAIS MUDARÁ;<br/>DEUS PERMANECERÁ QUEL FAROL ETERNAL<br/>ENVIANDO AO SEU POVO PODER PENTECOSTAL!</lines>
    </verse>
  </lyrics>
</song>
