<?xml version='1.0' encoding='utf-8'?>
<song xmlns="http://openlyrics.info/namespace/2009/song" version="0.8" createdIn="OpenLP 2.0.3" modifiedIn="OpenLP 2.0.3" modifiedDate="2014-02-05T19:28:04">
  <properties>
    <titles>
      <title>HC  322 - AS SANTAS ESCRITURAS</title>
    </titles>
    <authors>
      <author>HARPA CRISTÃ</author>
    </authors>
  </properties>
  <lyrics>
    <verse name="v1">
      <lines>SÃO AS SANTAS ESCRITURAS<br/>QUE NOS CONTAM DE JESUS,<br/>O QUAL VINDO DAS ALTURAS<br/>FEZ BRILHAR NAS TREVAS E LUZ!<br/>P'RA NOS DAR ETERNA VIDA,<br/>'TÉ A MORTE SE HUMILHOU;<br/>TENDO JÁ VENCIDO A LIDA,<br/>DEUS, O PAI, O EXALTOU.</lines>
    </verse>
    <verse name="c1">
      <lines>NUNCA MAIS VAI SER OUVIDO<br/>OUTRO CONTO DE AMOR,<br/>QUE CONVERTA UM PERDIDO,<br/>E REBELDE PECADOR,<br/>COMO O SANTO EVANGELHO,<br/>QUE NOS FALA DE PERDÃO,<br/>E TRANSFORMA O HOMEM VELHO<br/>NUMA NOVA CRIAÇÃO.</lines>
    </verse>
    <verse name="v2">
      <lines>SOBRE A CRUZ FOI DERRAMADO<br/>O SEU SANTO REMIDOR;<br/>DUMA LANÇA TRASPASSADO<br/>FOI O LADO DO SENHOR;<br/>SUAS MÃOS E PÉS PREGARAM<br/>COM UNS CRAVOS, SOBRE A CRUZ;<br/>TUDO ISTO ME CONTARAM<br/>DA BONDADE DE JESUS.</lines>
    </verse>
    <verse name="v3">
      <lines>QUERO CONTINUAR OUVINDO<br/>A HISTÓRIA DO SENHOR;<br/>SALVAÇÃO ESTOU FRUINDO<br/>DESTE CONTO DE AMOR!<br/>DO JUÍZO FUI LIBERTO,<br/>DA CONDENAÇÃO, DA DOR,<br/>PELA BÍBLIA ESTOU BEM CERTO,<br/>QUE JESUS É O SALVADOR.</lines>
    </verse>
  </lyrics>
</song>
