<?xml version='1.0' encoding='utf-8'?>
<song xmlns="http://openlyrics.info/namespace/2009/song" version="0.8" createdIn="OpenLP 2.0.3" modifiedIn="OpenLP 2.0.3" modifiedDate="2014-02-05T19:27:35">
  <properties>
    <titles>
      <title>HC  169 - OH! JESUS ME AMA</title>
    </titles>
    <authors>
      <author>HARPA CRISTÃ</author>
    </authors>
  </properties>
  <lyrics>
    <verse name="v1">
      <lines>LONGE DO SENHOR ANDAVA,<br/>NO CAMINHO DE HORROR,<br/>POR JESUS NÃO PERGUNTAVA,<br/>NEM QUERIA O SEU AMOR.</lines>
    </verse>
    <verse name="c1">
      <lines>OH! POR QUE JESUS ME AMA?<br/>EU NÃO POSSO T'EXPLICAR!<br/>MAS, A TI TAMBÉM TE CHAMA,<br/>POIS DESEJA TE SALVAR!</lines>
    </verse>
    <verse name="v2">
      <lines>NO JUÍZO NÃO PENSAVA,<br/>NEM NA MINHA PERDIÇÃO,<br/>NEM MINHA ALMA DESEJAVA<br/>A ETERNA SALVAÇÃO.</lines>
    </verse>
    <verse name="v3">
      <lines>JÁ CANSADO DO PECADO,<br/>FUI AOS PÉS DO SALVADOR,<br/>E ALI, CAIU O FARDO<br/>DE TRISTEZA E DE DOR.</lines>
    </verse>
    <verse name="v4">
      <lines>COMO É MARAVILHOSO,<br/>PERTENCER AO MEU JESUS!<br/>TER A GRAÇA, O REPOUSO,<br/>E FICAR AO PÉ DA CRUZ!</lines>
    </verse>
  </lyrics>
</song>
