<?xml version='1.0' encoding='utf-8'?>
<song xmlns="http://openlyrics.info/namespace/2009/song" version="0.8" createdIn="OpenLP 2.0.3" modifiedIn="OpenLP 2.0.3" modifiedDate="2014-02-05T19:27:50">
  <properties>
    <titles>
      <title>HC  251 - AO CULTO NÃO FALTAR</title>
    </titles>
    <authors>
      <author>HARPA CRISTÃ</author>
    </authors>
  </properties>
  <lyrics>
    <verse name="v1">
      <lines>AO OUTRO CULTO; NÃO FALTAR,<br/>Ó VINDE TODOS P'RA LOUVAR<br/>O NOME SANTO DO SENHOR,<br/>"QUE NOS DÁ VIDA E FERVOR.</lines>
    </verse>
    <verse name="v2">
      <lines>NOS SEPARARMOS EM AMOR,<br/>LEVANDO A PAZ DO SALVADOR,<br/>MAS BREVE VINDE, NÃO FALTEIS,<br/>OS PECADORES SIM, TRAZEI.</lines>
    </verse>
    <verse name="v3">
      <lines>SE NÃO PUDERMOS REUNIR,<br/>VEREMOS SANTOS NO PORVIR,<br/>NO CULTO DO SENHOR JESUS,<br/>QUE VAI HAVER NO CÉU DE LUZ.</lines>
    </verse>
  </lyrics>
</song>
