<?xml version='1.0' encoding='utf-8'?>
<song xmlns="http://openlyrics.info/namespace/2009/song" version="0.8" createdIn="OpenLP 2.0.3" modifiedIn="OpenLP 2.0.3" modifiedDate="2014-02-05T19:27:16">
  <properties>
    <titles>
      <title>HC  081 - PODE SALVAR</title>
    </titles>
    <authors>
      <author>HARPA CRISTÃ</author>
    </authors>
  </properties>
  <lyrics>
    <verse name="v1">
      <lines>SOMENTE EM CRISTO PODEMOS<br/>A SALVAÇÃO RECEBER;<br/>NOVO CONCERTOS NÓS TEMOS<br/>EM QUEM NA CRUZ QUIS MORRES.</lines>
    </verse>
    <verse name="c1">
      <lines>PODE SALVAR, PODE SALVAR,<br/>TIRA OS PECADOS, E QUER VOS SALVAR,<br/>PODE SALVAR, PODE SALVAR,<br/>TIRA OS PECADOS, E QUER VOS SALVAR.</lines>
    </verse>
    <verse name="v2">
      <lines>QUANDO PERDOA OS PECADOS<br/>VIDA NOS QUER CONCEDER.<br/>FOMOS POR SANGUE COMPRADOS<br/>DO MUNDO VÃO DE VIVER.</lines>
    </verse>
    <verse name="v3">
      <lines>TEU CORAÇÃO JÁ ENTREGA<br/>A QUEM TE PODE SALVAR;<br/>E QUEM AS DORES CARREGA:<br/>CRISTO TE PODE LIVRAR!</lines>
    </verse>
    <verse name="v4">
      <lines>CRISTO TE QUER DAR AGORA<br/>PAZ E DESCANSO REAL;<br/>QUER REVELAR-TE ESTA HORA:<br/>GRAÇA IMENSA E REAL.</lines>
    </verse>
  </lyrics>
</song>
