<?xml version='1.0' encoding='utf-8'?>
<song xmlns="http://openlyrics.info/namespace/2009/song" version="0.8" createdIn="OpenLP 2.0.3" modifiedIn="OpenLP 2.0.3" modifiedDate="2014-02-05T19:27:05">
  <properties>
    <titles>
      <title>HC  010 - EU TE LOUVO</title>
    </titles>
    <authors>
      <author>HARPA CRISTÃ</author>
    </authors>
  </properties>
  <lyrics>
    <verse name="v1">
      <lines>GLÓRIA A DEUS, O PAI ETERNO,<br/>CUJO TRONO É OS CÉUS;<br/>O UNIVERSO LHE PERTENCE.<br/>GLÓRIA, SIM, AO NOSSO DEUS.</lines>
    </verse>
    <verse name="c1">
      <lines>EU TE LOUVO! EU TE LOUVO!<br/>OH! JESUS, MEU SALVADOR!<br/>DAI-LHE GLÓRIAS, Ó REMIDOS!<br/>POIS SEU SANGUE LIMPA O PECADOR.</lines>
    </verse>
    <verse name="v2">
      <lines>GLÓRIA AO FILHO, MUI AMADO,<br/>QUE MERECE O LOUVOR,<br/>DEMOS GLÓRIA AO SEU NOME,<br/>AO CORDEIRO, AO REDENTOR.</lines>
    </verse>
    <verse name="v3">
      <lines>DEMOS NÓS, AO SANTO ESPÍRITO,<br/>MIL LOUVORES POR SEU DOM;<br/>POR SUA GRAÇA TÃO IMENSA,<br/>GLÓRIA A ELE, ELE É BOM!</lines>
    </verse>
    <verse name="v4">
      <lines>GLÓRIA, GLÓRIA AO PAI BENDITO,<br/>GLÓRIA, GLÓRIA A JESUS;<br/>GLÓRIA DAI AO SANTO ESPÍRITO,<br/>AO DEUS TRINO, NOSSA LUZ.</lines>
    </verse>
  </lyrics>
</song>
