<?xml version='1.0' encoding='utf-8'?>
<song xmlns="http://openlyrics.info/namespace/2009/song" version="0.8" createdIn="OpenLP 2.0.3" modifiedIn="OpenLP 2.0.3" modifiedDate="2014-02-05T19:29:03">
  <properties>
    <titles>
      <title>HC  640 - HINO DA PROCLAMAÇÃO DA REPÚBLICA DO BRASIL</title>
    </titles>
    <authors>
      <author>HARPA CRISTÃ</author>
    </authors>
  </properties>
  <lyrics>
    <verse name="v1">
      <lines>SEJA UM PÁLIO DE LUZ DESDOBRADO<br/>SOB A LARGA AMPLIDÃO DESTES CÉUS<br/>ESTE CANTO REBEL, QUE O PASSADO<br/>VEM REMIR DOS MAIS TORPES LABÉUS!<br/>SEJA UM HINO DE GLÓRIA QUE FALE<br/>DE ESPERANÇAS DE UM NOVO PORVIR!<br/>COM VISÕES DE TRIUNFOS EMBALE<br/>QUEM POR ELE LUTANDO SURGIR!</lines>
    </verse>
    <verse name="v2">
      <lines>LIBERDADE! LIBERDADE!<br/>ABRE AS ASAS SOBRE NÓS!<br/>DAS LUTAS NA TEMPESTADE<br/>DÁ QUE OUÇAMOS TUA VOZ!</lines>
    </verse>
    <verse name="v3">
      <lines>NÓS NEM CREMOS QUE ESCRAVOS OUTRORA<br/>TENHA HAVIDO EM TÃO NOBRE PAÍS...<br/>HOJE, O RUBRO LAMPEJO DA AURORA<br/>ACHA IRMÃOS, NÃO TIRANOS HOSTIS.<br/>SOMOS TODOS IGUAIS! AO FUTURO<br/>SABEREMOS, UNIDOS, LEVAR<br/>NOSSO AUGUSTO ESTANDARTE QUE, PURO,<br/>BRILHA, OVANTE, DA PÁTRIA NO ALTAR!</lines>
    </verse>
    <verse name="v4">
      <lines>SE É MISTER QUE DE PERTOS VALENTES<br/>HAJA SANGUE NO NOSSO PENDÃO,<br/>SANGUE VIVO DO HERÓI TIRADENTES<br/>BATIZOU ESTE AUDAZ PAVILHÃO!<br/>MENSAGEIROS DA PAZ, PAZ QUEREMOS,<br/>É DE AMOR NOSSA FORÇA E PODER,<br/>MAS DA GUERRA NOS TRANSES SUPREMOS<br/>HEIS DE VER-NOS LUTAR E VENCER!</lines>
    </verse>
    <verse name="v5">
      <lines>DO IPIRANGA É PRECISO QUE O BRADO<br/>SEJA UM GRITO SOBERBO DE FÉ!<br/>O BRASIL JÁ SURGIU LIBERTADO,<br/>SOBRE AS PÚRPURAS RÉGIAS DE PÉ!<br/>EIA, POIS, BRASILEIROS, AVANTE!<br/>VERDES LOUROS COLHAMOS LOUÇÃOS!<br/>SEJA O NOSSO PAÍS, TRIUNFANTE,<br/>LIVRE TERRA DE LIVRES IRMÃOS!</lines>
    </verse>
  </lyrics>
</song>
