<?xml version='1.0' encoding='utf-8'?>
<song xmlns="http://openlyrics.info/namespace/2009/song" version="0.8" createdIn="OpenLP 2.0.3" modifiedIn="OpenLP 2.0.3" modifiedDate="2014-02-05T19:28:09">
  <properties>
    <titles>
      <title>HC  352 - JESUS, NOSSA ESPERANÇA</title>
    </titles>
    <authors>
      <author>HARPA CRISTÃ</author>
    </authors>
  </properties>
  <lyrics>
    <verse name="v1">
      <lines>Ó JESUS, NOSSA ESPERANÇA,<br/>VIDE SANTA - NÓS OS RAMOS;<br/>COM FERVOR E CONFIANÇA,<br/>VERA GRAÇA TE ROGAMOS,<br/>Ó SALVADOR.</lines>
    </verse>
    <verse name="v2">
      <lines>NOSSOS CORAÇÕES CONTRITOS<br/>A TI NÓS APRESENTAMOS.<br/>VEM LAVÁ-LOS, JESUS CRISTO,<br/>COM TEU SANGUE, SUPLICAMOS,<br/>Ó SALVADOR.</lines>
    </verse>
    <verse name="v4">
      <lines>AOS QUE TU TENS RESGATADO,<br/>MAIS E MAIS OS PURIFICA.<br/>JÁ QUE OS TENS P'RA LUZ CHAMADO<br/>SUAS ALMAS SANTIFICA,<br/>Ó SALVADOR.</lines>
    </verse>
  </lyrics>
</song>
