<?xml version='1.0' encoding='utf-8'?>
<song xmlns="http://openlyrics.info/namespace/2009/song" version="0.8" createdIn="OpenLP 2.0.3" modifiedIn="OpenLP 2.0.3" modifiedDate="2014-02-05T19:27:48">
  <properties>
    <titles>
      <title>HC  237 - O GOZO DE ESTAR PREPARADO</title>
    </titles>
    <authors>
      <author>HARPA CRISTÃ</author>
    </authors>
  </properties>
  <lyrics>
    <verse name="v1">
      <lines>O NOIVO ESTAMOS PRONTOS P'RA ENCONTRAR,<br/>EIS QUE DO CÉU VIRÁ.<br/>COM NOSSAS LUZES VAMOS ESPERAR,<br/>JESUS NÃO TARDARÁ!</lines>
    </verse>
    <verse name="c1">
      <lines>OH! QUE GOZO PREPARADO ESTÁ,<br/>PARA OS SERVOS DO SENHOR JESUS;<br/>BREVE CRISTO DO CÉU VOLTARÁ<br/>EM GLORIOSA LUZ!</lines>
    </verse>
    <verse name="v2">
      <lines>COROA NÓS TEREMOS LÁ NO CÉU,<br/>SE CRISTO EM NÓS VIVER;<br/>EM BREVE ELE VEM ROMPENDO O VÉU,<br/>O MAL VEM DESFAZER!</lines>
    </verse>
    <verse name="v3">
      <lines>LÁ EM SIÃO NÓS VAMOS ENCONTRAR<br/>COM NOSSO REDENTOR;<br/>NA GLÓRIA ETERNA VAMOS DESFRUTAR<br/>DO DIVINAL AMOR!</lines>
    </verse>
  </lyrics>
</song>
