<?xml version='1.0' encoding='utf-8'?>
<song xmlns="http://openlyrics.info/namespace/2009/song" version="0.8" createdIn="OpenLP 2.0.3" modifiedIn="OpenLP 2.0.3" modifiedDate="2014-02-05T19:27:52">
  <properties>
    <titles>
      <title>HC  260 - AVANTE COM O NOSSO CAPITÃO</title>
    </titles>
    <authors>
      <author>HARPA CRISTÃ</author>
    </authors>
  </properties>
  <lyrics>
    <verse name="v1">
      <lines>IRMÃOS AVANTE, AVANTE COM NOSSO CAPITÃO,<br/>SEREMOS TRIUNFANTES, NÃO LUTAREIS EM VÃO!<br/>VITÓRIA ESPERAMOS, VITÓRIA DESU DARÁ,<br/>SE FIRMES PELEJARMOS, SIM, CONTRA GOLIÁ.</lines>
    </verse>
    <verse name="c1">
      <lines>AVANTE, AVANTE, AS<br/>TREVAS DISSIPAI<br/>COM O SUPREMO CAPITÃO, AVANTE! VITÓRIA ALCANÇAI!</lines>
    </verse>
    <verse name="v2">
      <lines>LUGARES DELEITOSOS, A SORTE NOS TOCOU;<br/>DE JUGOS TÃO PENOSOS JESUS NOS LIBERTOU;<br/>HERANÇA FOI-NOS DADA, HERANÇA DE VALOR;<br/>NO CÉU É CONSERVADA POR DEUS, MEU SALVADOR.</lines>
    </verse>
    <verse name="v3">
      <lines>COM NOSSO COMANDANTE, AVANTE, PELEJAI;<br/>ALEGRES, EXULTANTES, POR CRISTO AVANÇAI;<br/>JÁ TEMOS A ESPADA, NÃO TEMOS QUE TEMER,<br/>A BÍBLIA SAGRADA P'RA TODO MAL VENCER.</lines>
    </verse>
  </lyrics>
</song>
