<?xml version='1.0' encoding='utf-8'?>
<song xmlns="http://openlyrics.info/namespace/2009/song" version="0.8" createdIn="OpenLP 2.0.3" modifiedIn="OpenLP 2.0.3" modifiedDate="2014-02-05T19:28:19">
  <properties>
    <titles>
      <title>HC  400 - EM JESUS</title>
    </titles>
    <authors>
      <author>HARPA CRISTÃ</author>
    </authors>
  </properties>
  <lyrics>
    <verse name="v1">
      <lines>EM JESUS, VIVENDO CADA DIA,<br/>EM JESUS EU TENHO ALEGRIA!<br/>EM JESUS, OH, DOCE HARMONIA!<br/>EM JESUS, DESFRUTO A PAZ DE DEUS!</lines>
    </verse>
    <verse name="v2">
      <lines>EM JESUS, NA ROCHA INABALÁVEL,<br/>EM JESUS, NO HOMEM INCOMPARÁVEL!<br/>EM JESUS, NO DEUS TÃO ADORÁVEL!<br/>EM JESUS, O MAL NÃO TEMEREI!</lines>
    </verse>
    <verse name="v3">
      <lines>EM JESUS A GRAÇA É INFINITA,<br/>EM JESUS, OH! BÊNÇÃO INAUDITA;<br/>EM JESUS, MINH'ALMA É BENDITA;<br/>EM JESUS EU TENHO SALVAÇÃO!</lines>
    </verse>
    <verse name="v4">
      <lines>EM JESUS NÃO TEMO O MAL E A MORTE,<br/>EM JESUS ESTOU FIRMADO E FORTE!<br/>EM JESUS MEU BARCO RUMA AO NORTE;<br/>EM JESUS EU SEMPRE HEI DE VENCER!</lines>
    </verse>
  </lyrics>
</song>
