<?xml version='1.0' encoding='utf-8'?>
<song xmlns="http://openlyrics.info/namespace/2009/song" version="0.8" createdIn="OpenLP 2.0.3" modifiedIn="OpenLP 2.0.3" modifiedDate="2014-02-05T19:28:01">
  <properties>
    <titles>
      <title>HC  304 - A FACE ADORADA DE JESUS</title>
    </titles>
    <authors>
      <author>HARPA CRISTÃ</author>
    </authors>
  </properties>
  <lyrics>
    <verse name="v1">
      <lines>DESPREZANDO TODA DOR EU VOU A CANTAR,<br/>E O CALVÁRIO, AO PECADOR, SEMPRE APONTAR;<br/>FLECHAS TRANSPASSARAM-ME PADECI GRAN DOR;<br/>MAS JESUS, MINHA LUZ, FEZ-ME VENCEDOR.</lines>
    </verse>
    <verse name="c1">
      <lines>Á FACE ADORADA DE JESUS<br/>VEREI,<br/>COM A GREI AMADA, NO CÉU ESTAREI,<br/>NA MANSÃO DOURADA, HINOS VOU CANTAR<br/>A JESUS, MINHA LUZ, QUE ME QUIS SALVAR!</lines>
    </verse>
    <verse name="v2">
      <lines>PODE A NOITE ESCURA SER NO SERVIR JESUS,<br/>MAS CLAMANDO, COM PODER, BRILHARÁ A LUZ;<br/>PODEM OS LAÇOS DE SATÃ, TODOS ME CERCAR,<br/>MAS JESUS, PELA CRUZ, FAZ-ME TRIUNFAR!</lines>
    </verse>
    <verse name="v3">
      <lines>QUANDO ESTOU A CONTEMPLAR A MONTANHA ALÉM,<br/>ONDE A LUTA GOVERNAR, 'STÁ JESUS TAMBÉM,<br/>QUE ESTENDE A SUA MÃO SOBRE NÓS DALI;<br/>SEI ASSIM, QUE POR MIM, CRISTO VELA AQUI.</lines>
    </verse>
    <verse name="v4">
      <lines>SE ENTRE AS ONDAS ESTOU SEM LUZ, QUASE A PERECER,<br/>MEU PILOTO É JESUS, PODE ME VALER:<br/>O MEU BARCO GUIA BEM PELO BRAVO MAR,<br/>SIM, JESUS ME CONDUZ, POSSO SOSSEGAR!</lines>
    </verse>
  </lyrics>
</song>
