<?xml version='1.0' encoding='utf-8'?>
<song xmlns="http://openlyrics.info/namespace/2009/song" version="0.8" createdIn="OpenLP 2.0.3" modifiedIn="OpenLP 2.0.3" modifiedDate="2014-02-05T19:28:20">
  <properties>
    <titles>
      <title>HC  405 - QUERES PERDÃO</title>
    </titles>
    <authors>
      <author>HARPA CRISTÃ</author>
    </authors>
  </properties>
  <lyrics>
    <verse name="v1">
      <lines>QUERES SER SALVO, QUERES PERDÃO,<br/>PAZ E REPOUSO NO CORAÇÃO?<br/>O QUE FARÁS PARA TERES A LUZ?<br/>COM TODA A FORÇA - CRÊ EM JESUS;<br/>SE HOJE QUERES EM CRISTO CRER,<br/>INDA QUE MORTO HÁS DE VIVER;<br/>DEIXA ESTE MUNDO ENGANADOR,<br/>CRÊ SÓ EM CRISTO, TEU SALVADOR.</lines>
    </verse>
    <verse name="v2">
      <lines>O CRÊ EM CRISTO - EI-LO AQUI<br/>EM NOSSO MEIO, CHORA POR TI;<br/>ELE TE AMA; QUERES A LUZ?<br/>QUERES VITÓRIA? - CRÊ EM JESUS,<br/>SIM! HOJE CREIO NO SALVADOR,<br/>É MINHA VIDA, MEU REDENTOR;<br/>NAS MINHAS LUTAS, O CAPITÃO;<br/>CREIO EM CRISTO DE CORAÇÃO.</lines>
    </verse>
    <verse name="v3">
      <lines>QUANDO O INIMIGO COM SEU TERROR<br/>RUGE EM TORNO COM MUI FUROR<br/>NÃO DESANIMES POR TUA CRUZ,<br/>OLHA P'RA CIMA - CRÊ EM JESUS;<br/>E NAS TERRÍVEIS PROVAS D'HORROR,<br/>SEGUE AVANTE COM TEU SENHOR,<br/>ELE TE GUARDA DA CORRUPÇÃO<br/>E TE LIBERTA DA TENTAÇÃO.</lines>
    </verse>
  </lyrics>
</song>
