<?xml version='1.0' encoding='utf-8'?>
<song xmlns="http://openlyrics.info/namespace/2009/song" version="0.8" createdIn="OpenLP 2.0.3" modifiedIn="OpenLP 2.0.3" modifiedDate="2014-02-05T19:28:32">
  <properties>
    <titles>
      <title>HC  480 - FIM DO ANO</title>
    </titles>
    <authors>
      <author>HARPA CRISTÃ</author>
    </authors>
  </properties>
  <lyrics>
    <verse name="v1">
      <lines>DEUS ETERNO, EM TUA PRESENÇA,<br/>NOSSOS SÉCULOS HORAS SÃO<br/>E UM SEGUNDO A EXISTÊNCIA<br/>DA HUMANA GERAÇÃO;<br/>MAS O HOMEM QUE AO TEU LADO,<br/>PELA FÉ QUER JÁ VOAR,<br/>NESTE MUNDO DE PECADO,<br/>LENTO O TEMPO VÊ PASSAR.</lines>
    </verse>
    <verse name="v2">
      <lines>OUTRO ANO HÁ FENECIDO,<br/>QUE O VIVER MAIS ENCURTOU,<br/>E O DESCANSO APETECIDO,<br/>ALGO MAIS SE APROXIMOU.<br/>GRAÇAS MIL POR TEUS FAVORES,<br/>TUA IGREJA, Ó DEUS, TE DÁ!<br/>ALELUIAS E LOUVORES,<br/>TEU PODER NOS SUSTERÁ!</lines>
    </verse>
    <verse name="v3">
      <lines>TU PROTEGES AS FAMÍLIAS,<br/>VISITANDO CADA LAR;<br/>SE O SENHOR NOS AUXILIA,<br/>QUE NOS PODE AQUI FALTAR?<br/>ONDE QUER QUE TE AME O HOMEM,<br/>E TE SIRVA, ANDANDO BEM,<br/>FAZE QUE SEJA O TEU NOME<br/>EXALTADO SEMPRE! AMÉM! AMÉM!</lines>
    </verse>
  </lyrics>
</song>
