<?xml version='1.0' encoding='utf-8'?>
<song xmlns="http://openlyrics.info/namespace/2009/song" version="0.8" createdIn="OpenLP 2.0.3" modifiedIn="OpenLP 2.0.3" modifiedDate="2014-02-05T19:27:11">
  <properties>
    <titles>
      <title>HC  046 - UM PENDÃO REAL</title>
    </titles>
    <authors>
      <author>HARPA CRISTÃ</author>
    </authors>
  </properties>
  <lyrics>
    <verse name="v1">
      <lines>UM PENDÃO REAL VOS ENTREGOU O REI<br/>A VÓS, SOLDADOS SEUS;<br/>CORAJOSOS, POIS, EM TUDO O DEFENDEI,<br/>MARCHANDO PARA OS CÉUS.</lines>
    </verse>
    <verse name="c1">
      <lines>COM VALOR! SEM TEMOR!<br/>POR CRISTO PRONTOS A SOFRER!<br/>BEM ALTO ERGUEI O SEU PENDÃO,<br/>FIRMES SEMPRE, ATÉ MORRER!</lines>
    </verse>
    <verse name="v2">
      <lines>EIS FORMADOS JÁ OS NEGROS BATALHÕES<br/>DO GRANDE USURPADOR!<br/>DECLARAI-VOS, HOJE, BRAVOS CAMPEÕES;<br/>AVANTE SEM TEMOR.</lines>
    </verse>
    <verse name="v3">
      <lines>QUEM RECEIO SENTE NO SEU CORAÇÃO,<br/>E FRACO SE MOSTRAR,<br/>NÃO RECEBERÁ O ETERNO GALARDÃO,<br/>QUE CRISTO TEM P'RA DAR.</lines>
    </verse>
    <verse name="v4">
      <lines>POIS SEJAMOS, TODOS, A JESUS LEAIS,<br/>E A SEU REAL PENDÃO;<br/>OS QUE NA BATALHA SEMPRE SÃO FIÉIS,<br/>COM ELE REINARÃO.</lines>
    </verse>
  </lyrics>
</song>
