<?xml version='1.0' encoding='utf-8'?>
<song xmlns="http://openlyrics.info/namespace/2009/song" version="0.8" createdIn="OpenLP 2.0.3" modifiedIn="OpenLP 2.0.3" modifiedDate="2014-02-05T19:28:24">
  <properties>
    <titles>
      <title>HC  434 - A TEUS PÉS</title>
    </titles>
    <authors>
      <author>HARPA CRISTÃ</author>
    </authors>
  </properties>
  <lyrics>
    <verse name="v1">
      <lines>A TEUS PÉS, Ó JESUS CRISTO,<br/>TUA FACE BUSCAREI,<br/>ESCUTANDO QUAL MARIA,<br/>AS PALAVRAS DE AMOR;<br/>A TEUS PÉS, Ó JESUS CRISTO,<br/>MEU PASSADO ESQUECEREI,<br/>POIS TUA MÃO FIEL E TERNA,<br/>TEM ME SALVO DO TEMOR.</lines>
    </verse>
    <verse name="v2">
      <lines>A TEUS PÉS, Ó JESUS CRISTO,<br/>ACHO TERNA COMPAIXÃO,<br/>PARA TODOS MEUS PESARES<br/>MEUS CONFLITOS, MINHA DOR;<br/>LIVRA-ME, Ó JESUS CRISTO,<br/>DE CUIDADOS, DE AFLIÇÃO,<br/>E CONCEDE-ME CONSTANTE<br/>TEU PODER CONSOLADOR!</lines>
    </verse>
    <verse name="v3">
      <lines>A TEUS PÉS, Ó JESUS CRISTO,<br/>EU DESFRUTO TEU AMOR,<br/>EM TEUS OLHOS HÁ DOÇURA<br/>EM TEU SEIO PROTEÇÃO;<br/>DÁ-ME GRAÇA E FERVOR,<br/>E QUE O MUNDO POSSA SEMPRE<br/>VER EM MIM A SALVAÇÃO.</lines>
    </verse>
    <verse name="v4">
      <lines>A TEUS PÉS, Ó JESUS CRISTO,<br/>TENHO UM GOZO DIVINAL!<br/>A TEUS PÉS ENCONTRO ABRIGO,<br/>OH! BONDOSO SALVADOR!<br/>SÓ EM TI, Ó JESUS CRISTO,<br/>HÁ CONSOLO SEM IGUAL,<br/>PARA MINH'ALMA ABATIDA,<br/>NESTE MUNDO DE HORROR.</lines>
    </verse>
  </lyrics>
</song>
