<?xml version='1.0' encoding='utf-8'?>
<song xmlns="http://openlyrics.info/namespace/2009/song" version="0.8" createdIn="OpenLP 2.0.3" modifiedIn="OpenLP 2.0.3" modifiedDate="2014-02-05T19:27:49">
  <properties>
    <titles>
      <title>HC  244 - LOUVAI A JESUS</title>
    </titles>
    <authors>
      <author>HARPA CRISTÃ</author>
    </authors>
  </properties>
  <lyrics>
    <verse name="v1">
      <lines>LOUVAI A JESUS, AMOROSO;<br/>NA CRUZ OS PECADOS LEVOU,<br/>QUE NOS ENCHE DE SANTO GOZO;<br/>COM SANGUE O CÉU NOS GANHOU.</lines>
    </verse>
    <verse name="c1">
      <lines>AO MEU SENHOR,<br/>QUE TENHO NO MEU CORAÇÃO,<br/>EU DOU LOUVOR,<br/>POIS ELE ME DEU SALVAÇÃO.</lines>
    </verse>
    <verse name="v2">
      <lines>LOUVAI A JESUS PODEROSO,<br/>QUE VEIO LIVRAR DA PRISÃO<br/>UM POVO CATIVO, MEDROSO,<br/>QUE NÃO TINHA CONSOLAÇÃO.</lines>
    </verse>
    <verse name="v3">
      <lines>LOUVAI A JESUS, VOSSO GUIA<br/>NO MUNDO DE TRIBULAÇÃO;<br/>E NÃO TEM TERMOR, QUEM CONFIA<br/>EM DEUS, MAS REAL PROTEÇÃO.</lines>
    </verse>
    <verse name="v4">
      <lines>LOUVAI A JESUS, DAI-LHE GLÓRIA,<br/>POIS REI E SENHOR ELE É;<br/>NA CRUZ NOS GANHOU A VITÓRIA;<br/>VENCEI COM JESUS PELA FÉ.</lines>
    </verse>
  </lyrics>
</song>
