<?xml version='1.0' encoding='utf-8'?>
<song xmlns="http://openlyrics.info/namespace/2009/song" version="0.8" createdIn="OpenLP 2.0.3" modifiedIn="OpenLP 2.0.3" modifiedDate="2014-02-05T19:27:19">
  <properties>
    <titles>
      <title>HC  103 - CAMINHEMOS NA LUZ</title>
    </titles>
    <authors>
      <author>HARPA CRISTÃ</author>
    </authors>
  </properties>
  <lyrics>
    <verse name="v1">
      <lines>HÁ UMA LUZ, BENDITA LUZ,<br/>QUE VEM A NÓS DOS CÉUS;<br/>A FACE DO SENHOR JESUS<br/>REFLETE O AMOR DE DEUS.</lines>
    </verse>
    <verse name="c1">
      <lines>CAMINHEMOS NA LUZ<br/>CAMINHEMOS NA LUZ DE DEUS.<br/>CAMINHEMOS NA LUZ<br/>CAMINHEMOS NA LUZ DE DEUS.</lines>
    </verse>
    <verse name="v2">
      <lines>HÁ UMA GLORIOSA LUZ<br/>GUIANDO O NOSSO ANDAR,<br/>NOS SANTOS PASSOS DE JESUS,<br/>'TÉ CHEGARMOS AO LAR.</lines>
    </verse>
    <verse name="v3">
      <lines>HÁ UMA LUZ, A SANTA LUZ<br/>NA QUAL PODEMOS VER<br/>NO LINDO CÉU, A GLÓRIA À FLUX,<br/>QUE VAMOS RECEBER.</lines>
    </verse>
    <verse name="v4">
      <lines>EM SANTA E BENDITA LUZ.<br/>CERCADO DE ESPLENDOR,<br/>VIRÁ O QUE MORREU NA CRUZ,<br/>NOSSO AMADO SENHOR.</lines>
    </verse>
  </lyrics>
</song>
