<?xml version='1.0' encoding='utf-8'?>
<song xmlns="http://openlyrics.info/namespace/2009/song" version="0.8" createdIn="OpenLP 2.0.3" modifiedIn="OpenLP 2.0.3" modifiedDate="2014-02-05T19:27:22">
  <properties>
    <titles>
      <title>HC  118 - FACE A FACE</title>
    </titles>
    <authors>
      <author>HARPA CRISTÃ</author>
    </authors>
  </properties>
  <lyrics>
    <verse name="v1">
      <lines>NA PRESENÇA ESTAR DE CRISTO,<br/>EM SUA GLÓRIA, QUE SERÁ;<br/>LÁ NO CÉU, EM PLENO GOZO,<br/>MINHA ALMA O VERÁ.</lines>
    </verse>
    <verse name="c1">
      <lines>FACE A FACE, ESPERO VÊ-LO;<br/>NO ALÉM DO CÉU DE LUZ;<br/>FACE A FACE EM PLENA GLÓRIA,<br/>HEI DE VER O MEU JESUS.</lines>
    </verse>
    <verse name="v2">
      <lines>OH! QUE GLÓRIA SERÁ VÊ-LO;<br/>QUE O POSSA EU MIRAR!<br/>EIS, EM BREVE, VEM O DIA;<br/>QUE SUA GLÓRIA HÁ DE MOSTRAR.</lines>
    </verse>
    <verse name="v3">
      <lines>QUANTO GOZO HÁ EM CRISTO,<br/>QUANDO NÃO HOUVER MAIS DOR,<br/>QUANDO CESSAR O PERIGO,<br/>E GOZARMOS PLENO AMOR.</lines>
    </verse>
    <verse name="v4">
      <lines>FACE A FACE, QUÃO GLORIOSO<br/>HÁ DE SER O EXISTIR,<br/>VENDO O ROSTO DE QUEM VEIO,<br/>NOSSAS ALMAS REDIMIR.</lines>
    </verse>
  </lyrics>
</song>
