<?xml version='1.0' encoding='utf-8'?>
<song xmlns="http://openlyrics.info/namespace/2009/song" version="0.8" createdIn="OpenLP 2.0.3" modifiedIn="OpenLP 2.0.3" modifiedDate="2014-02-05T19:27:46">
  <properties>
    <titles>
      <title>HC  228 - ESTE MUNDO NÃO COMPREENDE</title>
    </titles>
    <authors>
      <author>HARPA CRISTÃ</author>
    </authors>
  </properties>
  <lyrics>
    <verse name="v1">
      <lines>ESTE MUNDO NÃO COMPREENDE,<br/>QUÃO ALEGRE É O MEU VIVER,<br/>MAS A CRISTO QUEM ATENDE,<br/>DO CÉU PODE E GOZO TER.</lines>
    </verse>
    <verse name="c1">
      <lines>MESMO QUANDO EM AFLIÇÃO,<br/>GOZO A PAZ DE DEUS;<br/>CRISTO AO MEU CORAÇÃO,<br/>GOZO TRAZ DOS CÉUS,<br/>SE COM CRISTO AQUI VIVER,<br/>TÃO GLORIOSO É,<br/>MAIOR GLÓRIA HEI DE TER,<br/>SE EU GUARDAR SEMPRE A FÉ.</lines>
    </verse>
    <verse name="v2">
      <lines>O QUE ME FAZ MUI DITOSO,<br/>OH, PROVÉM DO AMOR DE DEUS!<br/>MAS SERÁ MAIOR MEU GOZO,<br/>QUANDO FOR MORAR NOS CÉUS.</lines>
    </verse>
    <verse name="v3">
      <lines>SINTO MEU SER TRANSFORMADO,<br/>PELA GRAÇA DO SENHOR;<br/>CADA DIA MAIS CHEGADO,<br/>EU À PÁTRIA, ESTOU, DE AMOR.</lines>
    </verse>
  </lyrics>
</song>
