<?xml version='1.0' encoding='utf-8'?>
<song xmlns="http://openlyrics.info/namespace/2009/song" version="0.8" createdIn="OpenLP 2.0.3" modifiedIn="OpenLP 2.0.3" modifiedDate="2014-02-05T19:28:25">
  <properties>
    <titles>
      <title>HC  439 - AOS PÉS DE CRISTO PROSTRADOS</title>
    </titles>
    <authors>
      <author>HARPA CRISTÃ</author>
    </authors>
  </properties>
  <lyrics>
    <verse name="v1">
      <lines>DE CRISTO RESSURGIDO,<br/>AOS SEUS PÉS NOS PROSTRAMOS;<br/>COM FÉ O ADORAMOS,<br/>DO MUNDO É O SALVADOR;<br/>NÓS, CRENTES REDIMIDOS,<br/>POR SANGUE JÁ LAVADOS,<br/>NA GRAÇA BEM GUARDADOS,<br/>TEMOS DE DEUS FAVOR!</lines>
    </verse>
    <verse name="v2">
      <lines>TUDO QUE NÓS SOFREMOS,<br/>CRISTO JÁ TEM PROVADO,<br/>AO PECADOR CANSADO,<br/>PODE, QUER AJUDAR;<br/>OH! QUANTA DOR NÓS VEMOS,<br/>CRISTO NA CRUZ SOFRENDO,<br/>COM SEDE ALI MORRENDO,<br/>PARA O MORTAL SALVAR!</lines>
    </verse>
    <verse name="v3">
      <lines>"EU TENHO SEDE", EXCLAMA<br/>O DIVINAL CORDEIRO,<br/>PREGADO NO MADEIRO,<br/>NA CRUZ DA MALDIÇÃO;<br/>OH! QUANTO CRISTO AMA<br/>O PECADOR PERDIDO,<br/>POIS SANGUE TEM VERTIDO,<br/>PARA LHE DAR PERDÃO!</lines>
    </verse>
    <verse name="v4">
      <lines>A NÓS, QUE SANTOS SOMOS,<br/>DÁ-NOS A VERA GRAÇA,<br/>PARA QUE ASSIM SE FAÇA,<br/>EM NÓS O TEU QUERER,<br/>NA CRUZ ACHAR NÓS FOMOS<br/>CONSOLO ABUNDANTE,<br/>GRAÇA DE DEUS BASTANTE,<br/>E DIVINAL PODER!</lines>
    </verse>
  </lyrics>
</song>
