<?xml version='1.0' encoding='utf-8'?>
<song xmlns="http://openlyrics.info/namespace/2009/song" version="0.8" createdIn="OpenLP 2.0.3" modifiedIn="OpenLP 2.0.3" modifiedDate="2014-02-05T19:28:04">
  <properties>
    <titles>
      <title>HC  319 - AINDA HÁ LUGAR</title>
    </titles>
    <authors>
      <author>HARPA CRISTÃ</author>
    </authors>
  </properties>
  <lyrics>
    <verse name="v1">
      <lines>INDA HÁ LUGAR, P'RA TI, Ó PECADOR!<br/>OUVE O CONVITE DO TEU SALVADOR.<br/>ENTRA, ENTRA, 'INDA HÁ P'RA TI LUGAR.</lines>
    </verse>
    <verse name="v2">
      <lines>A TUA VIDA BREVE VAI FINDAR,<br/>AS SOMBRAS CRESCEM, ONDE VAIS MORAR?<br/>ENTRA, ENTRA, 'INDA HÁ P'RA TI LUGAR.</lines>
    </verse>
    <verse name="v3">
      <lines>EIS LÁ NO CÉU, JESUS NOS PREPAROU<br/>BODAS FESTIVAIS, E NOS CONVIDOU,<br/>ENTRA, ENTRA, 'INDA HÁ P'RA TI LUGAR.</lines>
    </verse>
    <verse name="v4">
      <lines>A MULTIDÃO QUE SALVA LÁ JÁ ESTÁ,<br/>VEM, POIS T'ESPERA A ELA TE AJUNTAR.<br/>ENTRA, ENTRA, 'INDA HÁ P'RA TI LUGAR.</lines>
    </verse>
    <verse name="v5">
      <lines>VÊS TU A PORTA ABERTA POR JESUS?<br/>ELE TE CHAMA, VEM P'RA SUA LUZ;<br/>ENTRA, ENTRA, 'INDA HÁ P'RA TI LUGAR.</lines>
    </verse>
    <verse name="v6">
      <lines>ENCHE-SE A SALA, VEM SEM DEMORAR;<br/>QUEM SE DESCUIDA, PERDE O SEU LUGAR;<br/>ENTRA, ENTRA, 'INDA HÁ P'RA TI LUGAR.</lines>
    </verse>
    <verse name="v7">
      <lines>ALI SE ENCONTRA GOZO, PAZ SEM FIM,<br/>GLÓRIA TE ESPERA; A LUTA TERÁ FIM.<br/>ENTRA, ENTRA, 'INDA HÁ P'RA TI LUGAR.</lines>
    </verse>
  </lyrics>
</song>
