<?xml version='1.0' encoding='utf-8'?>
<song xmlns="http://openlyrics.info/namespace/2009/song" version="0.8" createdIn="OpenLP 2.0.3" modifiedIn="OpenLP 2.0.3" modifiedDate="2014-02-05T19:27:53">
  <properties>
    <titles>
      <title>HC  269 - LOUVAREI AO MEU AMADO</title>
    </titles>
    <authors>
      <author>HARPA CRISTÃ</author>
    </authors>
  </properties>
  <lyrics>
    <verse name="v1">
      <lines>LOUVAREI AO MEU AMADO;<br/>SOBRE TODOS EXALTADO;<br/>POR SEU SANGUE FUI COMPRADO;<br/>TODO DELE SOU.</lines>
    </verse>
    <verse name="v2">
      <lines>NO SEU NOME HÁ MELODIA;<br/>QUÃO SUAVE EM HARMONIA!<br/>ENCHE AS ALMAS DE ALEGRIA<br/>ESSE SOM - JESUS!</lines>
    </verse>
    <verse name="v3">
      <lines>DIGNO É DE CONFIANÇA,<br/>MUI FIEL E SEM MUDANÇA;<br/>NELE ESTÁ MINHA ESPERANÇA;<br/>BEM SEGURO ESTOU!</lines>
    </verse>
    <verse name="v4">
      <lines>SEU CAMINHO VOU SEGUINDO,<br/>SUA FORÇA ME CINGINDO,<br/>NA CARREIRA PROSSEGUINDO,<br/>TÉ NO CÉU ENTRAR.</lines>
    </verse>
    <verse name="v5">
      <lines>LÁ VEREI MEU REI GLORIOSO,<br/>COROADO, MAJESTOSO,<br/>MAIS QUE TODOS AMOROSO,<br/>MEU SENHOR JESUS.</lines>
    </verse>
  </lyrics>
</song>
