<?xml version='1.0' encoding='utf-8'?>
<song xmlns="http://openlyrics.info/namespace/2009/song" version="0.8" createdIn="OpenLP 2.0.3" modifiedIn="OpenLP 2.0.3" modifiedDate="2014-02-05T19:29:01">
  <properties>
    <titles>
      <title>HC  628 - ALÉM DO CÉU AZUL</title>
    </titles>
    <authors>
      <author>HARPA CRISTÃ</author>
    </authors>
  </properties>
  <lyrics>
    <verse name="v1">
      <lines>ALÉM DO CÉU AZUL,<br/>FOI JESUS PREPARAR<br/>UM LAR PRA DAR A QUEM<br/>A VITÓRIA ALCANÇAR.<br/>POR ELE CONSEGUI<br/>A VIDA DO PORVIR,<br/>COM FÉ NO MEU SENHOR JESUS.</lines>
    </verse>
    <verse name="v2">
      <lines>BEM SEI QUE EU DE MIM<br/>NADA TENHO PRA DAR<br/>MAS SEI QUE MEU JESUS<br/>JÁ ME VEIO SALVAR.<br/>POR ELE LIVRE ESTOU,<br/>SEGUINDO A ELE VOU,<br/>ATÉ SEU ROSTO VER ALÉM.</lines>
    </verse>
  </lyrics>
</song>
