<?xml version='1.0' encoding='utf-8'?>
<song xmlns="http://openlyrics.info/namespace/2009/song" version="0.8" createdIn="OpenLP 2.0.3" modifiedIn="OpenLP 2.0.3" modifiedDate="2014-02-05T19:28:00">
  <properties>
    <titles>
      <title>HC  301 - VEM  CEAR</title>
    </titles>
    <authors>
      <author>HARPA CRISTÃ</author>
    </authors>
  </properties>
  <lyrics>
    <verse name="v1">
      <lines>CRISTO JA NOS PREPAROU<br/>UM MANJAR QUE NOS COMPROU,<br/>E, AGORA, NOS CONVIDA A CEAR;<br/>COM CELESTIAL MANÁ,<br/>QUE DE GRAÇA DEUS TE DÁ<br/>VEM, FAMINTO, TUA ALMA SACIAR.</lines>
    </verse>
    <verse name="c1">
      <lines>" VEM CEAR", O MESTRE CHAMA -"VEM CEAR".<br/>MESMO HOJE TU TE PODES SACIAR;<br/>POUCOS PÃES MULTIPLICOU,<br/>ÁGUA EM VINHO TRANSFORMOU ,<br/>VEM, FAMINTO, A JESUS, "VEM CEAR".</lines>
    </verse>
    <verse name="v2">
      <lines>EIS DISCÍPULOS A VOLTAR,<br/>SEM OS PEIXES APANHAR,<br/>MAS JESUS OS MANDA OUTRA VEZ PARTIR,<br/>AO TORNAR À PRAIA, ENTÃO,<br/>VÊEM NO FOGO, PEIXE E PÃO ,<br/>E JESUS, QUE OS CONVIDA À CEIA VIR .</lines>
    </verse>
    <verse name="v3">
      <lines>QUEM SEDENTO SE ACHAR,<br/>VENHA A CRISTO, SEM TARDA,R<br/>POIS O VINHO SEM MISTURA ELE DÁ;<br/>E TAMBÉM DA VIDA, O PÃO,<br/>QUE NOS TRAZ CONSOLAÇÃO;<br/>EIS QUE TUDO PREPARADO JÁ ESTÁ.</lines>
    </verse>
    <verse name="v4">
      <lines>BREVE, CRISTO VAI DESCER,<br/>E A NOIVA RECEBER<br/>SEU LUGAR AO LADO DO SENHOR JESUS;<br/>QUEM A FOME SUPORTOU,<br/>E A SEDE JÁ PASSOU,<br/>LÁ DO CÉU IRÁ CEAR EM SANTA LUZ.</lines>
    </verse>
  </lyrics>
</song>
