<?xml version='1.0' encoding='utf-8'?>
<song xmlns="http://openlyrics.info/namespace/2009/song" version="0.8" createdIn="OpenLP 2.0.3" modifiedIn="OpenLP 2.0.3" modifiedDate="2014-02-05T19:27:42">
  <properties>
    <titles>
      <title>HC  203 - DEIXAI DE ILUSÕES</title>
    </titles>
    <authors>
      <author>HARPA CRISTÃ</author>
    </authors>
  </properties>
  <lyrics>
    <verse name="v1">
      <lines>O MUNDO DE ILUSÃO DEIXEI,<br/>A SENDA DE PECADO E DOR,<br/>P'RA IR AO MEU GLORIOSO LAR;<br/>ALI HÁ GOZO, PAZ E AMOR.</lines>
    </verse>
    <verse name="c1">
      <lines>NO MUNDO NÃO ESTÁ MEU LAR,<br/>AQUI NÃO POSSO DESCANSAR;<br/>MAS QUERO SEMPRE AVANÇAR:<br/>NO CÉU EM BREVE HEI DE ENTRAR.</lines>
    </verse>
    <verse name="v2">
      <lines>ALGUNS PROCURAM M'IMPEDIR,<br/>NA SENDA GLORIOSA ANDAR,<br/>MAS QUERO SEMPRE AVANÇAR,<br/>ATÉ NO LAR PODER ENTRAR.</lines>
    </verse>
    <verse name="v3">
      <lines>AMIGO QUE NO MUNDO ESTÁS,<br/>NÃO QUERES ME ACOMPANHAR,<br/>À TERRA DE ETERNO AMOR?<br/>JESUS DESEJA TE LIVRAR.</lines>
    </verse>
  </lyrics>
</song>
