<?xml version='1.0' encoding='utf-8'?>
<song xmlns="http://openlyrics.info/namespace/2009/song" version="0.8" createdIn="OpenLP 2.0.3" modifiedIn="OpenLP 2.0.3" modifiedDate="2014-02-05T19:27:06">
  <properties>
    <titles>
      <title>HC  017 - PENSANDO EM JESUS</title>
    </titles>
    <authors>
      <author>HARPA CRISTÃ</author>
    </authors>
  </properties>
  <lyrics>
    <verse name="v1">
      <lines>NAS HORAS QUE PASSO PENSANDO EM JESUS<br/>AS TREVAS DESFAÇO, BUSACANDO A LUZ;<br/>QUE HORAS DE VIDA, TÃO DOCES PRA MIM,<br/>JESUS ME CONVIDA, QUE EU SUBA P'RA SI!</lines>
    </verse>
    <verse name="v2">
      <lines>DA VIDA VOANDO, SEM NENHUM TEMOR;<br/>ACIMA BUSCANDO DO VÉU O AMOR;<br/>QUE DOCE VENTURA, QUE ASPECTO FELIZ,<br/>QUE NOVA NATURA MINH"ALMA BENDIZ.</lines>
    </verse>
    <verse name="v3">
      <lines>DO MAR O BRAMIDO, DA BRISA O LANGOR;<br/>DA AVE O CARPIDO DE DOCE AMOR;<br/>ME FALAM SENTIDOS ACORDES DOS CÉUS,<br/>ME TRAZEM AOS OUVIDOS OS HINOS DE DEUS!</lines>
    </verse>
    <verse name="v4">
      <lines>MINH'ALMA ANSIOSA JÁ QUE PERCORRER<br/>A SENDA GLORIOSA QUE EU HEI DE VER;<br/>QUE COISA TÃO BELA; OH! QUE LUZ SEM VÉU!<br/>JESUS ME REVELA MISTÉRIOS DO CÉU.</lines>
    </verse>
  </lyrics>
</song>
