<?xml version='1.0' encoding='utf-8'?>
<song xmlns="http://openlyrics.info/namespace/2009/song" version="0.8" createdIn="OpenLP 2.0.3" modifiedIn="OpenLP 2.0.3" modifiedDate="2014-02-05T19:28:14">
  <properties>
    <titles>
      <title>HC  378 - AS PISADAS DO MESTRE</title>
    </titles>
    <authors>
      <author>HARPA CRISTÃ</author>
    </authors>
  </properties>
  <lyrics>
    <verse name="v1">
      <lines>QUERO SEGUIR AS PISADAS DO MESTRE,<br/>QUERO IR APÓS O MEU REI E SENHOR,<br/>PARA QUE NO SEU PODER ME ADESTRE,<br/>EU VOU ORANDO AO MEU REDENTOR.</lines>
    </verse>
    <verse name="c1">
      <lines>QUÃO DOCE É SEGUIR AS PISADAS DO<br/>MESTRE<br/>NA BENDITA LUZ, PERTO DE JESUS!<br/>QUÃO DOCE É SEGUIR AS PISADAS DO MESTRE,<br/>E LEVAR A CRUZ!</lines>
    </verse>
    <verse name="v2">
      <lines>ANDO MAIS PERTO DE UM QUE ME GUIA,<br/>QUANDO O MALIGNO ME VEM ENGANAR;<br/>QUE ME SUSTENTA NA GRANDE PORFIA,<br/>DEVO POR ISSO, O SEU NOME EXALTAR!</lines>
    </verse>
    <verse name="v3">
      <lines>SIGO SEUS PASSOS DE TERNO CARINHO,<br/>MISERICÓRDIA, AMOR E MANSIDÃO;<br/>QUAL AVE QUE VAI EM BUSCA DO NINHO,<br/>EU ME DIRIJO À SANTA SIÃO.</lines>
    </verse>
    <verse name="v4">
      <lines>QUERO SEGUIR AS PISADAS DE CRISTO,<br/>SEMPRE ACIMA DESEJO GALGAR.<br/>PARA SIÃO, QUE POR FÉ EU AVISTO,<br/>ONDE P'RA SEMPRE EU VOU DESCANSAR.</lines>
    </verse>
  </lyrics>
</song>
