<?xml version='1.0' encoding='utf-8'?>
<song xmlns="http://openlyrics.info/namespace/2009/song" version="0.8" createdIn="OpenLP 2.0.3" modifiedIn="OpenLP 2.0.3" modifiedDate="2014-02-05T19:28:22">
  <properties>
    <titles>
      <title>HC  421 - CAREÇO DE JESUS</title>
    </titles>
    <authors>
      <author>HARPA CRISTÃ</author>
    </authors>
  </properties>
  <lyrics>
    <verse name="v1">
      <lines>QUANDO DE TI CAREÇO<br/>JESUS, MEU SALVADOR!<br/>O TEU AMOR, Ó VEM M'ALEGRAR,<br/>QUANDO DE TI CAREÇO.</lines>
    </verse>
  </lyrics>
</song>
