<?xml version='1.0' encoding='utf-8'?>
<song xmlns="http://openlyrics.info/namespace/2009/song" version="0.8" createdIn="OpenLP 2.0.3" modifiedIn="OpenLP 2.0.3" modifiedDate="2014-02-05T19:28:24">
  <properties>
    <titles>
      <title>HC  432 - CONSAGRADO AO SENHOR</title>
    </titles>
    <authors>
      <author>HARPA CRISTÃ</author>
    </authors>
  </properties>
  <lyrics>
    <verse name="v1">
      <lines>MINHA VIDA SEJA SIM,<br/>CONSAGRADA A TI, SENHOR;<br/>POSSAS SEMPRE TU POR MIM,<br/>OPERAR O TEU AMOR.</lines>
    </verse>
    <verse name="c1">
      <lines>A MINH'ALMA LAVA SALVADOR<br/>NO TEU SANGUE PURO, CARMEZIM;<br/>MINHA VIDA TOMA PARA SER, SENHOR,<br/>TUA PARA SEMPRE, SIM.</lines>
    </verse>
    <verse name="v2">
      <lines>QUE MEUS PÉS SOMENTE VÃO<br/>ONDE OS SANTOS POSSAM IR;<br/>NUMA ETERNAL CANÇÃO,<br/>MINHA VOZ SE FAÇA OUVIR.</lines>
    </verse>
    <verse name="v3">
      <lines>SEJA O MEU TEMPO JÁ,<br/>CONSAGRADO EM TEU LABOR;<br/>QUE MEUS LÁBIOS, JEOVÁ,<br/>FALEM SÓ DO TEU AMOR.</lines>
    </verse>
    <verse name="v4">
      <lines>TOMA, Ó DEUS, O MEU QUERER,<br/>FAZE-O TEU, Ó SALVADOR,<br/>HOJE HABITA NO MEU SER;<br/>ENCHE-ME DO TEU FERVOR.</lines>
    </verse>
    <verse name="v5">
      <lines>Ó RECEBE-ME, SENHOR,<br/>QUANDO VENHO ME PROSTAR<br/>A TEUS PÉS, Ó SALVADOR,<br/>HOJE VEM ME CONSAGRAR.</lines>
    </verse>
  </lyrics>
</song>
