<?xml version='1.0' encoding='utf-8'?>
<song xmlns="http://openlyrics.info/namespace/2009/song" version="0.8" createdIn="OpenLP 2.0.3" modifiedIn="OpenLP 2.0.3" modifiedDate="2014-02-05T19:28:23">
  <properties>
    <titles>
      <title>HC  424 - SEU PRECIOSO SANGUE</title>
    </titles>
    <authors>
      <author>HARPA CRISTÃ</author>
    </authors>
  </properties>
  <lyrics>
    <verse name="v1">
      <lines>JESUS ME SALVOU COM SEU PRECIOSO SANGUE;<br/>JESUS ME COMPROU COM SEU PRECIOSO SANGUE,<br/>COM SEU PODER JÁ ME CUROU;<br/>O MEU PECADO JÁ CRAVOU NA CRUZ!<br/>JESUS P'RA SEMPRE ME SALVOU!</lines>
    </verse>
  </lyrics>
</song>
