<?xml version='1.0' encoding='utf-8'?>
<song xmlns="http://openlyrics.info/namespace/2009/song" version="0.8" createdIn="OpenLP 2.0.3" modifiedIn="OpenLP 2.0.3" modifiedDate="2014-02-05T19:27:16">
  <properties>
    <titles>
      <title>HC  079 - SUA GRAÇA ME BASTA</title>
    </titles>
    <authors>
      <author>HARPA CRISTÃ</author>
    </authors>
  </properties>
  <lyrics>
    <verse name="v1">
      <lines>QUANDO ME SINTO FRACO, NÃO TENHO MAIS VIGOR,<br/>NÃO VENDO MAIS O BRILHO DO SOL, DA CLARA LUZ;<br/>JESUS ESTÁ COMIGO, É MEU CONSOLADOR;<br/>ELE JAMAIS ME DEIXA, POIS SEMPRE ME CONDUZ.</lines>
    </verse>
    <verse name="c1">
      <lines>SUA GRAÇA ME BASTA A<br/>MIM, A MIM,<br/>SUA GRAÇA ME BASTA A MIM;<br/>NA VIDA D'AQUÉM, NO CÉU TAMBÉM,<br/>SUA GRAÇA ME BASTA A MIM.</lines>
    </verse>
    <verse name="v2">
      <lines>QUANDO A TEMPESTADE VEM CONTRA MIM FEROZ,<br/>NAS TREVAS NAVEGANDO COM MINHA EMBARCAÇÃO,<br/>CRISTO JESUS ME ANIMA, OUÇO A SUA VOZ;<br/>"EIS QUE ESTOU CONTIGO, POR QUE TEMER, ENTÃO?"</lines>
    </verse>
    <verse name="v3">
      <lines>QUANDO M'ATINGEM OS DARDOS DO INIMIGO AUDAZ,<br/>QUE BUSCA COM ASTÚCIA A VIDA ME TIRAR,<br/>EU CLAMO, ENTÃO, A CRISTO, MEU SALVADOR VERAZ,<br/>O QUE ME DÁ VITÓRIA, SE NELE EU CONFIAR.</lines>
    </verse>
  </lyrics>
</song>
