<?xml version='1.0' encoding='utf-8'?>
<song xmlns="http://openlyrics.info/namespace/2009/song" version="0.8" createdIn="OpenLP 2.0.3" modifiedIn="OpenLP 2.0.3" modifiedDate="2014-02-05T19:27:59">
  <properties>
    <titles>
      <title>HC  298 - AVANTE, SERVOS DE JESUS</title>
    </titles>
    <authors>
      <author>HARPA CRISTÃ</author>
    </authors>
  </properties>
  <lyrics>
    <verse name="v1">
      <lines>AVANTE, SERVOS DE JESUS, POR NOSSO DEUS;<br/>NAS TREVAS BRILHE VOSSA LUZ, A LUZ LÁ DOS CÉUS.</lines>
    </verse>
    <verse name="c1">
      <lines>GLÓRIA A DEUS,<br/>POIS VENCEREI,<br/>GLÓRIA A DEUS, POIS VENCEREI,<br/>TRIUNFANTE SIGO, LEVANDO A CRUZ!<br/>GLÓRIA A DEUS, POIS VENCEREI,<br/>GLÓRIA A DEUS, POIS VENCEREI,<br/>EM NOME DE JESUS!</lines>
    </verse>
    <verse name="v2">
      <lines>LEVANTA JOSUÉ PENDÃO, COM MUI VALOR;<br/>E O INIMINGO FOGE, ENTÃO, COM GRANDE PAVOR.</lines>
    </verse>
    <verse name="v3">
      <lines>SAI COM TREZENTOS GIDEÃO, A COMBATER;<br/>OS MIDIANITAS LOGO VÃO A GUERRA PERDER.</lines>
    </verse>
    <verse name="v4">
      <lines>GOLIAS MUI SOBERBO ESTÁ, ZOMBA DE DEUS.<br/>MAS VEM DAVI, E NELE DÁ, COM AJUDA DO CÉU.</lines>
    </verse>
    <verse name="v5">
      <lines>CERRAI FILEIRAS, Ó FIÉIS, SEMPRE AVANÇAI;<br/>NO CÉU COROAS E LAURÉIS, JESUS VAI NOS DAR.</lines>
    </verse>
  </lyrics>
</song>
