<?xml version='1.0' encoding='utf-8'?>
<song xmlns="http://openlyrics.info/namespace/2009/song" version="0.8" createdIn="OpenLP 2.0.3" modifiedIn="OpenLP 2.0.3" modifiedDate="2014-02-05T19:28:03">
  <properties>
    <titles>
      <title>HC  313 - LOUVOR À TRINDADE</title>
    </titles>
    <authors>
      <author>HARPA CRISTÃ</author>
    </authors>
  </properties>
  <lyrics>
    <verse name="v1">
      <lines>AO PAI ETERNO DAI LOUVOR,<br/>AO FILHO SEU TAMBÉM,<br/>E AO CELESTIAL CONSOLADOR,<br/>LOUVAI P'RA SEMPRE AMÉM!</lines>
    </verse>
  </lyrics>
</song>
