<?xml version='1.0' encoding='utf-8'?>
<song xmlns="http://openlyrics.info/namespace/2009/song" version="0.8" createdIn="OpenLP 2.0.3" modifiedIn="OpenLP 2.0.3" modifiedDate="2014-02-05T19:27:30">
  <properties>
    <titles>
      <title>HC  152 - PELA CRUZ AO CÉU IREI</title>
    </titles>
    <authors>
      <author>HARPA CRISTÃ</author>
    </authors>
  </properties>
  <lyrics>
    <verse name="v1">
      <lines>AO CALVÁRIO, SÓ JESUS SE TRANSPORTOU<br/>LEVANDO PESADA CRUZ,<br/>E MORRENDO, LÁ P'RA O MORTAL DEIXOU,<br/>UM FANAL DE GLORIOSA LUZ.</lines>
    </verse>
    <verse name="c1">
      <lines>PELA CRUZ AO CÉU IREI;<br/>PELA CRUZ EU SEGUIREI<br/>PARA O LAR DE PAZ E ETERNO AMOR<br/>PELA CRUZ AO CÉU IREI.</lines>
    </verse>
    <verse name="v2">
      <lines>SÓ NA CRUZ, A ALMA SEDENTA ACHARÁ<br/>A FONTE DE INSPIRAÇÃO;<br/>E ALI O FARDO DE DOR CAIRÁ;<br/>NO CALVÁRIO, HÁ SALVAÇÃO.</lines>
    </verse>
    <verse name="v3">
      <lines>PELA CRUZ IREI À MANSÃO CELESTIAL.<br/>O RUMO MARCADO ESTÁ,<br/>EM MINHA VIDA OBSCURA SERÁ O FANAL;<br/>EM SUA LUZ MINHA ALMA IRÁ.</lines>
    </verse>
  </lyrics>
</song>
