<?xml version='1.0' encoding='utf-8'?>
<song xmlns="http://openlyrics.info/namespace/2009/song" version="0.8" createdIn="OpenLP 2.0.3" modifiedIn="OpenLP 2.0.3" modifiedDate="2014-02-05T19:28:21">
  <properties>
    <titles>
      <title>HC  415 - JESUS TE QUER CURAR</title>
    </titles>
    <authors>
      <author>HARPA CRISTÃ</author>
    </authors>
  </properties>
  <lyrics>
    <verse name="v1">
      <lines>A TERNA VOZ DO SALVADOR<br/>TE FALA COMOVIDA;<br/>"Ó VEM AO MÉDICO DE AMOR,<br/>QUE DÁ AOS MORTOS VIDA"!</lines>
    </verse>
    <verse name="c1">
      <lines>CRISTO JESUS TE QUER CURAR,<br/>E TEM PODER P'RA TE CURAR,<br/>DOS MALES TODOS TE LIVRAR,<br/>SE NELE CONFIARES!</lines>
    </verse>
    <verse name="v2">
      <lines>CRÊ TU, A QUEM JÁ SATANÁS<br/>HÁ ANOS TEM LIGADO;<br/>A FÉ TE SALVA, VAI-TE EM PAZ,<br/>DE TODO O MAL CURADO!</lines>
    </verse>
    <verse name="v3">
      <lines>OS SURDOS OUVEM, CEGOS VÊEM,<br/>POIS CRISTO É PODEROSO!<br/>OS COXOS SARAM E ANDAM BEM,<br/>POR SEU PODER GLORIOSO!</lines>
    </verse>
    <verse name="v4">
      <lines>SINAIS P'RA SEMPRE SEGUIRÃO<br/>AOS VERDADEIROS CRENTES!<br/>DEMÔNIOS, SIM, EXPULSARÃO,<br/>E CURARÃO AS GENTES.</lines>
    </verse>
  </lyrics>
</song>
