<?xml version='1.0' encoding='utf-8'?>
<song xmlns="http://openlyrics.info/namespace/2009/song" version="0.8" createdIn="OpenLP 2.0.3" modifiedIn="OpenLP 2.0.3" modifiedDate="2014-02-05T19:27:22">
  <properties>
    <titles>
      <title>HC  116 - LIVRE ESTOU</title>
    </titles>
    <authors>
      <author>HARPA CRISTÃ</author>
    </authors>
  </properties>
  <lyrics>
    <verse name="v1">
      <lines>EU VAGAVA PELA SENDA DE HORROR,<br/>OPRIMIDO PELO PECADO E TEMOR.<br/>QUANDO O SALVADOR EU VI,<br/>SUA TERNA VOZ OUVI,<br/>MEU JESUS ME LIBERTOU POR SEU AMOR.</lines>
    </verse>
    <verse name="c1">
      <lines>LIVRE ESTOU! LIVRE ESTOU!<br/>PELA GRAÇA DE JESUS LIVRE ESTOU;<br/>LIVRE ESTOU! LIVRE ESTOU!<br/>ALELUIA! PELA FÉ, LIVRE ESTOU!</lines>
    </verse>
    <verse name="v2">
      <lines>EU VAGAVA PELA SENDA DE HORROR,<br/>NÃO PENSAVA NO AMOR DO SALVADOR;<br/>EU VAGAVA SEM TER LUZ,<br/>LONGE DO SENHOR JESUS,<br/>MAIS LIBERTO, HOJE CANTO A DEUS LOUVOR.</lines>
    </verse>
    <verse name="v3">
      <lines>EU VAGAVA PELA SENDA DE HORROR,<br/>MAS, AGORA, QUERO ANDAR COM MEU SENHOR,<br/>QUERO OUVIR SUA TERNA VOZ,<br/>E SEGUI-LO SEMPRE APÓS,<br/>GLÓRIA SEJA DADA AO NOSSO BOM PASTOR.</lines>
    </verse>
  </lyrics>
</song>
