<?xml version='1.0' encoding='utf-8'?>
<song xmlns="http://openlyrics.info/namespace/2009/song" version="0.8" createdIn="OpenLP 2.0.3" modifiedIn="OpenLP 2.0.3" modifiedDate="2014-02-05T19:27:54">
  <properties>
    <titles>
      <title>HC  274 - JESUS É A LUZ DO MUNDO</title>
    </titles>
    <authors>
      <author>HARPA CRISTÃ</author>
    </authors>
  </properties>
  <lyrics>
    <verse name="v1">
      <lines>O MUNDO PERDIDO EM PECADO SE ACHOU,<br/>JESUS É A LUZ DO MUNDO;<br/>MAS NAS DENSAS TREVAS A GLÓRIA BRILHOU,<br/>JESUS É A LUZ DO MUNDO!</lines>
    </verse>
    <verse name="c1">
      <lines>VEM PARA A LUZ, NÃO QUEIRAS PERDER<br/>PERFEITA PAZ, DUM NOVO VIVER:<br/>EU CEGO FUI, MAS JÁ POSSO VER,<br/>JESUS É A LUZ DO MUNDO!</lines>
    </verse>
    <verse name="v2">
      <lines>NAS TREVAS DO MUNDO JÁ TEMOS BETEL,<br/>JESUS É A LUZ DO MUNDO,<br/>IRÁS PELA LUZ SE TU FORES FIEL,<br/>JESUS É A LUZ DO MUNDO!</lines>
    </verse>
    <verse name="v3">
      <lines>Ó CEGO E PRESOS NO VALE DE HORROR,<br/>JESUS É A LUZ DO MUNDO,<br/>E MANDA CHAMAR-VOS A VER SEU FULGOR,<br/>JESUS É A LUZ DO MUNDO!</lines>
    </verse>
    <verse name="v4">
      <lines>NEM SOL, NEM LUZEIROS NO MUNDO HAVERÁ<br/>JESUS É A LUZ DO MUNDO,<br/>A LUZ DO SEU ROSTO ALI BRILHARÁ,<br/>JESUS É A LUZ DO MUNDO!</lines>
    </verse>
  </lyrics>
</song>
