<?xml version='1.0' encoding='utf-8'?>
<song xmlns="http://openlyrics.info/namespace/2009/song" version="0.8" createdIn="OpenLP 2.0.3" modifiedIn="OpenLP 2.0.3" modifiedDate="2014-02-05T19:27:35">
  <properties>
    <titles>
      <title>HC  168 - MEUS IRMÃOS, NOS JUBILEMOS</title>
    </titles>
    <authors>
      <author>HARPA CRISTÃ</author>
    </authors>
  </properties>
  <lyrics>
    <verse name="v1">
      <lines>MEUS IRMÃOS, NOS JUBILEMOS<br/>EM JESUS, O REI DA GLÓRIA,<br/>NESTA FÉ QUE RECEBEMOS,<br/>NESTA PAZ, QUE DÁ VITÓRIA,<br/>NO CONSOLADOR DIVINO,<br/>QUE AVIVA A MEMÓRIA,<br/>E EM NÓS ENTOA HINOS A JESUS.</lines>
    </verse>
    <verse name="c1">
      <lines>MEUS IRMÃOS, NOS JUBILEMOS<br/>EM JESUS, POR SUA BÊNÇÃO;<br/>POIS, ASSIM, NÓS SEMPRE TEMOS<br/>SALVAÇÃO.</lines>
    </verse>
    <verse name="v2">
      <lines>MEUS IRMÃOS, NÓS CONGREGADOS,<br/>ENTOEMOS NOSSO CANTO<br/>AO SENHOR, O NOSSO AMADO,<br/>AO BOM DEUS, PERFEITO E SANTO;<br/>NO SEU GOZO JUBILEMOS,<br/>E SECAR-SE-Á O PRANTO;<br/>EM ESPÍRITO ADOREMOS A JESUS.</lines>
    </verse>
    <verse name="v3">
      <lines>MEUS IRMÃOS, EM CRISTO SOMOS<br/>PELO ESPÍRITO GERADOS,<br/>E P'RA SERMOS SANTOS, FOMOS<br/>POR JESUS JÁ RESGATADOS;<br/>PELA FÉ, NÓS DESFRUTAMOS<br/>LIBERDADE DO PECADO,<br/>E TAMBÉM, NOS ALEGRAMOS EM JESUS.</lines>
    </verse>
  </lyrics>
</song>
