<?xml version='1.0' encoding='utf-8'?>
<song xmlns="http://openlyrics.info/namespace/2009/song" version="0.8" createdIn="OpenLP 2.0.3" modifiedIn="OpenLP 2.0.3" modifiedDate="2014-02-05T19:28:20">
  <properties>
    <titles>
      <title>HC  406 - À SOMBRA DO MEU REDENTOR</title>
    </titles>
    <authors>
      <author>HARPA CRISTÃ</author>
    </authors>
  </properties>
  <lyrics>
    <verse name="v1">
      <lines>PRECIOSO SEMPRE ENCOSTAR-ME<br/>AOS PÉS DO MEU BOM REDENTOR;<br/>PRESTO VIRÁ P'RA LEVAR-ME<br/>AOS CÉUS, MINHA PÁTRIA DE AMOR.</lines>
    </verse>
    <verse name="c1">
      <lines>EU PRECISO SEMPRE LANÇAR-ME<br/>NOS BRAÇOS DO MEU REDENTOR;<br/>SÓ EM JESUS VOU TAMBÉM ABRIGAR-ME<br/>NO SEU SUBLIME AMOR.</lines>
    </verse>
    <verse name="v2">
      <lines>PRECIOSO SEMPRE DETER-ME<br/>À SOMBRA DO MEU REDENTOR;<br/>NÃO POSSO SÓ DEFENDER-ME<br/>E ALÇAR A BANDEIRA DE AMOR.</lines>
    </verse>
    <verse name="v3">
      <lines>PRECISO SEMPRE CHEGAR-ME<br/>CONTRITO AOS PÉS DO SALVADOR,<br/>PARA PODER CONSOLAR-ME<br/>NO SEU ABUNDANTE AMOR.</lines>
    </verse>
  </lyrics>
</song>
