<?xml version='1.0' encoding='utf-8'?>
<song xmlns="http://openlyrics.info/namespace/2009/song" version="0.8" createdIn="OpenLP 2.0.3" modifiedIn="OpenLP 2.0.3" modifiedDate="2014-02-05T19:28:32">
  <properties>
    <titles>
      <title>HC  481 - CRISTO E SUA HUMILHAÇÃO</title>
    </titles>
    <authors>
      <author>HARPA CRISTÃ</author>
    </authors>
  </properties>
  <lyrics>
    <verse name="v1">
      <lines>TU DEIXASTE, SENHOR,<br/>TUA GLÓRIA, ESPLENDOR,<br/>QUANDO AO MUNDO QUISESTE DESCER,<br/>NÃO PUDERAM ACHAR<br/>EM BELÉM UM LUGAR,<br/>NUM PRESÉPIO TU FOSTE NASCER.</lines>
    </verse>
    <verse name="c1">
      <lines>VEM AO MEU CORAÇÃO, Ó CRISTO,<br/>NELE TENHO P'RA TI UM LUGAR!<br/>VEM AO MEU CORAÇÃO, Ó CRISTO VEM!<br/>NELE PODES P'RA SEMPRE MORAR!</lines>
    </verse>
    <verse name="v2">
      <lines>HINOS DE ADORAÇÃO,<br/>ANJOS NO CÉU TE DÃO,<br/>TE RENDENDO EXCELSO LOUVOR.<br/>MAS HUMILDE O SENHOR<br/>VEIO AO MUNDO DE HORROR,<br/>P'RA DAR VIDA AO MAIS VIL PECADOR!</lines>
    </verse>
    <verse name="v3">
      <lines>AS RAPOSAS AQUI<br/>COVAS TÊM PARA SI,<br/>E SEUS NINHOS AS AVES DO CÉUS,<br/>SÓ NÃO TEVE UM LUGAR<br/>P'RA CABEÇA POUSAR<br/>JESUS CRISTO, O FILHO DE DEUS.</lines>
    </verse>
    <verse name="v4">
      <lines>DO CÉU VIESTE JESUS,<br/>NOS TRAZENDO TUA LUZ,<br/>QUE NOS DÁ ETERNAL SALVAÇÃO;<br/>E COM ÓDIO E FUROR<br/>TE CRAVARAM, SENHOR,<br/>SOBRE A CRUZ, DONDE DESTE O PERDÃO!</lines>
    </verse>
    <verse name="v5">
      <lines>ALELUIAS NOS CÉUS,<br/>AO CORDEIRO DE DEUS!<br/>QUANDO VIER O SEU POVO BUSCAR;<br/>SUA VOZ SE OUVIRÁ<br/>E P'RA MIM, OH! DIRÁ:<br/>"VEM, EU TENHO P'RA TI UM LUGAR".</lines>
    </verse>
  </lyrics>
</song>
