<?xml version='1.0' encoding='utf-8'?>
<song xmlns="http://openlyrics.info/namespace/2009/song" version="0.8" createdIn="OpenLP 2.0.3" modifiedIn="OpenLP 2.0.3" modifiedDate="2014-02-05T19:27:42">
  <properties>
    <titles>
      <title>HC  201 - A DECISÃO</title>
    </titles>
    <authors>
      <author>HARPA CRISTÃ</author>
    </authors>
  </properties>
  <lyrics>
    <verse name="v1">
      <lines>OH! DIA ALEGRE! EU ABRACEI<br/>JESUS, E NELE SALVAÇÃO!<br/>O GOZO DESTE CORAÇÃO<br/>EU MAIS E MAIS PUBLICAREI.</lines>
    </verse>
    <verse name="c1">
      <lines>DIA FELIZ! DIA FELIZ!<br/>QUANDO EM JESUS ME SATISFIZ!<br/>JESUS ME ENSINA A VIGIAR.<br/>E CONFIANTE NELE, ORAR,<br/>DIA FELIZ! DIA FELIZ!<br/>QUANDO EM JESUS ME SATISFIZ!</lines>
    </verse>
    <verse name="v2">
      <lines>COMPLETA A GRANDE TRANSAÇÃO,<br/>JESUS É MEU, EU DO SENOR!<br/>CHAMOU-ME A VOZ DO SEU AMOR;<br/>CEDI À IMENSA ATRAÇÃO.</lines>
    </verse>
    <verse name="v3">
      <lines>DESCANSA, Ó ALMA! O SALVADOR<br/>É TEU SUSTENTO, O PÃO DOS CÉUS;<br/>E QUEM POSSUI O ETERNO DEUS,<br/>RESISTE A TODO O TENTADOR.</lines>
    </verse>
    <verse name="v4">
      <lines>MEU SACRO VOTO, EXCELSO DEUS,<br/>DE DIA EM DIA AFIRMAREI!<br/>E ALÉM DA MORTE EXULTAREI,<br/>TEU FILHO E SÚDITO DOS CÉUS.</lines>
    </verse>
  </lyrics>
</song>
