<?xml version='1.0' encoding='utf-8'?>
<song xmlns="http://openlyrics.info/namespace/2009/song" version="0.8" createdIn="OpenLP 2.0.3" modifiedIn="OpenLP 2.0.3" modifiedDate="2014-02-05T19:28:30">
  <properties>
    <titles>
      <title>HC  464 - PLENA GRAÇA</title>
    </titles>
    <authors>
      <author>HARPA CRISTÃ</author>
    </authors>
  </properties>
  <lyrics>
    <verse name="v1">
      <lines>PLENA GRAÇA PARA ME SALVAR<br/>SANGUE PURO PARA ME LAVAR,<br/>E PODER P'RA SEMPRE ME GUARDAR,<br/>TEM MEU SENHOR.</lines>
    </verse>
  </lyrics>
</song>
