<?xml version='1.0' encoding='utf-8'?>
<song xmlns="http://openlyrics.info/namespace/2009/song" version="0.8" createdIn="OpenLP 2.0.3" modifiedIn="OpenLP 2.0.3" modifiedDate="2014-02-05T19:27:50">
  <properties>
    <titles>
      <title>HC  246 - O DESCANSO EM JESUS</title>
    </titles>
    <authors>
      <author>HARPA CRISTÃ</author>
    </authors>
  </properties>
  <lyrics>
    <verse name="v1">
      <lines>TENS DESCANSO ENCONTRADO EM JESUS CRISTO?<br/>PERMANECES PELA GRAÇA QUE ELE DEU?<br/>TENS TU PAZ COM TEU SALVADOR BENDITO?<br/>PLENITUDE DO ESPÍRITO DE DEUS?</lines>
    </verse>
    <verse name="c1">
      <lines>TENS DESCANSO ENCONTRADO EM JESUS<br/>CRISTO?<br/>PERMANECES PELA GRAÇA QUE ELE DEU?<br/>PLENA PAZ, CONSOLAÇÃO, ACHARÁS NA ORAÇÃO:<br/>DEUS AÍ VITÓRIA AOS SANTOS CONCEDEU.</lines>
    </verse>
    <verse name="v2">
      <lines>ESTARÁS BEM SEGURO E CORAJOSO,<br/>QUANDO A TENTAÇÃO CHEGAR-SE PARA TI?<br/>TENS A GRAÇA P'RA SER VITORIOSO<br/>NAS TERRÍVEIS PROVAÇÕES DA VIDA AQUI.</lines>
    </verse>
    <verse name="v3">
      <lines>SÓ EM CRISTO ENCONTRARÁS DESCANSO,<br/>QUE NINGUÉM AQUI, JAMAIS IRÁ TIRAR;<br/>COM JESUS TU HÁS DE APRENDER SER MANSO,<br/>E SUA GLÓRIA EM TI O MUNDO HÁ DE MIRAR.</lines>
    </verse>
  </lyrics>
</song>
