<?xml version='1.0' encoding='utf-8'?>
<song xmlns="http://openlyrics.info/namespace/2009/song" version="0.8" createdIn="OpenLP 2.0.3" modifiedIn="OpenLP 2.0.3" modifiedDate="2014-02-05T19:27:07">
  <properties>
    <titles>
      <title>HC  026 - A FORMOSA JERUSALÉM</title>
    </titles>
    <authors>
      <author>HARPA CRISTÃ</author>
    </authors>
  </properties>
  <lyrics>
    <verse name="v1">
      <lines>QUÃO GLORIOSO CRISTÃO, É PENSARES<br/>NA CIDADE QUE NÃO TEM IGUAL,<br/>ONDE OS MUROS SÃO DE PURO JASPE,<br/>E AS RUAS DE OURO E CRISTAL;<br/>PENSA COMO SERÁ GLORIOSO<br/>VER-SE A TRIUNFAL MULTIDÃO,<br/>QUE CANTANDO, AGUARDA A CHEGADA<br/>DOSS QUE VENCEM A TRIBULAÇÃO.</lines>
    </verse>
    <verse name="v2">
      <lines>PENSA COMO SERÁ GLORIOSO<br/>VER O RIO DA VIDA E LUZ,<br/>CUJAS AS MARGENS JUNCADAS DE LÍRIOS,<br/>SÃO A GLÓRIA DE NOSSO JESUS;<br/>HAVERÁ LÁ PERPÉTUA AURORA,<br/>POIS DEUS MESMO A ALUMIARÁ;<br/>E O CORDEIRO, COM SUA ESPOSA,<br/>NOITE E DIA RESPLANDECERÁ.</lines>
    </verse>
    <verse name="v3">
      <lines>PENSA NA CELESTIAL MELODIA<br/>QUE A TERRA ENCHERÁ, DE BEULÁ;<br/>E DAS HARPAS A DOCE HARMONIA<br/>AO PASSAR O JORDÃO SE OUVIRÁ.<br/>MESMO EM DORES QUE LEVAM À MORTE,<br/>SÊ CONSTANTE, NÃO VOLTES ATRÁS,<br/>TUA HERANÇA, TUA ETERNA SORTE,<br/>É JESUS, O FIEL, O VERAZ.</lines>
    </verse>
    <verse name="v4">
      <lines>SE É GLORIOSO PENSAR NAS GRANDEZAS,<br/>NOS PRAZERES QUE ACODEM AQUI,<br/>QUAL SERÁ DESFRUTAR AS RIQUEZAS<br/>QUE ESPERAM OS SALVOS, ALI?<br/>OS ENCANTOS DO MUNDO NÃO PODEM<br/>OFUSCAR ESSA GLÓRIA DALÉM;<br/>NÃO ALMEJAS VIVER, Ó AMIGO,<br/>NESSA FORMOSA JERUSALÉM?</lines>
    </verse>
  </lyrics>
</song>
