<?xml version='1.0' encoding='utf-8'?>
<song xmlns="http://openlyrics.info/namespace/2009/song" version="0.8" createdIn="OpenLP 2.0.3" modifiedIn="OpenLP 2.0.3" modifiedDate="2014-02-05T19:29:02">
  <properties>
    <titles>
      <title>HC  633 - MEU BRASIL</title>
    </titles>
    <authors>
      <author>HARPA CRISTÃ</author>
    </authors>
  </properties>
  <lyrics>
    <verse name="v1">
      <lines>MEU BRASIL, NAÇÃO GIGANTE E MUI SUBLIME,<br/>CREIO VER-TE MUITO BREVE BEM MAIOR,<br/>COMBATENDO A INIQÜIDADE, O VÍCIO, O CRIME,<br/>REDIMIDO AOS PÉS DE CRISTO, O SALVADOR.</lines>
    </verse>
    <verse name="v2">
      <lines>MEU BRASIL - MEU BRASIL!<br/>ABRE O LARGO PEITO E DEIXA A LUZ RAIAR!<br/>MEU BRASIL! - MEU BRASIL!<br/>O EVANGELHO DE JESUS TE QUER SALVAR!</lines>
    </verse>
    <verse name="v3">
      <lines>DEBELAR A ESCURIDÃO MINH'ALMA ANSEIA<br/>DO TEU MEIO, ONDE O EVANGELHO PREGA A PAZ.<br/>ESPALHANDO LIVROS SANTOS A MANCHEIA,<br/>A VITÓRIA, MEU BRASIL, ALCANÇARÁS.</lines>
    </verse>
    <verse name="v4">
      <lines>NÃO TE PEÇO, MEU SENHOR, PODER, RIQUEZA,<br/>NEM AS GLÓRIAS QUE OFERECE O MUNDO VIL:<br/>DÁ QUE EU POSSA VER FULGINDO DE BELEZA,<br/>NA COROA DE JESUS - O MEU BRASIL.</lines>
    </verse>
  </lyrics>
</song>
