<?xml version='1.0' encoding='utf-8'?>
<song xmlns="http://openlyrics.info/namespace/2009/song" version="0.8" createdIn="OpenLP 2.0.3" modifiedIn="OpenLP 2.0.3" modifiedDate="2014-02-05T19:27:30">
  <properties>
    <titles>
      <title>HC  151 - FALA, JESUS QUERIDO</title>
    </titles>
    <authors>
      <author>HARPA CRISTÃ</author>
    </authors>
  </properties>
  <lyrics>
    <verse name="v1a">
      <lines>FALA, JESUS QUERIDO; FALA-ME, HOJE SIM!<br/>FALA COM TUA BONDADE; FICA AO PÉ DE MIM;</lines>
    </verse>
    <verse name="v1b">
      <lines>MEU CORAÇÃO ABERTO 'STÁ P'RA TUA VOZ OUVIR;<br/>ENCHE-ME DE LOUVORES E GOZO P'RA TE SERVIR.</lines>
    </verse>
    <verse name="c1a">
      <lines>FALA-ME SUAVEMENTE!<br/>FALA, COM MUITO AMOR!</lines>
    </verse>
    <verse name="c1b">
      <lines>VENCEDOR PARA SEMPRE, LIVRE TE HEI DE POR,<br/>FALA-ME CADA DIA, SEMPRE EM TERNO TOM;<br/>OUVIR TUA VOZ EU QUERO E NESTE MESMO SOM.</lines>
    </verse>
    <verse name="v2a">
      <lines>PARA TEUS FILHOS FALA, E, NO CAMINHO BOM,<br/>PELA BONDADE OS GUIA A PEDIR O SANTO DOM;</lines>
    </verse>
    <verse name="v2b">
      <lines>QUERERÃO CONSAGRAR-SE PARA SUAS VIDAS DAR.<br/>OBEDECENDO A CRISTO E COM FERVOR O AMAR.</lines>
    </verse>
    <verse name="v3a">
      <lines>COMO NO TEMPO ANTIGO, TU REVELASTE A LEI,<br/>MOSTRA-ME TUA VONTADE, E À TUA SANTA GREI;</lines>
    </verse>
    <verse name="v3b">
      <lines>DEIXA-ME GLORIAR-TE, QUERO A TI LOUVAR,<br/>CANTAR ALEGREMENTE E SEMPRE TE HONRAR.</lines>
    </verse>
  </lyrics>
</song>
