<?xml version='1.0' encoding='utf-8'?>
<song xmlns="http://openlyrics.info/namespace/2009/song" version="0.8" createdIn="OpenLP 2.0.3" modifiedIn="OpenLP 2.0.3" modifiedDate="2014-02-05T19:27:06">
  <properties>
    <titles>
      <title>HC  014 - GOZO EM JESUS</title>
    </titles>
    <authors>
      <author>HARPA CRISTÃ</author>
    </authors>
  </properties>
  <lyrics>
    <verse name="v1">
      <lines>OH! QUE GOZO SINTO EM JESUS,<br/>QUE POR MIM EXPIROU NA CRUZ<br/>A MINH'ALMA DEU DIVINA LUZ,<br/>GLÓRIA A MEU JEUS!</lines>
    </verse>
    <verse name="c1">
      <lines>QUANTA GLÓRIA VEJO EM JESUS,<br/>GOZO SANTO E BENDITA LUZ,<br/>CUJOS RAIOS BRILHAM LÁ NA CRUZ,<br/>NA QUAL MORREU JESUS.<br/>SEMPRE AVANTE QUERO EU ANDAR,<br/>TÉ NO CÉU CHEGAR.</lines>
    </verse>
    <verse name="v2">
      <lines>LIVRE DO PECADO JA ESTOU,<br/>DO ABISMO ME RETIROU,<br/>SOBRE A ROCHA ETERNA ME FIRMOU;<br/>GLÓRIA A MEU JESUS!</lines>
    </verse>
    <verse name="v3">
      <lines>DIVINAL LOUVOR JESUS ME DEU;<br/>HARMONIA QUE VEM DO CÉU;<br/>CANTAREI, ALEGRE, CRISTO É MEU,<br/>GLÓRIA A MEU JESUS!</lines>
    </verse>
    <verse name="v4">
      <lines>ESTA NOVA HEI DE PLOCLAMAR;<br/>MUITOS HÃO DE ASSIM CHEGAR,<br/>E A GLÓRIA RECEBER, SEM PAR,<br/>GLÓRIA A MEU JESUS!</lines>
    </verse>
  </lyrics>
</song>
