<?xml version='1.0' encoding='utf-8'?>
<song xmlns="http://openlyrics.info/namespace/2009/song" version="0.8" createdIn="OpenLP 2.0.3" modifiedIn="OpenLP 2.0.3" modifiedDate="2014-02-05T19:28:25">
  <properties>
    <titles>
      <title>HC  440 - FAZE JÁ O SEU QUERER</title>
    </titles>
    <authors>
      <author>HARPA CRISTÃ</author>
    </authors>
  </properties>
  <lyrics>
    <verse name="v1">
      <lines>EM VIVER P'RA CRISTO FIRME PERMANECERÁS<br/>E A PAZ APÓS, TU SEMPRE SEGUIRÁS?<br/>E AO PÉ DA CRUZ OS TEUS CUIDADOS DEIXARÁS?<br/>FAZE JÁ O SEU QUERER!</lines>
    </verse>
    <verse name="c1">
      <lines>O SEU PODER E SEUS DONS TE DARÁ;<br/>DE GOZO, CRISTO, SIM, TE INUNDARÁ;<br/>DO CORAÇÃO AS MANCHAS LIMPARÁ<br/>FAZENDO TU, P'RA SEMPRE, SEU QUERER!</lines>
    </verse>
    <verse name="v2">
      <lines>QUERES IR APÓS DE CRISTO E CARREGAR A CRUZ?<br/>QUERES CONHECER A PAZ QUE DÁ JESUS?<br/>QUERES QUE TE GUIE COM A VERDADEIRA LUZ?<br/>FAZE JÁ O SEU QUERER!</lines>
    </verse>
    <verse name="v3">
      <lines>QUERES LÁ NO CÉU OS TEUS AMIGOS ENCONTRAR?<br/>DEVES PREPARAR TUA VIDA SEM TARDAR,<br/>QUERES P'RA JESUS A TUA VIDA CONSAGRAR?<br/>FAZE JÁ O SEU QUERER!</lines>
    </verse>
  </lyrics>
</song>
