<?xml version='1.0' encoding='utf-8'?>
<song xmlns="http://openlyrics.info/namespace/2009/song" version="0.8" createdIn="OpenLP 2.0.3" modifiedIn="OpenLP 2.0.3" modifiedDate="2014-02-05T19:27:16">
  <properties>
    <titles>
      <title>HC  076 - VEM, Ó PRÓDIGO 2</title>
    </titles>
    <authors>
      <author>HARPA CRISTÃ</author>
    </authors>
  </properties>
  <lyrics>
    <verse name="v1">
      <lines>VEM, Ó PRÓDIGO, VEM SEM TARDAR, TE CHAMA DEUS,<br/>OUVE-O CHAMANDO, SIM, CHAMANDO A TI;<br/>TU, QUE VAGAS ERRANTE ESCUTA A VOZ DOS CÉUS,<br/>Ó ESCUTA A VOZ DE AMOR.</lines>
    </verse>
    <verse name="c1">
      <lines>DEUS ESPERA POR TI, PERDIDO, PRÓDIGO,<br/>VEM;<br/>DEUS ESPERA POR TI, PERDIDO, PRÓDIGO, VEM</lines>
    </verse>
    <verse name="v2">
      <lines>COM PACIÊNCIA E TERNURA TE CHAMA O SENHOR,<br/>OUVE-O CHAMADO, SIM , CHAMADO A TI;<br/>VEM ENQUANTO TE CHAMA O MEIGO SALVADOR,<br/>Ó ESCUTA A VOZ DE AMOR!</lines>
    </verse>
    <verse name="v3">
      <lines>LÁ NA CASA DO PAI, ABUNDÂNCIA HÁ DE PÃO;<br/>OUVE-O CHAMADO, SIM, CHAMADO A TI;<br/>JÁ ESTÁ PRONTA A MESA COM TODA A PROVISÃO,<br/>Ó ESCUTA A VOZ DE AMOR!</lines>
    </verse>
  </lyrics>
</song>
